cdate,treatment,revenue_total,revenue_outerwear,revenue_shoes,revenue_pants,dau
2022-01-01,0,515814.7577928733,220334.56683978284,162175.7512962325,133304.43965685798,100248
2022-01-02,0,515228.4720403318,220091.52524650877,165866.8868418846,129270.05995193849,99949
2022-01-03,0,516414.4647029311,216796.0981613111,169626.69716532624,129991.6693762938,100360
2022-01-04,0,516826.38011147024,223573.37914454617,163554.75611873233,129698.24484819174,100816
2022-01-05,0,515471.875206277,220747.8944196602,165388.0273762827,129335.95341033404,99955
2022-01-06,0,518620.6563748655,222125.09058501868,163732.14121096872,132763.4245788781,99974
2022-01-07,0,509589.29718097055,216222.6615598969,167314.34503122288,126052.29058985076,100899
2022-01-08,0,524497.5662691906,225451.96257431444,165937.80067468516,133107.80302019106,100511
2022-01-09,0,514064.2386264339,219830.0035164354,163733.93018254385,130500.30492745465,99910
2022-01-10,0,518242.2682233493,223411.4366568877,166799.00677249054,128031.82479397109,100435
2022-01-11,0,514609.20773220644,218181.0559697609,168723.27089940396,127704.88086304163,99950
2022-01-12,0,519548.79945235234,221554.11091902552,164775.52881560253,133219.15971772434,99966
2022-01-13,0,514588.33532608463,219001.31571616873,167173.55822694377,128413.46138297215,100338
2022-01-14,0,506069.7247619153,217776.07110096043,161576.14159360554,126717.51206734928,99278
2022-01-15,0,516972.41612696706,223111.00238965405,162436.39416227854,131425.0195750345,99390
2022-01-16,0,516883.96832550527,220134.7640921792,166211.08815435044,130538.11607897561,99989
2022-01-17,0,516238.39759955567,220570.03251846606,167940.94067164444,127727.42440944513,99781
2022-01-18,0,520841.6057804814,223272.17893774202,166723.78774105522,130845.63910168417,100462
2022-01-19,0,513528.573579298,221372.11298942598,164515.21192777817,127641.24866209386,99869
2022-01-20,0,516656.11535924,220246.11205140498,164805.58739027215,131604.41591756287,99634
2022-01-21,0,521394.59263965907,223621.53087541866,164508.27050295268,133264.79126128778,101090
2022-01-22,0,524270.5705886431,226074.57463969217,166992.59799975,131203.39794920094,100261
2022-01-23,0,520378.24769129464,221514.43087014195,167812.11004596527,131051.70677518741,100425
2022-01-24,0,517638.62844846124,220605.57243790984,164066.03027257015,132967.02573798125,99695
2022-01-25,0,517970.19538203976,223252.16045598476,164733.27937924454,129984.75554681045,100152
2022-01-26,0,518848.6362380155,224083.1429102631,166738.6539010389,128026.8394267135,100496
2022-01-27,0,518026.2263648873,223051.14378890902,164429.8681131566,130545.21446282174,99882
2022-01-28,0,524647.8201728149,223545.2792737915,166356.82425874105,134745.71664028228,100661
2022-01-29,0,517038.30031611875,219070.27901616192,169997.6821490531,127970.33915090375,100189
2022-01-30,0,520045.19670614635,224995.34719821584,165576.19889200586,129473.65061592463,100359
2022-01-31,0,515207.11612734804,219189.70492122957,165161.9398530645,130855.4713530539,100220
2022-02-01,0,522469.30616797693,224605.28557869414,166464.76009309368,131399.26049618915,101463
2022-02-02,0,517008.4252821142,220686.78042876915,167887.8004644422,128433.84438890281,100545
2022-02-03,0,518403.7902874558,221084.0627175323,165292.88589274377,132026.84167717965,100038
2022-02-04,0,525178.2766032206,223810.55266814877,165805.34645773136,135562.37747734052,100993
2022-02-05,0,520163.8257529075,221812.10331825426,168252.2951956086,130099.42723904461,99986
2022-02-06,0,521831.4721793241,223503.25558371455,169559.81981081745,128768.39678479209,100716
2022-02-07,0,513895.1234509427,223776.5175939401,163930.52123738464,126188.08461961788,99646
2022-02-08,0,514245.8946574239,222145.49217872438,161908.86680286008,130191.53567583946,99976
2022-02-09,0,523975.67495907645,222331.0782153315,168836.3721171458,132808.22462659908,100752
2022-02-10,0,523127.56612797186,225346.16508095304,165894.79879196617,131886.60225505262,101037
2022-02-11,0,524337.1583293037,225283.15439608012,168453.8350555214,130600.16887770218,100766
2022-02-12,0,512233.5038636825,220216.83605593635,162752.2094325444,129264.4583752018,100636
2022-02-13,0,520268.0640459332,223736.29798065627,168373.74889872223,128158.01716655472,100557
2022-02-14,0,517450.4471906135,222818.8897759247,163316.64766551767,131314.90974917114,99981
2022-02-15,0,521372.5451903696,221632.05655780376,167802.7534756052,131937.73515696064,100373
2022-02-16,0,519064.561274347,225286.82193517216,166595.29782194,127182.44151723484,100514
2022-02-17,0,524005.70328806405,223803.10012007703,165829.1884170529,134373.4147509341,101285
2022-02-18,0,522031.47769133665,223689.73832398624,166419.0957682256,131922.64359912477,100940
2022-02-19,0,520412.45414014923,221035.38005150546,167057.68852629003,132319.3855623537,99899
2022-02-20,0,519136.64847950666,223547.17739036505,167492.50239295402,128096.96869618759,100954
2022-02-21,0,516237.9305562747,220659.51531178734,167946.47661963876,127631.93862484864,100610
2022-02-22,0,520165.242783002,219725.55392232773,170540.7410054765,129898.94785519772,100475
2022-02-23,0,523566.0417498535,227127.7935789032,164454.35457227434,131983.893598676,101130
2022-02-24,0,528692.9515882875,222705.51977221726,171158.0065306165,134829.42528545368,101349
2022-02-25,0,523044.42408359016,222360.8418651716,168085.79938012327,132597.7828382953,101310
2022-02-26,0,512728.7626493511,218306.54947903176,164777.28505629054,129644.92811402884,100434
2022-02-27,0,514643.73460068693,221904.62251055185,164336.7481280871,128402.363962048,100708
2022-02-28,0,521649.7636708844,221217.0901312181,167125.41053084456,133307.26300882178,101038
2022-03-01,0,526995.3638932735,227829.52556365688,169854.4783757055,129311.35995391113,101369
2022-03-02,0,525466.5741890187,225146.85130913084,166688.3549314147,133631.36794847314,100650
2022-03-03,0,522277.1872246539,222080.12938656262,170208.78358268316,129988.27425540809,100805
2022-03-04,0,523880.2610312387,227074.00054200087,163614.8858460649,133191.37464317292,100352
2022-03-05,0,522244.99870603974,224476.8396684586,166447.5632888399,131320.5957487412,100315
2022-03-06,0,520300.2200812353,223905.30175405543,165494.6962857869,130900.2220413929,101327
2022-03-07,0,519748.76362417126,220129.2802912758,169153.22461662063,130466.25871627485,101605
2022-03-08,0,527433.2517272603,228312.5709060701,169148.4467282806,129972.23409290961,100898
2022-03-09,0,521574.73090205074,222055.59733169174,167358.0906896715,132161.04288068754,101442
2022-03-10,0,514535.2622030268,220929.45952393263,162527.35801687554,131078.44466221862,101127
2022-03-11,0,521816.2421699991,225284.36682715573,167395.08057315025,129136.79476969312,100629
2022-03-12,0,528395.4406933142,229151.15001986737,168642.2850818329,130602.00559161392,101138
2022-03-13,0,529519.7404547668,228242.0566560127,169476.24447097315,131801.439327781,101732
2022-03-14,0,521466.5269347628,225048.63807163175,169972.2878277442,126445.60103538685,100949
2022-03-15,0,525890.4388234313,226733.07692615854,166573.4043672347,132583.95753003797,101754
2022-03-16,0,517238.8345542562,223086.58413454698,166950.95040129538,127201.3000184138,99666
2022-03-17,0,525851.9534315139,226359.2282646856,170569.7563261957,128922.96884063259,101391
2022-03-18,0,516192.01384887303,224686.80239418082,164088.00444057418,127417.20701411802,101027
2022-03-19,0,518944.27774994134,223963.297876104,168005.6353981867,126975.34447565056,100837
2022-03-20,0,518785.68810256134,224035.61063260795,166660.83677121924,128089.24069873412,101035
2022-03-21,0,514681.69197529706,220588.19163690502,165956.2271269294,128137.27321146267,99998
2022-03-22,0,525989.213472624,223315.51507200164,168148.91172254024,134524.7866780821,100884
2022-03-23,0,517912.6483680673,221079.1144438703,166919.09712728183,129914.43679691518,101174
2022-03-24,0,524785.9692393342,225399.92822352023,167389.84187639251,131996.19913942143,101736
2022-03-25,0,520196.4336195565,221632.41952175953,167318.47407595004,131245.5400218469,100739
2022-03-26,0,516518.98786123225,221120.8306838559,164863.7952311439,130534.36194623249,100595
2022-03-27,0,519401.15325867943,223999.61716911133,165099.96070214003,130301.57538742808,100748
2022-03-28,0,526461.932821901,227847.06377156492,169697.38676864153,128917.48228169457,101457
2022-03-29,0,525782.428254144,226318.33251836718,165604.7862629371,133859.30947283978,101164
2022-03-30,0,523134.69463375467,220484.74714877593,168592.93793668516,134057.00954829357,100734
2022-03-31,0,519365.4259531253,222691.94941661475,168969.63826422364,127703.83827228687,101255
2022-04-01,0,519186.41760389705,226135.61320077715,164280.18886523964,128770.61553788025,101045
2022-04-02,0,520975.33892208245,223161.3686668016,167031.22340947072,130782.74684581012,101480
2022-04-03,0,520931.6472809639,223002.75714528616,169519.32559272024,128409.56454295752,100642
2022-04-04,0,521945.57016093814,224923.21504095948,165447.73349994366,131574.62162003497,100827
2022-04-05,0,517317.9087835465,221818.91695654334,166431.4176260668,129067.5742009363,100793
2022-04-06,0,524574.8098864822,222888.25992268816,167476.71353603463,134209.8364277594,100254
2022-04-07,0,524514.016808317,221762.76955590228,169435.44266254973,133315.80458986503,101131
2022-04-08,0,521856.5804353004,223184.8062300942,167334.35843480696,131337.41577039927,101110
2022-04-09,0,524016.4095918635,224761.23661618005,166444.3955092443,132810.77746643915,100978
2022-04-10,0,523805.98846740765,220685.22786384862,170297.8409903155,132822.91961324358,100854
2022-04-11,0,522369.4261134269,223559.1200128754,170037.79227431744,128772.51382623405,100259
2022-04-12,0,521735.91210470395,223619.26421212914,169254.80776158225,128861.84013099261,100751
2022-04-13,0,523039.84103551484,224827.304676414,167517.5345007298,130695.00185837105,100785
2022-04-14,0,521055.54138534644,223695.35546860495,165376.38206554827,131983.80385119325,100550
2022-04-15,0,523323.82207790774,226600.429931962,165802.7497082688,130920.64243767696,100865
2022-04-16,0,521413.13629629835,224668.64152286836,168920.60253147501,127823.892241955,101141
2022-04-17,0,525093.9399845209,225022.84876167699,169812.5185026808,130258.57272016321,101876
2022-04-18,0,525560.1130756553,224393.14853463712,170481.78016590123,130685.184375117,101013
2022-04-19,0,525055.0095502903,225297.4722770565,169029.05858706872,130728.47868616508,101048
2022-04-20,0,523035.78449834656,223954.35087248636,164459.28913168484,134622.1444941754,100875
2022-04-21,0,517033.9612015016,222069.00343457103,168170.85370759695,126794.10405933364,99945
2022-04-22,0,519632.57573467796,222450.46395687116,165474.06493446545,131708.04684334132,100883
2022-04-23,0,523061.85666656523,222588.71405675772,166750.69200165945,133722.45060814806,100918
2022-04-24,0,530013.2708527417,223484.8186713102,169804.20569637502,136724.24648505644,102111
2022-04-25,0,528163.0198720329,227104.14443715863,171285.03520815956,129773.84022671475,100774
2022-04-26,0,527304.2832291013,221581.67844129965,173865.65839803356,131856.94638976819,101012
2022-04-27,0,522713.304989889,222317.46467812496,168588.61656189492,131807.2237498691,100835
2022-04-28,0,517610.0915213863,221099.7910406042,166137.85653197713,130372.443948805,100258
2022-04-29,0,527057.1503081096,226605.24945601684,169286.57270835416,131165.32814373856,101404
2022-04-30,0,525471.9506711436,223799.76556289796,169677.9184486002,131994.26665964542,101198
2022-05-01,0,520232.721296694,226888.88698108247,167268.55538064707,126075.27893496444,101207
2022-05-02,0,522989.49535242305,221309.63797028374,170202.3356118868,131477.5217702525,100346
2022-05-03,0,526018.8309622273,225489.30731546515,168782.81838135043,131746.70526541173,101491
2022-05-04,0,516971.4041509542,220418.81312146276,167191.67123641525,129360.9197930762,100078
2022-05-05,0,532406.5420148848,228327.48741230043,168993.7886035095,135085.26599907482,101060
2022-05-06,0,523504.8870830308,223225.1733163907,169682.61789625997,130597.09587038013,101850
2022-05-07,0,520331.26256773254,222998.6971670792,168106.58254884047,129225.98285181292,100248
2022-05-08,0,523773.27182487666,224026.80536749825,165484.7071810943,134261.75927628414,100447
2022-05-09,0,519294.0349174029,224210.561743852,166075.88009473603,129007.59307881484,100768
2022-05-10,0,516076.31995312247,222363.62221968183,164511.20620771128,129201.49152572938,100453
2022-05-11,0,517533.7497574116,221383.31827412752,166777.8122797561,129372.61920352798,99917
2022-05-12,0,524256.25096552796,223302.87914369412,168641.7451653931,132311.6266564407,100713
2022-05-13,0,519224.2282261509,221743.08949289084,167121.75061566106,130359.38811759902,100134
2022-05-14,0,524400.926064452,225452.23631278548,170676.7961183587,128271.89363330789,100888
2022-05-15,0,521695.9673983964,226504.46260257642,166242.00255088703,128949.50224493298,100178
2022-05-16,0,523069.7311983368,223386.93226941873,169410.84159653293,130271.9573323851,101398
2022-05-17,0,513410.7614454184,219378.3767530201,164108.40404622367,129923.98064617465,100217
2022-05-18,0,519380.79559503926,222351.0601619031,165831.3412435496,131198.39418958657,100433
2022-05-19,0,529441.8362226132,228770.2663210387,168815.64193397466,131855.92796759988,100986
2022-05-20,0,513695.3277967579,219906.3110285356,167556.59097648432,126232.425791738,99949
2022-05-21,0,525305.4594620517,226196.3028384011,166330.57146797108,132778.58515567952,100663
2022-05-22,0,526646.6250316843,227299.48399522188,167551.7275061438,131795.4135303186,101188
2022-05-23,0,514606.36484882515,219866.53074927285,162438.40502609068,132301.4290734616,99715
2022-05-24,0,521402.1130457106,223846.91774734284,166068.63037276326,131486.56492560447,100595
2022-05-25,0,527406.5508687167,225984.61655952927,168584.8050403484,132837.12926883902,100617
2022-05-26,0,522615.7897256095,222434.07491138528,168310.1163623485,131871.5984518757,100862
2022-05-27,0,519727.23810189107,220707.32020485552,166610.02711553022,132409.89078150532,99836
2022-05-28,0,516120.55598359124,219808.92128195157,165609.05821630647,130702.57648533318,99778
2022-05-29,0,518153.5967755846,220726.23179103973,166868.78230727167,130558.5826772732,100683
2022-05-30,0,521655.23376782244,221172.3206681193,165327.99304076377,135154.92005893937,100554
2022-05-31,0,520240.07177123375,219915.80259753426,167973.60992330193,132350.65925039753,100514
2022-06-01,0,521685.8049706436,222466.34290684998,167451.55946809443,131767.90259569915,100545
2022-06-02,0,513993.9007786556,219768.41650663898,166784.1588512961,127441.32542072058,100014
2022-06-03,0,515974.16388666903,222625.8247332285,165393.41051720316,127954.92863623732,100453
2022-06-04,0,512337.2435975348,219046.063371935,162146.5093169259,131144.6709086739,100467
2022-06-05,0,519832.87575557135,221746.93765400525,167851.07591957526,130234.86218199083,99945
2022-06-06,0,522118.55883199855,225269.28744804315,166595.035828458,130254.23555549739,101218
2022-06-07,0,513818.8037309895,218157.54950448542,164742.46892157252,130918.78530493159,100504
2022-06-08,0,520535.1239105301,221163.6733205805,166566.1620458977,132805.28854405193,99654
2022-06-09,0,522510.76356864144,224653.19495507854,165740.2414136372,132117.32719992573,100560
2022-06-10,0,512919.48653884657,218082.6384634094,167380.58530368112,127456.26277175604,99727
2022-06-11,0,523880.2501441408,225542.90495908377,167775.05835383196,130562.28683122506,100590
2022-06-12,0,520875.7958863788,223341.42352158728,168145.91183658538,129388.46052820614,100758
2022-06-13,0,510592.21248383966,219046.78228401084,162520.4860909021,129024.94410892676,99750
2022-06-14,0,521068.8269363746,222062.49311119976,168972.81219635214,130033.52162882271,100624
2022-06-15,0,518856.61050318484,222673.72480179885,166617.35921994963,129565.5264814363,100331
2022-06-16,0,515916.0598561836,222049.94562499656,165620.6498884801,128245.46434270698,100517
2022-06-17,0,522526.88167510275,223982.14461568696,167409.74407275073,131134.99298666502,101036
2022-06-18,0,509750.10970421357,218853.82697370625,161922.1815135874,128974.10121691992,99947
2022-06-19,0,510249.23735698644,220458.29094100138,165869.06924565995,123921.8771703251,99675
2022-06-20,0,513728.18055398343,217086.39894310254,162847.56400510855,133794.21760577234,99588
2022-06-21,0,513812.5043283468,219697.50791648755,162214.4465777043,131900.54983415498,99607
2022-06-22,0,510572.2319400142,218782.16030168426,162386.4906264525,129403.58101187737,99958
2022-06-23,0,517831.80349551677,219468.8247074251,167927.954329646,130435.02445844568,100149
2022-06-24,0,515635.16510188533,223277.88346455313,164352.37112982682,128004.91050750544,100098
2022-06-25,0,526578.7976641017,223470.0434699511,169048.63047114297,134060.1237230076,100355
2022-06-26,0,519845.49740461493,221623.34928348006,164256.8111084394,133965.33701269553,99930
2022-06-27,0,513882.0837544849,219592.03115127646,162951.40401561852,131338.64858758994,100632
2022-06-28,0,514191.65706290037,219357.36739362942,162802.24893388824,132032.0407353827,99755
2022-06-29,0,527150.922527869,225331.86144280696,169702.57600549667,132116.48507956535,101229
2022-06-30,0,514159.44287791115,221026.54593497075,165306.2935188131,127826.6034241273,100164
2022-07-01,0,515971.88939134043,223829.19175566448,163366.13964249275,128776.5579931832,99404
2022-07-02,0,514000.6567030062,219694.57362137781,164579.86739740596,129726.21568422239,99279
2022-07-03,0,516640.1677824252,220777.43634157928,166386.510577823,129476.22086302291,100038
2022-07-04,0,515561.33465980925,219000.51044708223,167045.8594475193,129514.96476520771,99667
2022-07-05,0,519447.2530236405,220755.2457530619,168369.1846362877,130322.82263429087,100118
2022-07-06,0,514595.36386346584,219874.67033557862,164530.28599412733,130190.40753375986,99980
2022-07-07,0,513251.5055619563,220983.30911154643,162147.38286523867,130120.81358517124,99690
2022-07-08,0,511408.9545895915,220638.02400415586,163349.72579813737,127421.20478729821,99285
2022-07-09,0,508272.9312480999,216418.22408850671,164155.42302981007,127699.28412978313,98934
2022-07-10,0,505988.8996151698,216327.3869153102,162466.0831474571,127195.42955240251,99450
2022-07-11,0,512466.0324434554,216555.16819084945,163416.57630418584,132494.28794842013,100085
2022-07-12,0,511960.74415557383,220533.37411240872,165494.77423462196,125932.59580854316,99746
2022-07-13,0,510925.50387948065,215784.5672542267,163574.26234915914,131566.67427609477,98999
2022-07-14,0,512676.8820387108,215039.5348260984,164761.5828926201,132875.76431999233,99692
2022-07-15,0,513183.5250041073,220268.60532333775,163297.47836031546,129617.44132045403,99781
2022-07-16,0,510752.14411840687,223143.70579312465,163362.21100007815,124246.22732520406,99130
2022-07-17,0,511179.45628815034,219119.96006824353,162714.15778326764,129345.33843663915,99633
2022-07-18,0,516751.73608357826,220647.62496929735,166230.70573537165,129873.40537890926,99568
2022-07-19,0,510706.21500445163,217870.9999261117,165582.07055366327,127253.14452467668,98952
2022-07-20,0,508988.3895542084,218946.42576805063,160905.54216923023,129136.42161692749,99686
2022-07-21,0,517318.8413447058,221123.39775064867,162853.33010522413,133342.11348883298,99772
2022-07-22,0,513153.42742903624,219163.92096728334,162072.320027705,131917.18643404788,100017
2022-07-23,0,512608.3845011878,220188.6751764769,163705.95499219006,128713.75433252081,99987
2022-07-24,0,506685.2383615874,217804.91147817197,162978.353656929,125901.97322648649,98756
2022-07-25,0,505445.009344021,216205.17464311037,160539.27307620336,128700.56162470722,98961
2022-07-26,0,513357.03375325387,220917.5037801294,162647.2897314622,129792.24024166228,99672
2022-07-27,0,512175.2931798179,218523.79635691215,162446.65708495557,131204.83973795018,99657
2022-07-28,0,511275.2779232472,217304.7649425743,164834.29026032743,129136.2227203455,99643
2022-07-29,0,523424.31471468776,223170.0662135038,167027.253984786,133226.99451639797,101298
2022-07-30,0,514009.5576913302,216961.1628980299,162949.0304484459,134099.3643448544,99643
2022-07-31,0,516649.14449206967,219321.7837015843,165134.72263879873,132192.63815168664,99911
2022-08-01,0,512880.7759930907,219010.7851482529,163518.43567947546,130351.55516536234,99807
2022-08-02,0,514544.78974460537,220842.7042140952,163807.8446752257,129894.24085528444,99642
2022-08-03,0,514499.5792282246,218598.49654661666,166939.56665246972,128961.51602913825,99145
2022-08-04,0,518341.8569447662,218619.5390026392,167046.74507187214,132675.5728702548,99669
2022-08-05,0,507445.5096902001,218721.93289133755,160586.97825762245,128136.59854124006,98891
2022-08-06,0,515363.63909275807,220349.94589679746,165215.58489693137,129798.10829902925,99146
2022-08-07,0,513006.36851392296,218386.61355404317,164962.55831822695,129657.19664165286,99010
2022-08-08,0,508131.7225631955,217807.5003658148,161437.55380091528,128886.66839646541,99281
2022-08-09,0,512845.83532813506,217347.2731931277,167017.12500856267,128481.43712644462,100386
2022-08-10,0,508257.068291526,213609.22541176536,165289.10117470456,129358.7417050561,98283
2022-08-11,0,509611.2725542841,217635.87505350666,161855.497664323,130119.89983645441,99549
2022-08-12,0,505052.154315676,214680.54441418088,160512.6178897075,129858.99201178765,98388
2022-08-13,0,510305.92365314846,216621.2510781484,165211.67297501542,128472.99959998459,98948
2022-08-14,0,516403.18345126626,218624.50667346953,164863.26130954013,132915.4154682566,99718
2022-08-15,0,511235.62243102584,218503.0013954267,164629.3418466693,128103.2791889298,99196
2022-08-16,0,512035.8590778863,216117.43084934005,163325.38806514617,132593.04016340015,98615
2022-08-17,0,507110.37848398613,217550.6550802351,163671.6272445462,125888.09615920486,98786
2022-08-18,0,510406.8616083754,218060.24216863027,161259.02599606384,131087.5934436813,99474
2022-08-19,0,507777.05147556146,212530.42707904615,164925.55317908328,130321.07121743202,98760
2022-08-20,0,509714.872655775,215511.1886641571,165857.76144749872,128345.92254411917,99225
2022-08-21,0,510483.52577123593,216892.62286054943,162909.1833113886,130681.71959929791,99131
2022-08-22,0,508735.0406253778,214026.79306935827,162736.1172682033,131972.1302878162,98774
2022-08-23,0,508898.4468794513,220405.87731144478,161836.68888770798,126655.88068029855,100164
2022-08-24,0,516688.1894027699,220723.81804228132,164775.47574470832,131188.89561578023,99402
2022-08-25,0,503884.0907970333,217406.60221714567,162876.87626096196,123600.61231892568,98065
2022-08-26,0,507952.4679305678,216721.42676037888,163248.41041456163,127982.63075562731,99164
2022-08-27,0,516879.20204511075,219249.47671925413,164966.76921674114,132662.9561091155,98733
2022-08-28,0,510367.95241475577,218049.55521896738,163168.4200413272,129149.9771544612,99484
2022-08-29,0,506100.5293968561,215404.73395450253,163716.04322794444,126979.75221440909,98656
2022-08-30,0,505879.44782733946,215501.28156735277,161039.50727440347,129338.65898558323,98989
2022-08-31,0,514437.73528231983,216714.82945022976,163480.48669120736,134242.41914088267,99293
2022-09-01,0,506977.05619419174,216879.6034230883,163435.890672415,126661.56209868846,99469
2022-09-02,0,505560.6417101582,215905.4892771678,162671.47899520802,126983.67343778237,98431
2022-09-03,0,511445.9210514569,216727.02117755302,162117.3315617601,132601.56831214373,98859
2022-09-04,0,511965.89129262394,216249.7031720131,162476.22326299243,133239.9648576184,98785
2022-09-05,0,510376.15572762187,216917.75168855305,164245.80898267825,129212.59505639054,98692
2022-09-06,0,512742.3509967489,220823.96302901837,163523.49780729396,128394.89016043658,99898
2022-09-07,0,513368.3206737774,218963.1092483542,160153.9514060884,134251.26001933482,99215
2022-09-08,0,510268.47112614143,212410.07520220627,165607.1225735763,132251.27335035888,98379
2022-09-09,0,510661.46176420734,212434.44283059967,166496.48397997764,131730.5349536301,99466
2022-09-10,0,512117.8563949653,220599.88665875726,162044.44537710544,129473.5243591026,100066
2022-09-11,0,510430.6528566331,214895.00276249787,165185.05711611453,130350.59297802074,99520
2022-09-12,0,504091.6257653386,214613.29791491825,160878.64032099134,128599.68752942904,98242
2022-09-13,0,507138.2206728934,213747.2299469063,163183.2920096993,130207.6987162878,98759
2022-09-14,0,512276.77780505933,214222.68444419335,164552.2745740108,133501.81878685518,99633
2022-09-15,0,510117.7275758197,216927.32528861414,162011.30204855924,131179.10023864635,98646
2022-09-16,0,508237.3883781412,218505.03284322107,161772.1617400071,127960.19379491304,99221
2022-09-17,0,511435.2146346222,216158.59540580737,162204.97188565237,133071.64734316248,99387
2022-09-18,0,500828.5719734858,210422.99894932593,160476.3178992823,129929.2551248776,98537
2022-09-19,0,507870.7171985506,215374.63808266906,161293.9931133455,131202.086002536,98971
2022-09-20,0,505363.5889913254,214067.35686151776,160438.00596225946,130858.22616754816,97382
2022-09-21,0,500383.2858231568,212541.12814606033,160804.35785736708,127037.79981972944,98492
2022-09-22,0,510476.79487705784,216637.45608076412,164180.78852259487,129658.55027369883,98880
2022-09-23,0,508366.3193771449,215244.4858158877,165046.27541513788,128075.55814611932,98384
2022-09-24,0,510129.85045693663,219316.64371947854,163075.5683015297,127737.6384359284,99827
2022-09-25,0,507497.22426035156,215338.76404012163,162422.16915363152,129736.29106659845,98299
2022-09-26,0,512503.82816154906,214147.59665142855,163689.71006489822,134666.52144522232,98797
2022-09-27,0,509444.5306188198,219063.5985087786,164068.1189490423,126312.81316099894,99086
2022-09-28,0,512657.5933691709,217670.70799473813,164265.09483748963,130721.79053694315,99745
2022-09-29,0,508862.51915870834,215065.06110589782,163448.41473722216,130349.04331558831,98311
2022-09-30,0,511627.4806258356,215861.62929013153,164884.7093943266,130881.14194137743,99615
2022-10-01,0,506011.4123368122,215698.68810352506,160588.34441990822,129724.3798133789,99043
2022-10-02,0,504667.4384288136,213835.32716925628,164067.2354658248,126764.8757937325,98552
2022-10-03,0,512619.04532685725,216717.3131065407,165197.55540290094,130704.17681741562,99280
2022-10-04,0,510522.6279226572,220237.48732171758,161709.74816431542,128575.39243662418,99154
2022-10-05,0,501251.8805767335,213287.7254093033,162725.3387872168,125238.81638021338,98761
2022-10-06,0,510439.2197685627,213490.45394907225,164530.55970355603,132418.2061159344,99102
2022-10-07,0,513321.1435985802,219222.55750729982,162417.00820930104,131681.57788197935,98881
2022-10-08,0,511928.7567129005,216380.7998300802,165370.6211868099,130177.33569601037,99138
2022-10-09,0,515276.84904093744,216029.12125558103,168377.73393155754,130869.9938537989,99419
2022-10-10,0,516305.5532626486,220393.48368991909,162787.1347449443,133124.93482778518,99889
2022-10-11,0,503537.3227426289,214301.43749460482,159495.428810165,129740.4564378591,98485
2022-10-12,0,521103.84140491555,222560.26740602116,165410.8589868891,133132.71501200533,100179
2022-10-13,0,507693.4481205203,216204.26256813164,163200.342305977,128288.8432464116,98145
2022-10-14,0,510961.93165223714,215699.33242025852,162664.27083036606,132598.32840161253,99054
2022-10-15,0,519434.0083320031,221757.09558931232,166606.6009445958,131070.31179809496,99433
2022-10-16,0,507409.1337093881,215952.95053698134,160812.73270539305,130643.45046701368,99289
2022-10-17,0,509178.0391030539,217775.04724896484,164218.9336886643,127184.05816542478,98847
2022-10-18,0,509845.35734806757,217334.49012688923,161953.31310843074,130557.55411274763,99064
2022-10-19,0,513659.74303455994,219087.00561299952,166412.51367320845,128160.22374835199,98932
2022-10-20,0,514952.2145304765,219542.73020181403,166908.79503099172,128500.68929767073,98894
2022-10-21,0,509474.95951965405,217958.46451779277,162494.2394315217,129022.25557033959,99625
2022-10-22,0,506746.65702887275,215928.9292915043,162582.0068183214,128235.7209190471,99389
2022-10-23,0,515982.5694216327,217343.57512987772,164638.643846782,134000.350444973,98876
2022-10-24,0,513445.0864099342,216698.61934854765,163365.330472052,133381.13658933455,99684
2022-10-25,0,519375.2407992828,221527.79352839512,163631.167885194,134216.27938569363,99400
2022-10-26,0,510739.31957951444,218317.60444813484,164177.43861523952,128244.27651614009,99664
2022-10-27,0,508085.03868179076,217171.94718767545,160177.75779070696,130735.33370340831,99585
2022-10-28,0,506925.19399037724,216856.54494189518,162924.6397076291,127144.00934085298,98869
2022-10-29,0,504420.1695560195,214104.05895105624,161802.83732844685,128513.27327651634,99016
2022-10-30,0,508278.91741728084,216206.7392796916,163206.2892218567,128865.8889157325,99683
2022-10-31,0,520578.5113338571,220458.9749357649,167007.3028319579,133112.2335661342,99628
2022-11-01,0,506793.61909713247,216157.05741632747,161162.7885404413,129473.77314036367,99325
2022-11-02,0,513498.6740875411,215562.23695537884,165437.23325251447,132499.20387964783,99408
2022-11-03,0,516376.4053764796,219939.08631285874,164156.1720386681,132281.14702495278,100003
2022-11-04,0,516770.81073629356,219415.41464248116,162784.104401798,134571.2916920144,99082
2022-11-05,0,513184.3663578433,219670.63666658755,165811.64446372664,127702.08522752905,99666
2022-11-06,0,516652.019067059,219526.04171656072,164382.5254873893,132743.45186310896,99306
2022-11-07,0,513444.10663184035,216056.05930996517,164865.91454055053,132522.13278132468,99313
2022-11-08,0,511862.5909759599,216094.21224885067,166682.56399157477,129085.81473553447,99986
2022-11-09,0,518532.69937102025,221721.15990264606,163914.3214891252,132897.21797924902,99865
2022-11-10,0,513054.18293422344,218114.2606859877,163378.44274572725,131561.47950250845,99874
2022-11-11,0,512387.8054676813,218805.54453270047,162838.3243393789,130743.93659560198,100136
2022-11-12,0,511957.6674282776,220733.6450396843,162430.24150450685,128793.78088408646,99509
2022-11-13,0,519835.9865355733,219908.21236991644,170512.91328942913,129414.86087622779,99856
2022-11-14,0,519541.5320823145,218772.4661783084,166397.46681858273,134371.59908542337,99376
2022-11-15,0,515268.834404305,222882.06944684836,161719.0600629261,130667.70489453053,99709
2022-11-16,0,510314.474696948,216868.8312818791,161473.608451434,131972.0349636349,99498
2022-11-17,0,514565.5410536439,220297.77274282702,165291.28293715316,128976.4853736637,99628
2022-11-18,0,514262.2351937682,219114.75800967956,165835.314121865,129312.16306222364,99894
2022-11-19,0,515205.0535053549,218184.96276795826,164817.9894996994,132202.10123769726,99204
2022-11-20,0,518208.6305632207,223676.16121780302,165432.94739611284,129099.52194930484,100676
2022-11-21,0,511131.3897753612,218598.73414553673,163408.78367398665,129123.87195583787,99144
2022-11-22,0,512625.718232203,218513.87746491123,164199.97665602088,129911.86411127089,99057
2022-11-23,0,519061.2678810999,222018.89923989508,165537.217326303,131505.15131490183,100261
2022-11-24,0,510252.8813842769,218840.9470164061,160693.22860011194,130718.70576775887,100095
2022-11-25,0,514161.4800255186,217789.76166068748,164588.80842117587,131782.9099436553,100029
2022-11-26,0,513229.3471673395,217446.24358790225,163389.8493808775,132393.25419855982,100048
2022-11-27,0,512142.97256413545,215029.1739850826,165006.01175794273,132107.78682111014,99746
2022-11-28,0,520409.53638609464,222254.66246352711,170004.70152202094,128150.17240054664,99321
2022-11-29,0,512667.3649425956,216974.51990902665,165541.40514295694,130151.439890612,99825
2022-11-30,0,514384.9870578948,218053.43667520888,163658.8001574012,132672.75022528472,99467
2022-12-01,0,520151.9703861086,219661.63480319438,167412.03535077884,133078.30023213543,100311
2022-12-02,0,513396.3032794145,219775.69373953957,165736.03166849975,127884.57787137518,99768
2022-12-03,0,516269.3407838274,220182.26634265325,165146.2147385941,130940.85970258008,99447
2022-12-04,0,513383.8402683477,220843.9341862849,165941.7386668996,126598.1674151632,99717
2022-12-05,0,519298.199351273,218759.30234431732,169435.77369285468,131103.123314101,100102
2022-12-06,0,515290.48448864894,218683.94944582722,162373.19159529865,134233.3434475231,99632
2022-12-07,0,513228.79060998943,219394.34490781778,165433.1427630764,128401.30293909523,99521
2022-12-08,0,512226.2393194845,219467.04213485168,163477.15011646165,129282.04706817113,100072
2022-12-09,0,522231.5693904724,223250.59285874836,166487.0904056365,132493.88612608748,100091
2022-12-10,0,510797.9049652289,220335.55749025568,163019.45910689764,127442.88836807561,99733
2022-12-11,0,514326.34367087233,220931.2881540723,164095.47507693886,129299.58043986115,99770
2022-12-12,0,518663.84896466753,221559.4297180369,164911.51025182038,132192.90899481028,100139
2022-12-13,0,515951.18567058526,220972.94952504113,166239.9049104523,128738.33123509181,99318
2022-12-14,0,514871.5089527555,219098.56995511494,166200.35695024865,129572.58204739194,99356
2022-12-15,0,511298.80725466716,216903.5686789121,162434.78025481163,131960.45832094343,99719
2022-12-16,0,517966.71349694603,220873.48518258697,165460.9356586155,131632.2926557435,99990
2022-12-17,0,515387.4766303743,219366.43336989876,164370.34074310027,131650.70251737532,100270
2022-12-18,0,516188.7433220346,220847.1030057683,164190.9993139231,131150.64100234318,100870
2022-12-19,0,520602.7347005231,222532.39506634645,165857.5544409917,132212.785193185,100580
2022-12-20,0,518474.1990312999,222889.69535153953,164956.76813162924,130627.73554813115,100089
2022-12-21,0,523133.2423283141,220667.25609576004,170577.87262482222,131888.1136077319,100177
2022-12-22,0,515634.4016262657,220332.07425237427,165899.62102207923,129402.70635181222,99704
2022-12-23,0,517867.2837767213,224172.63491704612,163060.77884693147,130633.87001274368,100213
2022-12-24,0,514451.7261804667,221051.5996374197,164529.82404221394,128870.30250083303,100096
2022-12-25,0,525820.3552201507,226455.4291147961,168205.53752219345,131159.38858316114,100419
2022-12-26,0,519758.78042526805,221305.1230261671,169523.09097809132,128930.56642100966,99862
2022-12-27,0,510445.60529001,218070.6801675773,163229.70386015042,129145.22126228227,100553
2022-12-28,0,520140.8212541023,224183.04182553312,163446.81223984828,132510.96718872085,101077
2022-12-29,0,523079.0142423694,221868.86902581263,169763.1022740139,131447.04294254287,100274
2022-12-30,0,524398.9286970854,224266.2820289785,167227.42648717758,132905.2201809293,100546
2022-12-31,0,519025.45773773314,223391.38388785164,164972.14907771483,130661.92477216668,100707
2023-01-01,0,519451.5800515157,220748.36408322075,167005.03422343318,131698.1817448618,100179
2023-01-02,0,512817.7278629684,219270.93444448613,161176.82208287527,132369.971335607,100508
2023-01-03,0,519542.9610571343,221159.72906699154,166340.60498313518,132042.62700700763,100419
2023-01-04,0,516692.0628086481,220030.9589379109,167097.02252479244,129564.08134594477,100478
2023-01-05,0,518452.4121646778,219769.14661944308,167680.43137132586,131002.83417390888,100059
2023-01-06,0,519341.0114703737,222973.5032253289,164445.58971316516,131921.91853187964,100474
2023-01-07,0,524224.61925693235,225678.25737617537,167043.22099283186,131503.1408879251,100727
2023-01-08,0,517828.2571769709,224149.83227558728,165779.43191892278,127898.99298246081,101220
2023-01-09,0,520468.1535274196,220544.69269986366,167814.9475631694,132108.5132643865,100990
2023-01-10,0,528474.5042399202,225085.55241104122,166450.34560921064,136938.60621966832,101602
2023-01-11,0,519062.6590640043,223735.40684849155,165276.14905269834,130051.10316281443,100157
2023-01-12,0,517513.65053090046,221830.27335144993,165373.48166066498,130309.8955187856,100993
2023-01-13,0,522456.9277513102,222157.3885603585,168191.09087748302,132108.44831346872,100663
2023-01-14,0,527877.4728175108,224526.26146299872,170151.3657938495,133199.84556066265,101681
2023-01-15,0,518923.7578064584,219994.4191069443,165757.801827188,133171.53687232613,100197
2023-01-16,0,517475.44351805426,222893.96581258188,166320.52763969803,128260.9500657743,100196
2023-01-17,0,517616.96048142924,221658.54652607933,163566.30183649372,132392.1121188562,100330
2023-01-18,0,517243.3775385916,221278.38441536686,164760.48379865862,131204.50932456614,99582
2023-01-19,0,517529.1727216758,220325.04090906488,166497.1948059293,130706.93700668162,100395
2023-01-20,0,524293.5243120823,221053.63369165928,171702.86681267372,131537.02380774936,100292
2023-01-21,0,522773.3159537887,224343.64763733008,164957.42797053207,133472.24034592652,100760
2023-01-22,0,525977.4434547551,222405.3532162204,170291.19787573244,133280.89236280226,100869
2023-01-23,0,528921.7318170368,228198.87221786423,170544.43751943836,130178.4220797342,101649
2023-01-24,0,525091.1797357897,223079.378024439,168454.75979840488,133557.04191294577,101199
2023-01-25,0,524039.859594161,222859.4971666616,170301.88069434214,130878.48173315726,100448
2023-01-26,0,522300.64512219286,224010.5487592816,167322.88443813683,130967.21192477441,100299
2023-01-27,0,520999.26646122127,220755.62776311047,168434.90202776197,131808.73667034882,101006
2023-01-28,0,514823.71410490555,218315.47725695986,166226.6242331459,130281.61261479981,100112
2023-01-29,0,528032.4538330944,221992.252263671,171177.65238674558,134862.5491826779,101699
2023-01-30,0,529370.0094847667,226972.92839165634,170469.46481230794,131927.6162808025,101385
2023-01-31,0,516440.9601712461,221747.95546667033,165821.0416333028,128871.96307127297,100571
2023-02-01,0,519895.5011705451,226777.6892707409,163534.12536635477,129583.68653344947,99960
2023-02-02,0,524325.2613149874,223652.11298268143,168099.23129783932,132573.9170344667,101504
2023-02-03,0,523367.4828143747,223732.71806830066,165835.533161573,133799.2315845011,100780
2023-02-04,0,529567.7046945896,227850.52380386586,168353.8194363318,133363.361454392,101466
2023-02-05,0,523617.15998117044,225994.85071486025,168861.3394516192,128760.96981469101,100059
2023-02-06,0,529432.1730713202,227149.69727970508,166248.2865428049,136034.18924881017,100566
2023-02-07,0,525614.6335684936,226095.10356819737,167559.4976574272,131960.03234286906,100877
2023-02-08,0,527648.4341454775,225815.82467850766,167821.7682263864,134010.84124058342,100907
2023-02-09,0,524422.0211125747,224501.72143550348,169057.98255307082,130862.3171240004,100667
2023-02-10,0,522567.6060772642,225989.9889478979,163698.55582670524,132879.06130266108,101211
2023-02-11,0,519904.3669753807,221685.11803676208,165738.45931885357,132480.78961976498,100374
2023-02-12,0,524009.4576277465,222118.92997055402,168094.26050371528,133796.2671534772,100844
2023-02-13,0,527984.5702574243,224054.02497732296,170294.98818616566,133635.55709393567,100983
2023-02-14,0,524891.190925552,224155.45109744134,167231.46268025512,133504.27714785564,101187
2023-02-15,0,519709.9938966237,223826.0035170575,164633.8958765767,131250.09450298955,101292
2023-02-16,0,522236.79494193086,224327.45925465066,168272.45062938772,129636.88505789249,100380
2023-02-17,0,521152.14415826404,224473.0977624714,165477.61852938324,131201.42786640942,100181
2023-02-18,0,526180.9197211091,225588.67524081515,166500.61112708674,134091.63335320723,101593
2023-02-19,0,525611.7277192078,227455.859913372,166942.63688413848,131213.23092169722,101125
2023-02-20,0,521346.90011649847,221171.91711812338,167032.93882260015,133142.0441757749,100590
2023-02-21,0,528633.3564768524,225400.0226182066,167936.43738080567,135296.89647784017,101744
2023-02-22,0,516328.0115587085,222951.287097499,163678.0037734357,129698.72068777378,101031
2023-02-23,0,522942.8918986358,221746.98626949542,170699.746240659,130496.15938848135,101567
2023-02-24,0,526090.6942357592,224231.35714835682,170638.10751442498,131221.22957297738,101014
2023-02-25,0,530391.7415356819,226175.40759850593,170903.40753894416,133312.92639823174,102014
2023-02-26,0,527748.3957984943,229169.50524391176,167113.25786327544,131465.6326913071,101865
2023-02-27,0,526937.7975753895,225425.44542622875,167497.16836285836,134015.1837863024,100865
2023-02-28,0,525070.7284912997,223362.172120563,168817.88473312804,132890.67163760867,101478
2023-03-01,0,530539.5403624919,228816.9564272408,169798.04298216873,131924.54095308232,101317
2023-03-02,0,528194.8586158586,228296.5605726846,170492.41020079423,129405.88784237974,101680
2023-03-03,0,518902.9916838177,224707.9015350436,165950.40217581976,128244.68797295439,100515
2023-03-04,0,526019.7462246735,224761.43678480087,168832.00439018343,132426.3050496891,101341
2023-03-05,0,521381.2022846688,223687.70627221672,169873.07804495082,127820.41796750126,101528
2023-03-06,0,524250.0947809681,222063.82702011886,169767.90387009495,132418.3638907543,100120
2023-03-07,0,524705.2348161989,225578.86501161964,168706.74998220845,130419.61982237078,100408
2023-03-08,0,531280.107635951,226331.13442394618,168243.06137402533,136705.91183797954,99980
2023-03-09,0,531493.9670053897,227432.5053729516,168167.54358408062,135893.91804835756,100864
2023-03-10,0,527438.6238796638,224367.8342254622,171567.48007172512,131503.30958247645,101356
2023-03-11,0,526184.8727023675,223903.26714774675,170160.98592266455,132120.6196319562,101747
2023-03-12,0,525028.1094528481,225008.69375219953,166554.90820920703,133464.50749144156,101032
2023-03-13,0,530815.9858309098,222753.90833905424,172254.17095248844,135807.9065393671,101807
2023-03-14,0,519842.2245119839,223936.4313110849,168590.30604036627,127315.48716053274,100300
2023-03-15,0,515569.8852778226,222679.63912141894,166069.69973546415,126820.54642093948,100136
2023-03-16,0,521065.4132791494,223696.95606443819,167235.30830678428,130133.14890792694,100957
2023-03-17,0,523806.89430905646,221885.2410017668,169119.66844270958,132801.9848645801,101174
2023-03-18,0,527205.1400014234,225688.8958105698,169141.3252503107,132374.91894054294,100962
2023-03-19,0,520939.0108014066,221562.77004006476,167082.69232879946,132293.54843254236,99940
2023-03-20,0,519998.3457988997,222268.23926817472,168794.08983130864,128936.01669941637,100925
2023-03-21,0,514276.13916471135,217648.8724392634,170658.96327347375,125968.30345197419,100313
2023-03-22,0,529686.3054227654,225311.1114668222,170880.42111112163,133494.7728448216,101295
2023-03-23,0,527426.7884599795,228604.80731678882,168888.1014892273,129933.87965396342,101138
2023-03-24,0,523240.65645412914,227072.40195739377,169405.65524743902,126762.59924929637,100479
2023-03-25,0,520372.66355112556,223258.6852740771,165774.3974851072,131339.5807919413,100687
2023-03-26,0,522939.23751013004,222416.86124875216,168220.9172599514,132301.45900142644,100408
2023-03-27,0,528396.1772365335,225548.6534301427,171785.49971056494,131062.02409582582,100900
2023-03-28,0,523104.53792253585,223623.56437168742,168487.32446313207,130993.64908771637,101402
2023-03-29,0,520454.9476475722,224272.5591571898,165764.38252720455,130418.00596317784,100424
2023-03-30,0,524828.9229602534,226681.18496397996,167265.4112088689,130882.32678740454,101162
2023-03-31,0,520460.55133157177,226556.34818871232,165605.46565501927,128298.73748784019,100637
2023-04-01,0,519031.5806976433,223625.0387230291,166007.55455775373,129398.98741686046,100497
2023-04-02,0,523705.48796464293,224090.2720047126,167340.61256815027,132274.60339178005,100832
2023-04-03,0,517669.7563891311,221797.3343229554,164562.7487994565,131309.67326671918,100359
2023-04-04,0,521402.0896435746,222364.62618601893,167754.5772813105,131282.88617624517,100591
2023-04-05,0,520497.97837633407,222903.92413365585,169032.55654944715,128561.49769323107,100260
2023-04-06,0,527079.7654347054,227233.5159752169,167769.85544042528,132076.39401906318,101831
2023-04-07,0,524459.8247513303,226377.26584939347,171163.50554245635,126919.05335948044,100857
2023-04-08,0,521945.5531910576,222186.45966782424,168579.79643513943,131179.29708809388,100479
2023-04-09,0,532179.5754646815,227670.32593700232,170289.853121064,134219.39640661512,100926
2023-04-10,0,518651.68294205074,223792.24418001514,166651.70821040252,128207.73055163307,100752
2023-04-11,0,523646.4609583932,224158.71199944604,169578.3194520438,129909.42950690334,100687
2023-04-12,0,522039.0566419766,223515.39250287515,166293.49991041637,132230.1642286851,101093
2023-04-13,0,524781.7666191582,220279.12029822211,170348.16926846106,134154.477052475,101154
2023-04-14,0,523473.7207047768,225578.89404438602,167925.86823960548,129968.95842078535,100498
2023-04-15,0,523286.4269629538,225209.11291738745,168634.41701253978,129442.89703302662,100463
2023-04-16,0,515888.48958809965,223444.81345452444,165383.1611608821,127060.51497269314,100602
2023-04-17,0,516464.14967497345,222082.91732956553,164402.8584275385,129978.37391786942,99576
2023-04-18,0,526004.6817166541,223733.70801516905,167954.81546770345,134316.15823378155,99956
2023-04-19,0,521937.50187106966,222427.06055639894,167004.23844473634,132506.2028699344,101385
2023-04-20,0,526809.2180323383,224735.80142833065,170011.63837059104,132061.77823341664,101510
2023-04-21,0,521964.60498986806,225453.62546259526,164907.4589104189,131603.5206168539,100550
2023-04-22,0,523499.11560591107,222145.14453733448,169932.8106656159,131421.16040296067,100949
2023-04-23,0,520134.7434727562,224938.90780738115,165548.36396721547,129647.47169815951,100803
2023-04-24,0,530106.4057440246,224368.14165685108,171168.68121041896,134569.58287675455,102173
2023-04-25,0,528022.2992844065,226015.1269668401,169819.7381470719,132187.43417049447,101179
2023-04-26,0,520943.141738411,223721.3979986756,166211.55370035197,131010.19003938342,100540
2023-04-27,0,516332.934154178,219694.28749309405,168121.99962898032,128516.6470321036,100112
2023-04-28,0,524197.3430798748,224561.36033184524,166963.4103472733,132672.57240075624,99772
2023-04-29,0,521692.9474379878,222529.49359972015,166694.15375019587,132469.3000880717,100662
2023-04-30,0,515822.560633629,221372.43609664156,165004.7742798884,129445.35025709902,100166
2023-05-01,0,517396.1294449457,222683.81728138519,162568.4152996046,132143.89686395598,99818
2023-05-02,0,522651.97617921216,225309.1699688172,167744.48904584986,129598.31716454512,100190
2023-05-03,0,512815.1172999349,220498.95140424906,163559.34737143182,128756.818524254,99957
2023-05-04,0,524748.9318900304,225374.14297886653,168924.64950830338,130450.13940286044,101325
2023-05-05,0,520761.99847967527,225256.0982086031,167572.81971842438,127933.0805526478,100907
2023-05-06,0,525477.388417246,224845.8574201643,168759.00627709576,131872.52471998596,100446
2023-05-07,0,521275.72263293224,225249.2149083679,167879.3866001098,128147.12112445457,101173
2023-05-08,0,517946.70707186934,222708.4719786557,166739.59403268225,128498.64106053144,100455
2023-05-09,0,515151.0759427786,220797.05915883987,168125.00106239296,126229.01572154577,99969
2023-05-10,0,525671.9268949386,224957.7613547183,169086.9067830112,131627.258757209,101145
2023-05-11,0,520776.9606659152,221603.95770081144,168276.8977840695,130896.10518103426,100636
2023-05-12,0,513223.4559901064,216273.831283935,167365.18338917423,129584.44131699718,99830
2023-05-13,0,516389.82960852236,223783.48915565145,163956.83668813136,128649.50376473955,100237
2023-05-14,0,519936.5413473097,223977.62381255635,167992.1646628259,127966.75287192744,99877
2023-05-15,0,515091.69115672784,216880.82777949836,167287.40822776064,130923.45514946882,99606
2023-05-16,0,517831.3369471669,221839.73048120283,165724.76807938324,130266.83838658083,100743
2023-05-17,0,526572.9036186005,226023.56728537695,167970.9209023422,132578.41543088132,101217
2023-05-18,0,519573.9789249155,225533.89124921727,165862.20212443144,128177.88555126678,99545
2023-05-19,0,521944.8780060515,223363.71111226917,167105.84890122793,131475.3179925544,100508
2023-05-20,0,520671.0944981837,220594.9303332051,167095.8827393234,132980.28142565524,99884
2023-05-21,0,522793.17820717336,221787.5523964916,169374.5149781501,131631.11083253167,99947
2023-05-22,0,522857.8710260283,224739.11125655368,168559.23551639388,129559.5242530807,99877
2023-05-23,0,514617.68407957983,220365.05492562806,163528.9901837778,130723.63897017394,99723
2023-05-24,0,519216.2624061879,220909.8436268601,168043.10480617685,130263.31397315099,100161
2023-05-25,0,519580.51349760965,220601.6123200964,168758.18140356799,130220.71977394528,99703
2023-05-26,0,518565.91042659996,220700.94922803112,167661.59942270204,130203.36177586675,100236
2023-05-27,0,521579.7750910835,222469.09760823817,168789.432574328,130321.24490851734,100057
2023-05-28,0,526624.681833145,225222.9160779763,170451.82778453437,130949.93797063427,99945
2023-05-29,0,517945.8028054468,221887.17984984585,167932.85113341757,128125.77182218341,99592
2023-05-30,0,515863.0423826234,221003.44480518703,166592.02856218244,128267.56901525395,99739
2023-05-31,0,519646.6186760343,222193.336644416,169142.90608225466,128310.37594936363,100387
2023-06-01,0,514164.0832966955,219331.0704041265,167110.66529669776,127722.3475958712,100241
2023-06-02,0,515992.70678785216,222681.85857423887,165720.2032930687,127590.64492054458,99484
2023-06-03,0,518487.22728506976,221771.8545668097,165736.42778229914,130978.94493596094,100004
2023-06-04,0,521423.90977846493,222154.1708883493,170014.7979255209,129254.94096459472,100312
2023-06-05,0,520412.78235793137,226414.66837645436,163394.18921537217,130603.92476610483,99083
2023-06-06,0,523450.0178679718,222773.011392745,169714.22224101934,130962.78423420744,100171
2023-06-07,0,512327.0270189737,219400.71474062625,166704.0247483278,126222.28753001966,99550
2023-06-08,0,517209.75087091315,221220.12103966257,163790.36792365415,132199.2619075964,100149
2023-06-09,0,520953.0613635572,222970.02443971374,166282.84133064662,131700.19559319684,99464
2023-06-10,0,507772.10343730875,219791.73737305566,160524.93557147295,127455.43049278013,98925
2023-06-11,0,513248.9824419801,216800.48027996192,166068.33853952895,130380.16362248924,98996
2023-06-12,0,519746.20469682576,223123.1194231939,167802.01220735072,128821.07306628117,99815
2023-06-13,0,515904.8162752542,220093.793875638,164964.46165318735,130846.56074642885,99903
2023-06-14,0,516846.2307361777,223947.90287013855,165483.2956686788,127415.03219736036,99304
2023-06-15,0,521368.97302830726,223836.443159373,170259.44907617077,127273.08079276346,100057
2023-06-16,0,510696.0306702957,218416.56710204255,163574.48680963696,128704.97675861613,98890
2023-06-17,0,517196.2899289341,223401.94140545273,163623.4280151413,130170.92050834003,99670
2023-06-18,0,516495.74922217923,219764.16123210808,167804.75483549753,128926.83315457363,99080
2023-06-19,0,518651.4962343833,221826.39269436197,169144.71405494853,127680.38948507281,99342
2023-06-20,0,517096.19552274153,221724.56962268974,165711.4744163567,129660.15148369505,99675
2023-06-21,0,515539.28813385934,218088.5227803915,167005.4892713964,130445.27608207142,99204
2023-06-22,0,516980.16130497615,218904.1519711672,167981.93688113833,130094.0724526706,99425
2023-06-23,0,519765.43191608414,223575.08227895526,164815.88516577767,131374.4644713512,100103
2023-06-24,0,512012.1496511928,219197.42250110747,164103.06229766496,128711.66485242042,99295
2023-06-25,0,522197.9923302811,220407.40235346687,168555.20012880774,133235.38984800648,99985
2023-06-26,0,512576.7115785326,217274.10393415528,167949.7186431493,127352.88900122803,98986
2023-06-27,0,520202.84634179686,221625.13086299683,166909.6577023414,131668.05777645862,99799
2023-06-28,0,524016.2930247837,225750.51018269363,164668.94515796978,133596.83768412026,100239
2023-06-29,0,512779.1310639819,215511.87626552835,167427.85104006997,129839.40375838362,98266
2023-06-30,0,512387.33310141345,219306.82707222478,163609.42413025082,129471.08189893782,99088
2023-07-01,0,518021.3512510124,223392.24983772024,164992.21472431935,129636.88668897285,99759
2023-07-02,0,517582.02498111315,219565.93121128593,165724.28266586794,132291.8111039593,99354
2023-07-03,0,517394.1422515675,221141.357752287,168540.54199810576,127712.24250117475,99626
2023-07-04,0,511470.02104089566,217073.2323703818,166370.2898200071,128026.49885050679,99123
2023-07-05,0,516238.22968702886,220684.05418910095,165973.193228414,129580.98226951396,99454
2023-07-06,0,517699.62202235195,219148.5975295189,165850.67639713,132700.34809570306,99318
2023-07-07,0,520495.2193540416,222755.82780071732,165966.28362587796,131773.10792744637,99965
2023-07-08,0,516982.77817975293,222184.6675248845,166273.71120060922,128524.39945425921,99494
2023-07-09,0,515023.2013256496,225012.60634474814,160125.017912444,129885.5770684575,99522
2023-07-10,0,512997.3851997664,220182.3952200412,163992.162132927,128822.82784679816,99133
2023-07-11,0,513099.50059217535,219540.44762140868,164976.29805499778,128582.75491576894,99082
2023-07-12,0,513459.82732892374,219273.43611292663,162197.44635547147,131988.94486052566,99096
2023-07-13,0,512582.91705337504,218946.2439321414,165856.98973911145,127779.68338212221,99496
2023-07-14,0,516731.8855492517,219455.55975011503,164028.822511013,133247.50328812367,99075
2023-07-15,0,519400.0557486977,218841.92134518604,168448.1964775349,132109.93792597682,99418
2023-07-16,0,524589.3335853487,221497.9047619866,169388.32793010768,133703.10089325436,100298
2023-07-17,0,516781.91858619533,222536.57301372755,164374.78898475622,129870.55658771153,99684
2023-07-18,0,510488.11219671706,216636.8343410231,164074.90954117698,129776.36831451696,99074
2023-07-19,0,515868.44057332363,222402.37438246296,165341.95280418728,128124.1133866734,99826
2023-07-20,0,513410.49589447514,221091.71126030094,163346.37499257547,128972.40964159867,99009
2023-07-21,0,509954.07046431367,216538.3837818793,163386.17784485352,130029.50883758087,98183
2023-07-22,0,507979.8610443255,213508.03630883174,162221.09045129828,132250.7342841955,98687
2023-07-23,0,503346.01584651007,215621.52262533255,160799.0482423171,126925.44497886043,98245
2023-07-24,0,515637.4448484841,220900.78101009046,165416.42809549856,129320.2357428951,98995
2023-07-25,0,514229.36808286933,218580.895476987,165678.39873523233,129970.07387065001,99170
2023-07-26,0,510736.49600440246,218236.09066765485,164025.15388958112,128475.25144716648,99989
2023-07-27,0,515852.0167187956,217827.4420790348,166384.55874183206,131640.01589792868,99305
2023-07-28,0,511496.09909332846,219922.77136575736,162892.37619438715,128680.95153318389,99022
2023-07-29,0,516128.4522664403,220337.78971395406,165422.17183797774,130368.49071450852,99538
2023-07-30,0,507960.6139180931,215679.5107144609,164249.46963153366,128031.63357209851,98009
2023-07-31,0,511001.51557725284,217825.04861440498,164350.6318163008,128825.83514654705,99224
2023-08-01,0,514679.4548790136,218264.78289464198,165702.55372412055,130712.11826025108,99483
2023-08-02,0,505907.8391153576,214911.36876462333,162049.07165929096,128947.3986914433,98351
2023-08-03,0,517404.8554513176,222565.12751098396,164630.50535620473,130209.22258412895,99654
2023-08-04,0,510845.45204379235,217844.22803289513,163985.38015771908,129015.84385317816,99245
2023-08-05,0,513104.80430125864,220127.99338577627,162315.26008958547,130661.55082589689,98861
2023-08-06,0,519921.8602091279,221743.43895379602,164217.84778612974,133960.57346920215,99378
2023-08-07,0,516897.2468062854,222296.89078882366,162681.30466270456,131919.05135475722,100191
2023-08-08,0,512901.6287503039,217310.83055188024,163209.0489353246,132381.74926309902,99141
2023-08-09,0,510316.07709828566,219011.68188968956,163651.59478550192,127652.8004230942,99169
2023-08-10,0,510894.2830879962,217410.3375763226,163157.15388407698,130326.7916275966,98809
2023-08-11,0,505687.51242161397,215226.19679194404,162874.8684362586,127586.44719341134,98609
2023-08-12,0,511646.771885374,219329.56343313094,164476.87118320406,127840.33726903901,99445
2023-08-13,0,507185.93273081,214602.39015298802,164276.00912868883,128307.53344913315,98597
2023-08-14,0,518708.57012977486,220231.84165178673,165745.0808873422,132731.64759064594,99057
2023-08-15,0,510540.0266968679,216347.65734330477,162268.63489368203,131923.73445988106,98779
2023-08-16,0,511558.65283180884,218606.0237683922,161863.5839727552,131089.04509066144,99254
2023-08-17,0,508112.5703265251,218595.5035868633,162061.42262939198,127455.6441102698,99178
2023-08-18,0,512432.16796725465,218188.7594427902,163685.84046148445,130557.56806297998,99528
2023-08-19,0,511714.96096865897,218304.02386589276,162780.85118139567,130630.08592137054,98751
2023-08-20,0,509040.0787615208,216397.32818973783,162113.36538143654,130529.38519034642,98870
2023-08-21,0,504941.6967481113,218354.66861809546,160516.00752221316,126071.02060780268,98513
2023-08-22,0,505322.8381132507,214431.4992457353,162585.60556407095,128305.73330344445,98779
2023-08-23,0,513101.2271278667,218176.0550617335,164466.53318423565,130458.63888189755,99189
2023-08-24,0,519622.2155134522,222159.45042689884,165568.3012155321,131894.46387102126,99378
2023-08-25,0,502006.15760680777,214581.69191572818,161994.69132250533,125429.77436857425,98538
2023-08-26,0,511200.1599307418,217000.09861237786,163619.07285546168,130580.98846290231,99434
2023-08-27,0,514294.55509681406,219853.11619606038,162949.44193049383,131491.99697025982,99678
2023-08-28,0,514597.77338282246,218224.65991963065,164025.4722137258,132347.64124946605,99207
2023-08-29,0,516419.99566832813,220015.44214647403,163483.2501589639,132921.30336289023,99940
2023-08-30,0,513079.9579677352,217627.73720591827,164332.8676294584,131119.35313235852,98616
2023-08-31,0,504771.92337413377,217434.48781151784,159256.63406027592,128080.80150234,98382
2023-09-01,0,505097.0470598177,217838.6327952715,161704.61589450404,125553.79837004219,98117
2023-09-02,0,515741.58787628665,219703.57019746216,165479.35388069792,130558.66379812655,99757
2023-09-03,0,515015.2091080545,217550.6339574045,164611.33050326013,132853.2446473899,99339
2023-09-04,0,520976.69169556524,218660.03458530005,169095.51183348507,133221.14527678012,98987
2023-09-05,0,518169.53777091345,221442.91527003906,164659.59074011937,132067.03176075497,99158
2023-09-06,0,507536.5254394251,215966.67903786883,160897.69313927466,130672.15326228163,98459
2023-09-07,0,515971.5999475712,217850.21841931855,165394.4531645759,132726.92836367674,100249
2023-09-08,0,509466.6738028164,219693.3085288683,160296.73814942088,129476.62712452724,99095
2023-09-09,0,511216.3476410628,217214.7988236847,163674.15237519145,130327.39644218665,99089
2023-09-10,0,510666.26265976083,213725.18379543893,162634.13470450346,134306.9441598184,99402
2023-09-11,0,514420.8893720519,219520.87956481782,165951.19810793275,128948.81169930137,99285
2023-09-12,0,513253.47508620203,216499.44839798406,162832.78536409128,133921.24132412672,99162
2023-09-13,0,508772.3431335009,216377.66548560502,162943.061798635,129451.61584926085,98661
2023-09-14,0,514861.324896014,218487.8820316797,162857.4866843633,133515.956179971,99298
2023-09-15,0,517202.4838356026,219620.675242951,168671.09640408683,128910.71218856478,100010
2023-09-16,0,516873.0162006146,220128.90220808215,164156.48359013238,132587.63040240013,99749
2023-09-17,0,516855.85386815754,218093.91951730946,168657.9441284316,130103.99022241647,99880
2023-09-18,0,510443.18499901704,217894.5711811562,165051.28130566963,127497.33251219123,98835
2023-09-19,0,510411.75525768835,215881.3096751945,164038.54703566548,130491.89854682836,98604
2023-09-20,0,515828.51482922863,218752.64586367598,164470.1048881815,132605.76407737116,99044
2023-09-21,0,512385.7642787902,218698.962302823,164667.24848320938,129019.55349275784,99143
2023-09-22,0,505812.89573335485,216649.1348883049,160815.1152836667,128348.64556138325,99671
2023-09-23,0,509457.09193648095,217918.34579777202,162034.29236735278,129504.45377135614,98286
2023-09-24,0,516088.4393393566,217913.40988123656,166713.26677782674,131461.76268029326,99907
2023-09-25,0,514335.72320553067,218928.99495104392,163672.34183680083,131734.3864176859,99072
2023-09-26,0,510962.3949490269,217797.58521118262,160773.7362018735,132391.07353597073,98948
2023-09-27,0,513263.3948061191,220172.09891022815,163055.08155723716,130036.21433865376,98665
2023-09-28,0,515023.7170524123,215426.11122723666,166102.17138535675,133495.4344398189,98354
2023-09-29,0,516473.22501232766,217674.31264386958,167063.60938276045,131735.30298569764,99604
2023-09-30,0,511666.9901463518,217606.60204769077,163900.9795214215,130159.40857723956,99240
2023-10-01,0,507446.9902126881,215698.16909142782,164922.84386986727,126825.97725139304,98569
2023-10-02,0,509762.7433310611,217924.09245238247,162302.18534749845,129536.46553118012,98578
2023-10-03,0,504426.4721585063,214077.8600607027,160367.50660590234,129981.10549190131,99070
2023-10-04,0,514476.45205633756,217233.98157432847,163449.66444760177,133792.8060344073,100084
2023-10-05,0,513960.3176972147,215305.19790319595,166999.0167045263,131656.10308949248,99132
2023-10-06,0,508184.91906825476,218127.4679799612,162414.69160546357,127642.75948282999,98523
2023-10-07,0,515491.5546558684,220934.71964866473,163440.64394089804,131116.19106630562,99164
2023-10-08,0,512756.6416853684,217309.8247984973,163331.26474991644,132115.55213695462,99164
2023-10-09,0,513123.82075771387,214788.89933770918,165944.53817265315,132390.38324735148,97965
2023-10-10,0,518044.93817303877,217941.0546925416,167393.3006921267,132710.58278837046,99299
2023-10-11,0,520824.80224915466,219983.70123048328,168472.35453455715,132368.7464841142,99225
2023-10-12,0,512743.4531307033,216766.81776173442,164436.90742606754,131539.7279429013,99702
2023-10-13,0,519431.47487671266,220288.42484211098,166237.7423244072,132905.3077101945,100293
2023-10-14,0,517385.8678547706,221076.8265473031,162097.9945304023,134211.04677706526,99946
2023-10-15,0,514059.9296776864,218769.94355384927,167064.72452137855,128225.26160245859,99262
2023-10-16,0,508230.5248974221,217348.8196673738,161175.16125349197,129706.54397655634,98858
2023-10-17,0,520510.66725910816,222692.22474126882,166732.92362131464,131085.51889652468,100713
2023-10-18,0,506956.54686992196,212810.71643126608,162248.20574587115,131897.62469278477,99471
2023-10-19,0,516422.10396878753,219570.54972445205,163261.30025850475,133590.25398583076,99464
2023-10-20,0,509606.13023551204,216910.8324932938,162765.51551374438,129929.7822284739,99460
2023-10-21,0,504740.61875728297,214824.46647713662,163422.07813692506,126494.07414322125,99587
2023-10-22,0,512804.0233614487,219209.44628243492,163333.15173502886,130261.42534398493,99431
2023-10-23,0,516251.36167383636,220552.2239855137,163025.70653416053,132673.4311541622,99233
2023-10-24,0,515397.5590788105,217602.42910998478,165840.53564637995,131954.5943224458,99262
2023-10-25,0,514791.97789327236,220346.04417893605,162383.54078612177,132062.39292821457,99536
2023-10-26,0,516243.8430351963,221202.36635313494,164684.52067937073,130356.95600269057,99297
2023-10-27,0,515348.83448989305,220487.69524865606,166586.2984589017,128274.84078233523,99229
2023-10-28,0,518150.677247774,222006.38944009645,163772.1985219791,132372.0892856984,99655
2023-10-29,0,512499.4491717455,219899.84256344772,163126.23114626828,129473.37546202952,99491
2023-10-30,0,522413.28475370334,220376.1106857044,165454.76166748407,136582.41240051488,100387
2023-10-31,0,508994.9128613485,212919.49154727,165195.26529293004,130880.1560211484,98327
2023-11-01,0,516337.20263394114,219427.99704919866,166067.79364209485,130841.4119426476,100216
2023-11-02,0,514098.8628909611,218440.84178129866,164768.6703409916,130889.35076867086,100310
2023-11-03,0,515503.86243062105,221204.9422939881,164346.62725289608,129952.29288373687,98668
2023-11-04,0,511522.4136447335,218297.5107594788,162509.8164903051,130715.08639494961,99551
2023-11-05,0,518442.82872976887,218922.4157100147,166092.89574369745,133427.51727605672,99554
2023-11-06,0,514571.80048727343,218800.19314821833,164808.91356484333,130962.69377421176,99054
2023-11-07,0,511876.84169995383,218470.13043103734,163885.84765502202,129520.86361389449,99386
2023-11-08,0,518696.64067227545,221499.2117143842,162614.2991248029,134583.1298330884,99238
2023-11-09,0,517123.56640909915,219784.46992645448,164703.85246211322,132635.24402053145,100687
2023-11-10,0,521238.1832435397,220662.11132533476,166974.32693862286,133601.7449795821,100297
2023-11-11,0,518904.02004587126,219183.54544540276,168654.36244866092,131066.11215180757,100483
2023-11-12,0,514783.2700710363,217538.48778473306,164549.22312159548,132695.5591647078,100226
2023-11-13,0,514056.93993019656,217165.49022049282,165393.27389710295,131498.17581260082,99319
2023-11-14,0,507251.27512317745,218979.89309123665,160795.82967109332,127475.55236084749,99639
2023-11-15,0,519782.65127314115,219270.73635919997,164601.749385216,135910.16552872513,100164
2023-11-16,0,515014.62431805296,217096.30183407996,164467.18255036764,133451.1399336054,99327
2023-11-17,0,513118.16319734516,217664.73361050917,164201.46003094083,131251.96955589514,100312
2023-11-18,0,512183.4500194779,219421.79666581628,163475.04782871818,129286.6055249435,99854
2023-11-19,0,512582.783178666,216507.61351335802,163953.4387673152,132121.7308979928,99805
2023-11-20,0,521183.4786570318,222186.61234354548,166729.5204910613,132267.34582242498,100366
2023-11-21,0,518903.34183834586,220629.21819001477,165612.81020836797,132661.31343996315,100251
2023-11-22,0,509625.72968401376,216809.4583590704,160950.0311922405,131866.2401327029,99867
2023-11-23,0,516481.0136630205,220690.74246236405,162367.30705963454,133422.9641410219,100645
2023-11-24,0,515363.5705443431,217629.81571549902,163757.37504108093,133976.3797877631,99543
2023-11-25,0,521990.3158159228,221535.80606739214,167202.55690562166,133251.95284290906,100410
2023-11-26,0,514458.77527460747,223622.03891917889,160818.42861513596,130018.30774029263,100417
2023-11-27,0,515351.7363815468,216354.8182757314,164680.40461901075,134316.51348680467,99984
2023-11-28,0,521449.4254641443,221035.5764131296,165145.96385496756,135267.88519604714,100319
2023-11-29,0,524172.2801268206,218975.94710052505,167836.3934196135,137359.93960668205,99549
2023-11-30,0,518971.40457021806,222879.90012646964,165963.59195750853,130127.91248623993,100654
2023-12-01,0,519845.5630126069,220922.9307106359,166712.18636749446,132210.4459344765,100118
2023-12-02,0,512113.3393762242,218722.21773163203,166018.94622544455,127372.1754191476,99967
2023-12-03,0,517521.7032125165,221225.96009742972,162696.66884926433,133599.0742658224,100770
2023-12-04,0,516167.2328808344,218586.21154714673,167222.72796492005,130358.29336876757,99911
2023-12-05,0,522221.4243259556,221694.7475498407,165633.25562529647,134893.42115081847,99577
2023-12-06,0,515076.3295436025,219504.09222193222,166150.78179648795,129421.4555251823,99520
2023-12-07,0,529051.0708519369,225494.8424295355,174652.63007351445,128903.59834888697,100619
2023-12-08,0,511233.4830883312,219752.37881077782,161260.46254861585,130220.64172893754,99693
2023-12-09,0,521805.1257594341,221560.36422407575,171198.23446366252,129046.52707169579,101228
2023-12-10,0,512732.434353897,216181.4548529418,164340.21314225742,132210.76635869782,99327
2023-12-11,0,516672.97230309935,219448.52928064906,168366.64256414335,128857.80045830688,101233
2023-12-12,0,517264.43091996276,218468.6713458794,166629.941640882,132165.81793320138,100507
2023-12-13,0,515397.5613613833,221931.53116328173,165685.07485615506,127780.95534194654,100370
2023-12-14,0,518171.71365635924,222033.2529353557,165100.05825707462,131038.4024639289,100162
2023-12-15,0,522056.4550150973,218864.1272219478,167649.0085300387,135543.31926311072,100650
2023-12-16,0,519845.8303756132,223447.4619584222,163670.99609446074,132727.37232273025,100448
2023-12-17,0,521981.09051017725,221900.30110530386,169105.43483883044,130975.35456604297,101035
2023-12-18,0,520366.0494553122,222237.1984444272,166071.89637669153,132056.95463419342,100556
2023-12-19,0,522173.0830094077,225271.3843365354,164713.725914948,132187.9727579243,100590
2023-12-20,0,521924.80558653496,223394.08389159164,165730.98404373755,132799.7376512058,100349
2023-12-21,0,520165.0035472161,221434.92769766453,169416.0141370446,129314.06171250698,100517
2023-12-22,0,520230.2880769789,220621.29982753407,166146.80724851368,133462.18100093116,100715
2023-12-23,0,508277.1481618383,216147.8502763053,166462.19713604747,125667.10074948551,99721
2023-12-24,0,514080.2232738569,219441.062691146,164596.23555031317,130042.92503239775,99917
2023-12-25,0,523385.7013117972,222613.0784599682,169182.89068237017,131589.73216945882,100977
2023-12-26,0,522700.1155445083,220553.02073178996,168648.99696112017,133498.09785159814,100705
2023-12-27,0,524797.2839244483,221974.96780289258,170749.66420240747,132072.6519191483,100542
2023-12-28,0,518900.64240723196,222659.3384004299,166894.30917031624,129346.99483648583,100658
2023-12-29,0,521710.1271179755,222448.11634361921,168868.75758397448,130393.25319038182,100836
2023-12-30,0,520111.7654543716,220774.04741035437,167101.60926270194,132236.10878131524,100406
2023-12-31,0,523137.77801559144,222235.60658043346,169357.25415638188,131544.9172787761,100300
2024-01-01,0,521051.62461177964,223818.43340151542,166096.88732715914,131136.3038831051,100800
2024-01-02,0,518460.19771444343,219642.00881336746,168182.6042378519,130635.58466322403,100226
2024-01-03,0,527302.4432579915,226092.91639224443,167381.2354288958,133828.29143685132,100932
2024-01-04,0,517261.3591260257,221024.09963294928,166096.77987607755,130140.4796169989,99889
2024-01-05,0,525190.6417009624,224051.16881613055,168494.67211233525,132644.80077249664,101267
2024-01-06,0,530198.1769431008,224932.05131418913,168434.13846179188,136831.98716711972,101000
2024-01-07,0,520919.41604768706,223826.15668118786,167572.16463496952,129521.09473152968,100904
2024-01-08,0,523973.8610107693,226052.0385349561,168815.48358857128,129106.33888724195,101279
2024-01-09,0,532340.3648208844,225459.98320552596,172089.19221813342,134791.18939722504,101631
2024-01-10,0,524997.2961223377,223066.7483765084,170450.21367635543,131480.3340694739,101316
2024-01-11,0,520819.74564003304,222216.42697680075,168110.93596720087,130492.38269603145,99899
2024-01-12,0,515647.885255444,219823.66279663565,165916.809449386,129907.41300942234,100190
2024-01-13,0,519962.3581087122,223039.81835644567,165575.11278856735,131347.42696369917,100528
2024-01-14,0,528704.8832867502,223461.70114343968,169785.34072819995,135457.84141511048,100863
2024-01-15,0,527847.9701830206,223657.25806975202,170027.91260335073,134162.79950991785,101118
2024-01-16,0,526489.6844782272,222627.6059732046,170321.66905246823,133540.40945255433,100506
2024-01-17,0,516503.6938018078,220086.0207834879,166884.29946501064,129533.37355330923,100971
2024-01-18,0,518317.9953785448,221861.14576325918,166957.0158351398,129499.83378014578,100508
2024-01-19,0,513831.05169706995,223340.9911181396,164276.9117661502,126213.14881278016,100589
2024-01-20,0,518730.2171780983,222729.5391274892,166204.11446968032,129796.56358092875,100199
2024-01-21,0,523884.8975921279,220888.8106910109,169375.2790944276,133620.8078066894,100449
2024-01-22,0,523737.3706297115,225095.71125332164,166156.62869095945,132485.0306854304,100242
2024-01-23,0,521171.13671341917,221255.87087015674,168680.95561409672,131234.3102291657,100437
2024-01-24,0,528421.2986997142,227002.84084790997,168568.25682861728,132850.201023187,101458
2024-01-25,0,522399.6862329326,223961.79249008952,168122.52983358328,130315.36390925977,100463
2024-01-26,0,527585.7128362515,225442.1885270361,167892.06676448009,134251.45754473528,102260
2024-01-27,0,531063.610950761,228192.2570653839,168780.77858688222,134090.57529849495,101197
2024-01-28,0,513551.76798592834,221989.09726859676,162421.86964856784,129140.80106876369,101048
2024-01-29,0,524829.2532633189,225213.14929121948,167271.99835677267,132344.1056153268,100531
2024-01-30,0,527101.954774119,226978.2008720762,165579.35590844418,134544.39799359854,101316
2024-01-31,0,523799.1994853682,222399.70739149026,170318.16129257716,131081.33080130085,100682
2024-02-01,0,531000.1313838094,227263.49735072136,170007.2105122696,133729.42352081838,101035
2024-02-02,0,537110.5143307168,226455.79120198658,171236.8105877511,139417.91254097916,102258
2024-02-03,0,528276.3700486515,224916.27877165462,171375.89879587534,131984.1924811215,100934
2024-02-04,0,527257.3974582553,226142.22362746086,167391.31159510114,133723.86223569326,101560
2024-02-05,0,525294.8913921101,223535.32350678922,171413.96562927033,130345.60225605062,100636
2024-02-06,0,529016.6195484726,226129.58272394014,170305.04903268756,132581.98779184482,100973
2024-02-07,0,531494.9355181706,227934.62459930382,169340.80989680075,134219.50102206602,101878
2024-02-08,0,523036.97133023443,220485.9117315967,170305.2391023238,132245.820496314,100681
2024-02-09,0,528011.2652919964,229064.6240740457,167669.80981502528,131276.83140292543,101903
2024-02-10,0,522541.1835005784,222057.5588706816,167422.0822228074,133061.54240708935,101352
2024-02-11,0,527927.4349817355,226205.85792929077,166916.45651309306,134805.12053935174,100717
2024-02-12,0,529095.1531266448,227618.01406224212,167987.5137542166,133489.62531018606,101315
2024-02-13,0,525471.2790343937,223552.11708290278,167203.49103897973,134715.67091251118,101486
2024-02-14,0,528201.4128372896,224587.46781777035,171513.2097606465,132100.73525887274,101310
2024-02-15,0,520705.63936445105,221032.3263299285,166919.56853910905,132753.7444954135,100214
2024-02-16,0,524782.1209451315,223682.11835034806,168787.8137253575,132312.18886942597,100635
2024-02-17,0,521442.6788911175,223997.69482814724,167312.91662539542,130132.06743757486,100873
2024-02-18,0,524094.36774862825,226370.45858395842,164955.01389535872,132768.89526931112,100959
2024-02-19,0,528371.2667737831,228146.693294689,169667.21843153608,130557.35504755811,101304
2024-02-20,0,523879.610403184,227895.9390191586,164981.25563826057,131002.41574576484,101081
2024-02-21,0,521760.41185633803,222486.28153479774,167542.93466889946,131731.19565264086,100322
2024-02-22,0,524132.87302742957,224925.76404240387,166238.78186115655,132968.32712386915,101177
2024-02-23,0,525480.1129840305,222224.45917038794,173130.44189653467,130125.21191710794,101289
2024-02-24,0,529464.0406499855,223944.25443823813,170947.35892740526,134572.42728434212,101260
2024-02-25,0,531668.1187922946,228021.8819326557,169733.64718999638,133912.5896696426,101517
2024-02-26,0,532164.4519651427,229091.04745571228,171870.81861062272,131202.58589880774,101390
2024-02-27,0,519705.1807784159,223028.40036454765,167374.2955270102,129302.48488685802,101198
2024-02-28,0,525317.7602818166,223794.89330210394,169761.66217211544,131761.2048075972,100929
2024-02-29,0,521423.3224335803,223345.23583184287,167883.85112167062,130194.23548006681,100128
2024-03-01,0,528198.0008430863,226058.0915504614,169583.0454372137,132556.86385541112,101168
2024-03-02,0,526559.0702989165,223663.77513945138,171434.7328247786,131460.56233468658,101051
2024-03-03,0,524805.925535545,226201.80312261704,170404.2735341042,128199.84887882379,101077
2024-03-04,0,521719.9141096657,222864.18210271015,168356.74061255867,130498.99139439691,100297
2024-03-05,0,519369.0993867436,223982.6120816927,164615.76040453312,130770.7269005178,100388
2024-03-06,0,528764.6582944471,227241.21231940694,167604.92036318837,133918.52561185183,101448
2024-03-07,0,524119.99118691456,225072.0824028871,168459.30618327114,130588.60260075628,100895
2024-03-08,0,530101.9446595646,224908.52258654239,169429.91112796348,135763.51094505878,101248
2024-03-09,0,519575.12256638624,224907.58951237137,166488.93038315856,128178.60267085627,100913
2024-03-10,0,533135.3465640055,224951.0521471024,173570.5897330907,134613.7046838124,100906
2024-03-11,0,529827.3060139205,225294.17524980116,172457.14819124964,132075.9825728696,101352
2024-03-12,0,526949.7218156517,224058.47099603404,169532.44370421133,133358.80711540644,100616
2024-03-13,0,529460.0398386676,228380.66627491306,168925.349269044,132154.0242947105,100913
2024-03-14,0,527600.5896050823,225741.95924108705,167932.1458891071,133926.4844748881,100625
2024-03-15,0,521391.2484971497,224049.34448330465,166465.7333727266,130876.1706411184,100629
2024-03-16,0,524278.73133622925,226151.83199651013,168610.75444065407,129516.14489906505,100682
2024-03-17,0,528831.0258456141,224611.33266910663,169360.23679124934,134859.45638525818,100937
2024-03-18,0,524097.080025511,226913.69704575016,165825.86269776212,131357.52028199867,100576
2024-03-19,0,530355.1394998645,227030.63337517978,170269.10137010098,133055.40475458372,101433
2024-03-20,0,525359.0461640562,223914.0686290065,167666.80647785982,133778.17105718984,100347
2024-03-21,0,520051.7569430345,225716.85117973233,164679.9957420854,129654.9100212167,100689
2024-03-22,0,520728.7942531879,221411.82787050065,166572.83633632655,132744.13004636072,100551
2024-03-23,0,524532.585228252,224171.6246416667,168869.09907024904,131491.86151633618,101483
2024-03-24,0,526934.0911235929,222770.30382563983,172520.596658031,131643.19063992208,100846
2024-03-25,0,529268.9346774509,226260.44761019142,170469.9454603136,132538.54160694598,101251
2024-03-26,0,519555.58158060117,226903.41096815115,164783.1999240872,127868.97068836281,99980
2024-03-27,0,529709.3243032068,229634.21159363756,169725.7648839404,130349.34782562876,100844
2024-03-28,0,528125.4243328592,227048.35361162067,166109.31845775427,134967.75226348423,101142
2024-03-29,0,530229.4872938693,225943.9894082878,170746.74714501746,133538.750740564,100725
2024-03-30,0,522874.42940933746,222299.64232382653,168358.75847725658,132216.02860825436,101203
2024-03-31,0,522980.92911448376,223209.27532770927,167908.5820477191,131863.0717390554,100398
2024-04-01,0,528721.1607857093,224619.32805243836,172172.99811160302,131928.8346216678,101347
2024-04-02,0,529161.7711097986,225816.8803511546,167595.33175183358,135749.55900681045,101778
2024-04-03,0,520416.4930624025,224033.37530811736,165359.3802943736,131023.73745991151,100433
2024-04-04,0,522040.711306019,223313.97681325296,166903.57960037017,131823.1548923958,100377
2024-04-05,0,528496.2996287743,222169.46139202127,171550.90155394605,134775.93668280693,101312
2024-04-06,0,525216.5312896204,227719.19316035038,166508.02159540742,130989.31653386264,101360
2024-04-07,0,518613.4828624502,221944.6075688936,162283.6771130514,134385.19818050522,100294
2024-04-08,0,519991.20308536955,224638.71857849386,167099.65028418615,128252.83422268953,100330
2024-04-09,0,532236.3228710366,228411.9327727885,169184.63496911695,134639.75512913114,100383
2024-04-10,0,520975.23174155806,221329.95345615837,169662.06854857653,129983.20973682319,99837
2024-04-11,0,515611.3671318935,218498.51686686647,166629.82103822447,130483.02922680257,100034
2024-04-12,0,516629.71302238293,222864.8684261961,166643.5971037443,127121.24749244248,99975
2024-04-13,0,525881.659922386,225837.99857284935,169925.7670797182,130117.89426981856,100077
2024-04-14,0,522020.96398789267,228247.39608283207,164401.70722436765,129371.86068069295,100427
2024-04-15,0,520022.6749219651,222101.64543104434,167539.0848729541,130381.94461796666,100545
2024-04-16,0,528586.584114771,226831.6103927771,169657.62194313013,132097.35177886373,101187
2024-04-17,0,523297.4226759723,222318.48471738904,168236.07252495506,132742.86543362815,99896
2024-04-18,0,525169.5974307379,224977.53161275203,167776.09711799127,132415.9686999946,100870
2024-04-19,0,529057.0189390129,229237.8695282456,167937.38386099276,131881.76554977457,100254
2024-04-20,0,513208.68063426844,221064.43149774958,162985.85586770176,129158.39326881709,100319
2024-04-21,0,522425.3325074943,225258.47875785042,167159.74146680316,130007.11228284072,100664
2024-04-22,0,526121.8849413875,223844.45433776706,168005.2040730497,134272.22653057068,99748
2024-04-23,0,522863.8203119647,226540.15396716486,166231.76931773886,130091.89702706094,100483
2024-04-24,0,527151.4338138244,224301.5093601031,168120.72077414743,134729.20367957387,100357
2024-04-25,0,525224.3936724146,225002.05809346703,169110.61839000482,131111.71718894265,100503
2024-04-26,0,522166.2851956688,223352.53004124976,167348.12414428362,131465.6310101354,100384
2024-04-27,0,531643.603878932,226791.4115566094,169966.22941378766,134885.9629085349,101449
2024-04-28,0,521187.57212918124,222423.56825350973,165346.6483832004,133417.3554924711,99884
2024-04-29,0,522019.9408038715,224411.3608015707,166906.937139837,130701.64286246376,99920
2024-04-30,0,520801.74644007813,222286.73426602432,168438.37507331654,130076.63710073734,99856
2024-05-01,0,522114.07702878746,223797.37210895246,167549.4109243756,130767.2939954594,99872
2024-05-02,0,520309.7285091692,222851.34546602418,165967.1664262164,131491.2166169286,99813
2024-05-03,0,529539.3588638427,226936.15983190323,168924.16996919064,133679.02906274883,100708
2024-05-04,0,526830.7190230044,224758.95381195328,170043.21178305044,132028.5534280006,100805
2024-05-05,0,514304.9601470494,219270.85732041256,162985.61422025273,132048.48860638414,99791
2024-05-06,0,528114.0590274809,225025.4508504297,169172.40178018966,133916.20639686147,99642
2024-05-07,0,521235.7192842689,221940.33910628545,167124.75617920258,132170.62399878085,100276
2024-05-08,0,520614.1720484139,221365.98297402798,167845.01557148513,131403.17350290072,99746
2024-05-09,0,521291.3402188475,222611.42705172687,170241.0606233217,128438.85254379893,100320
2024-05-10,0,516755.16436785203,226066.38796231258,164745.0145264313,125943.76187910818,100087
2024-05-11,0,512950.66338306403,217270.45987415512,164743.54225589038,130936.66125301852,99209
2024-05-12,0,530467.7890025341,230825.1426658444,167847.15959398245,131795.48674270726,100723
2024-05-13,0,524946.1311916553,226851.14379970435,167004.85631179137,131090.13108015954,100828
2024-05-14,0,524069.1182545606,222720.44653002865,170199.61984259533,131149.05188193664,99606
2024-05-15,0,518140.8569834417,222330.67994057844,165147.36620007094,130662.81084279231,99700
2024-05-16,0,523276.8426464405,223627.64296427017,166218.26434190516,133430.93534026513,100019
2024-05-17,0,523189.1727430433,224088.42121774086,167736.87081408093,131363.88071122149,100025
2024-05-18,0,519610.97237713455,224601.83092000682,165129.31946906753,129879.8219880602,100169
2024-05-19,0,527586.9325128506,225715.42119885856,167718.57743386214,134152.93388012997,100827
2024-05-20,0,520415.1398136185,222535.7826924001,167465.9639881764,130413.393133042,99715
2024-05-21,0,518460.916240349,221281.95762883095,165662.25730347147,131516.70130804658,99387
2024-05-22,0,515545.83934005216,220731.7127677584,165666.430904029,129147.69566826477,99078
2024-05-23,0,515658.33038490464,221233.68713064352,165243.5766518563,129181.06660240484,99385
2024-05-24,0,519342.23772282235,224527.9156093829,163758.15019732394,131056.1719161155,99716
2024-05-25,0,525975.1580139284,225213.9959402986,168762.4448551904,131998.71721843944,100612
2024-05-26,0,517167.11511875724,215774.2557581083,169857.61391843887,131535.2454422101,99439
2024-05-27,0,521020.63878022775,223646.636765285,166901.866205888,130472.13580905473,99792
2024-05-28,0,516704.15177612146,222423.76974423963,167097.736326887,127182.64570499481,99655
2024-05-29,0,522739.8982333026,223140.01034773616,168897.632932321,130702.25495324544,100240
2024-05-30,0,523564.41656193964,223677.19832725762,165938.84419218005,133948.374042502,100892
2024-05-31,0,523055.06220821233,223582.95351268016,169550.69499795148,129921.41369758069,99346
2024-06-01,0,519792.21839705604,223209.9679953786,166543.33085053271,130038.91955114476,99350
2024-06-02,0,525175.2447648224,221243.0496763764,170515.74610309312,133416.44898535288,100101
2024-06-03,0,518447.2382012139,223178.5113409679,165475.68126799702,129793.04559224895,99903
2024-06-04,0,521759.42771877564,221524.41582287036,171413.44644356013,128821.56545234512,100469
2024-06-05,0,518544.98967738467,219383.54529762405,168342.07383092097,130819.37054883962,99821
2024-06-06,0,516638.8152721516,219886.13844282497,167153.6527237401,129599.02410558659,99334
2024-06-07,0,520140.0986120149,223752.89922802747,167190.3052331526,129196.8941508348,99793
2024-06-08,0,522047.9381643682,224390.65916326072,166575.76155970318,131081.51744140434,100036
2024-06-09,0,524615.114586407,223160.64344336305,169219.82795491224,132234.64318813168,99876
2024-06-10,0,521075.9016229841,223210.50386148095,166827.31829675127,131038.0794647519,99704
2024-06-11,0,518288.08780250873,223292.2941794617,162995.68588538675,132000.10773766032,99969
2024-06-12,0,520821.1830408755,221018.39490745837,164735.07669226575,135067.71144115133,100005
2024-06-13,0,520916.8606211535,223318.42845823965,166721.28482357043,130877.14733934347,100097
2024-06-14,0,522058.7173740872,223260.44212958738,167125.4082261896,131672.86701831027,99715
2024-06-15,0,517640.7093595569,222293.06960417549,165744.57929154934,129603.0604638321,99293
2024-06-16,0,521024.60730845435,223417.01147612013,168495.46082003013,129112.13501230405,99436
2024-06-17,0,516636.88759648264,223456.3339566437,162914.50035368337,130266.0532861556,99952
2024-06-18,0,515468.0189181374,220659.01781038902,165549.99159808556,129259.00950966285,98926
2024-06-19,0,517349.9584432368,223224.68051592197,162481.900673075,131643.37725423987,99506
2024-06-20,0,522399.7476672996,220209.46962306346,167029.7638427363,135160.51420149978,99111
2024-06-21,0,513745.96974846814,218862.77838453502,165603.34367238084,129279.84769155228,99309
2024-06-22,0,519651.74024329486,221492.3027670937,167534.34962609096,130625.08785011018,99921
2024-06-23,0,513979.55330360006,219184.44392689594,164118.18409840946,130676.92527829469,99365
2024-06-24,0,518888.60356537445,219121.6187811904,168262.1570170021,131504.82776718197,99280
2024-06-25,0,515813.916617085,218720.58780261126,166698.91546503833,130394.41334943546,98565
2024-06-26,0,520499.9344015728,219474.36894099828,167328.7606392048,133696.8048213697,99606
2024-06-27,0,512294.67616687104,220286.81333611754,165794.3154224353,126213.5474083182,99544
2024-06-28,0,514100.9121334501,218578.98881131763,168319.71943844965,127202.20388368279,100292
2024-06-29,0,513626.6585261373,220266.25162481345,163860.35684108833,129500.05006023549,99045
2024-06-30,0,520667.03059326863,220315.4957288021,167349.37765589196,133002.15720857453,99298
2024-07-01,0,515275.37340939796,218654.31278282928,168927.84483672483,127693.21578984389,99302
2024-07-02,0,517224.30359916243,222882.38154784063,168735.7183278229,125606.2037234989,99956
2024-07-03,0,517326.126966486,221714.43575311697,163850.90897847616,131760.7822348928,99110
2024-07-04,0,514558.9575296518,216945.596317136,166283.0729134247,131330.28829909113,99287
2024-07-05,0,510964.5046724172,218912.71255358387,163191.0923005648,128860.6998182685,99442
2024-07-06,0,513822.33962821297,218427.35916097127,166576.8109621307,128818.16950511101,99222
2024-07-07,0,511705.65990240977,217403.36527072557,165830.41504848556,128471.87958319866,98897
2024-07-08,0,514194.9254010828,221533.7047957627,161642.2814399566,131018.93916536348,99209
2024-07-09,0,514080.85769549996,220316.75264725674,163689.58541443018,130074.51963381302,99640
2024-07-10,0,512929.49058905174,218027.10135681144,163844.652442865,131057.73678937534,98582
2024-07-11,0,505371.03838055546,215660.21883214675,164652.03107961713,125058.78846879161,99154
2024-07-12,0,510799.8958747905,220058.68862936954,162183.66528383901,128557.54196158194,98730
2024-07-13,0,514096.659493572,218159.35132467299,166776.99846287788,129160.30970602114,99671
2024-07-14,0,511704.30706720916,217993.86547718506,164437.9683499732,129272.47324005088,98305
2024-07-15,0,512886.6970897162,219349.01273655205,164245.52626690923,129292.15808625497,98781
2024-07-16,0,518738.7635819833,222407.97118537725,163800.59317386415,132530.19922274188,99243
2024-07-17,0,514423.5822534077,218213.55472453247,168276.7752683318,127933.25226054339,99831
2024-07-18,0,512132.28323209315,213118.86899975152,168243.93821276896,130769.47601957263,99010
2024-07-19,0,514077.68664805085,218994.4562663169,163576.34702838992,131506.883353344,98760
2024-07-20,0,525317.6594103541,224622.81925007145,165124.0700936759,135570.77006660678,99973
2024-07-21,0,513846.51310463593,220130.9148639161,164812.84597108577,128902.75226963405,98304
2024-07-22,0,509887.2095575041,217283.76148125896,162531.49620388646,130071.95187235867,97925
2024-07-23,0,510812.58097738156,218480.79559689248,164926.98729755986,127404.7980829292,99240
2024-07-24,0,511731.3107211514,220100.15284604768,165959.92192142637,125671.23595367731,98766
2024-07-25,0,508076.68272340205,215982.87878402404,160253.34928507486,131840.45465430315,98503
2024-07-26,0,519750.1849708965,220576.983511392,167987.72858120053,131185.47287830402,99365
2024-07-27,0,518548.75006228895,220135.74768226984,165130.16875256482,133282.83362745427,99130
2024-07-28,0,511646.09125781443,220404.01844373735,163539.13112396572,127702.94169011137,98724
2024-07-29,0,517752.6730370329,223053.97104181073,163630.08934905415,131068.61264616805,98364
2024-07-30,0,520840.72102078015,220440.8054235802,165332.49170693755,135067.4238902624,99439
2024-07-31,0,512190.5888357547,218383.6479925029,161762.44534413677,132044.49549911503,99326
2024-08-01,0,517530.4569245352,218572.31656042463,167639.08345316089,131319.05691094973,98951
2024-08-02,0,515138.49277376884,217001.50037345514,166176.86583879046,131960.12656152327,99923
2024-08-03,0,508044.6783253661,216204.71876032802,164778.8793315628,127061.08023347531,98464
2024-08-04,0,514389.30330102966,216294.38751908738,165442.79237500232,132652.12340693997,98237
2024-08-05,0,508212.35305749497,216871.90610527023,162110.347248429,129230.09970379574,98654
2024-08-06,0,516279.43535050756,218846.2547877835,165573.2611096908,131859.9194530333,98978
2024-08-07,0,509370.6779340623,217162.50736374024,164297.85029899952,127910.32027132255,99124
2024-08-08,0,515093.12346429,220541.55909485358,166153.16337386257,128398.40099557386,98883
2024-08-09,0,513505.873168324,218870.41897012913,160640.33459955305,133995.11959864185,99181
2024-08-10,0,510196.1820056474,217228.2759223154,163486.4507787059,129481.45530462608,98382
2024-08-11,0,518471.27993777103,219266.3314878502,164492.5343225447,134712.4141273762,99732
2024-08-12,0,514841.94619630964,218686.12715421387,165409.92804497332,130745.89099712248,98971
2024-08-13,0,515538.59604748036,221207.95545538716,166378.91116500183,127951.72942709138,99574
2024-08-14,0,513436.9112197844,217031.90755766805,163436.6896089228,132968.31405319352,99190
2024-08-15,0,511144.0885982837,217548.7475296843,163508.4140063697,130086.92706222973,99251
2024-08-16,0,515895.70751362987,218356.751837406,164792.45676795184,132746.49890827207,99312
2024-08-17,0,510601.06864689675,216136.10359444024,163124.7379004322,131340.2271520243,99255
2024-08-18,0,512451.2593526784,217371.3965946875,166744.93725912125,128334.92549886963,99357
2024-08-19,0,515747.5672843254,218733.96980708186,164836.2191641249,132177.37831311865,99706
2024-08-20,0,514778.39900931076,220292.1284357947,158909.54046325796,135576.73011025807,99145
2024-08-21,0,516422.55444008636,219571.85731542093,164357.47915696402,132493.2179677014,99407
2024-08-22,0,511983.4550854445,218625.75177656408,162429.8683535081,130927.83495537235,99013
2024-08-23,0,517986.3760155228,221464.6644043065,162393.46670412735,134128.24490708899,99785
2024-08-24,0,510103.99023516255,217364.88703932884,161594.4602034651,131144.64299236864,98733
2024-08-25,0,519688.0367246524,220893.79430447367,166148.66149460277,132645.58092557592,99979
2024-08-26,0,514222.35443531105,218060.13304206583,167207.8962558732,128954.32513737203,99065
2024-08-27,0,512332.58203433367,217405.497105739,164138.49555339362,130788.5893752011,98378
2024-08-28,0,514081.5684644319,217265.94068389203,163471.87670210234,133343.75107843755,99165
2024-08-29,0,506873.1633664932,212745.00468025837,164995.1964445057,129132.96224172915,98769
2024-08-30,0,517771.3752855305,218875.76260121,164311.46247489445,134584.15020942606,99538
2024-08-31,0,513897.722634205,220498.0054347472,162726.45055227095,130673.26664718686,98800
2024-09-01,0,510904.33599667397,219713.6397392766,161968.1899170368,129222.50634036056,98912
2024-09-02,0,510197.72139731376,218353.22028701223,159698.7799083,132145.7212020016,98200
2024-09-03,0,514301.9216227318,220336.4246776953,163508.37314359346,130457.12380144301,98928
2024-09-04,0,510595.1557376918,216075.7426333598,163134.37372201213,131385.03938231993,97952
2024-09-05,0,510213.7154441001,217141.8539966335,163265.8310441172,129806.0304033494,98383
2024-09-06,0,513952.44597406033,217863.24928897942,164394.72385404762,131694.4728310333,99565
2024-09-07,0,514704.3533534828,218502.27752942857,163366.01474614852,132836.06107790567,99589
2024-09-08,0,518461.08700632787,220014.37950232247,166214.1203083432,132232.5871956622,99419
2024-09-09,0,507984.2444412436,219809.56781299293,161331.25902980013,126843.41759845056,98734
2024-09-10,0,513441.5854279156,218056.4197103433,166221.24943568767,129163.91628188465,99206
2024-09-11,0,513516.08998147154,217493.00229137737,162711.7079266172,133311.37976347696,99240
2024-09-12,0,510125.8382574527,217253.06401911483,162358.4992067077,130514.27503163015,98674
2024-09-13,0,515420.12436414347,221131.6109195882,162940.80803712906,131347.70540742626,100017
2024-09-14,0,510174.4779883445,216433.2423023141,164418.3654577972,129322.8702282332,99717
2024-09-15,0,509451.10821793776,213646.91271871788,166563.37009051244,129240.82540870746,99180
2024-09-16,0,510777.5661457798,217405.09461065425,165846.86226954943,127525.6092655761,99317
2024-09-17,0,514688.0903506663,216266.21078416402,166926.09805667747,131495.78150982482,99421
2024-09-18,0,508980.80476233957,215463.398686256,164344.97472405087,129172.43135203268,98310
2024-09-19,0,509992.13607252523,218000.74031545434,162458.07498767402,129533.32076939692,99221
2024-09-20,0,511762.6236280465,216977.00656793916,163696.35148931007,131089.26557079723,99017
2024-09-21,0,514856.156443029,220494.2234125239,162578.8382353113,131783.0947951938,98872
2024-09-22,0,522041.44737636985,218987.1471458149,167360.48501492068,135693.81521563427,99246
2024-09-23,0,514677.45368557784,221039.5615418746,163886.14959379376,129751.7425499095,100300
2024-09-24,0,522198.66262783855,220554.56969375676,167222.30763371557,134421.78530036626,99737
2024-09-25,0,515521.1836533535,215846.6204000067,166332.79968688652,133341.76356646023,99145
2024-09-26,0,521011.373369313,221377.23118266676,169088.40691301256,130545.73527363366,99733
2024-09-27,0,518281.72965946357,220002.79067009775,165252.36321877505,133026.57577059075,100161
2024-09-28,0,519656.27289295645,221051.1835217767,167164.24632203963,131440.84304914012,99939
2024-09-29,0,518645.5849102729,216735.00284457422,169680.0672644196,132230.51480127912,99523
2024-09-30,0,512946.0752369207,215096.28717625255,163375.93801307204,134473.8500475961,99185
2024-10-01,0,517291.1320483582,221219.26401573673,162576.39494435812,133495.47308826336,99874
2024-10-02,0,514886.35432426655,220064.5763809592,161683.00576292854,133138.77218037876,99737
2024-10-03,0,516903.36974098964,218046.51935509444,167272.79653277184,131584.05385312336,100005
2024-10-04,0,509140.5670002727,217886.75363499325,161912.71480258103,129341.09856269842,99891
2024-10-05,0,519764.5514866693,222328.99841603189,165273.31571443466,132162.23735620274,100115
2024-10-06,0,515945.9341482685,216151.94516895452,165731.8143249143,134062.17465439969,99339
2024-10-07,0,520079.9435920923,223707.3451932725,166645.56826731435,129727.0301315055,100282
2024-10-08,0,513880.92598245625,217542.57736598176,166316.93077306377,130021.4178434107,99740
2024-10-09,0,523419.53527011175,222539.01026872033,167348.7386241926,133531.7863771988,100696
2024-10-10,0,514973.0051274182,217881.98372495722,167418.80174547594,129672.219656985,99331
2024-10-11,0,518547.20119067584,222211.17494346856,164804.64113657837,131531.38511062888,100560
2024-10-12,0,514024.4766318652,218422.73492360135,164233.77912118429,131367.96258707956,99809
2024-10-13,0,510812.6365351334,218380.12152678194,163437.23678989054,128995.27821846092,99402
2024-10-14,0,515697.93371617835,218998.86961594934,166800.01534405554,129899.04875617346,99503
2024-10-15,0,517592.40567356104,217122.55757380166,167096.29358400626,133373.55451575315,99603
2024-10-16,0,518007.34936254134,221399.0572981631,166789.0991836147,129819.19288076353,99993
2024-10-17,0,516714.2543591458,219036.02993550966,168360.574186105,129317.65023753115,100060
2024-10-18,0,512022.3392609659,218556.8753058985,162849.2282284177,130616.23572664968,99530
2024-10-19,0,520295.6436697783,217621.5611615199,168984.76465013437,133689.31785812404,99822
2024-10-20,0,520211.93827069143,216702.34100444723,170357.0819528895,133152.51531335464,100924
2024-10-21,0,521970.25952537055,221078.26160937292,168504.41718700665,132387.58072899093,100734
2024-10-22,0,527360.80911869,225045.41378960194,169664.11799274114,132651.27733634692,100107
2024-10-23,0,512817.7039268916,221441.8107662245,162523.8974586521,128851.99570201506,99926
2024-10-24,0,518253.7043184913,219967.05037624968,164885.1461509098,133401.5077913318,99985
2024-10-25,0,518389.59990553197,220025.30422992943,164869.6069551674,133494.6887204351,100250
2024-10-26,0,516550.95038906566,219012.07417830036,166592.1148529936,130946.76135777168,99450
2024-10-27,0,518795.3862031129,220879.97466289237,163659.5858229899,134255.82571723062,99851
2024-10-28,0,511482.89621488226,216067.23800187453,166253.83527762676,129161.82293538097,99164
2024-10-29,0,526778.935076903,222779.16284842725,169067.6592570263,134932.1129714494,100216
2024-10-30,0,523376.0635675182,222283.46185313514,167939.9967275649,133152.60498681816,100358
2024-10-31,0,519031.5054259496,221213.76952806272,166306.85647869945,131510.87941918743,99811
2024-11-01,0,521509.44084423216,222767.56250073877,165344.6282995936,133397.2500438998,100858
2024-11-02,0,514315.2421115568,219187.56622556876,163565.94806945758,131561.72781653047,99477
2024-11-03,0,522017.9276422418,220310.2809074654,167616.91465175958,134090.73208301686,99375
2024-11-04,0,520405.62871817034,221894.91041511678,167982.1507818105,130528.5675212431,100238
2024-11-05,0,519555.25199493545,220884.41702544363,167001.93596187304,131668.89900761878,100668
2024-11-06,0,523564.528527688,221138.9980436869,166759.9215569563,135665.60892704478,101004
2024-11-07,0,513516.78394549526,220406.09827523495,161976.6310266629,131134.05464359742,99951
2024-11-08,0,525037.8400879442,224895.08500410206,165077.78552049957,135064.96956334249,100737
2024-11-09,0,524516.9784509896,218261.95831474077,170244.8064913988,136010.21364485,100197
2024-11-10,0,513270.5296533506,217728.71213648227,163798.76635286614,131743.05116400213,100147
2024-11-11,0,524239.633463677,222109.33054083586,167570.57430928352,134559.72861355767,100693
2024-11-12,0,521549.7916636055,221710.07985720376,169072.66448757867,130767.04731882305,100595
2024-11-13,0,515964.13408110745,219785.92606526258,162915.81442348115,133262.39359236372,99498
2024-11-14,0,525164.5444334864,223040.5232552398,168124.68184728088,133999.3393309657,101042
2024-11-15,0,526172.4265053344,222070.01533574637,169598.40754231904,134504.003627269,101011
2024-11-16,0,520915.76512145717,223552.3714662453,166284.10155990729,131079.2920953046,100026
2024-11-17,0,520931.8728720373,218453.47590530894,172802.1427408192,129676.25422590917,100554
2024-11-18,0,518077.2995278057,220157.33626304785,163841.57541368488,134078.387851073,100620
2024-11-19,0,519415.3552622467,221435.26694705646,169160.8681453646,128819.22016982557,100520
2024-11-20,0,515572.9285441418,217605.23711302574,166129.1408215761,131838.55060953993,100131
2024-11-21,0,522744.46374441945,220480.12860032442,167967.6100197521,134296.72512434295,100087
2024-11-22,0,525894.928403944,224863.37699910812,167831.59771949146,133199.9536853444,100427
2024-11-23,0,526706.2763379714,222841.1775544604,166420.56905376358,137444.52972974742,101042
2024-11-24,0,525841.6282678046,222694.13490917944,167913.45256962156,135234.04078900363,100744
2024-11-25,0,513294.29400960356,218860.08454797577,163093.91144897815,131340.29801264964,100303
2024-11-26,0,523664.8430660482,221351.71645013223,168912.6360236451,133400.49059227094,100890
2024-11-27,0,514990.850811717,218274.4075453752,165626.05255117174,131090.39071517004,99095
2024-11-28,0,522227.82146315917,222450.05854933415,169345.81425167114,130431.94866215394,101110
2024-11-29,0,520873.21066800016,222821.78361476454,168057.64828229687,129993.77877093875,99681
2024-11-30,0,522153.2559018239,222813.19562679905,167749.22412962033,131590.83614540455,100385
2024-12-01,0,513755.4112394804,218778.5165324239,166780.88683605447,128196.00787100202,100021
2024-12-02,0,518278.9337043153,221380.35357681525,164629.94118674443,132268.63894075557,99948
2024-12-03,1,527410.9571914657,224401.98280893557,171849.14805554677,131159.82632698334,101191
2024-12-04,1,525927.3331165349,224118.30740087433,174464.20790592686,127344.81780973371,100391
2024-12-05,1,533482.8049756149,225873.8263489134,175612.19137973903,131996.78724696246,100812
2024-12-06,1,524748.7445301597,220349.54872556205,172006.20983920599,132392.9859653917,100629
2024-12-07,1,526088.1456597432,221343.26146717469,173005.96997330786,131738.91421926068,100905
2024-12-08,1,521355.82887149724,220109.29809125574,170841.8884653411,130404.64231490041,100718
2024-12-09,1,526302.2456982983,220858.1199711418,174015.39792278133,131428.7278043752,100052
2024-12-10,1,532324.2792101123,224596.80143324196,174746.5944539092,132980.88332296122,101204
2024-12-11,1,531776.0513333199,224208.8883162569,176218.17705560027,131348.98596146275,100472
2024-12-12,1,519351.55981691973,221078.651865162,169818.67741977997,128454.2305319777,99953
2024-12-13,1,524823.4439154912,221779.38389357444,171702.98436670398,131341.07565521283,100530
2024-12-14,1,533455.459921171,224709.30066169787,174404.15895513215,134342.00030434094,101506
2024-12-15,1,527301.5686664657,222144.37557819823,174783.09861444394,130374.09447382353,101193
2024-12-16,1,534097.4904885545,226852.7767032486,172195.21727987993,135049.49650542598,100605
2024-12-17,1,520238.58126944036,219515.5664174083,170915.63905674295,129807.37579528909,100616
2024-12-18,1,528611.3850827725,223185.70028900434,174480.45570206418,130945.22909170398,100641
2024-12-19,1,536291.6321042114,229318.89374950813,175993.55653600866,130979.1818186946,101851
2024-12-20,1,526886.8044492622,223646.8647337845,171481.94355338032,131757.99616209746,101014
2024-12-21,1,527311.5004546497,223356.88225954995,176095.13907594542,127859.47911915423,101048
2024-12-22,1,530501.806119987,223677.8662845314,176208.46336920973,130615.47646624592,101358
2024-12-23,1,525924.106952339,223295.86201729436,173576.51714742804,129051.72778761652,100972
2024-12-24,1,530299.2632979631,225960.31193816496,173127.5187584633,131211.4326013348,100733
2024-12-25,1,526031.5200932432,218906.9320146216,174155.3730769599,132969.21500166177,100773
2024-12-26,1,530374.0202765606,226575.62519085815,171449.31644649044,132349.07863921195,100844
2024-12-27,1,520376.2507253004,220748.99638080035,173290.77607083114,126336.4782736689,100870
2024-12-28,1,529037.9114354434,223881.79969995486,169531.45693642859,135624.6547990599,101261
2024-12-29,1,529772.586003061,222932.8397825923,175113.16152581823,131726.58469465046,100931
2024-12-30,1,526471.1097588977,225700.6798272298,170778.30019896044,129992.12973270749,101279
