user_id,speed,conversion,device_type,device_age,region,query_complexity,results_count
245487,2.7506318441791096,0,ios,new,bukhara,5,76
147916,2.8481617119626534,1,android,new,bukhara,3,78
740659,3.534080652649339,0,android,old,bukhara,2,94
854907,1.759467319911405,0,android,new,tashkent,3,45
819644,1.3113046017257375,0,android,new,tashkent,2,35
649394,1.8432349080503267,0,android,old,tashkent,5,7
660296,1.5621260585261734,0,android,old,tashkent,3,6
793480,2.800926459508223,0,android,old,tashkent,3,75
68224,2.6366300016586743,1,ios,new,tashkent,4,84
24130,1.183791752861611,0,ios,new,bukhara,1,47
927809,2.0322342102856217,0,android,old,samarkand,4,24
713849,1.428537958495115,0,ios,old,samarkand,3,9
707089,1.6167543719622786,0,android,new,samarkand,2,50
877430,2.0488884550562143,0,android,new,samarkand,1,86
551552,1.4566126364747123,0,ios,old,samarkand,1,33
737219,1.8510749870942527,1,android,old,tashkent,2,30
477843,1.9712469148193388,0,android,new,bukhara,4,25
69239,2.9470022451770435,0,android,old,samarkand,2,81
836326,3.3301956126092467,0,android,old,bukhara,2,79
718269,0.6021154014645738,0,ios,new,samarkand,1,21
337440,0.8091985126905237,0,ios,new,samarkand,3,16
341818,0.6576517239532492,0,android,new,tashkent,3,10
98160,3.1323806699004684,0,android,new,bukhara,5,93
502178,1.160360767239527,0,ios,new,samarkand,2,34
143520,2.006783963587546,0,android,new,samarkand,3,45
162770,0.8119960346524866,0,ios,new,samarkand,1,28
31178,1.1214397051589182,0,ios,new,tashkent,1,47
539240,0.6928741416397388,0,ios,new,samarkand,2,8
118792,1.7204580704307455,0,ios,old,tashkent,2,46
472388,1.5940575126760985,0,android,new,bukhara,4,19
560216,3.248405429503573,0,android,old,bukhara,3,83
512693,1.4136595254071964,0,android,new,tashkent,4,52
175923,2.464111655581643,0,android,old,bukhara,3,15
332472,1.345849620686845,0,ios,new,bukhara,2,41
483741,2.0312551424777703,0,ios,old,bukhara,2,36
275837,1.412499566485995,0,android,new,tashkent,3,49
849518,0.865807980469685,0,android,new,tashkent,1,25
840919,1.135432897862216,0,ios,new,samarkand,3,61
541960,3.688311002841936,0,android,old,bukhara,5,71
198709,1.3437889728961747,0,android,old,samarkand,1,17
908836,1.590214605551588,0,ios,new,bukhara,1,50
222086,1.771958709215016,0,ios,new,bukhara,3,50
431021,2.1538717684307906,0,ios,old,tashkent,1,71
879930,0.8556698540271832,0,ios,new,tashkent,1,55
794601,0.9711148902934514,0,ios,old,samarkand,1,16
88946,3.6060763910727025,0,android,old,bukhara,3,87
234836,2.810927356358917,0,android,new,tashkent,3,97
794774,1.421155022298764,0,ios,old,samarkand,1,10
824055,1.7487223630064967,0,android,new,tashkent,5,50
888874,1.7461847948970115,0,ios,old,bukhara,2,16
635475,1.433804832258697,0,android,new,samarkand,5,12
140241,2.572259738854999,0,ios,old,tashkent,5,67
429989,2.189488429612209,0,android,old,samarkand,1,44
264179,1.7839888961590276,0,ios,new,samarkand,3,48
350325,2.8998647831255635,0,android,old,tashkent,2,73
52750,1.3292610194324062,0,ios,old,tashkent,3,24
110344,2.033478742555794,0,android,old,tashkent,1,52
478576,1.7922906068452578,0,android,new,samarkand,5,49
256782,1.7027103386076041,0,android,old,tashkent,5,5
196406,3.293500608515459,0,android,old,bukhara,2,68
972318,2.004326603501469,0,android,new,tashkent,5,61
859752,3.229472705131358,0,android,old,bukhara,1,78
397659,2.350535805658101,0,android,old,samarkand,3,43
66246,2.5671435507007536,0,ios,new,samarkand,3,98
767300,2.898594606851821,0,android,old,samarkand,5,79
644696,1.6138578851051961,0,ios,new,tashkent,1,70
704134,2.5007936146299587,0,ios,new,bukhara,4,94
622515,1.5305205947720406,0,ios,new,bukhara,5,32
808293,1.8200459936390494,0,android,new,tashkent,3,78
879449,2.918709477955465,0,android,old,tashkent,2,76
957519,2.9808460933017753,1,android,old,bukhara,4,62
607375,1.1960822246176823,0,android,new,tashkent,1,50
846241,2.3060706149780885,0,ios,new,bukhara,1,55
53730,1.9788879519118039,0,android,new,bukhara,4,63
705738,2.028639715181466,0,ios,new,tashkent,5,61
148543,2.7082489773953826,0,android,new,bukhara,5,99
694738,2.6805083838054955,0,android,old,samarkand,4,44
34689,1.6706160043557825,0,ios,new,tashkent,4,64
923996,1.985109155717325,0,ios,old,samarkand,3,45
187638,2.0409369851082966,0,android,new,samarkand,2,82
896087,0.06284851337852387,0,ios,new,tashkent,1,14
962830,2.8959431918937337,0,android,old,tashkent,3,63
66265,1.8045703020654877,0,android,new,samarkand,4,37
371746,0.41322348136198084,1,ios,new,tashkent,5,5
261849,2.141473125304816,0,ios,old,bukhara,3,25
33800,1.1520206304837786,0,android,new,tashkent,3,33
858523,1.1935812221297892,0,ios,new,bukhara,3,21
297379,1.7743412441921396,0,android,old,tashkent,3,6
390556,2.6951202080253975,0,android,new,bukhara,3,75
209433,0.797665769936176,0,ios,new,tashkent,4,21
635138,1.634130254396177,0,ios,new,tashkent,1,84
855818,1.4549856836260808,0,ios,new,bukhara,5,13
870772,0.9775492809965162,0,android,new,tashkent,2,39
572055,1.3626853574599376,0,android,new,bukhara,5,6
379850,1.5955000986188057,0,ios,new,tashkent,2,83
14416,2.573265921030582,1,android,new,samarkand,5,54
310402,1.9797497915147613,0,ios,new,samarkand,3,68
312803,2.6039072037885878,0,android,new,bukhara,4,57
876903,2.9614934932437063,0,ios,old,bukhara,5,50
719237,1.7789053938876591,1,android,new,tashkent,3,57
267950,2.882884626525383,1,ios,old,samarkand,3,88
57977,2.134032084002804,0,android,new,tashkent,1,79
903611,1.8060957695130904,0,android,new,bukhara,3,27
423417,1.3360296707295645,0,android,new,tashkent,1,41
168977,1.0692924155624077,0,ios,old,samarkand,1,9
249992,1.719674474058111,0,android,new,tashkent,5,24
371453,1.6447096349830719,0,ios,new,samarkand,4,55
465956,2.40670154608207,0,ios,new,bukhara,5,70
941924,2.6690395963273885,0,ios,old,bukhara,2,76
659956,2.9940851341389094,0,android,old,tashkent,2,71
796621,1.5720001459531858,0,ios,new,samarkand,1,61
631664,2.4912219729897527,0,ios,old,tashkent,5,64
528252,3.6685039107864656,0,android,old,bukhara,2,99
216474,2.001986093280782,0,android,old,samarkand,3,36
665228,1.9940320495770083,0,android,old,tashkent,2,31
968418,2.1866438655805878,0,ios,old,bukhara,5,47
148918,2.9075461780073484,0,android,old,samarkand,3,83
678733,1.82965119802944,0,android,old,tashkent,3,24
812712,2.9774846234482424,0,ios,old,bukhara,2,57
955312,1.8042032833079293,0,ios,old,samarkand,4,35
301752,1.8843778908771063,0,android,old,bukhara,1,24
544893,2.3916715988257713,0,ios,new,bukhara,2,88
631043,1.1217464212043322,0,android,new,bukhara,4,20
647914,2.363005438919474,0,android,new,tashkent,5,77
378998,2.3865281899506137,1,ios,new,tashkent,2,91
471995,1.648379459043623,0,android,old,tashkent,4,5
764033,2.2543896536821,0,ios,old,tashkent,4,44
396029,2.705663289326955,0,android,old,samarkand,5,74
291730,1.5421100668494752,0,ios,new,tashkent,5,46
827113,0.5143572831956837,1,ios,new,tashkent,3,15
270774,1.7168413931669086,0,ios,old,tashkent,5,24
521920,2.491609518759324,0,android,old,bukhara,5,26
256441,2.412509894235549,0,ios,new,bukhara,2,76
27054,1.0274843856773166,0,ios,new,tashkent,1,53
239954,2.7316949648068896,0,android,new,samarkand,3,90
493751,1.9970294137187672,0,ios,new,tashkent,4,73
88004,1.61854221538505,0,ios,old,tashkent,3,29
490643,1.7137751628009594,0,android,old,samarkand,2,27
489230,2.277102645546176,0,android,new,bukhara,1,68
667339,1.6084683621606675,0,ios,old,samarkand,1,29
260032,2.9251228736464987,0,android,old,bukhara,4,50
885314,2.7502922404858796,0,android,new,bukhara,5,80
109758,2.6468647911012946,0,android,new,samarkand,3,99
300860,2.4728554814385912,0,ios,new,bukhara,3,75
900659,2.2324330581882856,0,android,old,tashkent,1,53
459243,2.859437740673796,0,ios,old,tashkent,3,97
716277,3.552280157349501,1,ios,old,bukhara,2,96
818385,2.5908238304686586,0,android,old,samarkand,2,60
924887,1.2515125115310437,0,ios,new,tashkent,4,44
98893,2.949594943315509,0,android,old,bukhara,1,54
244971,1.7129409098687745,0,ios,old,bukhara,4,15
23996,3.4064938526659723,0,android,old,tashkent,5,96
960308,2.68975587750592,0,ios,old,samarkand,4,54
852159,3.0074779625332333,1,android,new,samarkand,5,83
414651,2.048443788508533,1,android,new,tashkent,1,86
183591,2.3184227764191467,0,android,new,bukhara,5,43
747834,2.046846026781869,0,ios,new,samarkand,2,85
44204,1.6244778436475384,0,ios,new,samarkand,3,72
253629,0.8792684848976519,0,android,new,tashkent,4,7
350985,1.9824714760396052,0,ios,new,bukhara,5,53
28090,1.412491239184251,0,ios,new,samarkand,4,44
325193,0.8133090698127549,0,ios,new,tashkent,2,38
129370,2.3543040949359524,0,android,old,bukhara,5,10
440710,1.208419142859478,0,ios,new,samarkand,2,48
337804,3.4081657753492536,0,android,old,samarkand,1,96
214157,1.8269734022859194,0,ios,old,samarkand,4,50
482187,2.780617016197461,0,ios,old,samarkand,4,75
696775,3.457903950905302,0,ios,old,bukhara,5,92
649098,1.6898433603132583,0,android,old,bukhara,3,13
354115,2.3638297697826625,1,ios,new,bukhara,2,78
142583,1.8844442245794828,0,android,new,samarkand,3,61
729342,0.8403993845838265,0,ios,new,tashkent,5,13
574284,0.9113547409300866,1,ios,new,tashkent,3,32
183455,0.8120486632144548,0,ios,old,tashkent,3,5
842223,3.0267866170376534,0,android,new,tashkent,5,95
871424,1.592600880388496,0,android,new,samarkand,2,35
253108,1.5692386752910445,0,ios,old,samarkand,3,13
835517,2.5503336965200605,0,ios,new,bukhara,2,72
917644,1.94285483764456,0,ios,old,samarkand,3,47
699990,1.7033793730018034,0,ios,old,samarkand,5,23
723996,2.439260310718425,0,android,new,tashkent,1,95
561924,3.763303407760923,0,android,old,bukhara,1,96
453135,1.5939256459685875,0,ios,new,tashkent,5,61
151695,1.9503392908784867,0,android,old,tashkent,5,9
695949,1.7091409305884668,0,ios,new,tashkent,4,66
144000,2.2366094905605722,0,ios,old,bukhara,1,49
290212,2.254579910038831,0,ios,old,samarkand,1,41
561319,1.6967361589793588,0,android,new,samarkand,1,73
662560,3.0529656628208466,0,android,old,tashkent,4,71
17575,1.4941279334391642,1,ios,new,tashkent,1,67
905341,2.919478846298308,1,ios,old,samarkand,4,84
252474,2.7252282838486854,1,ios,old,bukhara,1,59
765680,1.8175367848309811,0,android,old,bukhara,3,12
133457,3.3238656351668947,0,android,new,bukhara,4,93
872216,1.7562299413380862,0,android,old,bukhara,2,6
438438,2.402560496978309,0,android,new,bukhara,5,51
112325,2.563462791795816,0,android,old,bukhara,5,31
369495,2.7526111367733908,0,ios,old,bukhara,1,61
757095,2.1097199350602365,0,ios,old,tashkent,3,51
805466,2.6160695637509566,0,ios,new,samarkand,4,89
401850,0.6937283763273442,0,ios,new,tashkent,1,18
747728,1.9462875415383207,0,ios,new,samarkand,3,74
126811,2.0754931378337536,1,android,new,tashkent,5,77
858251,1.6931441315704934,0,android,new,samarkand,1,78
941322,2.7467819941661045,0,android,old,samarkand,3,59
403664,2.4795695728916276,0,android,new,bukhara,1,67
948582,2.9005527104965196,0,ios,old,bukhara,3,72
884999,2.1375639888757045,1,ios,new,bukhara,4,63
204293,2.103557557359881,0,android,old,tashkent,1,44
140298,2.667905460104555,0,android,old,bukhara,3,46
669137,1.6419123990264612,0,android,new,bukhara,1,46
397454,1.5788313248397792,0,ios,new,tashkent,1,74
479068,1.0696682172957508,0,ios,new,samarkand,3,30
23709,2.525712569528122,0,android,old,bukhara,3,37
234665,2.4421998005592247,0,ios,old,bukhara,4,50
240156,2.813857557782942,0,ios,old,tashkent,4,94
667123,1.40854260162588,1,ios,old,tashkent,5,19
612591,1.5058453410101553,0,android,new,bukhara,1,39
137781,3.0051064793558915,0,ios,new,bukhara,5,81
485378,2.206235294576071,0,ios,new,samarkand,3,71
549997,2.1311771923836957,0,ios,new,tashkent,5,99
458403,1.3136882499122207,0,android,new,bukhara,1,15
758058,2.9697202755063494,0,ios,old,samarkand,5,70
137520,1.5633426936931005,0,android,new,samarkand,1,59
910475,1.20175466581618,0,ios,new,tashkent,4,10
850356,2.8375997762119174,0,android,old,samarkand,3,50
717902,2.856654418519497,0,android,old,samarkand,5,45
696530,2.25485724733635,0,ios,old,bukhara,1,47
976941,2.9949128690298368,1,android,old,tashkent,4,82
460533,2.749687603998821,1,android,new,samarkand,5,99
512513,1.654969056063295,0,android,new,samarkand,4,42
850041,2.4489029606041406,0,ios,old,bukhara,3,49
917117,1.1159820412788632,0,ios,new,bukhara,1,29
855618,1.3241824714886379,0,ios,old,tashkent,3,11
534340,1.5408164356408665,1,android,new,bukhara,1,28
304334,0.5845225094410437,0,android,new,tashkent,2,10
73990,1.0630154292419525,0,android,new,samarkand,3,10
801100,2.3696081538178566,0,android,new,tashkent,1,97
178208,2.2336281585309425,0,ios,old,bukhara,4,19
807471,1.6108873615691115,0,ios,new,tashkent,1,68
331208,1.1617737745309198,0,ios,old,samarkand,4,11
944077,3.118963325316598,0,android,old,tashkent,5,91
739114,2.142960329549091,0,android,old,bukhara,4,5
495540,3.2389541728774707,0,ios,old,bukhara,2,82
939256,0.8566296160551387,0,android,new,tashkent,3,21
264749,2.396817867880812,0,ios,old,tashkent,4,73
633123,3.237685754918237,0,android,old,bukhara,3,79
10785,0.6009981174757048,1,ios,new,samarkand,1,14
976701,0.7837807810555703,0,ios,new,samarkand,3,11
964436,2.4348625176535106,0,ios,old,samarkand,1,90
546595,2.02162682240031,0,ios,new,samarkand,3,80
363766,1.3292224218793889,0,android,new,bukhara,2,23
980870,1.8903519446532777,0,android,old,bukhara,2,20
437260,1.748362065176691,0,android,new,tashkent,4,49
406955,2.377159973884585,0,ios,old,samarkand,1,72
505192,2.4467224215256853,0,android,old,samarkand,4,54
406083,1.809436897052056,0,ios,old,samarkand,4,25
694326,2.280501457693342,0,android,new,samarkand,3,85
172281,1.644659425815459,1,ios,new,tashkent,1,75
337038,0.8421005087363947,0,ios,new,bukhara,4,25
853688,1.9230709635153695,0,ios,new,bukhara,4,49
437537,2.5706922764619353,0,android,old,samarkand,2,79
615613,2.138001410214163,0,android,old,bukhara,3,35
489213,2.0994883070475376,0,ios,old,bukhara,4,15
983714,1.8444529322274406,0,android,new,samarkand,1,77
532338,0.47237704715140505,0,android,new,tashkent,1,5
708550,0.7982854663101511,0,ios,new,samarkand,2,27
608159,0.8718822611332537,0,ios,new,bukhara,2,23
416855,1.3100082202965193,0,ios,new,bukhara,4,11
648552,2.1095152180623944,1,android,old,samarkand,5,36
266339,0.7496689152095473,0,ios,new,tashkent,4,20
416940,2.838998257109477,0,android,old,samarkand,2,69
587598,2.6131339882881797,0,ios,new,bukhara,5,98
806782,3.17671061128301,1,android,new,bukhara,4,81
325568,2.2453208078531937,1,ios,new,tashkent,5,79
859763,1.6444498688988385,0,android,new,tashkent,2,62
506873,1.7868219922695618,0,ios,old,tashkent,1,63
66201,2.1618529540319558,0,android,old,samarkand,1,45
929028,1.4723846200341013,1,ios,old,samarkand,4,13
875432,2.401461760364585,1,ios,old,samarkand,2,57
594446,1.325135771991736,0,ios,old,samarkand,2,20
71040,2.5528478639666092,0,android,old,tashkent,4,47
481275,2.16502680231265,0,ios,new,bukhara,4,50
757660,1.2647169525112312,0,android,old,bukhara,2,8
365319,2.137340729900864,0,android,old,bukhara,2,17
441980,2.6469878857217566,0,android,old,samarkand,1,84
449058,1.9106329909506623,0,android,old,tashkent,2,47
738247,1.4968408442610144,0,android,old,tashkent,4,7
589226,1.2562125857237831,0,ios,new,tashkent,3,55
457205,1.5785846197818771,0,ios,new,tashkent,2,73
442951,1.526644852587078,0,android,new,tashkent,3,67
551925,1.4384398324628012,0,android,new,samarkand,2,32
742295,1.8167198082441094,0,ios,new,samarkand,2,62
588167,3.3568781107992853,0,ios,old,bukhara,5,93
350293,1.0482735799602567,0,android,new,bukhara,3,5
588676,2.447677485714747,1,ios,old,bukhara,3,57
570367,2.431723673835362,0,android,old,bukhara,4,36
428385,1.32400564835885,0,ios,new,bukhara,3,20
315079,2.883112106908275,0,ios,new,bukhara,4,91
212855,1.6936247477166606,0,android,new,bukhara,1,44
313257,2.1930666760134048,0,android,old,samarkand,1,44
193184,2.657632486084218,0,ios,old,bukhara,2,76
773266,0.7866014148061331,0,ios,new,samarkand,3,28
860890,1.3230855714117762,0,ios,new,samarkand,5,22
814356,2.7576161418125595,0,ios,old,samarkand,5,74
683609,3.0864461126803637,1,ios,old,bukhara,2,91
560390,2.318640511194906,0,android,old,bukhara,2,24
617160,1.4001098308180193,0,ios,new,tashkent,3,60
346021,0.7841723257970646,0,ios,new,samarkand,1,26
199285,2.0261068670355353,1,ios,new,bukhara,5,55
386716,2.157766667457287,0,ios,old,samarkand,4,29
459267,1.7708301246494067,0,android,new,samarkand,4,35
546793,2.197807656118571,0,android,new,bukhara,5,54
516558,2.8411544769512127,0,ios,old,bukhara,4,73
155934,2.1184990925676277,0,android,new,tashkent,5,72
541468,1.9742431824435407,1,ios,new,tashkent,3,94
72828,0.9330434178246759,0,ios,new,tashkent,2,32
475558,2.796549165326989,0,android,old,tashkent,3,86
476886,2.2960856563711136,0,ios,old,tashkent,3,60
634364,2.3559226748673554,1,ios,old,bukhara,1,57
689491,2.923967458369342,0,ios,old,bukhara,5,61
284041,1.648770416513428,0,ios,new,samarkand,3,53
901719,0.9231988128628095,0,ios,new,tashkent,1,21
271001,1.7272663164879427,0,android,new,samarkand,2,55
483186,1.5478765107673755,0,ios,old,samarkand,1,21
692849,1.8023658613705118,0,android,old,tashkent,3,21
221567,1.7736657717918898,0,android,new,bukhara,1,49
605045,2.371526946987237,1,android,new,tashkent,3,97
396748,1.2310735913368118,0,android,old,samarkand,1,6
88366,1.6933242399539217,0,ios,old,samarkand,4,36
248970,1.5312174109947259,0,android,new,tashkent,2,52
115392,2.343463605412148,1,ios,new,tashkent,3,95
933602,1.5544645505090402,0,ios,new,bukhara,5,22
766713,1.954875514025657,1,android,new,tashkent,2,71
59749,1.491773553339738,1,ios,new,tashkent,3,54
681955,2.455581277027133,0,android,old,samarkand,1,27
395495,2.3789073834792207,0,android,old,bukhara,5,22
184556,2.4969893086626187,1,android,new,bukhara,3,83
184951,1.8587094266990167,0,android,new,tashkent,2,70
86590,2.8407667496080493,0,android,new,bukhara,5,72
398452,1.2681953158796546,0,android,new,samarkand,1,18
747480,3.5157615779033833,0,android,old,bukhara,2,82
741117,3.0640989740116322,0,ios,old,samarkand,3,80
513577,3.2176081391444655,0,android,old,bukhara,5,57
351230,1.8007994470888034,0,ios,old,tashkent,4,50
81370,2.118007584591587,1,ios,old,samarkand,2,53
424301,2.3008037660768688,0,ios,new,samarkand,3,96
854738,2.037977928974164,0,android,old,samarkand,1,37
627279,2.1446766654002825,0,android,old,tashkent,1,72
855523,1.3549163511449738,1,ios,new,tashkent,2,59
719738,3.3111159022507506,0,ios,old,tashkent,5,99
343741,1.1997282303676202,0,ios,new,bukhara,4,16
701909,2.765675223352779,0,android,old,bukhara,1,52
550565,1.7473110790816389,0,ios,new,tashkent,3,77
317529,2.239125633801141,1,android,new,tashkent,2,82
97962,1.8616798961199736,1,ios,old,tashkent,3,43
596482,0.7745646828113811,0,ios,new,tashkent,3,28
660615,1.6595955710087122,0,ios,new,bukhara,2,44
960040,2.014690110875236,0,ios,new,tashkent,2,85
585355,2.3266084694875917,0,android,old,samarkand,5,17
131676,1.5948954082219549,0,ios,new,tashkent,2,78
575105,2.553718030108894,0,android,old,samarkand,3,60
352356,2.331050796115724,0,android,new,samarkand,3,73
931627,1.6424509893508776,0,ios,old,bukhara,2,19
459978,2.758209740924951,0,ios,old,samarkand,2,75
315226,3.0271245706900007,1,android,old,tashkent,4,81
489166,1.7701259687261028,1,android,old,samarkand,4,5
619093,2.7995722717829166,0,android,old,samarkand,4,57
745677,1.5420057013038535,0,ios,new,samarkand,1,62
876805,0.8811971246581,0,ios,new,bukhara,3,13
745340,1.012482148037835,0,ios,new,tashkent,1,27
442358,1.2740123780455705,0,ios,new,samarkand,2,47
727263,3.168404095149262,0,android,old,samarkand,1,73
978767,2.734336213920437,0,android,old,bukhara,4,25
99193,0.7642591540455362,0,ios,new,tashkent,5,25
255295,1.7839438287042544,0,ios,new,tashkent,5,63
617911,2.3522146180042665,0,android,old,bukhara,2,17
385492,2.8107788200491775,0,ios,new,tashkent,5,99
109404,1.533334056394583,0,android,new,samarkand,3,34
984467,1.0072177720068334,0,ios,new,tashkent,2,39
92414,2.5544469600194675,0,ios,old,samarkand,4,78
993222,1.0238425775951283,0,ios,old,tashkent,2,15
57920,2.3822861519306167,0,ios,new,bukhara,5,75
640491,2.3768273161454605,0,android,new,tashkent,4,85
81642,1.8397894052320576,0,ios,new,bukhara,1,51
489119,1.1583284794208455,0,android,new,samarkand,3,22
773990,3.5900157323695363,0,android,old,bukhara,5,75
578846,1.5653580034965406,0,android,new,bukhara,1,33
456920,1.0545433110714086,0,ios,old,tashkent,3,8
825095,1.697035788987657,1,android,new,tashkent,4,40
982395,2.2884309812894816,0,ios,old,bukhara,4,36
25319,0.9910649237162812,0,ios,new,tashkent,5,24
115975,1.1352723884984246,0,android,old,tashkent,2,17
797373,1.6574948898983692,0,ios,new,tashkent,4,57
229082,2.0666608661106696,0,android,old,samarkand,2,39
542820,2.372881848254541,0,android,new,samarkand,4,86
28447,2.346494838867957,0,ios,old,bukhara,4,45
552772,3.0987893919084857,1,ios,old,samarkand,5,90
442500,1.8320368077902391,0,android,new,tashkent,3,73
31617,1.1418774336348496,0,ios,new,samarkand,3,45
106303,1.9577409504356516,0,android,new,samarkand,5,52
324211,3.848807663924267,1,android,old,samarkand,5,93
614628,2.0970954446558334,0,android,new,samarkand,3,78
855283,2.851423018606068,0,android,old,samarkand,5,58
935201,0.5255346487592528,0,android,new,tashkent,1,13
958174,2.4825411614318895,0,android,new,tashkent,3,82
365393,1.6945502340597354,0,android,new,tashkent,5,46
847119,3.301800329500275,0,android,old,bukhara,1,79
494695,1.5743763741746721,1,ios,old,samarkand,2,11
912695,2.9255009599517585,0,android,new,bukhara,1,98
979544,2.087313247032387,0,android,old,tashkent,5,27
494129,2.781255701098353,0,android,old,bukhara,5,48
13519,0.9804403967580324,0,android,new,samarkand,1,13
324492,1.4603849949763685,0,android,new,tashkent,2,64
968957,2.9520841892817065,1,android,old,tashkent,1,74
584417,0.1351323255307813,0,ios,new,tashkent,1,10
655593,2.8530378263753606,0,android,old,tashkent,5,69
454877,2.0959201377520316,1,ios,old,tashkent,3,60
237797,2.6655814070488923,0,android,old,samarkand,3,51
747108,1.6446583016727885,0,android,new,samarkand,1,50
292058,2.237500972735464,0,ios,new,tashkent,2,83
130367,2.809894018841188,1,ios,new,bukhara,3,77
624801,2.667987033005191,0,android,new,bukhara,1,82
718323,2.520846911996291,0,ios,old,bukhara,4,37
850531,2.600466616384712,0,android,new,tashkent,4,86
926159,3.282984290127418,1,ios,old,bukhara,4,99
705076,2.020890828594398,0,android,new,samarkand,4,55
741990,2.3483139179956702,0,android,old,bukhara,1,41
888065,2.2616729074974242,0,android,old,tashkent,5,32
206849,1.9130748559442672,0,ios,new,samarkand,1,76
943329,1.503250310198852,0,android,new,samarkand,5,16
681324,1.2696898774914591,0,ios,new,tashkent,3,56
894005,0.46618781049448793,0,ios,new,tashkent,2,8
313407,2.250597346446708,0,ios,new,bukhara,5,67
111848,1.4611462190715052,0,ios,old,samarkand,2,14
548508,0.8429681423692257,0,ios,new,bukhara,4,9
38311,2.6172652118869486,0,ios,old,bukhara,4,64
885436,2.0336495889595145,0,ios,old,samarkand,2,32
145721,2.1560648656635153,0,ios,old,samarkand,5,37
924524,1.8145549859125634,0,ios,old,tashkent,1,58
997887,1.508711823979139,0,android,old,tashkent,3,6
828634,2.9349296137042384,0,ios,old,samarkand,2,86
744009,2.211574131352658,0,android,new,bukhara,4,47
624918,1.1722326715023594,0,ios,new,bukhara,1,35
64011,2.233293042038579,0,android,old,samarkand,5,34
803170,1.0174364911369216,0,ios,new,tashkent,1,43
936013,3.438977087001547,0,ios,old,bukhara,4,72
42033,2.1465543081809715,0,ios,old,bukhara,1,13
410333,0.5271180287857007,1,ios,new,tashkent,1,7
366040,1.1779828936687897,0,ios,new,tashkent,4,49
737062,2.2371059371718123,0,android,old,bukhara,2,23
829991,2.1024190605001025,0,android,new,samarkand,2,66
181802,2.1948484121859138,0,android,old,tashkent,2,53
380095,2.760241520130185,0,android,old,bukhara,1,63
385585,3.1782450441295604,1,ios,old,tashkent,3,81
482321,1.5144199279845254,0,ios,new,samarkand,3,49
999718,1.8216264160708135,0,android,old,tashkent,3,21
548576,3.535010029671751,0,android,old,bukhara,5,91
691980,1.87961641692239,0,android,new,samarkand,3,36
305358,3.3746641324674647,0,android,old,tashkent,5,85
887421,1.7231811467074847,0,ios,new,tashkent,4,92
339642,0.8712661484714976,0,ios,old,tashkent,2,9
887687,2.8933997736209807,0,android,old,samarkand,5,70
208051,2.286690479502792,0,android,new,tashkent,1,87
93095,3.2291710180079813,1,android,old,bukhara,3,73
829369,1.220606920764001,0,android,old,samarkand,1,5
292534,1.3562346393067228,1,ios,new,samarkand,3,36
740111,1.5206867779724327,0,ios,old,samarkand,3,24
176497,2.769625830536335,0,android,old,bukhara,5,49
119068,1.1639101940373624,0,ios,new,tashkent,5,33
183491,1.4955605324000112,0,android,old,tashkent,2,21
582375,1.910532274235877,0,ios,old,samarkand,3,28
516365,0.7975039582083571,0,ios,new,bukhara,2,7
879773,1.8706631079909763,0,ios,old,samarkand,4,31
416254,2.613160561926544,0,android,new,bukhara,2,88
898158,1.6084845909734324,0,android,new,bukhara,5,16
753362,1.6894153121786784,0,android,new,samarkand,5,12
196855,1.239146036207093,0,ios,new,bukhara,1,28
301804,2.950920828607571,0,ios,old,samarkand,4,85
17150,2.57581803568226,0,android,new,bukhara,2,85
725529,1.9127330960270148,0,android,new,samarkand,5,39
233168,2.4924512916462085,0,ios,old,bukhara,5,33
276094,2.7851055523590906,0,android,old,tashkent,3,79
250944,1.8143670422175127,0,android,old,tashkent,2,39
897195,2.002283921078044,0,android,old,bukhara,2,16
748346,2.5555884607832624,0,ios,new,bukhara,1,97
973250,1.8666683227975045,0,ios,old,tashkent,5,51
601643,1.7372958898950042,0,ios,old,bukhara,3,5
639583,0.9821355847220756,0,ios,new,tashkent,3,40
983488,2.955997424414452,0,android,old,tashkent,1,98
574474,1.7833230714642998,0,ios,old,samarkand,2,31
813066,1.5856877810653622,0,android,new,samarkand,5,38
152795,1.1100476935882484,1,android,new,bukhara,1,10
507888,2.4116514238676072,0,android,new,tashkent,5,82
937912,2.0085578352557345,1,android,old,samarkand,5,19
916366,0.5135152609533488,0,ios,new,tashkent,3,8
296182,1.426243841447889,0,ios,new,tashkent,2,66
174483,1.531364806058443,0,ios,new,samarkand,5,57
454470,1.9454648333554412,0,android,old,samarkand,5,26
540386,1.1000194848667044,0,android,old,tashkent,1,7
890581,2.1950871758565533,0,android,new,tashkent,4,86
777185,2.08223818251173,0,android,new,tashkent,3,72
855669,1.8380323538514698,0,ios,old,bukhara,2,30
226043,2.019473769824567,0,ios,new,samarkand,4,91
29161,2.162425994664982,0,android,new,tashkent,1,72
749247,2.614708952865807,0,android,new,bukhara,5,67
664118,1.7930119037071894,0,android,old,samarkand,5,5
479316,2.377045213295782,0,android,new,samarkand,4,61
913008,3.1605831222670573,1,ios,old,bukhara,3,72
225366,1.815269778980406,0,ios,old,tashkent,5,21
592471,1.2155243354832084,1,ios,new,tashkent,1,68
577646,3.112941521199259,0,android,old,tashkent,3,84
864887,1.4807345023755036,0,ios,old,samarkand,3,11
817770,2.4333047084539174,0,android,old,samarkand,5,39
336254,2.870355773373742,0,android,old,tashkent,1,97
433619,2.331301336283929,0,android,new,samarkand,2,76
88589,1.6615409447484013,0,ios,old,tashkent,5,35
333207,0.9156988183754818,1,ios,new,tashkent,4,33
614583,3.344582477865419,0,ios,old,bukhara,2,89
418557,1.7875566606590099,0,android,old,bukhara,3,6
362519,2.996649285626105,0,android,old,samarkand,2,63
978153,3.399936912123267,0,android,old,bukhara,2,87
224495,1.6533566839662828,0,ios,old,bukhara,2,13
335594,0.4615876664245878,0,ios,new,tashkent,1,9
820039,2.0402291939003203,1,android,new,bukhara,1,51
448588,2.142473778076803,1,ios,new,bukhara,5,68
565166,2.795906953635661,0,ios,new,bukhara,3,99
601864,2.092176414913321,0,ios,old,tashkent,5,26
883867,2.1261283606093824,0,android,new,samarkand,2,60
26326,2.7577892191497635,0,ios,old,tashkent,5,82
235496,2.410495027060553,1,ios,new,bukhara,1,85
708947,1.0040492806278527,0,ios,old,samarkand,2,7
575494,0.1936205763246532,0,ios,new,samarkand,1,6
887997,1.4477322887321222,1,android,old,tashkent,4,17
233298,1.2234146604173015,0,ios,old,tashkent,2,29
780371,0.8850237100058101,0,ios,new,samarkand,5,13
913226,2.2002735264195334,0,android,old,bukhara,4,25
543758,1.2374002949458778,0,android,new,samarkand,3,29
438660,2.036854931424215,0,ios,new,samarkand,3,83
204789,2.5166353625066673,1,ios,new,tashkent,3,98
683848,2.983010917849253,1,android,old,bukhara,2,70
537420,1.8741564805227764,0,ios,old,samarkand,5,33
507386,2.3325704826548592,0,ios,old,tashkent,1,74
451372,1.741797735456238,0,ios,new,samarkand,2,56
475920,1.1028223902422694,0,ios,new,samarkand,5,15
611341,2.5889784859997564,0,ios,new,samarkand,4,93
703775,3.0064201605867664,0,android,old,bukhara,5,66
137076,2.540926321250853,0,android,new,samarkand,4,71
154100,2.49755790659305,0,android,old,bukhara,3,39
964063,1.9794470416898582,0,ios,new,samarkand,2,87
189748,1.398209892852423,1,ios,old,tashkent,2,39
442241,2.3655597722123227,0,ios,old,samarkand,1,84
364051,0.6650209202790557,0,ios,new,tashkent,4,6
778159,2.082224520938381,0,ios,new,samarkand,3,86
242290,2.882889101338549,0,android,old,bukhara,1,52
458056,1.0262323224351886,0,ios,new,samarkand,2,36
427631,2.880628946416045,0,ios,old,tashkent,2,95
133430,1.9022367916040301,1,ios,new,tashkent,1,91
221903,1.5789115631743824,0,android,old,samarkand,3,5
126785,2.5652632093373104,0,ios,new,bukhara,5,69
931430,0.8691454950406422,0,ios,new,samarkand,5,5
789320,1.1272626974851474,0,ios,new,bukhara,1,32
256299,1.0616096556447756,0,android,new,samarkand,2,28
567267,2.201763140728746,0,ios,new,samarkand,3,80
390523,1.484677311296728,0,android,new,samarkand,4,10
62554,3.154209430739706,0,ios,old,bukhara,4,94
428752,0.6821093818183219,0,ios,new,tashkent,1,25
954842,3.4322470049171954,1,android,old,tashkent,4,99
674741,1.1113625215649265,1,ios,new,tashkent,4,7
886959,1.8429948972205696,1,ios,old,samarkand,2,48
661826,2.8393687036211,0,android,new,samarkand,4,89
795014,0.32398329049392305,0,ios,new,tashkent,1,21
474917,1.722181075918032,0,android,new,bukhara,1,38
104132,2.7937012417347407,0,android,new,bukhara,4,75
945590,1.2313042604823599,0,android,new,tashkent,1,29
656436,3.2482540961819097,1,ios,old,bukhara,4,79
462240,2.4887412063632506,0,ios,new,tashkent,5,98
51837,1.9010610111208786,0,ios,new,samarkand,5,65
25026,1.5267060625167848,0,ios,new,tashkent,5,42
51236,2.889332158531344,0,ios,old,bukhara,5,71
32479,2.735437881529235,0,ios,old,samarkand,5,61
435828,1.22787768878187,0,ios,new,samarkand,3,57
383523,1.8183191388032491,0,android,old,tashkent,4,24
242690,3.105037159292467,0,android,old,samarkand,1,93
84510,1.6542744671740686,0,android,old,samarkand,1,7
11885,2.9178462388530284,1,ios,old,samarkand,4,83
243800,2.0503602427758483,0,android,old,bukhara,2,20
639095,1.8622677120727869,0,ios,new,bukhara,5,28
291227,2.9607601875692975,1,ios,old,tashkent,5,94
978180,2.2288321402251814,0,android,new,samarkand,4,76
791655,0.8941203686804419,0,android,new,tashkent,2,18
995138,0.898797590865331,1,android,new,tashkent,4,27
378195,2.3670798156144794,0,android,new,samarkand,2,87
849303,2.5291184759548053,0,android,new,samarkand,2,84
975064,2.156335285439333,0,ios,new,samarkand,2,96
22991,1.4071648433932213,0,android,new,samarkand,3,35
553442,1.5008982447938586,0,ios,new,samarkand,5,24
939173,2.1010431124715065,0,ios,new,tashkent,4,93
46360,1.9248781462007356,0,ios,old,bukhara,4,19
95286,2.1832970641727596,0,android,old,samarkand,5,24
630613,2.4191052594170497,0,ios,new,tashkent,5,96
958193,1.3274100831225661,0,ios,new,tashkent,4,43
258772,2.0624559877433497,0,ios,old,tashkent,4,31
882428,2.2356501990505118,1,ios,new,samarkand,5,63
345105,1.965496475275539,0,ios,new,samarkand,1,98
485000,2.3046506158813944,0,android,new,bukhara,4,38
632626,1.733847013691,0,android,old,tashkent,4,22
741841,1.3769907682953384,0,ios,new,bukhara,2,33
286889,3.0555435480239894,0,android,old,samarkand,4,81
300493,1.6397270588612738,0,android,new,bukhara,3,36
848516,1.4725020040514099,0,android,old,bukhara,2,16
555828,2.0024439605629354,0,ios,old,bukhara,2,22
632263,3.1957789743723977,0,android,old,tashkent,1,87
80636,2.7666369554720522,0,android,old,tashkent,2,88
851038,2.852426463084061,0,android,old,bukhara,1,68
104508,3.0221282765836985,0,android,old,samarkand,3,82
998532,2.4505824446712365,0,android,old,tashkent,5,46
294072,2.443633424774896,0,android,new,tashkent,5,85
813974,3.64902260203039,0,android,old,bukhara,2,99
547901,2.2439099794398536,0,android,new,tashkent,5,61
63530,1.120415606941263,0,android,new,bukhara,4,20
114835,2.5705050929712945,0,ios,old,samarkand,4,71
155741,2.0463932960657356,0,ios,old,tashkent,1,65
826383,3.2425680165906865,0,ios,old,samarkand,4,95
656631,2.4565551408819726,0,ios,old,bukhara,2,70
557338,3.0519123516142095,0,android,old,bukhara,4,39
880493,1.4703955060220288,0,ios,old,bukhara,1,12
157819,3.1746462450470614,0,ios,old,bukhara,5,86
556545,1.45744290529676,1,ios,old,tashkent,1,15
320461,1.230392701141025,0,ios,new,bukhara,1,28
849326,2.4182303548778448,0,ios,old,bukhara,1,44
710923,1.2804050209766433,0,android,new,samarkand,1,39
783402,1.6706724628321132,0,ios,new,samarkand,4,46
228874,2.3285232974934957,1,android,new,bukhara,5,40
813105,3.109804610487236,1,ios,old,bukhara,3,92
122654,2.5394293892883493,0,android,old,samarkand,1,66
568148,2.781187701810556,0,android,new,tashkent,4,94
900403,2.276047732250262,0,android,new,bukhara,3,58
727344,1.4584321368132218,0,ios,new,tashkent,1,51
903930,1.2275516822582464,0,ios,old,tashkent,1,29
584774,1.1827257934780584,0,android,new,tashkent,1,37
90509,1.7339044555821117,0,ios,new,tashkent,3,81
773259,2.599217525296521,0,ios,old,samarkand,5,54
858555,2.5322108279197746,0,android,old,samarkand,2,67
109805,1.0719470378046547,1,ios,new,tashkent,3,38
40375,1.6056531431424617,0,android,new,tashkent,5,33
214290,0.7567370508425262,0,android,new,tashkent,1,17
548612,1.8161527796396224,0,ios,old,tashkent,4,31
23510,1.752939772070183,0,ios,new,tashkent,2,73
731353,1.4900899503213125,1,ios,old,tashkent,2,27
809663,2.4695991395815655,0,ios,old,tashkent,4,71
333588,1.9319161163030456,1,ios,old,tashkent,3,55
490153,0.4154296449290878,0,ios,new,samarkand,4,14
457775,2.3069884486373016,0,android,old,samarkand,4,27
77262,2.6842695901114184,0,ios,old,bukhara,3,77
990964,3.11829170227701,0,ios,old,tashkent,4,91
860170,2.063360893070434,0,ios,old,tashkent,1,55
504274,2.214177234528487,0,ios,old,bukhara,2,33
782027,1.1488067698757516,0,ios,new,tashkent,2,44
390285,1.6794143259752512,0,ios,new,tashkent,3,49
121751,0.4090661840993104,0,ios,new,tashkent,2,5
977001,1.1871267724894048,0,ios,old,tashkent,5,11
838666,1.7329118744900582,0,android,old,tashkent,2,8
42528,2.285156693371517,0,android,old,samarkand,1,49
499747,2.2741210942100527,0,android,old,tashkent,4,38
250218,0.9480123174821121,0,ios,new,tashkent,1,52
876953,2.610834835958592,0,ios,old,bukhara,2,61
121695,1.6479173340096929,0,android,old,tashkent,4,17
813244,2.1243397098462067,0,ios,old,samarkand,5,35
392879,1.5813608878555419,0,ios,new,samarkand,2,56
363094,1.997999337895501,0,android,new,tashkent,5,50
547620,2.5456317016767955,0,ios,new,bukhara,4,74
645954,0.9139020453159806,0,ios,new,tashkent,2,35
277166,2.3015306512000224,0,android,new,samarkand,1,96
806526,2.0366225091557566,0,ios,new,tashkent,4,86
965280,2.4784107793438497,0,android,old,tashkent,3,56
764618,3.243323523430366,0,android,old,bukhara,3,59
264280,2.3127012933299107,0,ios,old,samarkand,2,66
896934,2.314913808912631,0,ios,old,tashkent,4,65
845892,2.9152184471009477,0,ios,old,samarkand,1,76
697854,1.9775652757257738,0,ios,new,samarkand,2,74
991102,2.3825987027897466,0,android,old,bukhara,4,30
796550,0.9830698588595058,0,ios,new,bukhara,5,6
293053,1.9374787168158885,1,ios,old,samarkand,3,46
120023,2.337265425159729,0,ios,old,tashkent,1,78
423336,2.000294734948508,1,android,new,tashkent,4,84
125596,2.5259952442828784,1,ios,old,samarkand,5,59
183507,3.0442751970177215,0,android,old,samarkand,5,59
226723,1.6532390729162156,1,ios,new,tashkent,5,67
17242,2.211305736183236,0,ios,old,bukhara,1,43
34185,1.8859544284785186,1,ios,new,tashkent,4,59
999883,0.5836362176996072,0,android,new,tashkent,1,6
907635,2.2278511276081843,0,ios,old,samarkand,1,66
775750,0.9937339939679894,0,ios,new,samarkand,5,15
383309,3.138543598205612,0,android,old,tashkent,3,96
189851,1.8867683923971388,0,android,new,samarkand,4,51
314148,2.05626492191158,0,ios,old,bukhara,2,40
539299,1.7876296643182663,1,ios,old,tashkent,3,33
228070,1.8193261687611397,0,android,old,tashkent,4,24
187345,1.181131401259959,0,android,new,tashkent,3,42
981281,3.52348647381212,0,android,old,samarkand,3,92
550534,1.0245719121636008,0,android,new,bukhara,4,11
149629,3.7683861453393908,0,android,old,bukhara,4,92
614475,2.225906330264962,0,ios,old,samarkand,5,49
219265,1.9644246117965074,1,ios,old,samarkand,2,42
606203,1.5955581006215986,0,android,new,samarkand,1,65
205540,0.7639613601595073,1,ios,new,bukhara,2,5
113731,1.3315167334587839,0,android,new,samarkand,1,28
674891,2.1657983602752036,0,ios,new,samarkand,3,82
503309,1.6388482433945684,0,android,old,samarkand,2,22
319414,2.214215996522463,0,ios,old,bukhara,4,21
667381,3.459367306043747,0,android,old,tashkent,2,96
919330,3.371451479978715,0,android,old,bukhara,2,81
914177,1.5495425971524834,0,android,new,samarkand,3,46
857082,2.1629415514182773,0,ios,new,samarkand,4,85
811337,3.2123908065762095,0,android,old,samarkand,5,88
774977,1.20133106746735,0,ios,new,bukhara,4,8
552870,1.5358232041591886,0,ios,old,samarkand,1,28
274898,2.150173877120541,0,android,new,samarkand,5,54
424295,3.087879919132369,0,android,old,bukhara,4,79
259100,1.1935272194419613,1,ios,old,tashkent,1,14
210531,1.2891197090121769,1,ios,new,tashkent,3,47
972028,1.984269540418587,1,ios,new,bukhara,5,45
523714,2.3848951428156897,0,ios,new,samarkand,2,95
613066,2.5076191976589848,0,ios,new,samarkand,2,86
207098,2.9164975702451246,0,android,old,tashkent,4,68
609194,2.665820193035059,0,ios,old,samarkand,5,64
75178,1.295359015901504,0,ios,old,samarkand,3,13
408087,2.3175019386535354,0,android,old,samarkand,5,25
697954,1.5837348327806717,0,android,new,samarkand,5,36
35186,2.4685991928885014,0,android,old,samarkand,5,37
575234,0.8084868097546969,1,android,new,tashkent,3,17
748616,2.123063759175945,0,android,old,samarkand,4,23
522918,1.765140400691169,0,android,new,samarkand,1,46
936124,2.7768776625237446,0,android,old,tashkent,5,66
696601,1.7013602525459122,1,ios,old,bukhara,3,9
556986,3.045499316329454,0,ios,old,bukhara,2,72
166168,2.379110208556093,0,ios,new,bukhara,3,70
793194,1.0350401133592422,0,ios,new,tashkent,1,48
494862,2.9240604943333404,0,android,new,tashkent,4,95
129743,1.9045535192501322,1,android,new,bukhara,4,45
38079,3.3060459058539875,0,android,old,bukhara,3,78
72155,2.724570839006637,0,android,new,samarkand,5,80
187928,1.1977090202415472,0,ios,old,samarkand,3,6
38339,1.3444850137063427,0,ios,old,bukhara,3,8
931615,1.429691507136997,0,android,new,samarkand,3,27
222926,2.8245934942017215,0,android,old,tashkent,4,71
865338,0.986807131649895,0,android,new,bukhara,1,25
747896,3.5550279567678706,0,ios,old,bukhara,3,94
246307,1.4443731122321142,0,ios,new,bukhara,3,39
819717,1.618457678510466,0,android,old,tashkent,1,30
522145,2.59134402765086,0,ios,new,bukhara,1,94
84062,1.6632779800914514,0,android,new,samarkand,3,33
563530,0.9001762817757568,0,ios,new,bukhara,1,20
810808,1.6446976339181263,0,ios,new,samarkand,5,49
423925,3.2813382400014453,0,android,old,tashkent,1,89
547051,1.3948616565022824,0,android,new,samarkand,2,43
649338,2.4095711840255216,0,android,old,tashkent,4,57
373396,2.7089123550258503,0,android,new,bukhara,4,68
945944,2.0275504303362557,0,android,new,tashkent,5,71
152951,1.3999740611507154,0,android,old,samarkand,3,10
76990,2.3913229849748436,0,android,new,bukhara,3,81
174110,1.941755061490397,0,android,new,samarkand,1,69
582965,2.1135201768008383,0,ios,old,tashkent,3,59
995720,2.7131651586952596,0,android,old,samarkand,3,77
188096,2.8507138894664212,0,android,new,bukhara,5,78
131584,2.061101097506632,0,android,old,bukhara,5,13
763919,2.3426790472190726,0,android,new,samarkand,1,95
606381,0.9048192045907287,0,android,new,tashkent,2,12
190327,2.3777996996919546,0,android,old,samarkand,1,55
423664,0.6577332003975864,0,android,new,tashkent,3,9
171138,3.394598009465737,0,ios,old,bukhara,5,96
808140,2.1167355061947517,0,ios,old,tashkent,5,48
351498,1.2087207793839478,0,ios,new,bukhara,1,26
784009,2.93262556652987,0,android,old,samarkand,3,72
856155,3.050331539754059,0,ios,old,samarkand,5,90
754999,1.8202499815038307,0,android,old,samarkand,3,33
910861,1.5861341174127392,0,android,new,samarkand,2,49
743510,3.0297264423589025,0,ios,old,samarkand,5,73
201730,2.47842633083633,0,ios,new,bukhara,4,86
24307,2.4155106356022333,0,android,new,bukhara,3,74
901853,2.419156064429391,0,ios,old,samarkand,4,47
141541,2.6598428326181156,0,ios,old,tashkent,5,75
350818,1.554148891146458,0,android,new,samarkand,5,41
198482,0.7374856970290353,0,ios,new,bukhara,3,11
401979,3.0785826151132802,0,ios,old,bukhara,1,90
678245,2.8638141790068476,0,ios,old,samarkand,5,78
322132,3.189240295584433,0,ios,old,samarkand,5,90
902143,2.7940712182300795,0,android,old,samarkand,5,67
191843,2.6063719639265743,1,ios,old,bukhara,2,57
145375,3.2501626800300927,0,android,old,samarkand,5,79
365693,1.078131500764196,0,ios,new,bukhara,4,20
121218,0.9600814920009422,0,android,new,tashkent,4,9
843740,0.42446530856431935,0,ios,new,tashkent,2,13
374637,3.675099220172866,0,android,old,bukhara,3,84
650349,2.0246064226629845,0,android,old,samarkand,3,25
955097,1.1214204302502666,0,android,new,samarkand,4,6
992297,2.8300837940124155,0,android,old,samarkand,1,83
484726,1.7685128310874978,1,android,new,tashkent,2,67
515728,2.1775786537019695,0,android,new,bukhara,2,45
29820,2.344211174159934,0,ios,new,bukhara,4,78
331423,3.7949708577710997,0,android,old,bukhara,4,94
565936,2.2553068094454782,0,ios,old,tashkent,2,61
610869,3.5584457382152657,0,android,old,bukhara,4,84
517289,1.668074572637948,1,android,new,bukhara,5,19
213441,2.390910797407311,0,android,new,bukhara,2,65
766284,0.8073931729508392,0,android,new,tashkent,2,23
76491,1.3323966886754746,0,ios,old,samarkand,2,31
615351,3.376188817409322,0,android,old,bukhara,2,92
826777,1.914772515989079,0,ios,old,tashkent,2,52
407739,2.0313220382398876,0,ios,new,samarkand,5,65
270546,2.306216768376029,1,ios,old,tashkent,2,73
704534,3.642784158123852,1,android,old,bukhara,5,86
191943,2.1887710973876167,0,ios,new,tashkent,3,84
940595,1.0033089166167388,0,ios,new,bukhara,3,5
211605,1.2697563359203459,0,android,new,tashkent,2,26
470610,3.182952508767699,0,android,old,samarkand,2,83
192222,1.256527458239389,0,android,new,tashkent,2,26
925189,2.2210943134909464,0,ios,new,tashkent,4,96
521448,1.7448318993103384,0,android,new,samarkand,4,57
551579,1.1322268511922016,0,android,new,tashkent,2,32
125531,2.23673680756314,0,ios,new,bukhara,4,70
750920,3.024277379092222,0,ios,old,tashkent,3,98
358726,2.2586416743658733,1,ios,new,samarkand,5,90
851805,1.394973941189426,0,ios,new,samarkand,2,30
954748,2.7758242426874418,1,ios,old,samarkand,1,80
941260,1.770224054258271,0,android,new,bukhara,2,26
375485,3.384021314708678,0,android,old,tashkent,4,93
574799,2.1786876357161105,0,ios,new,bukhara,5,48
379720,2.4302900669267586,0,ios,new,bukhara,1,84
373938,2.216747618323904,0,android,new,tashkent,2,76
210288,2.2793841695811894,0,ios,new,bukhara,3,73
383298,2.0796617446107044,0,android,old,samarkand,5,7
381873,2.6334956148163116,0,ios,old,bukhara,4,36
734912,1.5136568739778444,0,android,new,bukhara,1,46
183509,2.271363330585036,0,android,new,tashkent,3,78
545995,2.6839629995680014,0,android,old,bukhara,3,25
870642,2.67484261411586,0,android,old,tashkent,5,93
878610,0.8950750237664375,0,ios,new,samarkand,1,32
222517,2.2069716171972744,0,android,old,samarkand,4,42
270566,3.1368180770724066,0,android,new,bukhara,3,94
128552,0.7521234886844936,0,android,new,samarkand,3,12
605294,1.7558332920389017,1,ios,new,bukhara,5,41
594878,1.3386717519801474,0,ios,old,samarkand,5,7
53140,1.2150610316568804,1,ios,new,tashkent,5,36
386815,1.3213006953718862,0,ios,new,bukhara,1,54
443455,1.5827766228745246,0,ios,new,tashkent,3,69
38163,1.5146319514897824,0,ios,old,samarkand,3,33
521364,2.1551159525849166,0,ios,old,samarkand,3,56
845371,3.369549249369742,1,android,old,bukhara,3,78
63207,0.7855712375386991,0,ios,new,tashkent,2,8
483426,1.6721915154667433,0,android,new,samarkand,1,29
498966,2.5710460866849147,0,android,old,samarkand,3,58
221167,1.6912563520439243,0,ios,old,samarkand,5,12
466587,1.6199754506747075,0,android,new,samarkand,4,56
481860,1.934791906380933,0,android,old,bukhara,1,23
215115,1.6931217474972946,0,ios,new,bukhara,1,62
679489,0.8259500401844647,0,android,new,bukhara,2,17
270862,1.7935786245821292,0,android,new,tashkent,1,95
893075,3.0191048425005405,0,ios,old,bukhara,5,63
329027,1.6581132105150251,0,ios,new,tashkent,1,73
590265,1.315264518132783,0,android,old,samarkand,4,6
824723,2.201875648993657,0,ios,old,samarkand,1,76
559424,1.452091387569308,0,ios,old,bukhara,1,15
313021,0.9379993158969814,0,android,new,samarkand,2,11
903954,2.9766415106391078,0,android,old,tashkent,4,75
776409,2.940134315810704,0,ios,old,samarkand,3,96
526948,1.896615294776773,0,android,old,samarkand,2,42
901757,2.6396312608148254,0,ios,new,bukhara,5,79
562057,1.4101175636768237,0,ios,old,tashkent,3,26
756310,1.9763061080297033,0,ios,old,bukhara,3,14
40575,2.0315397222496747,0,ios,old,samarkand,1,49
853654,2.432378630303343,0,ios,new,bukhara,3,79
388004,1.9998289578378914,0,ios,old,bukhara,4,38
946964,2.6369288284844425,1,android,old,samarkand,1,80
815147,3.038815616916941,0,android,old,tashkent,3,70
645237,3.1699855172732554,1,android,old,bukhara,2,80
297737,2.284546326744378,0,android,new,bukhara,4,52
644542,2.426356933792112,1,ios,new,samarkand,5,99
662258,1.6709412178563197,0,android,old,samarkand,4,7
482949,2.137694198206841,0,ios,old,tashkent,2,76
892971,2.643512045237119,0,android,old,samarkand,3,60
90168,2.5276526473520855,0,ios,old,samarkand,5,44
827936,2.24426897111587,0,ios,new,bukhara,4,68
365513,1.635629653623662,0,android,new,tashkent,1,52
51886,2.1212454517011463,0,ios,new,bukhara,4,54
144561,0.8681754807394393,0,ios,new,bukhara,5,10
537576,1.3736477828649607,0,android,new,bukhara,5,9
939788,1.407384707334907,0,android,old,tashkent,3,10
945546,2.487054211575757,0,android,old,bukhara,4,38
283948,1.799081938316294,0,ios,new,bukhara,2,65
683106,0.5574557966455301,0,ios,new,tashkent,1,22
145261,2.4597547355817926,0,ios,new,bukhara,3,82
983839,1.9458694275633057,0,ios,new,samarkand,2,87
606600,2.7208011890723496,0,ios,new,bukhara,4,87
289142,2.3232371143729047,1,ios,old,bukhara,1,68
667702,2.963391374667754,0,android,old,bukhara,1,82
125123,2.491805628280294,0,android,old,tashkent,5,69
360937,2.4140769648657834,1,ios,new,bukhara,5,67
26487,2.984028464972679,0,ios,old,bukhara,2,82
697518,1.392292983587771,0,ios,new,samarkand,4,45
764967,2.6759265443933686,0,ios,new,bukhara,3,94
979398,3.7503600914570585,0,ios,old,bukhara,5,95
438626,0.8180712936039939,0,android,new,samarkand,2,7
227629,2.3538819084866036,0,ios,old,samarkand,4,52
790800,1.1474713080300023,1,ios,old,tashkent,4,12
213204,2.7484460660483467,0,android,old,tashkent,4,56
669557,2.480172679930071,0,ios,old,tashkent,1,92
412874,1.8748684153752855,0,android,new,bukhara,2,48
524892,3.080219019966862,0,ios,old,bukhara,1,85
271812,1.4525274194151583,0,android,new,tashkent,4,60
725944,3.4915884247364652,0,android,old,bukhara,4,76
391336,2.2063739152636783,0,android,new,samarkand,1,79
57873,3.5843149114694524,0,ios,old,bukhara,1,95
240164,1.082736778913996,1,android,new,samarkand,3,6
944524,1.602102975283501,0,android,new,bukhara,4,27
661610,1.4893037579719524,0,android,new,tashkent,2,54
476385,1.968380252004751,1,ios,old,samarkand,5,24
410917,1.598117465465048,0,ios,new,samarkand,2,59
241107,1.6041659776590327,0,android,new,tashkent,2,51
813837,1.980265208279906,0,ios,old,samarkand,2,44
459833,1.3312262534014003,0,android,new,tashkent,5,35
776100,1.8315117154082705,1,ios,new,tashkent,2,67
269473,2.536657735680629,0,ios,old,tashkent,2,86
386765,3.2730741731085984,0,android,old,bukhara,4,65
925636,2.007392813376971,0,android,old,bukhara,2,22
654670,1.792151760012913,0,android,old,tashkent,3,26
652017,3.4859576561666543,0,android,old,samarkand,5,83
254449,2.202559643084586,0,android,new,samarkand,1,78
853598,3.4384305975275526,0,android,old,bukhara,3,63
579984,2.4247479920687547,1,ios,new,tashkent,4,90
861718,1.2904161978479964,0,android,new,samarkand,3,22
848892,1.9526498872102382,0,ios,new,samarkand,4,71
846166,1.8471980216529067,1,ios,old,tashkent,5,33
93474,3.0761909201277478,0,android,old,samarkand,4,70
604765,2.6371395682374534,0,ios,new,tashkent,5,77
683724,2.9039116846809407,0,android,old,samarkand,2,77
799612,2.0813017211867315,0,ios,new,samarkand,5,67
968006,2.7360441669936537,0,android,new,samarkand,1,98
73946,1.709606935687381,0,ios,new,bukhara,5,28
150633,1.9952416196147775,0,android,new,samarkand,3,57
315314,1.127180932907747,1,ios,new,samarkand,5,21
320400,1.9014546447987233,0,android,new,samarkand,3,58
713215,3.3580196341322015,0,android,old,bukhara,4,68
957227,0.8856089813335348,0,ios,new,samarkand,1,38
999520,3.0766231089367553,0,ios,old,bukhara,2,88
533539,1.1016782053998555,0,ios,new,samarkand,2,24
573415,1.1272135907182865,1,ios,new,bukhara,5,12
965743,2.234216174144896,0,ios,new,bukhara,1,84
669101,2.915918694809322,0,ios,old,bukhara,1,81
420995,0.8982638656284867,0,ios,new,tashkent,5,25
686872,1.486777406801034,0,ios,new,samarkand,2,79
809815,1.1843823581560604,0,android,new,bukhara,2,16
767574,1.0147934062947936,0,ios,old,samarkand,2,6
284799,1.6210905419451491,0,ios,old,tashkent,5,21
530628,0.91847909313637,0,ios,new,bukhara,2,7
550891,2.8450414309475396,0,ios,new,bukhara,3,97
335769,1.7552114328587973,1,ios,old,samarkand,5,7
756350,2.3879826509288242,0,android,new,samarkand,1,97
733178,2.3564644852707373,0,android,new,bukhara,3,71
178037,0.5618754655114553,1,ios,new,samarkand,2,21
685503,3.894930086631311,0,android,old,bukhara,4,88
669680,3.173132722904651,0,android,old,bukhara,2,69
767774,1.3288650037637215,0,ios,old,samarkand,1,21
645495,1.7512632965922352,0,ios,old,tashkent,4,32
690459,1.5038846785948958,0,android,new,tashkent,4,31
891062,0.9135667751453582,0,ios,new,bukhara,1,20
109475,1.4761519975068804,1,ios,old,tashkent,2,36
809970,0.4966728389366384,0,android,new,tashkent,1,8
248548,0.7380391801288175,1,ios,new,tashkent,1,15
230233,3.911494595793312,1,android,old,bukhara,5,93
445759,2.4146624266424848,0,android,old,bukhara,2,43
524835,2.2034644409532773,0,ios,old,samarkand,2,61
11238,2.66156844916051,1,android,new,bukhara,3,73
367661,2.2112781689426155,0,ios,new,bukhara,3,71
288735,2.6166727657827606,1,android,new,tashkent,4,96
179637,1.6047178233417543,0,android,new,samarkand,3,42
419153,1.9475125096938917,0,android,new,tashkent,5,65
38979,1.5083518109284595,0,android,new,samarkand,4,16
724827,2.2764977011085645,0,android,new,samarkand,5,65
336980,1.8863346281975715,0,ios,new,tashkent,5,55
12725,1.7447164236989525,1,ios,old,samarkand,4,14
402407,1.1356283670519096,0,android,new,tashkent,5,27
382448,2.5184530548753052,0,android,new,samarkand,1,95
367533,1.7045700058525528,0,android,new,bukhara,2,28
515544,2.1840021225506394,0,android,old,samarkand,3,52
963968,2.2062433903450676,0,android,old,tashkent,1,52
882450,2.189607504704838,0,android,new,bukhara,3,62
523571,2.766026871039973,0,android,old,bukhara,4,57
162230,3.404915801715286,0,android,old,samarkand,5,85
942010,1.7971932106582336,0,ios,old,samarkand,5,24
87992,1.3383151057465235,0,android,new,tashkent,4,45
815313,1.3537789380021732,1,ios,new,tashkent,2,53
76544,2.692183496718005,0,android,old,bukhara,1,71
437435,2.03919364133247,0,ios,new,bukhara,5,50
517543,2.1617233331348342,0,android,old,samarkand,3,26
656575,2.5340111004195958,0,android,old,tashkent,2,62
689366,1.8037657944067464,0,android,old,samarkand,2,18
171291,1.791771055722424,1,ios,new,tashkent,2,83
192668,2.083179932612515,0,ios,old,tashkent,4,62
689855,1.3272508202378648,1,ios,new,tashkent,5,41
308943,1.9214016822011175,0,ios,new,bukhara,3,62
593712,3.206752788295451,0,android,old,tashkent,5,78
264015,0.5404178912768485,1,ios,new,tashkent,3,14
616192,2.9654741198632966,0,android,old,samarkand,2,90
766778,1.431862066890511,0,ios,new,samarkand,2,60
123579,3.2201785491801145,0,ios,old,bukhara,5,74
76176,2.2462964951831874,0,android,new,samarkand,2,53
888237,2.139148333976765,1,android,old,tashkent,4,23
762658,1.8776609805255475,0,ios,new,bukhara,4,45
964459,3.426739499838466,0,ios,old,samarkand,5,95
310512,1.3093623693700576,0,android,old,tashkent,3,13
725809,0.7210457015062873,0,android,new,samarkand,1,16
706777,2.8449257171548026,0,android,old,tashkent,2,81
616995,1.4292427839870063,0,android,new,tashkent,2,43
974155,1.855605153227482,0,android,new,tashkent,5,45
782442,2.6072316852871174,0,android,old,samarkand,3,60
559551,0.8885947629217557,1,android,new,tashkent,1,29
637579,2.085046851881247,0,android,old,samarkand,4,17
172516,2.3241480925901246,0,android,new,samarkand,5,72
400109,1.0357383233437585,0,android,new,tashkent,3,23
279862,2.0940710312342437,0,ios,old,tashkent,2,71
690652,1.504192296958821,0,android,new,tashkent,2,41
797633,3.7433913581695677,0,android,old,bukhara,4,78
441741,2.6388147459107816,1,ios,old,samarkand,1,67
890422,0.9244773705411038,0,android,new,tashkent,2,17
499315,2.2867034875086407,0,android,old,bukhara,5,12
819339,1.689091149383882,0,ios,new,bukhara,2,55
466911,2.1847884797155666,0,ios,old,tashkent,5,65
843783,2.5300737452113626,0,android,old,bukhara,2,35
216949,2.7918917759004747,0,android,new,samarkand,4,86
454735,1.074445109304499,0,ios,old,samarkand,1,8
271983,2.601164586219916,0,android,new,bukhara,5,71
430276,3.850994521831027,0,android,old,bukhara,5,85
557066,2.2321862790092433,0,android,old,bukhara,4,15
388348,0.3335886692652206,1,ios,new,samarkand,1,5
737772,2.124215066982683,0,ios,new,bukhara,3,69
467768,2.675814366203081,0,android,new,samarkand,4,69
169755,0.8394562075696603,1,ios,old,tashkent,3,5
296866,1.7456960382479974,0,ios,old,tashkent,4,43
487857,2.336899518923104,1,android,new,tashkent,5,62
305955,3.3039431282219596,0,android,old,samarkand,3,81
950561,1.249349536005276,0,android,new,samarkand,2,43
508331,2.6213978970766676,0,android,old,bukhara,3,30
829438,2.535553433544752,1,ios,new,samarkand,5,93
281373,0.903076965613835,1,ios,new,bukhara,3,16
871070,0.7593608737806676,0,ios,new,samarkand,1,26
874347,1.7331176427714037,0,android,new,tashkent,3,57
469663,2.9163166527643005,0,android,old,samarkand,1,74
613606,1.0235798224228523,0,ios,new,tashkent,3,36
927693,3.0193257805618843,0,android,new,bukhara,3,94
45963,1.2349940384261067,0,android,new,tashkent,2,32
852558,2.204011188647001,0,android,old,samarkand,3,26
879212,2.951006867907176,0,ios,old,bukhara,2,72
200317,1.6605227074704318,0,android,new,tashkent,5,50
29324,2.5331859476891383,0,android,new,samarkand,2,88
160286,1.9814657932452566,0,ios,new,samarkand,2,71
781001,2.9231514836578794,0,android,old,samarkand,1,67
290819,2.7221802902777976,0,android,old,samarkand,1,78
68272,1.5592569169192376,0,android,new,samarkand,1,32
174009,3.082932696342346,0,android,old,bukhara,2,64
897860,3.4131883399833103,0,android,old,bukhara,5,66
697377,1.6535772417270134,0,android,new,samarkand,4,46
51882,2.178220609034126,0,android,new,tashkent,1,94
723952,2.9704696119437517,0,ios,old,samarkand,1,80
392546,1.1765508995261666,0,ios,new,tashkent,2,57
884031,1.5938834087994287,0,android,new,bukhara,2,18
196669,3.0424219875210907,0,android,old,bukhara,2,63
481921,2.5160691365500876,0,ios,new,samarkand,5,97
47665,1.7664243748370814,1,ios,new,tashkent,1,80
468028,1.529043989877031,0,ios,old,samarkand,2,42
177701,1.877172519929061,0,android,old,tashkent,2,8
268551,1.8273525888343698,0,ios,old,bukhara,2,11
230903,1.7771241840148377,0,android,new,tashkent,3,33
121754,2.57835366282779,0,android,old,bukhara,4,30
898565,2.6864911054394596,1,android,new,bukhara,3,88
515354,2.581784695720064,0,android,new,bukhara,3,62
861093,2.5096667589094617,1,ios,new,bukhara,3,89
426270,2.1075778072548186,0,ios,new,bukhara,5,54
637917,1.1633449248118315,0,android,new,samarkand,1,28
608625,1.623571683827819,0,android,old,tashkent,4,7
623533,1.6976119713136264,0,ios,new,tashkent,1,78
904311,1.84317487963288,0,android,new,bukhara,5,10
177120,2.64778770842614,0,ios,old,bukhara,5,39
755582,1.508540551225081,0,android,new,bukhara,1,36
245389,2.039189023943763,0,ios,old,samarkand,1,53
322655,2.713402089461274,0,ios,old,bukhara,5,59
159160,2.5132957324947713,0,android,new,bukhara,3,69
290148,3.443201117388413,0,android,old,samarkand,5,96
751099,1.125092724607244,0,android,new,tashkent,1,38
878452,1.1282649288069895,1,ios,new,bukhara,1,25
483423,1.967426235170174,0,ios,old,tashkent,1,49
706115,2.146553076909227,0,android,old,bukhara,4,24
375506,2.2619000347360183,0,ios,old,bukhara,5,14
831816,1.5950498432991032,0,ios,old,bukhara,4,13
203327,2.2284631269981774,0,android,new,tashkent,4,61
347484,1.387422605881221,0,ios,new,tashkent,1,70
713368,1.595731754315351,1,ios,new,bukhara,4,55
867180,1.860572582160494,1,ios,new,tashkent,4,81
591355,2.0915365049377725,0,ios,old,bukhara,5,14
541371,1.9936825106276819,0,ios,old,bukhara,3,28
423538,1.6783087221892679,0,ios,old,samarkand,1,51
335602,2.354300605399457,1,android,old,tashkent,2,63
227850,2.70152494881236,0,ios,old,bukhara,1,70
390250,2.1310539470356757,0,android,old,tashkent,4,32
170597,2.4027999267142572,0,ios,old,bukhara,3,28
87334,1.2736525090892699,0,ios,old,samarkand,1,20
728629,2.806686203301621,1,ios,new,bukhara,3,97
799869,1.8296985886430912,0,android,new,tashkent,1,95
185742,2.891741912847174,0,ios,new,bukhara,4,88
747540,2.978918138267193,0,android,old,tashkent,1,96
377066,3.147281282340376,0,ios,old,bukhara,1,96
447806,1.7058648300325912,0,android,new,bukhara,2,16
358254,2.1740358785883953,0,ios,old,samarkand,1,73
267568,3.1240997571778895,0,ios,old,bukhara,5,53
241228,1.6430672630946417,0,ios,new,tashkent,3,79
253009,1.4016872982342954,0,android,new,tashkent,2,44
605266,1.6296047340786513,0,ios,old,tashkent,2,41
491163,2.9328380888688814,0,android,new,bukhara,5,53
722955,2.180588307728892,0,android,old,samarkand,1,53
73950,2.2989819748660834,0,android,old,samarkand,1,55
215624,2.8824731967193817,0,android,old,tashkent,5,82
136286,2.633516438130573,0,android,new,bukhara,1,71
667439,2.3814058502928335,0,android,old,tashkent,2,57
173067,0.844150960693317,0,android,new,tashkent,1,21
769685,2.0010851879108826,1,ios,old,bukhara,1,40
650739,2.2256049294425315,0,android,new,bukhara,2,83
289030,0.9243526731145726,0,ios,old,samarkand,3,7
523877,3.15307510584153,0,android,old,tashkent,1,95
909771,2.6033851354172346,0,ios,old,bukhara,3,59
526691,2.8891652444860334,0,ios,old,samarkand,5,70
614244,2.2851596633514255,1,ios,new,samarkand,1,82
67887,1.2513149457228254,0,android,new,bukhara,2,23
942673,3.1027185385385376,0,ios,old,bukhara,2,72
728852,2.0094956573841105,0,ios,new,bukhara,2,55
857305,1.7012629812846745,0,ios,new,tashkent,5,53
900259,2.4606722653186694,1,android,old,samarkand,3,44
304889,1.850179786565902,0,android,old,samarkand,2,7
591975,1.4568184004040439,0,ios,new,samarkand,4,46
818356,2.2379800861557966,0,android,new,samarkand,3,73
181532,2.167828746156828,0,ios,new,bukhara,1,78
993721,2.625894107960091,0,android,new,samarkand,5,63
364104,0.9298620811233019,0,ios,new,tashkent,4,27
442407,1.2994415472642245,0,android,old,tashkent,4,5
698694,0.6297932810095888,1,ios,new,samarkand,4,8
618540,0.9574509425055329,0,ios,new,bukhara,2,18
693447,2.3190448308505354,0,android,new,bukhara,1,80
322880,0.044925265237503176,0,ios,new,tashkent,1,16
270407,3.0234685251604736,1,android,new,samarkand,3,90
665424,1.0780382329084444,0,android,new,tashkent,2,42
146152,1.8011063335961628,0,android,old,tashkent,3,13
625884,2.251250898233482,0,ios,old,bukhara,5,30
167172,1.2463923193517823,0,ios,old,tashkent,2,24
894470,2.6500595208898723,0,ios,old,tashkent,1,92
18654,2.6571910065085653,0,android,old,tashkent,3,74
903384,2.865313864021357,0,ios,old,bukhara,4,63
475656,0.9461276252767432,0,android,new,tashkent,1,37
645885,3.001661968122451,0,ios,old,bukhara,5,60
469151,1.6064227261526214,1,ios,new,samarkand,3,49
429283,1.0626194664122042,1,ios,new,tashkent,5,32
337328,1.5720688678487693,0,ios,new,tashkent,4,80
972144,2.4153731679191752,0,android,old,tashkent,2,63
756998,3.129864696545603,0,android,old,tashkent,5,87
298423,2.3676165245842533,0,android,new,tashkent,1,99
194176,2.2663579164173964,0,ios,old,bukhara,3,15
699987,2.433831565688472,0,android,old,samarkand,5,49
276326,1.2071054182806742,0,ios,old,tashkent,4,19
737376,2.1337638652940245,0,android,old,samarkand,3,27
207148,2.302719574960277,0,ios,new,tashkent,5,88
952651,1.6878198117850802,0,ios,new,tashkent,1,72
864546,2.4341494885987354,0,android,new,bukhara,1,89
220307,1.9851103519519349,0,ios,old,tashkent,4,41
49625,3.669659237206922,0,android,old,samarkand,4,98
78496,0.8006855688666196,0,android,new,samarkand,2,16
985465,2.0648000236745263,0,ios,new,bukhara,5,72
975019,2.3735089443534907,0,ios,old,bukhara,3,53
20859,2.8142508208600114,0,ios,old,tashkent,4,78
161189,1.8174928662898782,0,android,old,tashkent,3,36
424665,1.5622572092373146,0,ios,new,bukhara,2,34
79604,1.2589796577353534,0,android,new,bukhara,3,8
320492,0.5136179677495861,0,ios,new,samarkand,1,24
851200,2.5185530108934215,1,android,new,tashkent,5,78
688429,3.104826336620848,0,android,old,bukhara,2,63
534736,2.5462023569412318,0,android,old,samarkand,2,59
206411,2.9473706248160743,0,android,old,samarkand,5,67
196933,2.142082225352519,1,android,old,samarkand,3,37
802184,1.8983094685094672,0,ios,old,tashkent,5,49
628417,1.115967135209135,0,ios,new,bukhara,2,30
544601,3.8019890814515396,0,android,old,samarkand,3,98
635052,2.7128717730470573,0,android,new,samarkand,2,78
596945,2.667118487509884,0,android,old,tashkent,4,53
518038,1.312440406048289,0,ios,new,tashkent,3,44
172614,2.0352958200962736,0,ios,old,tashkent,5,33
480284,0.36534816891458716,0,ios,new,tashkent,2,9
427235,0.9361172193494853,0,ios,new,tashkent,5,16
563448,3.209833442671151,0,android,old,bukhara,5,65
403198,2.6751752876865864,0,android,new,bukhara,4,72
88632,1.4802869420255618,0,android,new,tashkent,1,50
388370,0.6487598870906599,0,ios,new,bukhara,1,17
933819,2.622823029234555,0,android,new,bukhara,2,71
182014,1.6454012418064112,0,android,old,tashkent,2,28
775486,1.3756093288781033,0,android,new,tashkent,3,29
716282,1.530523194475617,0,ios,new,samarkand,2,53
560112,3.6425258486410854,0,android,old,bukhara,4,77
956745,2.1699894639452078,1,android,old,tashkent,5,31
962709,0.793263258990709,0,android,new,tashkent,3,8
642334,2.5918256234783916,0,ios,old,bukhara,3,69
913803,1.0079463725189304,0,ios,new,samarkand,3,27
908149,2.2597209116397217,0,ios,old,samarkand,3,67
988717,3.201831335239108,0,ios,old,bukhara,2,63
380119,2.211586854310573,0,android,old,bukhara,2,35
849152,0.8792984406458305,0,ios,new,bukhara,3,16
765620,1.409342804958972,0,android,new,tashkent,4,26
322245,2.3396713791798778,0,android,old,bukhara,4,28
317926,2.752001375769748,0,ios,old,samarkand,2,83
409894,0.8946957137878988,0,android,new,samarkand,2,30
119152,1.917085207294745,0,android,new,bukhara,3,26
482269,1.5904046409871795,0,ios,new,bukhara,3,32
851867,1.0009823978495196,0,ios,old,tashkent,3,10
392807,0.9136554130165155,0,android,new,tashkent,2,31
927185,1.5346832674558486,0,ios,old,bukhara,1,28
962960,2.101801162114431,0,android,old,samarkand,4,19
524854,2.059663263055573,0,ios,new,samarkand,4,85
514284,1.0013864875066067,0,ios,new,samarkand,3,11
630997,2.8296072417732288,0,ios,new,bukhara,4,92
681378,1.7583395085714024,0,android,old,tashkent,4,28
990719,1.4896134322837036,1,ios,new,samarkand,5,28
40852,1.8375145463669114,0,ios,old,tashkent,3,38
639067,3.3057608167697623,0,android,old,tashkent,4,77
838761,1.2257426790879802,0,android,new,samarkand,4,20
859391,2.7386936233631745,0,android,old,bukhara,2,53
720071,3.078438704762352,0,ios,old,tashkent,4,86
703534,3.3801433949882553,0,android,old,bukhara,3,86
522635,1.79426777786598,0,ios,old,tashkent,2,60
656424,1.7256431613802197,0,android,new,tashkent,3,41
725954,2.0780162353039966,0,android,old,bukhara,5,9
460841,1.2627360241472876,0,ios,new,bukhara,3,25
782461,1.4890375620606735,0,ios,new,samarkand,2,58
588878,2.841340779575601,0,android,new,samarkand,2,98
431142,1.2716222509104178,0,ios,new,tashkent,5,55
820193,2.035909068270746,0,android,old,samarkand,4,25
429224,3.6539494725310537,0,android,old,tashkent,5,94
253223,2.7702165901838307,0,android,new,samarkand,4,81
209755,1.7719555602278645,0,ios,old,bukhara,5,6
840242,2.267831067246585,1,ios,new,bukhara,2,65
498632,2.741289816004118,0,android,old,bukhara,1,46
778563,2.8960465820308494,0,android,old,tashkent,5,83
284933,0.5313259342074076,0,ios,new,tashkent,4,14
475315,1.1247187553975893,0,android,new,samarkand,2,21
792456,1.747394770959463,0,ios,new,tashkent,3,68
920676,0.5775668836650325,1,ios,new,tashkent,2,28
45259,1.9218550407076527,0,android,new,bukhara,2,36
942437,1.3621619268554692,0,ios,old,tashkent,3,20
31706,2.40733544467583,0,android,old,tashkent,5,30
355485,3.3509353649592954,0,android,old,tashkent,3,90
316241,2.7068228294388437,0,ios,old,tashkent,2,90
177662,1.69137878477083,0,android,new,samarkand,3,38
585959,2.558922429777148,0,ios,new,tashkent,5,99
977595,2.2533258019731117,0,android,new,tashkent,4,63
617295,2.477900572360791,0,android,new,samarkand,3,84
823952,2.178271033422383,0,android,old,samarkand,1,43
269307,2.1508087672514042,1,ios,old,bukhara,5,44
81267,0.17234080028516852,0,ios,new,tashkent,2,8
989438,3.035894477384149,0,ios,old,samarkand,3,99
263306,1.347644466106418,0,android,new,samarkand,5,13
19150,2.6852477318433623,0,android,new,tashkent,5,93
22822,2.079722629315565,0,ios,old,tashkent,4,64
459062,3.0862388654471404,0,android,old,tashkent,2,97
745308,2.9099261585814062,0,android,old,tashkent,4,83
294156,1.0898098479880427,0,ios,old,bukhara,2,16
654704,3.036951668006156,0,android,old,samarkand,4,76
259473,2.8321574715518607,0,ios,old,bukhara,3,62
931143,2.2656798517019894,0,ios,new,tashkent,4,98
894397,1.8554780044704735,0,android,old,bukhara,5,7
172553,1.479584136414395,0,android,new,tashkent,2,57
246107,2.3703475123132067,0,ios,new,tashkent,4,80
876169,0.7885157849279015,0,ios,new,tashkent,3,27
120018,3.570929965664127,0,android,old,samarkand,4,97
800516,1.042929073790031,0,ios,new,bukhara,2,10
969543,1.8385919788976623,0,ios,old,samarkand,3,32
933779,3.1335726748933723,0,android,old,samarkand,5,58
124992,2.2561537330675754,0,android,old,tashkent,4,39
267472,0.7300238952457684,0,ios,new,tashkent,1,24
864663,3.140732799569923,0,ios,old,bukhara,2,84
596837,2.5474335076620163,0,android,new,bukhara,1,84
31344,2.1539660302827186,0,ios,new,tashkent,2,89
569399,2.3192204903866815,0,ios,old,bukhara,4,31
271142,1.653084598356383,0,android,new,tashkent,4,54
735460,2.153176139718987,0,android,new,bukhara,4,62
322621,2.5636170326391885,1,android,old,samarkand,3,55
671328,1.4907394582909292,0,ios,old,tashkent,5,27
835490,2.3775370438685393,0,ios,old,bukhara,4,59
308437,2.0359988141096403,0,android,old,tashkent,4,33
644440,0.5591260500796464,0,ios,new,tashkent,2,9
624766,2.477162074558042,0,ios,old,tashkent,2,98
791558,1.114782742412628,0,ios,new,samarkand,5,29
148577,2.17403310614629,0,ios,old,tashkent,3,75
37110,1.8817940962319475,0,ios,new,samarkand,5,67
394020,1.9717860402879148,0,ios,new,tashkent,1,97
548913,1.6788916154730311,0,android,old,tashkent,3,38
773280,1.8462935877631832,1,ios,old,samarkand,5,19
235640,0.9535598513015353,0,ios,old,tashkent,2,9
42089,3.104700763746545,1,ios,old,samarkand,5,90
341471,0.8388382794282467,1,ios,new,tashkent,3,19
878820,2.2425779883586316,0,android,new,samarkand,2,72
299378,2.2525483213931126,0,ios,old,samarkand,2,59
659028,3.9898832480099284,0,android,old,bukhara,3,90
146369,2.8163563427833473,0,ios,old,bukhara,2,76
540212,2.215000500041279,0,ios,new,tashkent,2,89
227154,1.600087400987894,0,ios,old,samarkand,3,21
923805,1.0436757375463341,0,ios,new,samarkand,1,37
931811,3.0145058206449513,0,android,old,samarkand,5,77
769613,1.7058189575948972,0,android,old,samarkand,1,25
795347,1.4585142188124958,0,android,old,bukhara,2,8
772842,2.0671455448962512,0,ios,new,bukhara,5,57
270297,2.0740978888557855,0,android,new,samarkand,5,60
111412,1.428677754298806,0,android,new,tashkent,4,27
561426,2.316293672360516,0,ios,new,bukhara,1,82
696112,2.6296926912974254,0,ios,old,samarkand,3,60
384676,2.0454336496704584,0,android,new,samarkand,3,58
415299,3.3346687956297236,0,android,old,samarkand,5,68
745162,1.3120599057386009,0,android,old,tashkent,3,15
65687,1.1516615024989028,0,android,new,samarkand,1,20
497791,3.0442748585776744,0,android,old,tashkent,3,77
465850,2.286978075807972,0,ios,new,bukhara,2,96
950144,2.5538850247982006,0,android,new,samarkand,4,75
92538,0.37573476145438195,0,ios,new,samarkand,2,17
320892,2.2070211048912127,0,android,new,bukhara,5,55
171673,0.7383083101515432,1,ios,new,tashkent,5,8
822386,1.4447535792782091,0,android,new,bukhara,2,21
721713,2.748938154858217,0,ios,old,tashkent,5,78
718071,1.9077891185654328,0,android,old,tashkent,1,20
242244,1.3408337076143657,0,android,new,samarkand,2,44
650135,2.0512874734971587,0,android,new,tashkent,2,73
427753,2.0641840201110933,0,ios,old,tashkent,2,50
761666,0.7696868049760551,0,ios,new,tashkent,2,30
43191,2.4825060080251227,0,ios,old,samarkand,1,80
504487,2.680614406926539,0,android,old,bukhara,5,53
873647,2.500240904317958,0,ios,new,bukhara,3,85
552867,1.3726157234357266,0,ios,new,tashkent,1,69
48475,2.930545622984316,0,ios,new,bukhara,3,90
144992,1.5796928242771822,0,android,new,bukhara,1,40
637295,1.459269930931355,0,android,new,samarkand,2,43
737472,2.470788249634347,0,ios,old,samarkand,4,58
632209,1.6265855151235897,0,android,new,samarkand,2,46
469468,0.8779436550151478,0,ios,new,bukhara,4,20
397894,2.8138030965069345,0,android,old,samarkand,5,58
48281,1.7159372596635685,0,android,old,samarkand,2,13
456088,2.728329567081771,1,ios,old,tashkent,1,99
924140,2.3008159281349703,1,ios,new,samarkand,1,98
831419,2.306387802964273,0,ios,old,samarkand,3,47
116576,1.8389689839075811,0,android,old,samarkand,2,27
786878,2.3441958239316216,0,ios,old,samarkand,5,35
390878,0.9702133835709027,0,ios,old,tashkent,2,7
117789,2.4099313563487357,1,ios,new,tashkent,2,99
289652,2.2691528265261782,0,android,old,bukhara,3,8
187606,2.026132564055218,1,ios,old,samarkand,4,55
434914,1.2146629709590266,0,android,new,samarkand,5,9
316057,1.594605663057013,1,ios,old,samarkand,1,25
550521,1.5076792388264508,0,android,old,samarkand,3,5
269154,1.8527865217479258,0,ios,old,bukhara,1,37
874166,1.0618502084697088,0,android,new,samarkand,1,5
302540,2.6911801805953344,0,android,new,bukhara,4,84
917771,1.5604720819503735,0,ios,new,bukhara,2,28
180000,0.7406873959760745,0,ios,old,tashkent,1,18
467096,1.839601277693152,1,android,new,samarkand,2,53
786614,2.202455425012126,1,android,new,tashkent,5,74
61987,3.257843979835158,0,android,old,tashkent,2,98
467927,2.4384423192083715,0,ios,new,tashkent,5,96
96950,2.7816556640053203,1,android,old,tashkent,1,56
895730,2.752562465246751,0,android,old,samarkand,2,56
354659,3.1838503187930054,0,android,old,bukhara,4,68
33455,1.9504447429146858,0,android,old,samarkand,2,28
670121,1.840137539010557,0,ios,new,tashkent,1,88
381803,0.23461048968978193,1,android,new,tashkent,2,14
932321,3.21403048703504,0,ios,old,bukhara,2,88
744898,3.83656181857369,0,android,old,bukhara,2,96
435370,0.5931927559911856,1,android,new,tashkent,1,15
959662,2.8305812428459305,0,android,old,samarkand,2,69
246302,1.9262434241399813,1,android,old,samarkand,2,16
446630,1.2427358583662695,0,android,new,samarkand,5,9
473702,1.6058102843696753,0,android,old,bukhara,2,17
720819,1.925170597067027,0,android,new,tashkent,2,73
96697,1.4942811348768434,0,ios,new,bukhara,3,40
492606,3.0677686451583224,1,android,old,bukhara,2,61
818823,3.3696455941084515,0,android,old,tashkent,4,84
811308,0.8819407717262291,0,ios,new,samarkand,1,41
701147,2.755463939483569,1,ios,old,samarkand,4,49
84503,3.0929528029603053,0,android,old,bukhara,2,63
820507,2.732742084976368,0,ios,old,tashkent,4,86
782759,2.4251067358076646,0,ios,new,bukhara,1,77
146833,3.080472073420834,0,ios,old,bukhara,1,87
507932,2.7861384019606774,0,android,new,bukhara,4,75
138244,1.8381961958169173,0,ios,new,tashkent,4,76
567133,2.7859387627949275,0,android,old,tashkent,1,85
603047,1.9439250655494207,0,android,new,bukhara,4,32
861622,1.3532676167133888,0,ios,old,samarkand,1,19
88671,2.7030777586604913,0,android,new,bukhara,3,76
415578,1.6488753467661914,0,ios,old,tashkent,3,26
39704,1.050400039167505,0,ios,new,tashkent,2,53
754465,1.5577470011069048,0,android,new,bukhara,2,21
986395,1.99096492104443,0,android,old,tashkent,1,50
214341,2.06132156770793,1,ios,new,bukhara,1,71
72176,2.1280479791352462,0,android,old,samarkand,3,18
496304,0.5850529032273432,0,ios,new,samarkand,1,20
311624,3.2099351717185227,0,ios,old,samarkand,4,80
707059,1.4538319619088156,0,android,new,samarkand,2,37
439711,2.189900720673526,0,ios,old,tashkent,5,46
235623,1.7260525233778863,0,android,new,tashkent,4,59
239587,2.546597675356135,0,android,new,samarkand,5,66
320275,3.2836607550437718,1,android,old,bukhara,2,76
763577,2.520195040417085,0,android,new,samarkand,1,88
93788,2.6332861181718394,0,android,old,samarkand,4,53
690737,2.5683517027933775,0,ios,old,bukhara,2,69
749295,1.558356696403409,0,ios,new,tashkent,1,81
418907,0.32658561395989594,0,ios,new,samarkand,3,23
144502,1.9313121453439235,0,ios,old,samarkand,2,42
994408,1.755268439364223,0,android,old,samarkand,3,8
246769,1.7804860216413478,1,ios,old,tashkent,3,44
765760,2.5888403030736953,0,android,old,tashkent,4,59
469204,0.9391546397862899,0,android,new,tashkent,2,10
482942,0.8768593846491609,0,android,new,samarkand,3,5
259492,0.535686665119976,0,ios,new,tashkent,3,12
71130,1.0462470003331537,0,ios,new,tashkent,4,28
754720,1.6385905505408702,0,ios,new,tashkent,3,63
133278,1.9973323090090531,1,ios,old,tashkent,1,84
603577,3.374731160737132,0,android,old,bukhara,1,94
318003,2.29116670686192,0,ios,old,bukhara,3,22
351329,2.3331854542991395,0,android,old,samarkand,1,49
508689,0.8115948125193768,1,ios,new,samarkand,3,16
121676,3.009942490108704,0,android,new,bukhara,3,95
943180,2.4376787004326577,0,android,old,tashkent,2,56
609058,2.4593266848337505,1,android,new,samarkand,4,67
499130,1.9661094678625342,0,ios,new,bukhara,1,65
201457,0.6804554816208552,0,ios,new,bukhara,2,15
292927,2.055966805483943,0,ios,new,samarkand,2,96
643394,2.761692229348979,0,ios,old,samarkand,3,73
542880,2.8340299326775185,0,ios,old,samarkand,1,97
656975,2.089524734145568,0,ios,new,bukhara,2,59
923663,2.662685995971862,1,android,old,tashkent,4,58
55067,1.4363006092377515,0,android,new,tashkent,1,54
945121,1.824292197906619,0,ios,new,bukhara,1,66
246561,1.8249772154177912,0,ios,new,bukhara,5,5
403541,1.3696393975147012,0,ios,old,tashkent,1,29
289642,1.3460148423600278,0,android,new,samarkand,4,25
308338,2.274701590812372,0,ios,old,bukhara,5,32
111825,2.454948228078891,0,android,new,bukhara,5,68
406488,2.5030199858946207,0,android,new,bukhara,5,70
716578,2.932721476946045,0,ios,old,tashkent,4,91
23759,1.1360026991843226,0,ios,new,samarkand,5,19
389121,1.486067902868098,0,android,new,samarkand,1,36
815715,3.4775550307945213,0,ios,old,bukhara,5,97
729446,2.713474814406183,0,ios,old,samarkand,3,86
626068,1.599415196646834,0,android,new,tashkent,1,67
642662,2.4409080153114218,1,ios,new,bukhara,5,81
955589,1.2404088449921766,0,android,new,tashkent,3,29
252603,1.7830996163363904,1,android,old,tashkent,3,53
237258,2.924222740795188,0,ios,old,tashkent,4,95
667488,1.8964038940770378,0,ios,new,bukhara,4,51
362903,1.9010031806455536,0,android,new,tashkent,2,66
280099,1.4124312286434688,0,ios,old,samarkand,1,9
849820,3.691955938035112,0,android,old,tashkent,4,92
754789,1.4619335284403954,0,ios,new,samarkand,5,27
183653,1.2036657985365062,0,android,new,tashkent,2,52
160562,2.527939945059308,0,ios,old,tashkent,2,85
353658,1.4830867661999316,0,ios,old,tashkent,1,21
578569,2.5039793114587834,0,android,new,bukhara,1,83
637432,0.7516735507823058,0,android,new,samarkand,2,5
44108,2.078715665459965,0,ios,old,samarkand,2,51
464556,3.3134318547617525,0,ios,old,bukhara,5,67
339605,1.5319744433257771,0,ios,old,tashkent,2,34
711133,2.6589829577261073,0,ios,old,bukhara,4,40
680728,0.8476492618665359,1,ios,new,tashkent,1,39
448706,1.6220073752305797,0,ios,new,tashkent,2,94
746848,2.127589250880935,0,android,new,samarkand,1,79
721979,1.1953987734812006,0,android,old,tashkent,2,6
699101,1.3925722487642598,0,android,new,bukhara,1,24
878982,1.962823970543017,0,ios,old,bukhara,1,48
555132,1.436308708535303,0,ios,old,tashkent,1,29
502184,3.4061171875918417,0,ios,old,bukhara,1,89
223275,1.779929460455707,0,ios,old,tashkent,2,68
796488,1.460986688977523,0,ios,new,tashkent,3,50
454476,1.4136765000672928,1,ios,new,samarkand,1,59
340655,2.611636004545246,0,ios,old,tashkent,2,79
515512,3.6233811625982604,0,android,old,bukhara,5,95
664708,0.8121661436086443,1,ios,new,tashkent,1,58
608619,1.512220559083213,0,ios,old,tashkent,2,27
958132,1.8734678931395203,1,ios,new,samarkand,5,43
986578,1.5401411685466933,0,android,new,samarkand,1,51
178262,1.5499383979802142,0,ios,old,tashkent,4,13
683770,1.4626168486981004,0,android,new,samarkand,5,25
354927,2.370510355722149,0,ios,old,tashkent,4,74
47308,2.862460569197266,0,android,old,samarkand,2,89
603315,2.955748606941601,0,android,new,bukhara,1,95
887111,1.5802889692618096,1,android,new,bukhara,4,23
397070,1.3583695197817385,0,ios,new,bukhara,3,36
969310,1.7340556775849802,0,ios,new,bukhara,4,27
12223,2.5084101069703792,0,ios,old,tashkent,3,71
196932,1.9234884539043262,1,android,old,bukhara,2,33
383766,1.1557803328406393,1,ios,old,tashkent,4,14
563442,1.8575154968675296,0,android,new,tashkent,4,56
659431,1.00927831228404,0,ios,old,tashkent,1,47
882469,2.2964612326995058,0,android,old,samarkand,2,62
243731,1.4069421580853698,0,ios,new,tashkent,5,52
544546,3.2039387657516127,0,android,old,tashkent,4,84
14044,3.3405618864070945,1,android,old,tashkent,2,98
26141,3.3475474206057942,0,android,new,bukhara,4,96
23964,2.6176610837760643,0,android,new,samarkand,2,94
69634,3.1478491431065834,0,android,new,bukhara,3,97
850027,1.527788531508636,0,android,new,tashkent,3,50
551493,2.9973176626288183,0,android,old,bukhara,1,67
512350,1.9008665954287665,0,android,new,samarkand,2,80
656930,2.767875372342204,0,android,old,tashkent,5,68
769620,0.07915988796025997,0,ios,new,tashkent,3,10
112238,2.4599755959076464,0,android,old,tashkent,2,66
466935,1.2162858437272537,0,ios,new,tashkent,4,27
176259,2.0859145929304534,0,android,old,tashkent,3,35
138139,2.037294576252961,0,android,new,samarkand,5,55
649033,2.4721947169522664,0,android,old,tashkent,1,31
129957,2.280753524528306,0,android,new,samarkand,5,73
460010,2.2076070990902372,0,android,old,bukhara,4,18
996009,1.6188477129459375,0,android,new,tashkent,3,55
11929,1.3591121733063976,0,android,new,samarkand,5,8
678403,2.4153400862302887,0,ios,new,tashkent,4,97
552829,2.36424839379447,0,android,new,tashkent,3,91
488464,2.4657391343860886,0,android,old,samarkand,3,33
401583,0.9561375323891428,0,ios,old,tashkent,1,16
762828,1.7973657838486055,0,android,new,samarkand,3,51
534484,2.5158620791558763,0,android,new,bukhara,5,53
904100,0.9859722537328092,0,ios,new,tashkent,1,26
578750,1.8053700849275267,0,ios,old,samarkand,3,39
418317,0.894572389017425,0,ios,new,tashkent,4,22
424910,2.593532481755984,0,ios,old,bukhara,3,54
556858,1.5168928580585013,0,ios,old,samarkand,4,9
462265,1.723285479566359,0,android,new,samarkand,3,50
810731,3.1491827572146347,0,android,old,tashkent,3,89
988899,1.1824859040019615,0,android,new,samarkand,5,23
178238,2.4304639745205865,0,android,old,bukhara,2,40
921453,1.7353052647461007,0,android,old,tashkent,3,37
379593,3.0765600826883253,0,android,old,bukhara,1,86
990438,0.7884159860311103,0,android,new,tashkent,2,12
335289,3.0580511971569746,0,android,old,samarkand,5,55
14330,2.189017077283207,0,ios,old,tashkent,2,90
317372,1.7070974473887328,1,ios,new,samarkand,2,62
309781,2.1734344752874133,0,ios,new,bukhara,5,52
566675,0.8223234217519177,0,ios,new,samarkand,1,35
721252,2.59902261835874,0,ios,new,tashkent,5,90
17540,3.1799652098100166,0,android,old,bukhara,4,54
279871,2.8415623219790165,0,android,new,samarkand,5,98
194491,1.8052012417955776,0,ios,old,samarkand,2,35
258644,0.6882220388303468,0,ios,new,bukhara,1,13
892891,2.602297636056431,0,ios,old,tashkent,2,74
333748,1.9184464831180787,0,android,new,samarkand,4,53
806032,0.7748846266053441,1,ios,new,samarkand,1,14
563302,2.049013571279053,0,ios,old,samarkand,3,36
242709,2.6388992395762534,1,android,old,tashkent,3,81
963887,3.0079666702942913,0,ios,new,bukhara,3,99
838602,2.6234832720129817,0,ios,old,samarkand,1,91
126416,2.8284614837599906,0,ios,old,samarkand,5,71
481652,0.8090648997930782,0,android,new,samarkand,2,18
964753,2.3763655587337844,0,android,new,bukhara,4,50
972685,2.2056135014492266,0,android,new,samarkand,2,70
550699,1.2416409176234662,0,ios,new,bukhara,2,42
643762,0.7501651645426519,0,android,new,samarkand,1,5
393698,1.2074661188221179,0,ios,new,bukhara,1,28
115265,3.066154844792913,0,android,new,tashkent,4,99
345464,1.1126595405828443,0,ios,old,samarkand,2,10
745533,2.2179485950077504,0,ios,old,tashkent,4,67
475509,3.1089834509292955,0,android,new,samarkand,4,97
941317,3.330634302479991,0,android,old,samarkand,3,88
945643,1.7926429166425284,0,android,old,tashkent,2,8
986613,1.3841190480307513,0,ios,new,tashkent,5,37
511047,1.1710425925943604,0,android,new,bukhara,3,16
844340,2.5105023722118247,1,ios,old,tashkent,4,64
865164,1.632926886500013,1,ios,new,samarkand,4,55
79948,3.944873568325853,0,android,old,bukhara,4,83
745914,2.724147066158354,0,android,old,bukhara,5,23
613544,2.4709895302210336,1,android,old,bukhara,1,45
127721,1.7343244008118135,0,ios,new,bukhara,3,40
870507,2.8879834107910627,1,android,old,bukhara,5,50
571303,2.0904344172235674,0,android,old,tashkent,2,65
24541,2.3245210123884585,0,ios,new,bukhara,5,50
320310,1.3215566413051953,1,ios,new,samarkand,3,42
164425,1.8201008001491565,0,ios,new,bukhara,1,65
666556,3.4845472865060687,0,ios,old,bukhara,4,97
623494,2.6148625661165186,0,ios,old,samarkand,5,63
71732,1.5574888154592985,0,ios,old,bukhara,3,22
89556,1.9438129421992842,0,ios,new,samarkand,4,75
641086,1.5138003924093721,0,ios,new,bukhara,3,27
896386,2.5358431196651137,0,ios,old,tashkent,2,91
974320,2.9495147558718515,0,android,old,tashkent,3,84
395279,1.787467490219278,0,ios,old,bukhara,3,13
933739,1.736492558353617,0,ios,new,bukhara,1,67
882607,1.1912619617087425,0,android,new,samarkand,5,8
341043,2.1419618309375466,0,ios,old,bukhara,1,47
174930,0.9422762005004657,0,ios,new,tashkent,2,27
486478,3.3046831343797276,0,ios,old,samarkand,4,93
586211,1.6217749977101827,0,android,new,tashkent,2,73
239045,2.999614918306575,0,android,old,samarkand,3,89
362593,2.4571463719966746,0,ios,old,samarkand,3,68
416167,2.761253877335416,0,android,old,tashkent,1,81
77433,1.4921497644637187,0,ios,new,samarkand,1,54
986963,0.8322399498838784,0,android,new,samarkand,1,11
935391,2.5384445198747816,0,android,new,bukhara,1,67
458252,2.427739058581314,0,android,old,tashkent,3,50
131890,2.358457947202197,0,android,old,tashkent,2,59
429486,0.7269941047599695,0,ios,new,samarkand,5,9
115299,1.419774906662127,0,ios,old,tashkent,3,20
332224,2.5516161571982443,0,ios,old,tashkent,3,65
134846,1.1047006024661328,0,ios,old,samarkand,1,15
35448,0.9422939348552588,1,ios,old,tashkent,2,12
604710,0.46522597846671626,0,ios,new,samarkand,2,18
141734,2.5291954517160384,0,android,old,bukhara,3,29
939414,3.722728947301313,0,android,old,bukhara,4,80
181426,1.798133767818201,0,android,old,samarkand,1,18
901060,2.7017088373603046,0,android,old,tashkent,3,61
505332,2.2171886224783464,0,android,new,tashkent,1,86
505434,2.799259469189049,0,android,new,bukhara,4,78
164544,0.7636558103539042,0,android,new,tashkent,2,19
51351,1.3011993970467577,1,android,new,bukhara,3,16
237654,1.8125781621691053,0,ios,old,bukhara,1,16
247418,3.417845448564232,0,android,old,samarkand,4,89
590032,2.012671555920115,0,android,old,bukhara,3,22
444749,3.0220890616468283,0,android,old,tashkent,5,59
131770,0.6774191136655693,0,android,new,tashkent,4,10
226997,2.4906736028456975,0,ios,old,tashkent,2,75
436535,1.2695408810702729,0,android,new,bukhara,2,17
219343,1.610770309489749,0,ios,old,samarkand,4,17
465542,3.162263747584041,0,ios,old,bukhara,1,90
74888,1.626564364999031,0,ios,new,bukhara,3,37
784198,1.0060582518598793,0,ios,new,samarkand,5,20
889726,0.7196090333816113,0,ios,new,tashkent,2,43
641465,1.8851320206133064,0,ios,new,bukhara,5,53
564928,2.9372579896058792,0,ios,new,bukhara,5,97
79815,2.5256080865869945,0,android,new,bukhara,2,87
386942,2.6177030329186772,0,ios,new,bukhara,4,82
172398,2.1026087341793307,0,android,new,tashkent,4,77
557470,2.182396093135212,0,ios,new,tashkent,5,77
876389,2.984893121519501,0,ios,old,samarkand,3,90
488295,2.789732537130318,0,ios,old,tashkent,4,89
13603,1.9670146768414485,0,ios,new,samarkand,5,69
994554,1.8042550853856707,0,ios,new,bukhara,2,68
749986,2.7537892200146943,0,android,old,bukhara,5,29
635513,0.7112250548236987,0,ios,old,tashkent,1,6
232600,2.210928077543852,1,ios,new,samarkand,5,81
542594,2.4392493045237194,0,android,new,bukhara,4,51
979216,2.718536571182286,0,android,new,samarkand,5,72
243326,2.852742334962473,0,ios,old,bukhara,5,52
33702,2.700635467090402,0,ios,old,samarkand,5,83
275671,1.2743681002297524,0,ios,new,bukhara,2,24
113660,1.235868383823413,0,ios,new,tashkent,3,49
351480,1.3689917784682573,0,android,old,tashkent,3,6
796601,3.44932611372177,1,android,old,bukhara,3,89
197216,1.856257286767201,1,ios,new,tashkent,1,72
85395,1.3780985328287911,0,ios,old,samarkand,4,14
949553,2.646882785176851,0,android,new,bukhara,3,77
582806,3.5706619940555013,0,android,old,samarkand,2,93
108004,1.721407906938475,0,android,new,bukhara,5,40
510273,2.2615001765428144,0,android,old,bukhara,5,15
995780,2.36899753622734,0,android,new,tashkent,5,70
836743,3.339302349131383,0,ios,old,samarkand,4,97
992016,0.662987066718432,1,ios,new,samarkand,4,15
380365,2.683177742917868,0,android,old,bukhara,2,48
920174,2.6106041748364306,0,android,new,samarkand,1,85
556692,2.465989864532756,0,ios,old,samarkand,1,71
958215,1.1526990073726429,0,android,new,samarkand,2,18
661212,3.098736031009537,0,ios,old,tashkent,4,91
633459,0.9516594466464767,0,android,new,samarkand,3,14
601380,0.9890405394722948,0,ios,new,tashkent,5,21
514800,1.7274807295106276,0,android,new,samarkand,4,43
162652,3.054484659342434,0,android,old,tashkent,5,52
766232,2.352967671558177,0,android,old,bukhara,5,15
441177,1.2145752527151865,1,ios,new,bukhara,4,15
678430,0.7565440845228265,0,ios,new,tashkent,3,7
736450,2.362437601438011,0,ios,old,bukhara,3,41
38104,1.4445084186290185,0,ios,old,bukhara,1,8
693425,2.1965916934702365,0,android,old,samarkand,5,38
833141,3.503128165893043,1,android,old,bukhara,2,89
406529,3.0042866988085244,1,android,old,samarkand,2,78
301076,1.055178979497763,1,ios,old,tashkent,1,10
513647,2.235295297147563,0,ios,old,samarkand,5,38
978632,3.641033720338398,0,ios,old,bukhara,5,93
914173,0.9182011105997926,0,ios,new,tashkent,3,39
714117,1.6667028073219405,0,ios,new,tashkent,4,61
329566,2.8786838262024794,0,android,old,tashkent,5,55
441359,0.44542752011653153,0,ios,new,tashkent,1,21
598554,2.5438278064130797,1,android,new,samarkand,4,95
349552,2.2446296051216765,0,ios,old,tashkent,5,54
823475,2.0282519779230697,0,ios,new,samarkand,1,77
864677,2.327305679041767,0,ios,old,tashkent,2,67
905883,2.380307676742714,0,ios,new,samarkand,3,97
430391,2.116063381110043,0,ios,new,samarkand,3,72
948103,2.3662592787744146,0,ios,old,samarkand,2,48
963121,3.807211265634915,0,android,old,bukhara,3,99
454439,2.811558375907423,0,android,old,samarkand,4,56
10102,0.8461373964380763,1,ios,new,tashkent,4,32
159877,2.1498621359261794,0,android,old,bukhara,2,12
759627,2.2360846876505835,0,android,old,tashkent,2,68
35201,2.079352299549501,0,ios,new,samarkand,4,58
336749,2.336001180753102,0,android,old,bukhara,5,11
300459,1.0144351918901158,0,android,new,bukhara,2,14
513998,3.068849040240678,0,android,old,bukhara,2,54
862961,2.747919467641855,0,ios,old,bukhara,3,67
855564,0.5268260548181447,0,android,new,tashkent,1,6
410424,3.4503844005345092,0,android,old,bukhara,1,91
691916,2.876848738481921,0,android,old,tashkent,1,92
263458,1.66820705427749,0,android,old,samarkand,5,5
179697,1.5329928782403603,0,ios,old,bukhara,3,10
898249,1.1128431675120116,1,ios,new,tashkent,4,14
846197,1.2379783501067831,0,ios,old,tashkent,2,9
584874,3.1744746635567687,0,ios,old,bukhara,3,77
243194,2.1655089923706656,0,ios,new,tashkent,5,85
474278,2.426524510687413,0,ios,old,tashkent,1,75
745001,2.2655402762950327,0,ios,old,tashkent,1,68
297263,1.8989896249779794,0,ios,new,tashkent,3,96
172034,3.0984239214942515,0,android,old,tashkent,3,84
526980,0.6806417699061432,0,ios,new,samarkand,4,15
12791,3.7431773759092373,0,ios,old,bukhara,5,83
807112,2.8737741204935725,0,android,old,bukhara,1,75
760110,1.8874986262376572,0,android,new,samarkand,3,57
411170,2.2537959228354922,0,android,old,samarkand,4,25
12334,1.5323944637817193,1,android,new,samarkand,5,26
910409,0.9534102373534638,1,android,new,tashkent,4,22
76597,1.1795722540157834,0,android,new,samarkand,1,14
206263,1.6741355663349087,0,android,old,tashkent,1,12
853386,1.4947056902114473,1,android,new,bukhara,5,16
58702,1.0792313434766712,0,ios,new,tashkent,5,16
226273,1.745281601095841,1,ios,new,samarkand,1,88
452601,2.711786065256249,0,android,old,samarkand,4,59
135125,1.4285084545948852,0,ios,new,samarkand,3,32
209605,2.031361905009264,0,ios,old,bukhara,2,34
991191,1.2864835082243824,0,ios,new,samarkand,3,40
730875,1.2944080215103209,0,ios,new,tashkent,4,49
936099,2.126677376935344,0,android,old,tashkent,5,38
267611,2.2048228106679053,0,android,new,tashkent,1,85
209106,2.2377869090625104,0,ios,old,samarkand,2,50
470544,1.6052300623316302,0,android,new,tashkent,3,48
647883,2.060260273619766,0,android,old,tashkent,5,29
225035,2.0271450865427467,0,android,new,samarkand,2,65
427503,1.083707828139449,0,ios,old,samarkand,1,14
226817,2.5008650377975044,0,android,new,bukhara,3,76
553084,1.7151636301930595,0,ios,new,samarkand,1,67
132727,1.445608173439379,0,ios,old,samarkand,4,11
462214,2.5844940161973744,0,ios,old,tashkent,3,81
997151,1.7348132059286263,0,ios,old,tashkent,4,33
125378,0.6761121380783559,0,ios,new,samarkand,2,19
778100,1.7675940145645963,0,ios,new,bukhara,2,50
861187,1.2992050041213623,0,ios,old,samarkand,4,14
224982,1.6381904218300962,0,android,old,samarkand,4,6
869072,1.60592387770372,1,ios,old,tashkent,4,25
203653,2.1557214749046474,0,ios,new,tashkent,2,95
433812,3.3106502540122165,0,ios,old,samarkand,5,84
341940,2.7402342168943634,0,android,new,bukhara,4,75
595068,2.631299714455402,1,android,new,bukhara,2,98
569267,2.360473391709232,0,ios,old,bukhara,5,14
69573,1.7301731250364905,0,android,old,tashkent,1,29
250092,1.3478147142481767,0,ios,new,tashkent,4,50
511593,1.8819790658346804,0,android,old,samarkand,1,44
578825,1.0545055555694458,0,ios,old,tashkent,1,7
340845,3.1812369197475308,0,android,old,tashkent,1,88
114623,2.176875210753442,0,android,old,samarkand,1,37
761559,2.2435546037525556,0,ios,old,tashkent,5,45
259455,2.295350913222738,0,ios,new,samarkand,5,81
207401,0.7821090936801958,0,ios,new,bukhara,3,18
821303,3.0445768740523267,0,android,old,samarkand,5,72
751422,2.9708916517236816,0,android,old,samarkand,2,71
565463,1.9740747522726334,0,ios,old,samarkand,1,33
880076,2.8909948519305964,0,android,new,bukhara,2,78
175244,1.870508215434767,0,android,new,tashkent,4,58
893133,2.594465470243504,0,android,old,samarkand,5,56
805054,1.754590207344931,0,ios,old,samarkand,5,20
607060,1.0962156172744546,1,android,new,tashkent,1,21
646652,0.25412604457846116,0,ios,new,samarkand,1,7
638973,0.6631064215764495,0,ios,new,tashkent,4,5
16424,2.2989327549638126,0,android,old,tashkent,4,36
786504,2.6852235021097117,0,android,old,bukhara,4,38
346075,2.1995895722757144,1,ios,old,tashkent,4,52
763820,1.019159034883991,0,android,new,samarkand,2,21
319499,2.3387862861394373,0,ios,old,bukhara,2,53
222295,1.9697735749555898,0,android,new,tashkent,4,55
397552,1.7530747952204924,0,ios,old,samarkand,1,27
614347,2.5719088303672297,1,ios,old,bukhara,3,71
982348,2.602251309080216,0,android,new,samarkand,4,82
254202,1.2790535559048797,1,android,new,samarkand,3,23
461055,2.349743282369397,0,ios,old,tashkent,4,57
105564,2.475078066681574,0,android,new,samarkand,1,88
642297,2.855158020290341,1,android,old,samarkand,3,61
231767,2.3629949094198106,0,android,old,bukhara,4,10
301713,2.8387229701576175,0,ios,old,bukhara,5,62
544288,1.471477501313611,0,android,new,tashkent,5,48
480790,3.2568749579297216,0,ios,old,bukhara,4,90
632813,2.6500341400589433,0,ios,old,samarkand,5,69
744633,1.5174708598832047,0,android,new,tashkent,4,39
370926,1.27272756044875,0,ios,new,bukhara,3,5
167648,3.1233132260208962,1,android,old,bukhara,5,64
281122,0.594815693799786,1,android,new,samarkand,1,12
88788,1.0706870096882848,0,android,new,tashkent,3,17
201393,1.3231166357167568,0,ios,new,bukhara,2,42
524696,1.7430073125848684,0,ios,new,bukhara,5,38
734632,3.1699020280951453,0,ios,old,samarkand,2,95
627803,2.5838412262901334,1,android,new,bukhara,5,67
50665,3.1013445114406735,0,android,old,bukhara,2,74
452664,3.573458349689004,0,android,old,tashkent,4,93
973101,2.879325873809773,0,ios,old,samarkand,2,86
712631,0.5188690176848131,0,ios,new,tashkent,1,19
466308,1.1818583153027111,0,android,new,samarkand,2,37
162024,3.2042096918324185,0,android,old,samarkand,4,78
314061,2.1507193012270416,0,android,old,tashkent,4,36
319549,1.8727434078093548,0,android,old,samarkand,4,11
141176,1.7849520646942292,1,android,old,tashkent,5,26
816080,1.8299656026845355,0,ios,new,tashkent,4,74
717336,2.672133946330783,0,android,new,samarkand,5,78
814613,1.818852760853638,0,ios,old,bukhara,2,20
248175,1.3474078216691816,0,ios,old,tashkent,1,37
881572,0.8651864669628635,0,ios,new,tashkent,5,11
136816,2.548514192199163,1,android,new,samarkand,2,78
249012,2.249988142627529,0,android,old,samarkand,4,26
197462,1.2790508471162778,0,android,new,bukhara,4,14
422529,1.6207732823229473,0,ios,old,bukhara,3,12
973338,2.058640438315036,0,android,old,samarkand,3,21
451054,2.3241318723140334,0,ios,new,samarkand,2,85
376946,2.046250157015427,0,android,new,bukhara,1,48
864305,2.055160766568352,0,ios,old,tashkent,1,54
790012,1.8638370689437387,0,ios,new,bukhara,4,33
174187,1.8934049835899867,1,ios,new,bukhara,5,56
521530,1.3529006545363262,0,android,old,tashkent,2,13
614577,3.1173545835725807,0,android,new,bukhara,2,96
97972,0.5651825383065172,0,ios,new,tashkent,5,20
245773,1.9062745551622864,1,android,new,samarkand,2,53
953477,2.5842357700996432,0,ios,old,bukhara,1,70
757062,0.8405003098769859,0,ios,new,samarkand,4,23
225215,1.6802374734969447,0,ios,old,tashkent,2,45
730706,2.734314846163979,0,ios,old,tashkent,5,77
130576,2.3572713684942337,0,android,new,bukhara,5,60
910091,1.78501976744877,0,android,old,bukhara,1,20
759665,2.0470424433720686,1,ios,new,tashkent,4,83
755559,2.414944700151558,0,android,new,bukhara,2,72
930935,3.1919074747475813,0,ios,old,bukhara,5,37
976227,1.5006697023337268,0,android,new,samarkand,5,10
713686,1.8514442096899448,0,ios,new,samarkand,2,90
836554,2.2461552132772007,0,ios,new,tashkent,4,96
412408,2.451821322971549,0,ios,old,bukhara,4,37
541092,1.6530416244692419,0,ios,old,bukhara,2,6
502053,2.79819550276873,0,android,old,tashkent,4,72
988356,0.7432761923130824,1,ios,new,tashkent,5,27
901142,2.166145966784933,0,android,new,bukhara,4,32
909750,2.4923233384622097,0,android,new,samarkand,3,82
720876,3.0614899575399543,1,android,old,tashkent,3,95
700513,1.8457019021026606,0,ios,old,bukhara,1,37
618851,1.0857939984681004,0,android,new,samarkand,4,9
251079,1.5415653092348935,0,android,new,bukhara,5,17
441376,1.5813221172476575,0,android,new,bukhara,4,20
213226,2.934608465331194,0,ios,old,samarkand,2,85
394924,0.789891043901334,1,ios,new,tashkent,2,22
525671,2.02842852382549,0,android,new,bukhara,3,47
23628,2.105563095953201,0,ios,old,samarkand,1,64
330568,1.4998507337529103,0,ios,new,bukhara,2,42
125979,1.6765796705141316,1,android,new,tashkent,5,52
289596,2.9687741802829897,0,android,old,bukhara,3,53
750858,1.8841665738736875,0,ios,old,bukhara,2,34
914813,3.12763315699015,0,android,old,samarkand,4,82
112973,1.2295740281399512,0,ios,new,samarkand,4,19
291388,1.523387206401703,1,ios,new,tashkent,3,61
617283,2.316245311517644,0,android,new,samarkand,4,65
452640,1.2356210173010282,0,ios,new,bukhara,4,20
544103,2.0578717540916927,0,ios,new,bukhara,1,64
64754,1.6649784446133433,0,ios,old,bukhara,1,13
293300,3.1691908875883246,0,ios,old,samarkand,3,90
655205,3.001141012518667,0,android,old,samarkand,4,64
161782,3.1831985920115287,0,android,old,samarkand,1,90
570056,2.3472885676651654,0,android,old,bukhara,4,14
914752,3.3601631216209182,0,android,old,bukhara,1,82
766605,1.565626304729809,0,ios,old,tashkent,2,27
243821,2.5567879719851097,0,android,old,bukhara,4,46
342932,2.7996201672433685,0,android,old,tashkent,3,58
777312,1.2239200577956841,0,android,new,bukhara,3,15
364151,1.238958334169854,0,ios,new,samarkand,3,54
243479,0.7356269871062465,0,ios,new,samarkand,3,5
558608,1.9405995614930123,0,ios,new,bukhara,1,70
542185,2.5677248608309364,0,android,new,bukhara,3,60
907401,0.5292677672180601,0,ios,new,tashkent,1,23
186593,2.587904053037673,0,ios,old,samarkand,4,62
534820,2.3873654525169066,0,ios,new,samarkand,4,86
910307,2.1396814191763927,0,android,new,samarkand,1,81
621485,2.3155564709000624,0,android,old,bukhara,3,33
484658,0.49046090972028267,0,ios,new,bukhara,1,5
646692,1.633808988000548,0,ios,new,tashkent,1,80
371261,1.6080330146859394,0,ios,old,bukhara,5,9
360156,1.1699840654623042,0,ios,new,bukhara,1,26
856416,2.4490844888062875,0,ios,new,bukhara,5,58
435819,2.1421371637566975,0,android,new,tashkent,3,70
663455,0.8663474033339089,0,ios,new,samarkand,2,18
347493,3.282231309015126,1,android,old,bukhara,1,90
756989,1.6065320385433455,0,ios,old,bukhara,1,42
864204,2.4049053471433792,0,ios,new,samarkand,5,94
983649,2.9026676860322755,0,android,old,tashkent,5,80
654009,2.113829782418431,0,android,new,bukhara,5,49
525962,2.710663479079937,0,android,old,samarkand,4,44
584702,2.482674118083378,0,android,old,bukhara,5,24
242936,1.1805788177523995,0,android,new,tashkent,1,51
179578,1.9368980925421546,0,ios,new,tashkent,4,95
889495,1.0305522238156108,1,android,new,tashkent,4,13
366269,1.5649345553721496,0,ios,old,bukhara,4,6
222398,2.466324819214092,0,android,old,samarkand,3,54
98307,2.396606054116087,0,android,old,tashkent,1,61
585068,2.162982853618312,0,ios,old,tashkent,5,52
876873,2.3613655031728626,0,ios,new,tashkent,2,95
120716,2.2229029794928175,0,ios,new,bukhara,4,61
123824,2.5758295559469966,0,android,new,samarkand,5,85
966688,1.6658477110000534,0,android,old,bukhara,2,8
422553,3.085176268963476,0,android,old,bukhara,3,47
618045,1.2104281794237062,0,ios,new,tashkent,3,46
725916,0.7493030080181843,1,ios,new,bukhara,1,9
869816,3.4144079017797413,0,android,old,bukhara,4,69
522182,1.0584493138568363,0,android,new,tashkent,5,26
396718,2.212190294015399,0,android,old,tashkent,5,28
233679,2.8862280663384583,0,ios,new,bukhara,1,99
876076,2.7608088147022882,0,ios,new,bukhara,5,95
507054,2.20558687008021,1,android,old,bukhara,2,22
601963,2.279226270777407,1,android,new,tashkent,1,88
237531,1.9133354875521942,0,ios,new,samarkand,1,75
904347,2.04072241896582,0,android,old,tashkent,2,53
823645,1.1818035437809924,1,android,new,samarkand,4,13
508171,1.5331563650057387,1,android,new,bukhara,3,23
855607,2.102571609208322,0,android,new,tashkent,2,66
573792,2.450216753330959,0,ios,old,samarkand,2,67
230847,1.0753558523649147,0,ios,new,samarkand,1,42
855653,2.2347843734065056,0,ios,old,samarkand,5,46
561816,1.6728966627279696,0,android,old,samarkand,4,27
639723,2.488920753205518,1,ios,old,tashkent,2,89
435874,0.7379413677286808,0,android,new,samarkand,1,21
994091,1.196871416321367,0,android,new,tashkent,5,11
877554,2.9542278287947075,0,ios,new,samarkand,5,95
710004,2.521623911129552,0,ios,new,bukhara,1,98
914786,3.3677198425545933,0,ios,old,samarkand,3,96
483850,3.0684707031923755,0,android,old,samarkand,5,78
528281,3.1042586377711574,0,android,old,tashkent,2,88
940175,2.137924975779771,0,android,old,samarkand,5,21
48193,1.7830794007566733,0,ios,old,samarkand,4,26
419369,2.40601662688778,0,ios,old,samarkand,3,59
846054,2.0870517299599736,1,ios,new,tashkent,5,83
542064,2.3691708731617895,0,android,new,bukhara,4,43
401946,1.3557132717221432,0,ios,new,tashkent,1,64
110622,0.3112747719506043,0,ios,new,tashkent,1,15
54523,1.3100214218080344,0,ios,old,samarkand,1,24
943164,2.0451626872113806,0,ios,old,tashkent,4,42
974121,3.532998599868613,1,android,old,bukhara,1,84
69982,2.709895018478745,0,ios,old,tashkent,1,92
899012,2.124686583517936,0,ios,old,bukhara,3,46
610406,2.5759447693819553,0,android,old,samarkand,2,55
625561,3.3606251974514945,0,android,old,samarkand,2,97
251434,2.190700839088918,0,ios,old,bukhara,2,38
561919,1.906094760580329,0,ios,new,bukhara,2,62
866361,2.330726304925005,1,android,new,samarkand,4,60
976458,1.0864190463051062,0,android,new,bukhara,2,18
424468,-0.025575020938213622,0,ios,new,samarkand,4,8
699924,0.8990570723473439,0,ios,new,bukhara,2,23
801052,0.6934768049699214,1,ios,new,tashkent,2,30
483213,2.474773242075499,0,ios,old,bukhara,3,39
183126,2.5770757438200045,0,ios,new,bukhara,5,86
858326,1.9319315343915398,1,ios,new,tashkent,3,77
451540,2.2944307220566382,1,android,old,samarkand,2,46
742056,2.683201704651504,1,android,old,samarkand,2,58
733111,2.7827799759614673,0,ios,new,bukhara,5,79
754859,0.7642074653563821,0,ios,new,tashkent,4,15
91723,1.4870883567460131,0,android,new,samarkand,4,24
248220,1.96870108854872,0,ios,new,bukhara,3,71
200382,3.392876801461264,0,ios,old,bukhara,4,88
158001,2.813076862227172,0,android,old,bukhara,2,58
905925,2.8885496575822613,0,android,new,samarkand,5,83
451962,2.2524224880783184,1,android,new,bukhara,5,54
945607,1.3173318147011588,0,ios,new,tashkent,2,49
889122,1.6352145041529098,0,ios,new,tashkent,3,62
239497,2.6410725187338606,0,ios,old,bukhara,3,46
626105,1.018263739283449,0,ios,old,tashkent,2,9
833200,2.692849316428476,0,android,old,samarkand,3,47
502550,2.65113057390989,0,ios,old,bukhara,5,49
88666,2.453063041444136,0,android,old,bukhara,2,65
405780,2.8967210305077873,0,android,old,tashkent,1,83
971238,3.1542507922250107,1,android,old,bukhara,4,67
660792,1.148474119817239,0,android,new,samarkand,3,29
561301,2.1308026141344674,0,ios,old,samarkand,4,45
967989,2.6971356990593565,0,android,old,tashkent,2,83
434345,1.7324467674211133,0,ios,new,samarkand,2,69
292129,2.870807489931177,1,ios,old,tashkent,3,95
357504,2.545208731414294,0,ios,new,samarkand,4,97
455614,2.5014117773282525,0,android,old,bukhara,4,35
283745,2.189113145257068,0,ios,old,samarkand,2,61
628438,1.2801969012085879,0,ios,new,bukhara,1,23
368520,3.520028295740604,0,android,old,bukhara,2,86
659893,1.829829466091112,0,ios,new,bukhara,3,39
475145,1.1120116263179582,0,android,old,tashkent,3,6
471008,2.858793709659703,0,ios,new,bukhara,4,87
942971,2.004941060239724,0,ios,old,samarkand,1,58
826018,1.4713968806309707,1,android,new,tashkent,3,62
932606,3.2512042161501746,0,android,old,tashkent,5,86
483695,2.0402033412491027,0,android,new,samarkand,1,76
152547,1.9927005212069435,0,ios,old,samarkand,2,53
697794,3.175804018230614,0,ios,old,samarkand,3,95
813809,2.725634806937891,0,ios,old,tashkent,4,89
398205,2.0063478380679225,0,android,new,tashkent,2,69
681232,2.1276157562897073,0,android,new,tashkent,1,67
215077,3.349877360159196,0,ios,old,bukhara,2,93
661498,1.8263895265966932,0,android,new,bukhara,1,49
374920,1.456818632882272,0,android,new,bukhara,3,14
92980,2.2392103336042117,1,ios,old,tashkent,3,77
503972,2.721767947610066,0,ios,old,samarkand,3,64
560465,1.6314683837989812,0,android,new,tashkent,4,41
345394,1.391664356754678,0,android,new,tashkent,1,42
852712,2.7697664787562974,1,android,old,tashkent,5,59
655445,1.4254131282920528,0,android,new,bukhara,5,8
95202,1.9446450378582816,0,android,old,samarkand,1,33
670604,3.0287453725183973,0,ios,old,tashkent,5,86
633284,1.7659991554714698,0,ios,new,bukhara,3,43
584251,2.1017785610710455,1,android,old,samarkand,5,23
961372,2.2009715348772647,0,android,old,tashkent,4,32
888890,2.52692161366774,0,ios,new,bukhara,4,98
876216,2.243918642436722,1,android,new,samarkand,5,62
328561,1.7645331219766038,0,ios,old,bukhara,1,27
170195,2.038439811815618,0,android,old,tashkent,1,53
517198,2.5071365020060528,0,ios,new,bukhara,4,85
767441,1.7671994069169743,0,ios,new,bukhara,4,40
852947,2.3920621699853517,0,ios,new,samarkand,3,87
444260,1.4336816833637054,0,ios,old,samarkand,4,11
665755,2.5821228937409932,0,ios,new,samarkand,4,85
799643,1.398528565661056,0,ios,new,tashkent,3,45
936406,1.372770579526278,0,ios,new,tashkent,3,68
550134,2.187733577770518,0,ios,old,tashkent,2,59
813519,2.6386568960560646,0,android,old,samarkand,3,53
918081,2.7963431755300965,0,ios,new,bukhara,4,81
786288,0.7170178383214428,0,ios,new,samarkand,1,29
526957,1.2437360812400315,0,android,old,tashkent,2,14
692750,3.252300913609696,0,ios,old,samarkand,4,95
298897,2.4094353463831286,0,android,old,tashkent,1,57
352910,1.507651044673349,0,ios,new,bukhara,4,30
813609,1.6719661460730297,0,ios,new,samarkand,4,62
361048,1.5373586245505029,0,ios,new,bukhara,5,14
978303,2.9007662648620927,0,ios,old,bukhara,1,65
629379,1.670761074119391,0,ios,new,samarkand,5,40
21413,2.2671737821927063,0,ios,new,samarkand,2,99
540003,1.873363777570265,0,ios,new,bukhara,3,58
179936,2.439863215722408,0,ios,new,samarkand,5,85
387407,1.8707015833112424,0,ios,new,bukhara,5,36
369676,2.933132730587736,0,ios,old,tashkent,2,92
298529,1.6406524689216817,0,ios,new,samarkand,1,77
266013,2.629209412369601,0,ios,old,tashkent,5,60
28900,3.2584265793337104,0,android,old,bukhara,1,88
70915,3.029931259777917,0,ios,old,tashkent,3,92
425209,2.729587547684463,0,android,old,tashkent,3,76
969433,1.6709533296232681,0,ios,new,bukhara,1,78
777229,1.8617586177253966,0,ios,new,samarkand,3,87
319835,3.1877363634433307,0,android,old,samarkand,5,82
806306,2.4658335238771816,0,ios,old,bukhara,1,49
165608,2.1219183692983785,0,android,new,samarkand,1,79
446989,1.5182713681621376,0,android,new,samarkand,4,20
601008,0.9176079954665524,0,ios,new,bukhara,2,29
117262,2.3895195885893763,0,android,old,tashkent,4,52
140024,1.7902528552015162,0,android,old,tashkent,1,34
492758,2.2641095393271025,0,android,new,tashkent,3,91
833341,2.670656993194694,0,android,old,tashkent,1,80
159641,3.193489206787202,0,android,old,bukhara,4,76
222507,0.6288921109217133,0,ios,new,samarkand,2,6
39452,3.136883189533085,0,ios,old,bukhara,2,81
392370,1.3552081797208984,0,ios,new,tashkent,3,35
513605,2.4403097674081247,0,ios,old,samarkand,4,68
306531,1.8651016818624728,0,ios,old,samarkand,2,36
860635,1.1677497598374422,0,android,new,tashkent,2,24
295082,3.313435141751991,1,ios,old,samarkand,5,96
808348,0.8244693514702653,0,android,new,samarkand,2,10
629483,2.3169892297558627,0,android,old,samarkand,4,20
214980,1.5537954467589787,0,ios,old,tashkent,5,20
196472,2.0199474459167743,0,ios,new,bukhara,4,68
285758,2.0172938312795616,0,ios,new,tashkent,3,85
86160,2.6200638178283198,0,android,old,samarkand,5,25
401740,2.859748330100835,0,ios,old,samarkand,5,79
576123,1.850844438497112,0,ios,new,bukhara,1,61
505344,1.3988544889586776,0,ios,new,bukhara,4,30
762685,3.1606433541915635,0,android,old,tashkent,5,72
761353,2.1166530022975736,0,android,new,tashkent,5,41
590477,1.9014583462789199,0,ios,old,bukhara,4,21
338372,2.225929351004867,0,ios,new,samarkand,3,75
742879,2.5952707079728974,0,ios,new,samarkand,2,89
348931,2.6227509064088594,0,android,new,bukhara,4,71
346623,1.9098711705243259,0,ios,old,bukhara,1,31
796581,2.629144954811315,0,android,old,tashkent,4,66
987774,3.0847249197547475,0,android,old,bukhara,1,76
661070,1.5945767850962682,0,ios,new,bukhara,3,57
869038,2.9347530651306486,0,ios,old,tashkent,1,96
360137,3.5445275511833043,0,ios,old,samarkand,5,98
194414,1.77990802153972,0,ios,new,bukhara,3,47
407257,0.8984460710018902,0,ios,new,tashkent,1,36
160890,1.1681146792612496,0,android,new,tashkent,3,6
887324,2.7131666116802977,0,ios,old,bukhara,5,73
742038,2.8190181220561374,0,android,new,samarkand,5,72
499243,2.3611270535378295,1,android,old,bukhara,3,32
516337,2.528439751496588,0,ios,old,tashkent,1,78
32426,2.948843970090663,0,ios,old,tashkent,5,93
891730,0.9618516109267778,0,ios,new,samarkand,1,36
353117,1.84882127972064,0,android,old,bukhara,1,18
170009,2.941200199763112,0,android,old,tashkent,4,67
755718,1.7935767796259947,0,android,old,bukhara,1,34
917106,2.2374350239015,0,ios,old,tashkent,5,44
902483,1.93558946119557,0,android,new,samarkand,5,33
116628,2.4085540158603016,0,ios,old,samarkand,3,66
570159,2.679302670240239,0,ios,old,tashkent,4,87
678230,2.4383445961116395,0,ios,new,samarkand,3,94
433167,2.0104825443879006,0,android,new,bukhara,2,45
386268,2.875380202717029,0,ios,old,tashkent,3,96
524195,2.558412664297441,0,android,new,bukhara,1,66
334608,1.4809057285852756,1,android,new,samarkand,1,41
110796,1.7454400185411327,0,ios,new,tashkent,3,62
780275,0.9941080794553554,0,android,new,tashkent,2,17
391930,3.0626233324146517,0,ios,old,samarkand,4,92
614676,2.1732111596708243,0,ios,old,samarkand,1,53
918770,2.4715532143314434,0,android,new,tashkent,4,84
613873,1.9622393060362795,1,ios,new,samarkand,3,67
346747,2.957153553642576,0,android,old,samarkand,1,82
791794,2.2808561459638517,0,ios,old,tashkent,1,68
852008,3.187453976565,0,android,old,bukhara,5,52
674347,2.6593723265315683,0,android,old,bukhara,5,31
121581,3.1992479060990635,0,android,old,tashkent,3,95
61852,3.182515176020666,0,ios,old,bukhara,5,66
18924,2.592284432077135,0,android,old,tashkent,1,74
122645,3.1741804306429735,1,android,old,tashkent,4,68
604405,2.9343599723096405,0,android,new,samarkand,3,99
24885,2.125293861717462,0,android,old,bukhara,1,43
620669,3.269408704916085,0,android,old,bukhara,4,76
240535,1.7331988840135777,1,ios,old,tashkent,4,31
905657,2.218200960565198,0,ios,old,samarkand,2,48
172143,1.085879391339623,0,ios,old,tashkent,3,9
409076,1.9574979647844493,1,android,old,bukhara,4,10
637394,2.7132160855075114,0,ios,new,samarkand,3,86
666412,2.119516181975669,0,android,new,tashkent,5,57
335061,0.6617193611099531,0,ios,new,tashkent,3,11
562063,2.1640323619303654,0,ios,new,samarkand,3,78
742259,2.8376445770169116,0,android,new,bukhara,2,86
776518,2.1081567421830805,0,android,old,samarkand,3,44
560409,2.335514956196252,0,ios,old,samarkand,4,54
491083,1.9523897837134347,0,android,old,bukhara,2,9
731234,2.9448124159723195,0,android,new,bukhara,3,85
51223,2.928080448085956,0,ios,new,samarkand,5,99
420334,2.1574556849655613,0,android,old,samarkand,1,52
133447,2.279381194504627,0,ios,old,tashkent,4,47
451912,1.464926672067177,0,ios,new,bukhara,1,45
775479,2.7375885419497625,1,android,new,tashkent,5,97
879656,2.190057578947431,0,android,new,bukhara,2,49
262379,2.850454979589766,1,android,old,samarkand,1,86
339749,1.478671788687276,0,ios,new,tashkent,4,65
592742,2.2375040615245836,0,android,new,tashkent,1,81
415536,3.541762917234662,0,android,old,bukhara,2,81
585179,3.40581130545902,0,android,old,bukhara,2,65
69152,1.6406060375479308,0,android,new,bukhara,1,33
686000,2.298641557621017,0,android,old,tashkent,5,43
153138,1.189841534166474,0,ios,new,tashkent,3,42
312063,2.157206975825292,1,ios,old,tashkent,3,60
862714,3.11403633768224,0,android,old,samarkand,1,95
988322,1.5718744290706075,0,android,new,tashkent,1,56
495732,3.5540325649217364,0,android,old,bukhara,1,94
221649,2.632404008043764,0,android,old,samarkand,4,53
378934,2.7401084174638752,0,ios,new,bukhara,5,95
15464,2.3734631073738015,0,ios,old,bukhara,1,58
494870,1.8636145776755193,1,ios,old,tashkent,5,16
463813,2.433971299562484,0,ios,old,samarkand,1,80
965028,2.717850922584599,0,android,old,tashkent,1,83
389688,2.213853936719206,0,android,new,tashkent,2,82
524073,3.070184859312292,0,ios,old,samarkand,3,92
19221,2.137012285307981,1,ios,new,tashkent,4,74
810388,2.01984771272474,0,ios,old,tashkent,4,30
828538,2.8139852864102397,0,ios,old,bukhara,2,64
971732,1.7377319517621157,0,android,new,bukhara,2,40
238923,2.243885705187496,0,ios,new,bukhara,5,60
370156,1.965321783375199,0,android,new,bukhara,2,31
663236,1.4635777196312048,0,android,new,samarkand,1,54
993616,2.5290342726877975,0,ios,old,tashkent,1,79
157754,2.5860726426874634,0,android,new,bukhara,2,72
739062,1.6659359264067473,0,android,old,bukhara,3,9
53039,1.6984583358145853,0,ios,new,samarkand,2,50
914679,2.5769071243285877,0,ios,old,samarkand,2,55
427090,1.7303535184453953,0,android,old,samarkand,4,15
775091,3.4838855816614553,0,ios,old,samarkand,4,95
515896,2.526678637980363,0,ios,old,samarkand,2,65
400615,1.9818494908796604,0,ios,old,samarkand,3,34
30099,2.263570133396776,0,android,new,samarkand,2,77
282607,0.8676566209603089,0,ios,new,bukhara,3,6
418640,0.956317655423315,1,android,new,tashkent,1,41
33826,2.084021260227031,1,ios,new,tashkent,4,86
612818,3.4077371428693692,0,ios,old,bukhara,5,85
248124,2.6249141429302663,0,ios,old,tashkent,2,89
124393,1.495191049283446,0,ios,new,tashkent,2,79
449951,2.4472794979391286,0,ios,new,tashkent,2,99
517122,2.448146248754515,1,android,new,bukhara,5,47
966911,2.012590106551995,0,android,new,samarkand,3,71
793950,3.163132452480368,0,android,new,bukhara,3,93
519507,1.9570681567521826,0,android,new,bukhara,4,34
257907,2.6158694114340304,0,ios,new,bukhara,5,69
658461,1.5902090293681217,0,ios,new,tashkent,1,87
790062,1.9569889978837076,0,android,old,samarkand,1,41
187510,1.409535273109832,0,ios,new,samarkand,3,32
545758,3.293931057349853,1,ios,old,samarkand,5,93
393510,3.808010163981001,0,android,old,bukhara,4,83
179116,3.239344406201112,0,android,old,bukhara,2,89
601790,2.1885520129678038,0,android,new,samarkand,4,70
978921,1.6088227380071638,1,ios,new,samarkand,3,52
259884,1.2276772639837907,0,ios,new,tashkent,1,53
456001,1.5055881034530796,1,android,new,bukhara,5,10
940184,1.4007824495699654,0,ios,new,bukhara,1,42
398147,2.439721110204054,0,android,old,bukhara,2,32
372734,2.1471784883825875,0,android,old,bukhara,4,14
192065,3.1724467290938327,0,ios,old,samarkand,4,87
997399,1.3626066431434578,0,ios,new,samarkand,4,32
742175,2.394302430117184,0,android,new,samarkand,5,89
682094,2.842589461418461,0,android,old,tashkent,2,87
973605,2.1589428003001805,0,ios,old,tashkent,3,47
723916,2.1282756433089407,0,android,new,tashkent,1,91
928299,1.5034960485227693,0,android,new,tashkent,4,35
836697,0.9704280369252813,0,android,new,tashkent,2,7
559363,2.540710918225966,0,ios,new,bukhara,5,79
369568,3.542877818090159,0,android,old,bukhara,5,79
335960,0.8445915500305766,0,android,new,samarkand,2,9
744440,2.9252116449083716,0,ios,old,tashkent,5,90
116234,2.589547798306261,0,android,new,tashkent,4,85
245470,2.89031955534191,0,ios,new,samarkand,5,99
446457,1.2339418713778998,0,ios,new,samarkand,4,27
632617,1.975729401067006,0,android,old,samarkand,3,24
193415,1.052220236779231,1,ios,old,samarkand,3,13
640054,2.481670012138292,0,android,old,samarkand,1,61
318484,1.0251637258104687,0,android,new,samarkand,4,8
535311,1.2238809707806475,0,ios,old,tashkent,5,7
697308,1.5390388900709273,0,ios,new,bukhara,3,25
995508,1.6438577894073063,0,ios,new,tashkent,2,83
619542,2.2313330816279726,0,ios,old,samarkand,3,49
398019,2.688796526417311,0,android,old,tashkent,5,49
552409,2.496912791057774,1,android,old,tashkent,4,60
553308,2.235812680595489,0,ios,old,samarkand,1,61
566563,1.2662636749279534,0,ios,old,bukhara,1,11
48709,1.938652104869005,1,ios,old,tashkent,4,53
896078,1.7145062249512337,0,ios,new,bukhara,3,33
887635,2.029120197894809,0,android,old,tashkent,2,36
155157,1.429066900469408,0,android,old,tashkent,2,15
529271,2.6791638420856962,0,ios,new,samarkand,1,96
620701,1.667133373835184,0,android,new,tashkent,4,39
821335,1.5360953696579491,1,ios,old,tashkent,1,36
95111,3.2667066952740753,0,android,old,bukhara,3,69
813342,1.265869018561141,0,android,new,tashkent,3,39
91244,2.1128775660138572,0,android,new,samarkand,4,59
778657,2.6299005945176193,0,ios,old,tashkent,5,94
472744,2.0350875132749042,0,ios,new,samarkand,5,73
495751,1.8645617193519146,0,android,old,samarkand,2,24
768058,2.2770192020931312,0,ios,new,bukhara,2,75
59971,2.2281835904085154,0,ios,new,tashkent,5,82
896046,1.6486028954654806,0,ios,new,tashkent,4,54
678934,1.5174758513702513,0,android,new,tashkent,3,54
198582,1.8665329476003507,0,android,new,samarkand,5,40
928827,3.1032193662613192,0,android,old,samarkand,4,81
880000,3.051841906436477,0,ios,old,samarkand,5,69
925892,2.5921460608220963,0,ios,new,bukhara,5,94
200890,2.253053287281006,0,android,old,tashkent,3,45
737274,2.2298599522180362,0,ios,old,bukhara,5,32
80607,2.3032779654235433,0,ios,old,tashkent,5,50
641864,1.5371369107197637,0,ios,old,tashkent,4,22
822522,2.915600630265389,0,ios,old,bukhara,1,84
839419,2.060351415086176,0,android,new,samarkand,2,57
712852,2.0458174388718486,0,android,new,tashkent,4,79
210098,2.116068651794193,0,ios,old,bukhara,1,50
349628,2.686347425579316,1,ios,new,bukhara,2,89
652764,2.1131635365209847,0,android,new,samarkand,4,59
187024,1.6603288616178122,0,ios,new,samarkand,2,53
59551,2.199293727943441,0,android,new,samarkand,4,67
131088,2.1099980082992458,0,ios,old,samarkand,4,40
839227,1.7746857087976977,0,android,new,samarkand,3,27
90929,2.5612691471083195,0,android,new,bukhara,2,91
28112,1.5023648790638688,0,ios,new,tashkent,5,57
66266,2.238610821674535,0,android,old,tashkent,5,45
667014,2.5799709107063835,0,ios,old,samarkand,1,75
559487,1.4902182730861426,1,ios,new,samarkand,5,35
328739,2.102529119515957,0,android,old,samarkand,2,42
134804,0.12725461304825214,0,ios,new,tashkent,1,10
361800,2.3428275984498277,1,ios,new,samarkand,4,76
485641,2.3445515451925636,0,android,new,tashkent,2,96
171332,1.3079798292058467,0,ios,new,tashkent,2,63
332016,1.5103954686263408,0,android,new,samarkand,1,43
907211,2.121080175536703,0,android,new,samarkand,4,76
215425,1.4604038894796887,0,ios,new,bukhara,4,18
64892,2.3755711228628047,0,android,old,samarkand,4,39
953230,1.961177249077054,0,ios,old,bukhara,1,40
736136,2.317277683364455,1,android,new,samarkand,4,70
243477,1.9114277864485274,0,android,new,samarkand,3,41
255024,1.686071763563715,0,ios,old,bukhara,2,12
218162,1.4600300580519412,0,ios,new,bukhara,2,40
151637,3.191875168310974,0,android,old,bukhara,5,62
387449,2.691529484408843,0,android,old,samarkand,5,55
539136,1.954466769806655,0,ios,old,samarkand,2,42
800587,0.8965365901247734,0,android,new,bukhara,2,7
683698,2.445366907582212,0,android,old,tashkent,3,51
524610,1.9943161030904049,1,android,new,tashkent,5,54
473287,2.057443212369586,0,ios,old,bukhara,5,35
555858,0.8754457088485095,1,ios,old,tashkent,2,22
136169,2.6092907717281704,0,android,old,samarkand,4,48
972930,2.597107877316042,0,ios,new,samarkand,4,96
532565,1.8776346763452387,0,ios,new,bukhara,2,75
525896,1.945023134942644,0,android,old,tashkent,4,33
473209,1.7965069174735855,1,ios,old,tashkent,4,47
904588,1.7825669796609152,0,android,new,bukhara,1,46
162900,1.6214192351110368,0,ios,old,samarkand,2,25
133138,3.5899622501220225,0,ios,old,bukhara,5,96
749993,1.3027382712321205,0,android,new,samarkand,3,32
36032,2.8551946267663757,0,ios,old,samarkand,5,58
914126,2.331326238596512,0,android,old,tashkent,2,45
468935,1.9156526130567504,0,ios,old,tashkent,1,41
896986,2.2966196106576717,0,android,old,bukhara,2,20
138829,1.6282372041941287,0,android,new,bukhara,3,23
126470,1.3518784635004315,1,ios,old,tashkent,4,8
455057,0.517610080821528,0,ios,new,tashkent,1,7
203057,0.29719243658049027,0,ios,new,tashkent,1,11
723027,2.946092095855176,0,android,old,tashkent,1,91
147698,1.1836611471839458,0,ios,new,samarkand,2,44
669645,1.5466313825033204,0,android,old,tashkent,1,35
505161,0.7786148875629619,0,ios,new,bukhara,1,40
157059,2.6063094823794697,0,android,new,bukhara,3,79
824286,2.5687028018189837,0,ios,old,samarkand,3,64
935445,1.9112186108182918,0,ios,old,bukhara,1,41
851644,2.9195994653157125,0,ios,old,bukhara,2,72
433491,2.9695973355185776,0,ios,old,bukhara,2,62
592991,2.8222291968832787,1,ios,old,samarkand,1,81
451552,2.6200860908213857,0,ios,old,bukhara,3,49
327297,2.43106505218168,0,android,old,bukhara,3,35
494424,2.9229750870303883,0,android,old,bukhara,3,63
172850,1.9414720391423104,0,ios,new,samarkand,2,70
128045,2.5107856856739987,0,android,old,bukhara,3,43
743889,1.9928484192013065,0,android,old,tashkent,1,60
255878,2.9270382743335674,0,android,new,tashkent,5,95
703800,3.5042394016522262,0,android,old,samarkand,5,94
13265,2.6064176354851596,0,android,old,bukhara,2,49
631374,4.008701602197785,0,android,old,bukhara,5,90
642879,1.7894783289499188,0,ios,old,tashkent,2,33
856679,1.2423102320508868,0,ios,old,bukhara,2,5
554381,1.7062165988875384,0,ios,new,samarkand,4,61
914789,2.6872353141312555,0,android,old,tashkent,3,65
881182,0.5447956513279968,0,android,new,tashkent,2,11
912969,0.7217122606897252,0,android,new,samarkand,1,12
603722,0.8806660351939022,0,android,new,samarkand,4,5
989966,2.012288484796721,1,android,new,tashkent,3,70
181927,1.9327890007942028,0,ios,old,samarkand,1,38
29709,3.5233022747032052,0,android,old,tashkent,4,95
946169,1.1511599441901086,0,ios,old,tashkent,1,8
235537,2.678203582925112,0,android,old,samarkand,2,61
27646,3.0986560514456314,0,ios,old,samarkand,5,78
830236,1.974351873373496,0,ios,old,bukhara,1,27
927500,3.0069461340556862,0,ios,old,samarkand,5,94
486014,1.2983959164694718,0,android,new,tashkent,4,12
206941,0.5849632000963876,0,android,new,tashkent,2,14
266575,0.7537832003751805,0,ios,new,tashkent,1,37
407697,1.9393191177873867,1,android,old,bukhara,1,13
219911,3.58519859881693,0,android,old,bukhara,1,89
913854,2.1199921844802887,0,ios,new,bukhara,5,56
210607,1.4864637893207795,0,android,new,bukhara,2,20
775028,1.1790251738774296,0,ios,new,tashkent,4,40
735609,1.1385902890890296,0,android,new,tashkent,3,15
703060,2.217053495193332,1,ios,new,bukhara,1,81
424693,3.0565737213910236,1,ios,new,bukhara,3,87
359919,2.0280375994341937,1,ios,new,samarkand,2,91
382535,3.1183409730108864,0,android,old,bukhara,4,75
396349,1.9454504157828396,0,android,old,bukhara,3,6
820082,1.4063794064741175,0,ios,old,tashkent,1,21
593883,2.453110073123701,0,ios,old,samarkand,3,57
778688,1.7161777536782192,0,android,old,tashkent,1,30
782865,1.4152299137727429,0,ios,new,bukhara,4,35
69157,1.4374912665958852,0,ios,old,bukhara,1,29
103744,2.3511166476971503,1,ios,old,samarkand,2,69
793519,1.825571331540391,0,ios,new,samarkand,1,77
865752,2.7240881880465935,0,android,old,tashkent,3,67
431378,1.7887154947755008,0,ios,old,samarkand,1,27
777638,2.851714177814814,0,android,new,bukhara,3,86
648290,2.2102554708245274,0,ios,old,bukhara,3,45
65625,2.264476714807802,0,ios,old,tashkent,2,76
809201,3.0740229110830777,0,ios,old,bukhara,4,59
395494,2.3663046561053243,0,android,new,samarkand,1,94
247314,1.5316705636896564,0,ios,new,tashkent,2,72
494986,2.6967366036900104,0,ios,old,bukhara,5,35
920499,1.951690946908833,0,android,old,tashkent,4,26
71995,2.5694364379556167,1,android,new,bukhara,1,89
767315,3.5076556224210087,0,android,old,samarkand,5,84
252312,0.6908760286721609,0,ios,new,tashkent,5,9
501662,0.9145494156598613,0,android,new,tashkent,5,7
929125,1.8874727789323609,1,ios,new,samarkand,5,70
713389,2.02549092936336,0,ios,new,samarkand,4,64
621042,3.332835055990974,0,android,old,tashkent,4,74
283839,1.5892851366225438,0,android,new,samarkand,1,80
382898,1.2232355144128098,0,ios,new,bukhara,3,18
733594,1.6279494726987704,0,ios,new,bukhara,5,20
473557,1.9276642121795493,0,ios,old,samarkand,2,37
384023,2.250362412437227,0,ios,old,samarkand,4,57
884264,2.907562532143534,0,ios,old,samarkand,3,80
609231,2.4388865600865457,0,ios,old,samarkand,3,56
213378,2.52024560262109,1,ios,old,samarkand,3,60
874826,2.186267017836874,0,android,new,bukhara,1,59
415580,3.1773354577937667,0,android,old,tashkent,4,75
136157,2.1600180649129843,0,ios,new,tashkent,5,62
222423,3.5552568197441357,0,ios,old,samarkand,4,99
340244,3.217200300507079,0,ios,old,bukhara,3,97
560720,2.2864512088639795,0,ios,new,tashkent,3,92
917041,2.5135986946679107,0,ios,old,bukhara,2,68
430436,1.9992091390412872,1,ios,old,samarkand,4,18
724883,1.0938100752058415,0,ios,new,tashkent,2,41
642979,1.3259855021544882,1,android,new,tashkent,4,37
179099,2.0502599742763263,0,ios,new,bukhara,4,55
663269,2.6818770338045206,0,ios,old,bukhara,5,51
536852,0.8892712214015832,0,ios,old,tashkent,2,34
965002,2.0339080064605577,0,ios,new,tashkent,2,87
509789,2.4250704089241037,0,android,old,samarkand,5,39
920074,0.8334919975092909,0,android,new,tashkent,2,16
847102,2.3647559633969593,0,ios,old,bukhara,1,49
754276,2.8980111470794805,0,android,new,bukhara,2,94
223806,2.490174645243038,0,android,new,samarkand,4,82
406157,2.382573560729577,0,android,old,tashkent,2,33
182056,2.162945951060331,0,ios,new,samarkand,3,80
948352,0.7530994542827193,0,android,new,tashkent,1,28
74870,1.097224873082601,0,ios,old,tashkent,3,17
841551,2.6579921766721877,1,ios,old,samarkand,1,79
174984,3.2346246962790826,0,android,old,bukhara,4,54
729692,3.1092484120888493,0,android,old,samarkand,1,75
599142,2.0650693524740977,0,ios,new,samarkand,1,82
216342,1.6106891241801287,0,android,new,bukhara,4,33
557169,1.9939824646091022,0,android,old,tashkent,3,46
659724,1.7577118550454818,0,android,new,tashkent,3,53
289871,2.2713089739823755,0,ios,old,samarkand,4,50
511402,3.0884592600405623,1,android,new,samarkand,4,99
687123,1.7207886418663958,0,ios,new,samarkand,3,48
40751,2.1347534221789717,0,android,old,tashkent,3,45
57463,1.3083108130745815,0,ios,new,tashkent,5,38
123196,2.566797787256668,0,ios,old,tashkent,4,87
756573,2.9245335071002345,0,android,old,bukhara,2,53
373954,1.9186292657343176,0,android,new,samarkand,2,61
148736,1.3379992071392324,0,ios,new,bukhara,4,27
104596,0.7753367440556006,0,android,new,tashkent,2,16
527135,1.9551363552811347,0,android,new,bukhara,4,42
23639,1.7158701922760968,0,ios,new,bukhara,3,59
394311,1.62017521820175,0,ios,old,bukhara,3,20
580502,2.0100633520540794,0,android,new,samarkand,1,78
79738,3.266569971079285,0,android,old,bukhara,1,59
238049,0.8225870920987038,0,ios,new,tashkent,2,43
645370,1.6533702888623645,0,android,new,samarkand,2,49
586263,1.652531685451227,0,ios,new,tashkent,1,76
474306,2.1742309425078155,0,android,old,samarkand,3,34
686557,2.5285247868051517,0,ios,old,bukhara,2,51
176168,2.3194295596092056,0,android,old,bukhara,5,21
397067,1.7587924651161593,0,android,new,bukhara,4,25
585286,0.8278771218775596,1,ios,new,samarkand,1,23
591314,0.7766297244809014,0,ios,new,tashkent,3,19
459294,1.0351845213113364,0,android,new,bukhara,3,6
440249,1.9207504021611734,0,ios,old,tashkent,3,59
357101,2.707526584074137,0,android,new,samarkand,5,80
979579,1.7226589470861344,0,ios,old,samarkand,2,26
96638,2.376189176545303,0,android,new,bukhara,4,63
76818,1.4040689537703814,0,android,new,tashkent,5,29
533148,2.1929172640097,0,android,new,tashkent,1,81
785047,2.3447668336561276,0,android,new,bukhara,4,58
272142,2.093868241767016,0,android,new,samarkand,3,77
183166,2.4192234529182355,0,android,new,bukhara,5,56
160756,2.646664041893513,0,android,new,bukhara,1,91
180786,1.2177105282106013,0,android,new,tashkent,4,16
901144,2.8258268248575025,0,ios,old,bukhara,5,70
693526,1.9808950979177873,0,ios,old,samarkand,1,52
172708,1.3507834642887968,0,ios,new,tashkent,3,72
980693,1.0690447700062915,0,ios,new,samarkand,1,46
12362,1.6411212122790826,0,android,new,bukhara,3,19
192284,2.428496473771545,0,android,new,tashkent,4,69
954440,2.4578114712299763,0,android,new,bukhara,4,67
968949,2.689835589453095,0,ios,old,samarkand,3,83
143645,1.8402107176617766,0,android,old,bukhara,1,25
970620,3.400177217853001,0,ios,old,samarkand,5,92
485298,2.5127826915552673,0,ios,old,tashkent,5,65
131913,3.1554846057893933,1,ios,old,tashkent,4,94
568144,2.2851647546436693,0,ios,new,samarkand,3,95
642120,1.868074744085137,1,ios,new,tashkent,4,65
264049,1.705744520021808,0,ios,new,bukhara,4,45
748507,2.2462992922603697,0,android,new,samarkand,1,72
587335,1.6530182010881627,0,ios,new,tashkent,4,81
388321,2.2695695728337704,0,android,new,bukhara,3,70
369852,2.072533613118384,0,ios,old,samarkand,1,52
917525,2.4746530715179906,0,android,new,bukhara,3,52
258253,1.4636321523109967,0,android,new,samarkand,5,12
205858,2.0424854391123746,0,ios,new,bukhara,5,43
278103,2.9481202765960695,0,ios,old,bukhara,4,66
894886,2.106270728239813,0,ios,new,samarkand,2,72
224499,2.339341799147189,0,android,old,samarkand,5,48
32602,3.020953661275571,1,android,old,bukhara,2,90
222723,2.138250057988646,1,android,old,bukhara,1,44
15060,2.2202728728778225,0,ios,new,bukhara,1,81
177042,2.3679175937889765,0,ios,old,samarkand,2,55
917140,2.3587588621743625,0,ios,new,bukhara,3,71
154828,3.6494935202388192,0,android,old,bukhara,3,86
622735,2.570233070591014,0,android,new,bukhara,3,61
550010,2.8514190949712193,0,android,old,tashkent,1,90
599781,2.5753351744309856,0,android,new,bukhara,1,91
602165,1.679336021207583,0,android,old,samarkand,5,13
938292,2.352486902483725,0,ios,old,bukhara,2,50
504462,1.493605539968676,1,android,old,tashkent,2,12
518533,0.9680295033307285,0,ios,new,tashkent,4,30
42484,1.8498756190516197,0,ios,new,bukhara,1,59
823600,2.2227101308442108,0,android,old,bukhara,3,32
70202,1.342956228531821,0,android,new,bukhara,5,12
593395,2.0047957137191,0,android,old,bukhara,2,15
72781,3.543410491835882,0,android,old,samarkand,3,98
836833,1.853865556534936,0,android,new,tashkent,2,67
463526,1.8434920039265,0,ios,old,tashkent,3,35
29668,2.8609681435204903,0,android,old,bukhara,3,62
738412,2.4797374431916293,0,android,old,bukhara,3,33
409649,1.1798928192132203,0,ios,new,tashkent,1,31
787886,2.6246935349699534,0,ios,old,tashkent,5,77
119127,0.8222399651448686,0,ios,new,tashkent,4,6
666229,2.423027938297483,0,android,old,tashkent,1,57
723857,2.4620305776115003,0,ios,old,tashkent,1,96
389460,2.3868851359135888,0,android,new,tashkent,4,80
769793,0.6055476471185444,0,android,new,tashkent,2,11
789336,0.8754748356750381,0,ios,new,tashkent,5,26
324350,1.2721963953877955,0,android,new,tashkent,4,9
917230,1.3787035183386087,0,android,new,bukhara,1,38
900848,2.040422554446499,0,android,new,tashkent,2,72
385347,1.0522714574785517,0,ios,new,tashkent,2,51
373108,0.5063561104997063,1,ios,new,samarkand,1,26
298432,2.7819208830848754,0,android,old,samarkand,2,88
241072,1.9766624530299244,1,android,old,tashkent,2,23
538088,2.021248344071171,0,ios,new,bukhara,1,67
994716,3.0958399466047544,1,android,old,bukhara,1,98
92014,2.7310908892261905,0,android,new,bukhara,2,85
56835,2.4016936608056056,1,ios,new,samarkand,2,92
461193,3.101390710247673,1,android,new,samarkand,5,95
341512,1.0735561527606545,1,android,new,tashkent,1,20
849183,1.537615954520017,0,ios,new,tashkent,4,76
163529,1.8129710760776374,0,android,new,bukhara,3,33
911817,1.5382417336371939,0,ios,old,tashkent,3,26
390822,2.5123890272677283,1,ios,new,bukhara,4,91
479917,3.094040528839786,0,android,old,samarkand,5,89
864152,1.0478116854809705,0,ios,new,bukhara,3,24
858233,2.782856386684364,0,ios,old,bukhara,5,46
590220,2.358179707489353,0,ios,old,tashkent,5,57
857888,0.651562787870116,1,ios,new,tashkent,5,16
294581,3.3350738994632887,0,ios,old,samarkand,5,90
194310,3.309639747160249,0,ios,old,samarkand,4,89
650058,1.127718207399125,0,android,new,bukhara,4,9
679823,3.5601146661697745,0,android,old,bukhara,4,80
557178,1.1470034280368147,0,ios,new,bukhara,2,16
791069,2.123690564520938,0,android,new,bukhara,4,51
49723,3.2014150762208553,1,android,old,tashkent,4,75
542108,0.9532001647309344,1,ios,old,samarkand,1,9
778572,2.657860848167788,0,ios,old,samarkand,3,85
847484,2.903317296746581,0,android,old,samarkand,4,34
370787,2.3491201243273276,1,android,old,samarkand,5,25
761428,2.0968768670775537,0,android,old,tashkent,2,61
61213,2.1407412764302696,0,android,old,tashkent,5,39
91249,1.9186445310098628,0,android,new,tashkent,3,60
147373,2.385628337282542,0,android,old,tashkent,5,48
522172,0.6126702732176323,0,ios,new,samarkand,3,10
478723,2.183172321394143,0,ios,old,bukhara,1,51
272804,3.314357471304124,0,android,old,bukhara,3,80
225266,1.9688306278729721,0,android,old,tashkent,3,56
753675,2.8834141614295827,0,ios,old,samarkand,1,89
717272,2.4274615024382857,1,android,new,tashkent,2,81
653632,1.6324613463980868,0,ios,old,bukhara,1,15
837935,2.1347847960320125,0,android,old,bukhara,4,22
510522,1.6198574416251623,0,ios,new,samarkand,5,61
773837,2.068750691427416,0,ios,old,tashkent,5,28
490345,1.7517491984822369,0,android,old,bukhara,2,14
384111,3.4529801932861406,0,ios,old,bukhara,3,97
115766,2.3981309563074142,0,android,new,bukhara,3,42
105298,2.017080272471016,0,ios,new,samarkand,4,72
742682,1.2153106801707991,0,ios,new,samarkand,5,52
220209,1.7186154366884037,0,ios,new,bukhara,4,36
701843,1.553125164237109,0,ios,new,tashkent,3,52
134198,2.114153194845845,0,android,old,samarkand,3,44
171677,1.1337442618814246,1,android,new,tashkent,3,17
298658,1.536612622191496,0,android,new,samarkand,4,13
93644,2.692803788407124,0,android,old,bukhara,4,50
753915,3.4036914967911005,0,ios,old,bukhara,5,73
961242,1.1222588108350249,0,ios,new,tashkent,5,23
531416,1.9723449366420076,0,ios,new,bukhara,3,53
139559,2.2423497890992983,1,android,old,tashkent,1,56
344498,3.5973248357927474,0,android,old,bukhara,1,94
258573,1.8656756634451166,1,android,new,bukhara,1,57
651468,2.96494031247833,1,android,new,bukhara,2,97
522134,2.1508096156351315,0,ios,old,tashkent,5,52
25224,2.1817519066744424,0,android,old,samarkand,3,38
234257,1.3790084793328057,0,android,new,tashkent,3,42
792766,1.2105075918932737,0,ios,new,tashkent,5,44
371725,3.043474709388768,0,ios,old,tashkent,4,94
670578,1.5534383801775438,0,ios,new,bukhara,2,53
866835,3.3341129582006457,0,android,old,bukhara,4,72
972576,1.8428915100320842,0,ios,old,samarkand,5,34
911116,2.398262383787581,0,ios,new,tashkent,4,94
345458,1.97029614783112,0,ios,old,samarkand,4,43
328987,1.7782758656962134,1,android,old,samarkand,1,9
58162,1.919460497186382,0,android,new,tashkent,1,60
567617,0.9512652821744335,0,ios,new,bukhara,1,22
554365,1.604395213836177,0,ios,new,bukhara,1,33
793513,2.160021627905885,0,android,old,tashkent,1,53
326642,2.419068441938242,0,android,old,bukhara,2,37
835570,2.003606942966107,1,ios,old,bukhara,1,51
600969,3.251721135720646,0,android,old,bukhara,5,67
261426,2.6826674012629947,0,android,old,tashkent,5,58
536309,2.5264924430681295,0,ios,old,samarkand,3,61
312651,3.0875522580245827,0,android,old,tashkent,3,73
489973,2.1202897780385506,0,android,old,tashkent,1,62
909287,3.0475790857245775,0,ios,old,tashkent,5,98
956242,2.698598513904925,0,android,old,bukhara,3,39
806730,1.3231297228930154,0,android,new,bukhara,3,6
493387,1.648337487170056,0,android,new,samarkand,3,34
774362,2.447429068390289,0,android,new,samarkand,1,92
26030,2.6478552318256723,0,ios,new,samarkand,4,98
447457,1.7528174957289744,0,android,new,tashkent,5,57
802344,2.1430664841823837,0,ios,new,samarkand,3,79
663245,1.609697711903338,0,ios,old,samarkand,5,23
107191,1.710113576526647,0,android,old,tashkent,4,18
959865,3.045782855634503,0,ios,old,samarkand,4,94
701341,1.9259765939126157,0,ios,old,samarkand,4,30
358656,3.1982740337748052,1,ios,old,samarkand,4,97
307467,2.2410139722561873,0,ios,old,samarkand,5,53
764536,2.099184930069102,0,android,old,tashkent,4,32
805652,1.93096571095786,0,android,new,samarkand,2,57
485414,3.386730177393463,0,android,old,tashkent,5,87
544614,2.314846750745621,1,android,new,bukhara,3,77
930489,3.4610961020874296,0,android,old,samarkand,4,84
360897,1.9843567408221743,0,android,new,bukhara,5,28
430760,2.7131271979518576,0,ios,old,samarkand,5,68
404901,2.3854085347907175,0,ios,old,tashkent,4,66
429195,1.8151612893153948,0,android,old,tashkent,5,24
734121,2.5326951484346782,0,android,old,bukhara,5,30
416709,1.988892915211354,0,android,old,samarkand,5,19
630449,1.9308055375462372,0,ios,new,tashkent,3,70
325620,1.2044913522801162,0,ios,old,samarkand,4,7
569771,1.6566770052166495,0,android,new,samarkand,3,23
681240,2.9529342167624564,0,ios,new,tashkent,5,98
660256,2.3903387840065973,0,ios,new,bukhara,1,97
517639,2.178566422330894,0,android,new,bukhara,5,44
243525,1.9007027721799765,0,android,new,bukhara,3,37
697416,0.9661025704358944,0,ios,new,tashkent,5,32
353499,1.445111985273412,0,android,new,bukhara,3,35
557623,1.1048328703542363,0,android,new,samarkand,5,20
109883,3.5157562788276135,0,android,old,bukhara,3,96
560818,2.233091624689002,0,android,new,samarkand,3,52
240256,2.646434169054353,0,ios,old,samarkand,5,61
182722,1.8901620897608495,0,android,new,samarkand,3,46
553290,1.1416787533893824,0,android,new,samarkand,2,25
775493,2.263495695029045,0,android,new,bukhara,5,56
19961,1.9140280529341267,0,android,old,tashkent,4,28
647336,1.399680385870013,0,ios,old,bukhara,1,12
21319,1.479385003929411,0,ios,old,samarkand,2,21
881870,1.45036129814284,0,ios,new,bukhara,1,37
345990,2.4147484398388177,0,android,old,bukhara,1,43
669656,1.4571458411858134,1,ios,new,samarkand,5,47
185342,0.6093333912125216,0,ios,new,samarkand,4,17
840294,1.5183663027631464,0,ios,old,samarkand,3,13
985562,3.1104463533090065,0,ios,old,bukhara,3,71
350181,1.8047188883267338,0,android,new,samarkand,4,47
52164,2.681109596268307,0,android,new,bukhara,4,62
897175,1.4963148590104476,1,android,new,samarkand,4,39
532866,1.2001132588873102,0,android,new,tashkent,1,45
614321,1.8867140856040918,0,android,old,tashkent,1,44
929280,1.8754202044872719,0,android,new,samarkand,1,76
965539,2.035379757716507,0,ios,old,samarkand,1,57
800115,2.27370718765986,0,android,old,samarkand,3,60
736875,2.545106250657678,0,ios,new,samarkand,3,87
222091,1.8326481341482799,0,ios,new,tashkent,2,75
41030,3.165498067372377,0,ios,old,bukhara,1,99
547661,2.2802455803181036,0,android,new,samarkand,4,69
857904,2.4814553190291213,0,ios,old,bukhara,3,59
382180,1.9548752914161598,0,android,new,samarkand,4,62
862827,0.4606283408448334,0,android,new,tashkent,2,5
491910,1.7423470936657175,0,ios,new,tashkent,3,80
37170,2.5837766599452756,1,android,new,bukhara,4,85
847476,2.354608711930238,0,ios,new,bukhara,2,74
123838,1.7668717636661204,0,ios,new,samarkand,2,67
434272,2.3987894182797387,0,android,old,bukhara,5,26
592617,1.4660254925479703,0,ios,new,bukhara,5,18
147388,1.9746289733051658,0,android,new,tashkent,5,47
620363,1.0730379929679528,0,ios,new,samarkand,3,18
512696,2.9965346607588805,0,android,new,bukhara,5,80
736418,2.034706830374109,0,ios,old,samarkand,2,62
150163,2.5647982317912885,0,android,old,samarkand,5,53
929591,1.7973390967588765,0,android,new,bukhara,5,39
468264,2.2087622426184863,0,ios,new,samarkand,2,83
370323,1.0910167928895778,0,android,new,samarkand,3,9
770088,1.9452902278674207,0,android,old,samarkand,2,28
253910,2.2330221755048694,0,ios,new,samarkand,4,91
876219,2.5244052313766603,0,ios,old,samarkand,1,65
745739,1.8901467130005802,0,ios,new,bukhara,5,48
821337,1.8066040858765624,0,android,new,tashkent,1,67
77276,2.841612127170519,0,android,new,bukhara,3,88
224895,0.6340957662555257,0,ios,new,samarkand,3,16
515864,2.099677607401443,0,android,old,tashkent,5,30
261251,2.216820091699761,0,ios,new,bukhara,4,86
554271,2.077094807512269,0,android,new,samarkand,1,71
716429,1.0722931490700367,0,android,new,tashkent,4,25
331382,1.8147938002202004,0,android,new,bukhara,1,48
111851,1.4710304953899882,0,ios,new,bukhara,5,17
453844,2.7463256148287543,0,ios,new,bukhara,3,91
371768,1.1726375827732847,0,ios,new,bukhara,1,27
595183,2.399939444278974,0,ios,new,samarkand,4,80
974415,2.249132349372105,0,android,new,samarkand,3,67
863379,0.9077836842408971,0,ios,new,tashkent,5,17
546902,1.5992618644275132,0,ios,new,bukhara,2,29
98309,3.0188734514520537,0,ios,old,bukhara,4,66
529186,1.3558888962700162,0,ios,new,samarkand,4,44
848661,3.1744607707245285,0,ios,old,samarkand,1,99
455055,1.1851307473351862,0,ios,old,tashkent,1,33
193382,2.4321854329040766,0,ios,new,bukhara,4,93
684278,1.5664262516371257,0,ios,old,samarkand,5,20
960750,1.7844510301381982,0,ios,old,tashkent,4,36
177278,2.2077744064223745,0,ios,old,samarkand,5,60
818716,1.752296174708044,1,android,old,tashkent,4,14
727482,2.4675162551318364,0,android,old,tashkent,4,38
590232,2.2689460800236723,1,ios,old,tashkent,5,55
905296,1.3459407673219843,0,ios,new,bukhara,4,34
677797,1.381766788209697,0,ios,old,samarkand,1,19
27253,2.182323489205178,0,ios,new,samarkand,3,90
926591,2.250739147814492,0,ios,old,samarkand,5,48
215984,1.6600950287002,1,ios,new,tashkent,5,65
84436,1.476310678989602,0,android,new,bukhara,2,22
927410,1.5822437151424675,0,android,new,samarkand,5,31
774618,1.6290566164275024,0,ios,new,bukhara,4,31
856052,1.2933665902099591,0,android,new,bukhara,3,13
708243,2.2004184337999235,0,android,old,samarkand,1,26
613141,1.0945193295399713,0,ios,new,bukhara,3,14
407616,1.7267278809918967,1,ios,new,samarkand,3,65
219872,1.3680903138141525,0,android,new,samarkand,1,39
573409,0.9122203602099104,0,android,new,samarkand,2,6
417960,2.8280193604641575,0,android,old,samarkand,5,52
180464,1.8414655917108527,0,android,new,tashkent,1,67
387110,1.1556052021358505,0,android,new,tashkent,5,9
581033,3.050894851098136,0,ios,old,samarkand,3,95
833062,2.816789554326583,0,ios,old,tashkent,2,93
216852,1.7478604971275962,0,android,old,tashkent,3,18
463304,2.2595414141578223,0,ios,new,bukhara,3,85
110793,3.0087197124557177,0,ios,old,samarkand,2,82
927877,1.6683224093820361,0,ios,new,bukhara,2,48
376697,1.635622416603087,0,ios,old,bukhara,3,14
865576,1.1068723390993038,0,android,new,tashkent,3,12
810428,2.1972492485059973,0,ios,old,bukhara,3,17
886869,2.434071072713178,0,ios,old,samarkand,1,85
234054,1.2094193325743623,0,ios,old,tashkent,5,7
103814,2.7430770401661495,0,ios,old,bukhara,1,77
877567,1.5916132394541598,0,ios,new,samarkand,3,53
227302,3.702348661940031,0,ios,old,bukhara,4,95
665785,1.9191182362368082,0,android,old,samarkand,2,29
379827,1.4066037039275974,0,ios,new,bukhara,2,35
11248,2.533091700514859,0,android,old,samarkand,3,67
780379,0.4898167337068671,0,ios,new,tashkent,2,20
547128,1.8615429855042027,0,ios,old,tashkent,5,35
479128,2.416863506489831,0,android,old,tashkent,2,83
424051,1.9399371311333888,0,android,new,tashkent,3,68
409597,1.269340948176537,0,ios,new,samarkand,2,53
227579,2.3192283247312364,0,ios,old,tashkent,1,85
738981,2.6980778600095676,0,android,old,tashkent,5,60
915593,2.981376907260696,0,android,old,tashkent,4,83
642632,1.3213210024308144,0,ios,new,samarkand,3,37
849589,1.9005521769973672,0,ios,old,tashkent,3,20
640756,1.736001157437083,0,ios,old,samarkand,3,22
101337,1.049529746884155,0,android,new,samarkand,3,14
11710,1.1113515398677838,0,android,new,samarkand,4,24
940729,2.791146079411361,0,ios,old,bukhara,5,68
736112,2.529653307949772,0,android,new,samarkand,5,75
723675,1.5560817843769468,0,ios,new,bukhara,1,49
483680,3.6777500147261537,0,android,old,bukhara,1,93
974477,1.348091548815606,0,android,new,tashkent,3,48
121944,3.4966887623772944,0,android,old,tashkent,5,96
11712,1.1973868565176136,0,android,new,tashkent,2,28
537564,1.6268030009057155,0,android,new,tashkent,2,66
290020,1.4645700275601499,0,android,new,bukhara,3,30
996444,1.9670977781038272,0,android,old,bukhara,2,16
526046,2.161189319064856,0,ios,new,bukhara,1,79
143045,2.751570453661854,0,android,new,bukhara,5,75
448581,2.0739127308263265,1,ios,new,bukhara,5,61
946899,1.753199843452664,0,android,new,samarkand,2,34
830424,1.6590980770658446,1,ios,old,tashkent,1,41
532948,2.434735516270477,0,ios,old,samarkand,2,79
91185,1.4425330360438493,1,ios,new,samarkand,3,48
274377,2.28040981874117,0,android,new,bukhara,5,62
351513,1.906830288570645,0,ios,new,bukhara,3,58
193084,1.9953079162603158,1,ios,new,tashkent,1,89
996877,3.070685683822364,0,ios,new,bukhara,4,96
339088,3.3729144571658907,1,android,old,tashkent,5,95
968818,0.9954647337833137,0,android,new,tashkent,1,29
303251,2.315866020875138,0,ios,old,tashkent,3,73
417986,2.6871133365473696,0,ios,old,bukhara,4,75
482539,0.9869243877675867,0,ios,new,tashkent,2,50
682682,1.0431526714230308,0,android,new,bukhara,3,10
61676,1.5691283246370695,0,ios,old,bukhara,4,10
906315,1.7749995559157923,0,ios,old,samarkand,1,32
542112,2.1284306782740217,0,ios,old,samarkand,5,38
263785,2.3747758832629575,0,android,new,tashkent,5,87
349010,1.927617924436768,0,android,new,samarkand,5,34
682389,2.178877071647901,0,android,new,tashkent,2,88
591687,3.7721591052018395,0,ios,old,bukhara,3,99
199429,1.4210315092631463,0,android,new,samarkand,2,25
240701,2.12693534901307,1,android,new,samarkand,5,65
328967,2.0121863384326577,0,android,new,samarkand,1,77
68386,2.9841241754215844,0,android,old,tashkent,5,66
381590,2.3386271760074684,1,ios,old,samarkand,4,44
139687,3.180017231637445,0,android,old,tashkent,2,84
349515,1.240875467909744,0,android,new,tashkent,2,40
96605,2.991726365965957,0,ios,old,bukhara,2,83
169077,3.012085798809424,0,ios,old,samarkand,1,87
20035,2.831374760836821,0,android,old,tashkent,4,68
233701,2.6110097213633634,0,android,new,bukhara,4,69
962649,2.968816934500977,0,android,old,samarkand,1,76
271883,3.0697049432536727,0,ios,old,bukhara,5,71
902889,2.264334516980934,0,ios,old,bukhara,5,34
305999,1.1434118467483496,0,ios,new,bukhara,1,39
251647,1.737954187035141,0,ios,old,tashkent,3,39
484190,2.2808084676328573,0,ios,old,bukhara,3,40
793582,1.531183540634299,0,ios,old,tashkent,1,42
518291,2.8411099658570755,0,android,old,bukhara,1,53
127868,2.63458459283443,0,android,new,bukhara,2,69
198975,2.3580375203960875,0,android,new,samarkand,5,65
829046,2.736666788133379,0,android,new,samarkand,3,94
513493,2.283304029454115,0,android,new,bukhara,1,62
320751,2.299700260508299,0,android,new,bukhara,5,29
349572,1.134469706322707,1,ios,new,tashkent,5,50
994823,0.878097030221132,0,ios,new,tashkent,2,53
255527,1.9609085142865406,0,ios,new,bukhara,2,59
103513,2.1732510611209377,0,ios,old,tashkent,1,65
571691,3.398942291996701,0,ios,old,bukhara,3,94
677437,1.8304688701697596,0,android,old,samarkand,2,17
777617,1.356219352613774,1,ios,old,tashkent,1,30
81280,2.0018724175369442,0,ios,old,bukhara,4,19
839443,1.3468878035617429,0,ios,old,samarkand,5,8
277108,1.6127174822465657,0,ios,old,samarkand,1,41
211089,2.566578486272055,0,android,old,samarkand,3,45
56035,1.5686606525301627,0,android,new,tashkent,3,67
828077,2.4616198134277227,0,ios,old,samarkand,2,72
42333,2.611297149121713,0,android,old,tashkent,5,49
141621,2.790103687480923,0,android,new,bukhara,2,97
182534,2.9766927142352206,0,android,new,samarkand,5,95
390981,2.2569314301413703,0,android,new,bukhara,3,70
786260,1.1517777268837246,0,ios,old,tashkent,1,20
742876,1.0693952529481194,0,android,new,samarkand,4,11
147442,2.35632670854182,0,ios,old,bukhara,4,46
952258,3.20452871027075,0,ios,old,bukhara,2,68
949766,2.279336843777853,0,android,new,tashkent,3,84
449082,1.4458202218670135,0,ios,new,bukhara,4,29
963316,1.5191579504006016,0,android,old,tashkent,5,5
944419,2.2907797369287914,0,android,old,tashkent,3,39
357895,1.7569574886923205,0,android,new,samarkand,2,60
466393,2.739778645713587,0,ios,old,bukhara,3,56
499085,3.2304968191772194,0,android,old,bukhara,1,92
364080,1.8833356991892252,0,ios,new,samarkand,4,66
667998,2.3532260371547755,0,ios,old,tashkent,3,69
96291,1.3248909325872786,0,android,old,samarkand,1,10
88636,2.9569419061840065,0,ios,old,bukhara,1,68
569101,1.9386763432069976,0,android,old,samarkand,3,24
810135,2.075495874352146,0,android,old,samarkand,4,18
649297,1.366202586767156,0,ios,old,tashkent,5,11
628006,2.40585737410412,0,ios,old,tashkent,1,68
608879,2.5708315836454547,0,ios,old,samarkand,1,93
183566,1.7757188256678802,0,android,new,samarkand,4,19
653152,2.835422665917464,0,android,old,samarkand,1,62
242540,2.096616229129269,0,android,old,samarkand,3,31
603176,1.4644588882289429,0,ios,new,tashkent,2,52
792893,2.574879634903201,0,ios,new,samarkand,3,99
551376,2.7203986362071837,0,android,old,bukhara,2,61
258643,1.07092009621095,0,ios,new,tashkent,3,16
303779,1.6116955291309318,0,android,old,tashkent,1,18
783724,1.256012826829692,0,ios,old,tashkent,2,21
763955,2.215201092505037,0,android,old,tashkent,5,51
296907,2.030756127364664,0,android,old,samarkand,1,43
592408,2.2163503101299478,0,android,new,samarkand,4,67
903880,2.823633179076624,0,android,old,tashkent,2,92
26038,1.8143511578549547,1,ios,new,tashkent,3,65
339609,3.76735666104425,0,ios,old,bukhara,5,96
569935,0.7568439037746124,0,ios,new,bukhara,1,21
804674,1.6752209995056444,1,android,new,samarkand,2,51
636017,1.9506351798353305,1,android,old,samarkand,4,30
223200,1.243333781422101,0,ios,new,tashkent,3,46
210293,2.558126001107031,0,android,new,bukhara,4,62
500527,1.723466776508201,0,ios,old,tashkent,3,34
360190,2.906471446388509,0,android,old,bukhara,3,56
443823,1.4019526531103614,0,ios,new,samarkand,2,38
115617,1.3574670513903142,0,android,new,bukhara,3,19
136614,2.442546596686784,0,ios,old,samarkand,5,49
597116,0.6031786040816711,0,android,new,tashkent,1,15
258427,2.0904627778555454,0,ios,old,tashkent,4,43
257015,3.0842769253419746,0,android,old,samarkand,4,74
755482,2.4803671832217686,0,ios,new,samarkand,3,87
200756,1.8695495777068194,0,ios,new,samarkand,5,61
32867,2.2450215399568294,0,android,new,samarkand,3,85
861044,0.6201372201021373,0,ios,new,tashkent,4,20
774892,1.7445257529254523,0,android,old,bukhara,1,15
332473,1.950443488295574,1,ios,new,bukhara,4,45
778120,2.9031946762213034,0,android,new,bukhara,3,97
993886,2.984530910815342,0,ios,old,bukhara,5,67
661011,1.5681990352754283,0,ios,old,tashkent,5,39
754701,1.0297081361127816,0,ios,new,bukhara,1,16
684320,2.440529286272682,0,ios,old,bukhara,2,38
574406,3.384824725434154,1,ios,old,bukhara,5,85
513814,1.7025998298367153,0,ios,new,bukhara,1,66
789385,0.7239283824902107,0,android,new,samarkand,3,10
228322,1.8303277845180554,0,ios,new,tashkent,4,80
981775,1.7765518857964921,0,ios,new,tashkent,1,91
505959,2.468935986972178,0,ios,old,samarkand,3,57
743574,3.3522634375265152,0,ios,old,bukhara,4,96
555891,1.8921458265689377,1,android,new,bukhara,1,50
406553,1.9283430997528688,0,android,new,tashkent,1,76
185970,1.112714320788137,0,ios,old,tashkent,2,11
815590,1.2031775301900745,0,ios,new,bukhara,1,18
642843,1.6885508640516118,0,android,new,tashkent,4,63
885305,1.9055646724797997,0,android,old,tashkent,5,11
785418,1.4588086702808125,1,ios,new,samarkand,3,37
869233,2.1152774928045024,1,ios,new,tashkent,1,95
608921,2.1894351186153194,0,ios,new,samarkand,4,65
37805,2.7647299706757393,1,android,new,bukhara,2,90
183534,1.9177581793258158,0,android,new,bukhara,3,30
381679,2.5636201361105355,0,android,old,bukhara,5,27
967828,3.2781558750418194,0,ios,old,samarkand,5,86
601465,1.2144893583297685,1,ios,new,samarkand,4,26
833666,3.264014190027395,0,android,new,bukhara,5,89
591171,1.616563722863899,0,android,new,tashkent,5,26
447582,2.098069914905035,0,ios,new,bukhara,3,59
852709,1.2148481599090102,0,android,new,tashkent,1,29
349755,0.7440115159034622,0,ios,new,samarkand,1,34
990598,1.615749581714101,0,android,old,tashkent,3,8
919701,2.7502524338191003,0,android,old,tashkent,3,77
203251,2.5595587280328926,0,ios,new,tashkent,3,98
441718,1.9948248542385392,1,ios,new,tashkent,3,89
619716,2.887208040142911,0,android,old,tashkent,3,72
634907,2.388542491726362,0,ios,new,tashkent,5,87
231731,1.9283126479711368,0,ios,old,samarkand,3,27
16709,3.7201245778382237,0,android,old,bukhara,4,95
344668,1.2011490902975646,0,ios,old,samarkand,1,11
394133,0.634288382492136,0,ios,new,tashkent,3,8
957670,2.3013466090350625,0,android,old,bukhara,3,16
645047,2.710158888724855,0,android,old,bukhara,5,27
113781,3.1648837423096836,0,android,new,bukhara,2,97
575406,2.344308319886489,0,android,new,samarkand,1,85
614498,1.0421502154068167,0,ios,new,tashkent,4,41
873799,3.1065301253606457,1,ios,old,tashkent,5,89
937098,1.3834520948061426,0,ios,old,tashkent,2,10
184103,1.2063443965356664,0,ios,new,samarkand,1,37
549054,3.3987130696199594,0,android,old,tashkent,4,96
256045,1.826546659596006,0,android,old,tashkent,5,32
670021,2.2017673096726296,1,ios,new,tashkent,1,97
143942,1.3539884713707402,0,android,new,tashkent,1,45
564030,2.928284492034762,1,android,old,tashkent,5,53
783585,1.2787811197284387,0,android,new,samarkand,2,32
938308,3.0074769452777192,0,ios,old,samarkand,1,99
860229,2.5808121538802817,1,ios,new,tashkent,3,97
675382,1.990751012452158,0,android,new,bukhara,3,35
350522,2.2140848909557818,1,android,new,tashkent,4,68
869453,1.3445525198200774,0,android,new,samarkand,1,48
125581,2.2850685600941323,0,android,new,tashkent,5,84
249839,1.9027252783876483,0,ios,old,tashkent,5,47
245203,2.251232644843841,0,ios,old,bukhara,2,54
538074,0.12160524918920518,0,ios,new,samarkand,1,6
664917,2.729015392329871,0,ios,old,bukhara,4,68
545761,2.786108452650378,0,android,new,bukhara,2,89
538185,1.9493300699861429,1,android,old,tashkent,2,46
808350,1.3564167560989806,0,ios,new,bukhara,5,24
408277,1.463743354126832,1,ios,new,bukhara,5,20
200853,2.710639365096067,0,android,old,samarkand,4,61
544751,2.53267127759015,0,android,old,tashkent,5,41
796403,2.855073502426719,0,android,new,samarkand,5,93
960813,1.2905099384324206,1,ios,old,samarkand,5,6
500214,2.104027282048273,0,android,old,samarkand,3,20
52567,1.241694409855092,0,android,new,tashkent,4,41
243581,1.8383164178798062,0,android,new,tashkent,5,53
610730,1.5897789590488483,0,android,new,tashkent,3,37
403228,1.3157277995973802,0,ios,new,bukhara,4,15
308409,2.1137200414896262,0,android,old,samarkand,2,21
552644,2.3097230444462387,1,android,new,bukhara,1,88
226801,1.6757540790126622,0,android,new,bukhara,4,32
986716,1.757570538152419,0,ios,new,samarkand,4,53
336548,0.8765672349560125,0,ios,new,tashkent,5,12
847331,2.725378055659549,1,ios,old,bukhara,5,49
699143,1.1376718064377962,0,ios,new,tashkent,5,21
377289,3.2387389099996162,0,ios,old,bukhara,2,88
172781,1.0532764056856718,0,android,old,tashkent,2,12
743634,2.6486729449820006,0,android,new,bukhara,4,70
49790,2.32249438396513,0,android,old,samarkand,1,67
661323,1.4557122843478494,0,ios,old,tashkent,2,23
881654,0.984829091441747,0,ios,new,samarkand,1,42
644718,1.485095779853382,1,android,old,tashkent,1,26
414025,2.472541929182458,0,ios,old,tashkent,4,66
622447,1.7879039354067725,0,ios,old,samarkand,3,27
981970,1.4226364837530578,0,ios,old,tashkent,5,13
743024,2.986378310586292,0,android,old,bukhara,1,74
236518,1.0763602900531801,0,ios,new,tashkent,5,11
27247,2.858922900880503,0,ios,old,samarkand,1,90
543751,3.332563853131126,0,ios,old,samarkand,2,90
271259,2.1704135258605164,0,ios,old,bukhara,3,16
946312,1.7411544731269588,0,ios,new,bukhara,5,33
398707,2.097062892707907,0,android,old,samarkand,2,53
902947,1.522416281206298,0,ios,old,samarkand,2,19
542839,3.8783397965661366,0,android,old,samarkand,5,99
599366,1.2654563895095132,0,ios,new,tashkent,3,59
42487,3.0402642570447185,0,android,new,tashkent,4,94
138428,2.4736221980720217,0,ios,old,bukhara,4,45
666632,1.9417241636448364,0,ios,new,tashkent,3,83
315642,1.1927366296273512,0,ios,new,tashkent,2,69
880674,1.5172399762154658,0,android,old,tashkent,2,27
105702,2.063406600084388,0,ios,new,tashkent,1,80
896879,2.7199400441628008,0,android,old,samarkand,2,58
669476,0.695197953039047,0,android,new,tashkent,2,14
250066,1.0314696306938678,0,android,new,samarkand,4,24
537878,1.8448705785792314,0,android,new,samarkand,2,68
509180,2.1364802747135934,1,ios,old,bukhara,1,65
380670,2.2685853773505253,0,android,new,bukhara,3,61
305484,2.746025360616485,0,android,new,samarkand,1,98
464869,1.497762767162513,0,android,new,bukhara,4,5
142060,0.4224513982096855,0,ios,new,tashkent,2,9
597801,1.8636349667365406,0,android,new,bukhara,4,28
581911,1.4121075705008606,0,android,new,samarkand,3,16
934089,2.9824319428457087,0,ios,old,tashkent,3,91
732741,1.3738452983033371,0,ios,new,tashkent,5,45
106250,1.8790023446723956,0,ios,new,tashkent,5,78
275638,3.695090432928394,0,android,old,bukhara,4,94
797114,1.0984874576712422,0,android,new,tashkent,3,42
146847,2.7371432917714005,0,ios,new,bukhara,5,77
857177,3.0122889943474056,0,ios,old,samarkand,4,81
144173,2.59605417909997,0,ios,old,bukhara,4,76
175586,1.444667288413411,0,ios,new,samarkand,2,55
633622,2.514425759950539,0,android,old,bukhara,3,37
443834,1.6518352850149565,1,android,new,bukhara,1,28
240030,3.051849669344952,0,android,old,samarkand,4,73
403506,2.60923204887919,0,ios,old,samarkand,4,69
710799,1.0429776339325825,0,android,new,tashkent,4,8
98720,2.857808715948451,0,ios,old,bukhara,2,69
39626,3.3624514020141483,0,android,old,bukhara,5,77
100041,1.4255848470047927,0,android,new,samarkand,5,22
339465,2.55109636732499,0,android,new,samarkand,3,90
890723,2.364414253495176,0,ios,old,samarkand,2,65
160988,1.5265215783120443,0,ios,new,bukhara,3,42
330795,1.8984182259327202,0,ios,new,samarkand,3,60
828371,2.2612069090097044,0,ios,old,tashkent,5,58
686437,1.0710836766489666,0,ios,old,samarkand,1,8
934990,2.496380798822467,0,android,old,samarkand,5,49
128763,2.953409319059494,0,ios,old,bukhara,4,67
409345,1.4331805507325894,0,ios,new,bukhara,4,15
478006,3.163848343947386,0,ios,old,samarkand,4,91
603023,2.2492149046616667,1,ios,old,samarkand,5,66
559354,2.9670740685806267,1,android,old,tashkent,5,86
263542,3.6008061949507906,0,android,old,samarkand,5,86
105171,2.3492962910449147,0,android,new,tashkent,5,76
432851,2.635070386568963,0,android,new,bukhara,1,86
996667,2.3852512858843933,0,ios,old,samarkand,1,68
380828,2.011103141229659,0,ios,old,samarkand,1,45
293592,0.9384529836133075,0,android,new,tashkent,2,24
431290,1.735001641795805,0,ios,old,bukhara,1,29
393264,1.2585919306757762,0,ios,new,tashkent,4,50
621826,1.6790900542916112,0,ios,new,tashkent,5,64
222913,2.7739143025240756,0,android,new,bukhara,2,89
86581,2.8982591176941463,0,android,old,samarkand,2,77
136086,2.393928863919593,0,ios,old,bukhara,3,50
699845,1.2497227229636705,0,android,new,bukhara,5,12
639824,0.6959367784509121,0,ios,new,samarkand,1,23
832604,2.5668566644535673,1,ios,old,tashkent,2,73
620621,2.351809226582496,0,android,new,samarkand,2,65
673575,1.1621627764557336,1,ios,new,bukhara,5,9
815528,2.3624811595113813,0,android,new,tashkent,1,86
570184,2.5350544294015465,0,android,new,tashkent,5,78
738711,1.3387715232204311,0,ios,old,samarkand,1,19
154998,2.893672484854499,0,ios,new,bukhara,5,91
336398,1.9536101647588011,0,android,old,samarkand,5,8
199300,1.7216067563465236,0,android,new,bukhara,1,48
661490,0.6251374273553281,0,android,new,tashkent,4,7
299138,1.8735530461938361,0,android,old,samarkand,5,15
181709,1.8171615956089449,0,android,old,tashkent,3,24
859986,2.5917174049313907,0,ios,old,tashkent,4,77
304882,2.1631279740322884,0,ios,old,tashkent,4,53
867278,1.7597992307825927,1,ios,new,bukhara,4,47
472851,2.399362271898998,0,android,old,bukhara,2,39
264864,2.4263875649644873,0,ios,old,samarkand,5,54
20676,3.0498068290649933,0,android,old,tashkent,5,84
673031,1.486264457658942,0,ios,new,bukhara,2,45
736644,2.501683351430087,0,android,old,samarkand,2,62
538509,2.518706843565427,0,android,old,samarkand,2,48
121232,1.9186239422722544,0,android,new,tashkent,1,82
162298,2.863212206032617,0,ios,old,samarkand,4,76
791846,2.970673856804251,0,ios,old,bukhara,4,76
166936,0.6236899760976998,0,ios,new,tashkent,3,26
289491,1.9209236134611614,0,ios,old,bukhara,3,24
499976,2.2407128829556915,0,ios,old,samarkand,5,28
389383,1.893054573527004,0,android,old,tashkent,3,26
327139,1.1639737962784356,0,ios,old,tashkent,2,25
178205,1.2065490989714682,0,ios,old,samarkand,3,7
831450,1.8054179456022577,0,ios,new,tashkent,1,86
272505,1.4174737087641371,0,ios,new,samarkand,2,70
966376,3.096201754927204,0,android,old,bukhara,4,65
925698,3.0373090324210645,0,android,new,bukhara,5,84
643567,2.283275916597719,0,android,old,samarkand,1,43
427061,1.5519226735681588,0,android,new,samarkand,4,41
803494,2.131601936489501,0,android,old,bukhara,3,18
656416,1.552615420018742,1,android,new,tashkent,3,55
129439,0.9471178457746787,0,ios,new,samarkand,1,30
614374,1.9586334058305186,0,ios,old,bukhara,2,22
530462,2.1503573617392036,0,ios,new,samarkand,1,96
504364,2.0570432106414023,1,ios,new,bukhara,3,58
176466,1.0844613112476376,0,android,old,tashkent,2,12
921920,2.357294667507408,0,ios,old,bukhara,1,56
746160,2.2028791736069184,0,ios,new,tashkent,1,90
633010,1.8923332345335524,1,android,new,bukhara,3,30
856526,1.6769925385536655,1,android,new,samarkand,3,48
732386,2.6209744492643328,0,android,old,samarkand,5,56
199568,1.753847873870101,0,ios,new,bukhara,3,52
32070,2.2312222859682898,0,ios,new,samarkand,5,90
55586,1.5488406342049554,0,android,new,tashkent,4,69
56115,1.5361086715832566,0,ios,new,tashkent,5,59
138358,2.053396219263783,1,ios,new,samarkand,5,59
467076,2.8410790914664874,0,ios,old,samarkand,5,57
144299,2.4722766051299128,0,ios,old,bukhara,3,49
971914,2.045948786624521,1,ios,new,samarkand,2,84
912822,2.888021963285696,1,android,old,samarkand,2,76
896631,2.2201263694865427,0,android,old,bukhara,4,6
166709,2.184469180779702,1,ios,old,samarkand,4,65
951400,1.389460499346992,0,ios,new,tashkent,3,58
780806,2.246993193770857,0,android,old,tashkent,5,27
510091,1.3124613272274783,0,ios,new,tashkent,5,45
845157,1.9005431370028878,0,ios,old,samarkand,2,39
705873,1.2469870933833112,0,android,old,samarkand,1,6
42267,1.6206154922417297,0,android,new,bukhara,4,11
568120,1.7454124686524572,0,android,new,samarkand,3,53
819838,1.0489689000923932,0,android,new,tashkent,4,15
727961,1.7107165168389333,0,ios,old,samarkand,1,34
412188,0.3014977392001061,1,ios,new,tashkent,5,7
107489,1.5780463645344143,0,ios,old,bukhara,1,14
683896,2.9622321708145574,0,android,old,samarkand,3,88
438007,2.517194621305397,0,android,old,bukhara,2,41
327927,3.0227591208476183,0,android,old,bukhara,5,36
437100,2.868970514393903,1,android,new,tashkent,5,86
169345,1.4477485260031449,0,android,new,tashkent,4,47
735179,2.8791506098914112,0,ios,old,tashkent,5,90
39332,1.1611506558382676,0,ios,old,tashkent,1,24
84028,2.3450793113062254,0,android,new,bukhara,1,73
60437,1.63084519768429,0,android,old,tashkent,4,17
348372,3.0988345849133028,1,ios,old,tashkent,5,83
845740,1.4584008577180751,1,ios,new,tashkent,4,41
52347,2.3242667978860694,0,ios,old,samarkand,4,57
136322,3.1844003214475722,1,android,old,bukhara,2,68
789719,1.838482248053296,0,ios,new,samarkand,5,50
142114,2.3044527932615564,0,android,old,tashkent,1,58
256538,2.429062121663016,0,ios,new,samarkand,4,88
551498,1.9034578318539055,1,ios,new,samarkand,1,84
537737,1.7870827164202465,0,ios,new,bukhara,3,59
480347,1.7163770828410692,1,android,new,samarkand,4,51
247652,2.583348788681225,0,android,old,tashkent,2,63
522110,1.548426737763076,0,ios,old,tashkent,2,39
817516,1.1577806270690594,0,android,new,samarkand,5,7
553902,1.611331090555056,0,ios,old,samarkand,4,18
148398,1.9209240834683903,0,android,new,bukhara,5,14
802163,0.39806907890633303,0,ios,new,tashkent,1,13
233811,3.1721692205803693,1,ios,old,bukhara,4,83
684284,0.8022505597049246,1,ios,new,bukhara,2,7
70405,1.6013224646904858,0,ios,old,tashkent,3,34
366770,1.3424349417885055,0,ios,new,samarkand,3,56
330920,2.025388516754085,0,android,new,tashkent,3,58
863142,1.5410095156430532,0,android,new,samarkand,2,41
52466,1.2585077767505366,0,android,new,tashkent,5,18
375717,1.9620987049610603,1,ios,new,samarkand,1,72
461281,1.176439945266662,1,ios,new,tashkent,2,49
118108,2.474708521913276,0,android,old,bukhara,3,44
841649,2.1666056106832197,0,android,new,tashkent,3,78
91987,2.35239803047625,0,android,old,samarkand,3,39
564739,2.0329988443391085,0,android,new,bukhara,3,38
210577,2.333086810155428,0,ios,new,samarkand,5,85
277969,2.291942056696496,0,android,new,bukhara,4,45
107148,1.5061636291370224,0,android,new,samarkand,3,34
402196,1.4607291487054708,1,ios,new,tashkent,2,59
752164,1.7949818052705102,0,android,old,bukhara,1,10
464957,3.168393967485513,0,android,old,bukhara,3,62
863871,2.7147700894531432,0,android,old,tashkent,2,82
68835,2.8837673774060155,0,ios,old,bukhara,3,73
853962,1.4403979584133453,1,ios,new,bukhara,4,27
498641,1.7493568865746463,0,ios,old,tashkent,4,31
477939,1.5009277484737653,0,android,new,samarkand,2,41
891097,1.114313768882302,0,android,new,bukhara,1,22
514955,1.4692722864413141,0,ios,new,samarkand,5,43
783197,2.600095158969298,0,ios,old,samarkand,4,68
736964,3.35487467015122,1,ios,old,bukhara,4,91
816524,0.7834436732445624,0,android,new,tashkent,5,6
94570,1.428886814467168,0,android,new,tashkent,1,64
102428,2.9571982916422224,0,android,old,bukhara,5,38
407261,3.5545660072630305,0,ios,old,bukhara,2,95
742162,3.2465794439608917,0,android,old,samarkand,5,86
988216,1.6859339035691367,0,android,new,tashkent,2,71
697527,1.7072129046425137,0,android,old,tashkent,1,42
672377,1.3888180958692107,0,android,new,bukhara,5,12
782888,2.93713577753574,0,android,old,tashkent,1,89
28007,1.618460998870653,0,android,new,tashkent,1,55
848545,1.2293337759845904,0,ios,new,samarkand,4,41
148645,1.8301424608151322,0,android,new,samarkand,2,43
220960,1.8664352225008858,0,android,new,bukhara,4,41
926709,1.7090154480287558,1,ios,old,samarkand,1,47
837403,1.7171350112265813,0,ios,old,tashkent,5,26
632896,3.2820161840541306,0,ios,old,tashkent,5,93
714677,2.475228451096917,0,android,new,samarkand,4,93
684368,3.0202327769595403,0,android,new,samarkand,5,96
452190,2.9958642032418754,0,ios,old,bukhara,4,56
416223,1.9170206887569692,0,android,new,tashkent,3,74
763945,1.6408586952493238,0,ios,new,tashkent,3,62
579908,2.0207205877812084,1,ios,new,tashkent,3,92
291070,3.153682575035644,0,android,old,tashkent,4,84
189926,1.1302529891692608,0,ios,new,tashkent,4,24
711631,0.3629328370822258,0,ios,new,tashkent,3,13
207524,3.2419091740298884,0,ios,old,samarkand,4,91
267369,1.4491024147667089,0,android,new,bukhara,1,18
74613,1.446850505332758,1,android,new,bukhara,2,7
17990,1.8127118202735688,0,ios,new,tashkent,3,71
69601,0.7696918735078002,0,ios,new,samarkand,2,8
135023,1.9630853165749034,0,android,old,tashkent,2,47
827318,2.4383646891176562,0,android,old,tashkent,2,50
418352,2.259844581713347,0,android,new,tashkent,1,96
276230,1.3417398603108026,0,android,old,tashkent,1,12
45176,3.017657944268659,0,ios,old,tashkent,5,90
831985,1.1214376152210916,0,ios,new,tashkent,3,41
719621,3.4167182618192466,0,android,old,tashkent,5,91
200450,2.045814414937265,0,android,new,samarkand,4,65
727102,3.3433832255938274,0,android,old,bukhara,4,66
834293,1.4798065439168522,0,ios,old,samarkand,1,21
608054,2.032653823696052,0,ios,old,tashkent,5,38
409240,2.176224989696896,0,android,new,bukhara,4,46
14471,2.6967719809829176,0,ios,new,samarkand,5,74
368459,2.267767539616052,0,ios,new,samarkand,2,84
914588,2.134037946269081,0,android,old,bukhara,2,20
882961,0.4922313449249205,0,ios,new,tashkent,2,14
756678,3.016126475891881,0,ios,old,bukhara,3,82
933158,3.133398164604446,1,android,old,samarkand,4,82
904070,0.9383688521389943,0,ios,new,tashkent,4,27
401304,1.2964949518790225,0,android,new,bukhara,2,22
40862,3.06053297612283,0,android,new,bukhara,5,83
212698,1.5958340123247963,0,ios,new,tashkent,4,65
656761,2.1853087675181917,0,android,old,tashkent,1,48
828316,2.244593176429707,1,android,new,bukhara,4,50
95867,1.784157056337818,0,ios,new,tashkent,1,78
774273,2.098566122030512,0,android,new,samarkand,3,63
461002,1.667897628182025,1,android,new,tashkent,3,57
171737,1.8465356712360463,0,android,new,samarkand,4,54
974756,1.8966430917131438,0,android,old,bukhara,3,13
685170,1.64103992584989,0,ios,old,samarkand,4,12
777721,2.9535138465197894,0,ios,old,samarkand,3,88
938935,0.9999184340826026,0,android,new,samarkand,2,24
303357,2.78212699017212,0,ios,new,bukhara,2,85
540925,1.9718778980243672,0,ios,new,bukhara,3,70
34823,2.77613818645287,0,ios,old,samarkand,3,82
108380,2.4533708789010285,0,ios,old,bukhara,5,41
710869,2.0465126761157504,0,android,old,samarkand,1,24
46263,2.3413012492556917,0,android,old,samarkand,1,70
524944,3.1322950431135426,0,ios,old,tashkent,4,99
569551,1.5492657958064546,1,ios,new,samarkand,5,46
723769,0.5757019289092049,0,ios,new,tashkent,1,16
959435,2.8160660098762915,0,ios,old,samarkand,3,84
787608,1.610107363912379,0,ios,new,samarkand,5,48
656407,1.6444061276531154,0,android,new,samarkand,1,54
424533,2.345122977092718,0,ios,old,tashkent,2,92
291879,3.672523890872114,0,android,old,tashkent,5,89
520504,1.9874516832217244,0,android,new,samarkand,3,51
444462,0.6775152947545231,0,ios,old,tashkent,1,15
476644,2.5233449579239426,0,android,old,bukhara,2,51
985126,2.4535525145899033,0,ios,old,bukhara,4,35
776895,1.3999708170150094,1,android,new,tashkent,1,37
386962,2.5099636159367877,0,ios,old,bukhara,5,38
201294,3.4356726399387743,1,android,old,samarkand,5,91
719620,1.8070140469777463,0,ios,old,tashkent,5,35
171022,2.812287075795843,0,ios,old,tashkent,3,90
896098,1.0426643066400647,0,android,new,tashkent,2,18
676287,2.7186346813164253,0,ios,old,tashkent,5,77
588409,3.219777710152902,0,android,old,samarkand,4,94
231949,2.553005779103196,0,ios,old,samarkand,4,40
699209,1.9616383216697069,0,ios,old,tashkent,5,35
704073,2.2434510241793735,0,android,new,samarkand,2,75
70879,3.2665415079128097,0,android,old,tashkent,4,82
854845,1.2658629981033338,0,ios,old,samarkand,1,14
632151,1.9051822641606597,1,ios,new,bukhara,3,59
211397,2.0907177999339117,0,ios,new,samarkand,5,68
51764,2.309638504917916,0,android,old,tashkent,3,50
877431,3.733147877008916,0,android,old,bukhara,4,87
537941,1.763588431107975,0,ios,new,tashkent,3,75
822170,2.477646449304455,0,android,old,bukhara,3,37
39035,2.084987540773735,0,android,new,bukhara,3,47
199080,3.169652033938534,0,android,new,bukhara,5,84
115749,1.606421886256703,1,android,old,tashkent,1,15
431215,3.0401142950428186,0,ios,old,bukhara,5,47
619147,1.384858277015192,0,android,old,tashkent,3,13
472967,2.2229822256398375,0,android,old,tashkent,2,38
806165,1.4176451364510458,0,android,old,tashkent,3,30
529150,1.954609898995128,0,ios,new,bukhara,5,47
899800,3.1443223322533305,0,ios,old,tashkent,2,99
552404,2.901243029270064,0,android,old,tashkent,4,51
915780,2.21661925878233,0,ios,new,tashkent,3,93
800101,4.182169138195269,0,android,old,bukhara,5,95
414279,2.1313324018605164,1,ios,new,samarkand,2,88
107032,3.211131652240251,0,android,old,bukhara,5,49
489082,2.600707584403708,0,android,old,samarkand,3,56
387210,1.381864846137826,0,ios,new,bukhara,4,49
586410,1.4159887728081963,0,android,new,tashkent,3,41
732480,1.1590501083591467,0,ios,new,samarkand,4,31
760100,3.008484288829321,0,ios,new,bukhara,5,98
887947,0.7115257201553421,0,ios,new,samarkand,2,16
48911,0.8406680292541966,0,ios,new,tashkent,2,31
985455,2.525103747198962,0,android,new,samarkand,5,91
15791,0.7002907795308245,0,ios,new,tashkent,3,8
562171,1.7693373032473314,0,android,new,samarkand,3,64
907775,1.274396225741261,0,ios,new,samarkand,2,34
752363,1.6928604436182257,0,ios,new,tashkent,5,86
319039,3.2890246174251394,0,android,old,bukhara,4,70
278469,1.7349620927438791,0,android,old,tashkent,4,10
140458,0.8108683842862074,1,ios,new,bukhara,2,14
823818,2.835117597183233,0,android,old,tashkent,3,85
110883,1.1646985777531589,0,ios,new,bukhara,1,38
621970,2.3924606551355283,0,android,old,tashkent,4,46
194953,2.8201917909573258,0,ios,old,bukhara,1,66
341331,2.4059569453744527,0,android,old,tashkent,3,59
723696,0.7504013182319772,0,ios,new,tashkent,5,12
79616,0.8725463721963629,1,ios,new,samarkand,1,26
103700,2.914384443768972,0,android,old,tashkent,5,55
642608,2.1788592110625697,1,android,old,samarkand,5,40
532625,2.7932891918650333,0,android,old,samarkand,3,69
268328,1.0228140397652594,1,ios,new,tashkent,1,58
969796,2.672239376738118,0,ios,old,tashkent,4,84
186253,2.5209810953973135,0,ios,old,samarkand,3,81
248014,3.660555577739144,0,ios,old,bukhara,2,95
263811,2.8324284958121373,0,android,old,bukhara,2,55
207326,1.661742634340775,0,ios,new,bukhara,4,55
938367,2.381868227799488,0,ios,old,bukhara,2,31
61930,1.9198280646261523,0,ios,new,tashkent,5,71
973105,2.9893491965207875,0,android,old,tashkent,5,66
697781,1.4435242693086083,0,android,new,bukhara,3,19
389281,2.0651925673653695,0,ios,old,samarkand,2,47
681311,2.965060234446277,0,android,old,tashkent,2,91
48747,2.5173315489799504,0,android,old,samarkand,3,74
23123,2.6059109455791925,0,android,old,bukhara,3,34
224728,2.598283687001615,0,ios,old,bukhara,5,48
46988,2.103393500231704,0,android,new,tashkent,2,71
398561,2.7424392623698046,0,android,new,bukhara,2,93
533132,3.49982813887526,0,android,old,samarkand,4,97
155302,1.99716363632115,1,android,new,bukhara,2,50
672918,1.7107941762609973,0,android,old,tashkent,2,6
629084,0.8435522894289313,0,ios,new,tashkent,1,40
346892,3.2224815364038335,1,ios,old,tashkent,5,92
622645,1.9655431888034425,0,ios,new,tashkent,4,50
671336,1.850680958866944,1,ios,old,tashkent,5,47
602040,1.6049830792798756,0,ios,new,samarkand,3,42
447478,3.3718676810950985,0,android,old,bukhara,3,55
95838,2.3281616224049904,0,android,old,samarkand,2,40
827860,1.9258415503370805,0,ios,old,tashkent,5,30
167568,2.0196276699305615,1,android,new,tashkent,4,75
245824,2.1868995697582254,0,android,new,bukhara,4,50
631598,0.6931154766900087,0,ios,new,samarkand,5,17
670988,3.58360307686941,0,android,old,bukhara,3,80
830978,2.2460571308278325,0,android,new,tashkent,2,95
352251,2.0504129526235912,0,android,new,samarkand,4,63
903989,1.5694914723574014,0,ios,new,tashkent,3,65
109391,3.2157065620726306,0,ios,old,samarkand,2,80
607365,1.807020154583095,1,android,new,tashkent,3,68
356580,2.3814194449603816,0,android,old,bukhara,1,50
38934,0.6961378235296383,0,android,new,tashkent,1,13
807764,2.881477753442728,0,android,old,samarkand,2,64
413694,2.0998205921498436,1,ios,new,tashkent,4,83
260184,2.1965898640276906,1,android,new,samarkand,1,85
699587,2.8675154191384387,0,android,old,tashkent,2,88
37708,0.8361085197915923,0,ios,new,samarkand,3,12
384092,2.1717962896211453,0,android,old,samarkand,2,43
540586,0.2900947234733409,0,ios,new,tashkent,2,10
941048,2.033311432130397,0,ios,old,samarkand,4,42
238601,1.9454558292484585,0,android,old,bukhara,1,29
13676,3.329643659726078,0,android,old,tashkent,5,81
284960,2.430281812693971,0,ios,old,samarkand,5,60
613614,2.714043011523123,0,ios,new,bukhara,2,92
374213,2.4319828732859725,1,android,old,tashkent,3,50
556193,3.1923251983794643,0,android,old,bukhara,3,78
136772,2.482487183531496,0,android,old,samarkand,5,28
316537,2.2521002923666837,0,ios,new,samarkand,2,86
920255,3.118634737083274,0,ios,old,tashkent,5,90
188392,1.3090784316096493,0,ios,old,samarkand,1,26
348030,2.528342313900599,0,ios,new,bukhara,5,57
904979,1.2460154378610864,0,ios,new,bukhara,1,21
250211,3.203543483458497,0,android,new,bukhara,5,88
870547,1.9748923627573212,0,android,new,bukhara,4,17
957899,1.1912759649701385,1,ios,old,tashkent,2,11
31629,2.1724963691138663,0,ios,old,bukhara,2,62
385616,1.59831733971619,0,ios,new,bukhara,4,64
145860,2.1467400564096124,0,android,new,tashkent,2,70
474593,2.6524063923872343,0,ios,new,bukhara,4,85
633529,2.2561255619579303,0,ios,new,bukhara,4,76
78501,1.396418267931626,0,ios,old,tashkent,3,29
411815,2.042353830178078,0,ios,new,bukhara,2,61
528749,2.1358132926553486,0,android,old,samarkand,4,23
818290,0.851668095857092,1,android,new,tashkent,2,15
526122,3.233456543721508,0,android,new,bukhara,2,96
864765,2.1849188308572693,0,ios,new,bukhara,2,72
873926,1.3950515099126912,0,ios,new,bukhara,1,32
604534,2.7954311741087063,0,android,new,bukhara,5,77
618105,3.179185779000024,0,android,new,samarkand,4,99
735534,2.7640117180924095,0,ios,old,bukhara,3,64
801186,3.1579282318761748,1,ios,old,bukhara,1,73
468976,2.0401320528961153,0,ios,new,tashkent,1,79
51099,3.144357232572675,0,android,old,tashkent,5,73
678606,2.630446661839284,0,android,old,tashkent,3,61
705734,2.682564469347605,0,android,old,samarkand,5,41
798966,3.5678352505152544,0,android,old,bukhara,2,93
943199,2.0438025632632613,0,ios,old,samarkand,2,61
309818,3.023178910165218,0,ios,old,samarkand,5,65
125794,1.3974574330528098,0,ios,new,bukhara,4,33
211994,2.0975675369688305,0,ios,new,tashkent,4,91
375557,2.6150756121684795,0,ios,new,bukhara,3,96
677820,2.1019939910125327,1,ios,new,tashkent,5,71
648203,2.046528137036931,0,android,old,samarkand,4,42
496764,2.1331632074586393,0,ios,new,tashkent,4,90
636518,3.5468672954650198,0,android,old,bukhara,5,86
991563,1.870076604848958,0,ios,old,tashkent,1,69
427995,2.405962652184956,0,android,new,tashkent,3,91
989296,1.910879235502104,0,android,old,tashkent,1,43
973231,1.826251843050931,1,ios,old,tashkent,1,59
407808,3.1478843636234948,0,android,old,tashkent,5,92
76249,1.4580385239847256,1,ios,new,samarkand,4,34
890128,1.751229203966925,1,android,new,bukhara,3,31
537120,1.4648731291744064,0,ios,new,samarkand,1,52
838930,2.0201697990956355,0,android,new,samarkand,4,75
457174,3.114571283397935,1,android,old,tashkent,1,94
763393,3.0127049594057107,1,android,new,bukhara,3,87
74319,2.9329913048649647,0,ios,new,bukhara,5,85
441514,2.2876370427267494,0,android,new,bukhara,3,67
444636,2.901934959256793,0,ios,old,bukhara,4,64
541308,1.9966292718656473,0,android,new,samarkand,1,64
141009,2.0204089495965136,0,android,old,bukhara,2,20
898918,2.5408689665154576,1,android,old,tashkent,5,50
790041,2.502389524352326,0,android,new,tashkent,3,78
981988,1.6669905438808783,0,ios,new,samarkand,3,43
598782,0.8608358973953187,0,android,new,samarkand,4,10
789118,0.8970808940140167,0,ios,new,samarkand,2,33
545707,1.6787018906978122,0,ios,old,samarkand,5,19
130465,2.2837112376805253,0,ios,new,tashkent,5,83
547820,2.284951827429515,0,ios,new,bukhara,2,87
198795,2.054805856643338,0,ios,old,samarkand,2,60
153537,2.600844965857854,0,android,old,bukhara,2,28
246249,2.259357302938728,0,ios,old,bukhara,2,42
438380,0.9995569957321058,0,ios,new,bukhara,3,23
127534,2.742661261894029,0,ios,old,samarkand,1,97
558413,1.1900856962217319,0,android,new,tashkent,5,27
36118,1.582300114745463,0,ios,old,tashkent,5,12
457956,1.397189396787518,0,android,new,tashkent,2,39
388048,2.566133105545094,0,ios,old,tashkent,5,60
281149,0.6029401242086909,0,android,new,samarkand,1,8
204365,2.1474924311993533,0,android,old,bukhara,4,8
112830,2.402297676892685,0,android,old,tashkent,3,60
158062,2.428014165081568,0,ios,old,bukhara,4,29
724838,2.4836365251641874,1,ios,new,bukhara,5,72
910548,4.173901414019876,0,android,old,bukhara,3,95
582610,2.660921981482239,0,android,old,samarkand,5,49
82278,3.20524738362415,0,android,old,bukhara,5,71
479285,1.9056571501854387,0,ios,new,bukhara,4,59
634216,1.919294329068563,0,ios,new,bukhara,1,65
629306,1.9099499759093093,0,ios,new,samarkand,2,86
861654,3.213627874370059,0,android,old,samarkand,1,89
517479,1.3263838138642585,0,android,new,tashkent,4,40
508089,2.8472861063663712,0,android,old,samarkand,3,70
807119,2.997020594760706,0,ios,old,tashkent,5,95
658628,1.9907170733502126,0,android,new,tashkent,4,49
343800,2.6279776146277056,0,ios,old,bukhara,1,60
235156,2.3687918165169957,0,ios,new,bukhara,3,78
390770,2.276375435123161,0,ios,old,bukhara,2,21
328616,2.427592637349039,0,ios,old,bukhara,4,36
626423,1.830221833656176,0,android,old,bukhara,2,18
451583,1.9474464181311617,0,ios,old,tashkent,3,53
575354,1.1770566830306408,0,ios,old,tashkent,1,32
126444,3.319364495901657,0,android,new,bukhara,5,97
288641,1.5864310035704217,0,ios,old,tashkent,4,16
325236,1.9832427425133612,1,ios,new,tashkent,5,67
708932,1.7403816667346186,0,ios,new,bukhara,5,27
975003,2.5099989290735607,0,android,old,tashkent,2,66
991479,2.5259571577405646,0,ios,new,bukhara,1,84
522867,0.8405415778001408,0,ios,old,tashkent,4,5
576899,1.009710499441192,1,ios,new,tashkent,4,22
839969,1.740082529476997,1,android,new,bukhara,1,60
436977,2.8925471314110354,0,android,old,bukhara,1,60
333959,1.8352767276953297,0,android,new,samarkand,4,56
938098,1.8961784762442206,1,ios,new,tashkent,4,81
658844,1.0155333188466364,0,ios,new,samarkand,2,38
863449,1.237484048946306,1,ios,new,samarkand,5,29
429568,3.0765001870868054,0,ios,old,bukhara,1,92
864809,3.0606240103574587,0,android,old,tashkent,3,77
151357,1.255936347529993,0,ios,new,samarkand,4,37
375233,1.1866634280962396,0,android,new,samarkand,1,40
122715,1.8479908191946202,0,android,old,tashkent,4,29
612429,2.0410350550844196,0,android,new,samarkand,3,71
871946,2.8214780990513013,0,android,old,tashkent,4,63
599092,1.940291414351714,0,android,old,samarkand,4,6
190119,2.9352254030653597,0,ios,old,samarkand,3,74
778559,2.798584483702122,0,android,old,bukhara,5,55
485902,1.1602901263933172,0,android,new,tashkent,3,18
399131,1.9219969876662577,0,android,old,tashkent,1,32
961553,2.9121505149877844,0,android,old,tashkent,3,64
186578,2.4695572105678973,0,android,new,samarkand,1,99
133282,1.4254913367269306,0,android,new,tashkent,5,21
842265,2.880960488103298,0,android,old,bukhara,3,59
483214,1.8594685410724199,0,ios,old,samarkand,4,31
433979,2.405503651926782,0,android,old,samarkand,2,40
88748,1.934303019424615,0,ios,new,tashkent,5,84
48197,1.362053181266467,0,ios,new,samarkand,4,27
906944,1.9673974103946625,0,ios,new,bukhara,1,63
364649,1.2060874765576681,1,ios,old,samarkand,2,11
880056,3.094573727303838,0,ios,old,tashkent,5,82
559185,1.7357206776072243,0,ios,new,tashkent,5,54
17428,1.5290677547195761,0,ios,old,tashkent,4,27
404037,2.4778550373011994,0,android,old,tashkent,4,54
150457,0.8211204006655779,0,android,new,tashkent,3,5
278997,1.5237126201686328,0,ios,new,samarkand,5,62
714287,2.0773673597318894,0,android,new,tashkent,3,66
841532,0.945771379484958,1,android,new,tashkent,4,9
107103,1.714432474271508,1,ios,new,samarkand,5,44
269496,2.7651015136988177,1,android,old,samarkand,5,57
902664,1.9930937123510766,0,android,old,samarkand,1,39
506430,2.5936981973215376,0,ios,old,samarkand,1,82
275768,2.442164995398598,0,android,old,bukhara,5,40
431448,1.7953425112083383,0,android,new,bukhara,5,31
108150,1.3291733438542752,0,ios,old,samarkand,3,12
693216,3.511112285182264,0,android,old,bukhara,2,96
112393,1.0270778463049444,0,ios,new,samarkand,4,13
318695,3.4636365189858536,1,android,old,tashkent,5,87
919611,1.5624317695802796,0,android,new,tashkent,3,52
102893,1.8059608124932778,0,ios,old,samarkand,1,29
955502,3.5417801121118178,1,android,old,bukhara,4,98
962397,2.079963917387952,1,ios,new,samarkand,5,67
782137,1.5408787737798062,0,android,new,tashkent,1,44
713319,2.862233759164021,0,android,old,bukhara,3,53
211214,3.0035378953868195,0,android,old,bukhara,2,68
197842,3.4224117963098606,1,android,old,samarkand,5,92
519268,2.1548698519292855,0,ios,old,tashkent,5,35
781705,1.5896377057141498,0,android,new,bukhara,2,51
742384,2.3371730059333027,0,android,old,samarkand,5,22
928014,2.678135237090791,0,android,old,samarkand,4,62
974071,2.484395269624402,0,ios,old,samarkand,1,89
203999,1.8432150512950043,1,android,new,samarkand,5,39
232940,1.5086057379202156,0,android,old,tashkent,2,6
864417,2.2086985273390964,0,android,new,bukhara,3,63
416089,0.8966311592759646,0,android,new,samarkand,1,6
404129,2.7420175984152166,0,ios,old,tashkent,4,82
147204,1.5448137496462435,0,android,new,samarkand,5,31
893742,2.616934283216627,0,ios,old,tashkent,1,89
640622,1.2555298752221922,1,ios,new,tashkent,5,27
472080,1.2831757703963758,0,ios,new,tashkent,2,54
755301,1.6104576653818128,0,android,new,tashkent,5,50
824273,1.9421804911281413,0,ios,new,samarkand,1,58
881416,1.9080876797798396,0,ios,new,samarkand,3,74
251120,2.216681469449296,0,android,old,bukhara,2,42
865406,1.4807377387130458,0,ios,new,samarkand,1,39
600473,1.3640658949614062,0,android,new,samarkand,4,33
958065,2.8801141488323343,0,android,old,samarkand,5,75
67212,0.9088309883746523,0,android,new,tashkent,2,38
868519,2.226905468554769,0,android,new,tashkent,1,97
308524,2.1523394339452864,1,ios,new,tashkent,5,71
812808,2.8384216231972443,0,ios,new,bukhara,5,88
61519,2.0767141343196336,0,ios,old,tashkent,4,64
735232,1.653221324191769,0,ios,new,samarkand,5,55
642761,1.8963754880115484,0,ios,old,tashkent,1,32
557796,2.6957193684512757,0,android,old,tashkent,1,64
411750,2.2789059653582453,0,android,new,bukhara,2,79
881454,2.0240363313521135,1,android,old,tashkent,3,35
177377,2.1429324125025278,0,ios,old,samarkand,3,38
778691,2.354218689212246,0,android,old,tashkent,3,65
936103,0.4219301224167976,0,ios,new,tashkent,3,19
621371,0.9102949692345759,0,android,new,tashkent,3,5
416359,2.19108888872961,0,android,new,samarkand,5,68
685162,3.5760618218248084,0,android,old,bukhara,3,84
793311,2.389227881794752,0,android,new,tashkent,3,89
94925,2.9424418000501262,0,ios,old,samarkand,1,92
229439,2.5462862779683584,0,android,old,bukhara,5,21
387746,1.6187184940789099,0,android,old,samarkand,1,9
873060,2.8990149676175183,0,ios,old,bukhara,5,71
534151,3.3485374407691717,0,android,old,samarkand,5,80
225404,2.841859195213631,0,android,old,samarkand,5,68
988294,2.313574343903333,0,ios,old,bukhara,3,32
907459,0.7130859516503298,0,ios,new,bukhara,2,9
512408,2.891953993707894,1,android,old,tashkent,2,83
556826,2.903583657260708,0,ios,old,samarkand,5,77
400657,3.490024294174677,0,android,new,bukhara,5,91
819083,1.594232424384539,0,android,new,bukhara,2,25
53754,3.430352404179391,0,android,old,samarkand,4,97
11813,3.0702628921694517,0,android,old,samarkand,2,74
96823,2.271508043376833,1,android,new,samarkand,4,65
856928,2.518010251816772,0,android,new,tashkent,4,92
701016,3.176836531851944,0,android,old,samarkand,4,81
74903,1.8968738509233816,0,ios,new,samarkand,2,83
824640,3.108913642821771,0,android,old,samarkand,1,82
948296,2.242608897882078,0,ios,old,tashkent,4,62
807484,3.454473732785388,0,ios,old,bukhara,3,86
46050,1.775166013703222,0,android,new,bukhara,1,37
736303,3.324091337666108,0,ios,old,bukhara,5,61
358067,1.830076887451537,0,ios,old,samarkand,4,20
789234,0.5179024054369445,0,android,new,tashkent,1,13
750567,2.5838535904241775,0,android,new,tashkent,2,91
198268,3.2309799862711643,1,android,new,bukhara,3,95
316061,1.3811776734653645,0,android,old,samarkand,1,14
87920,0.9181510892741364,0,android,new,samarkand,4,10
944632,1.016444317756054,1,ios,new,tashkent,2,36
794050,2.323700242897219,0,android,new,tashkent,5,73
580989,2.654662889127614,0,android,old,samarkand,5,41
948697,2.170499503467871,0,android,old,samarkand,3,28
458762,3.054362506832526,0,android,old,tashkent,2,76
813783,0.8398673527140508,0,android,new,samarkand,1,24
610918,3.3661277719090603,0,ios,old,samarkand,5,83
954991,1.663065493472655,0,android,new,samarkand,1,66
478569,2.3666189871520866,0,android,old,samarkand,1,61
338643,2.295259275243415,0,ios,old,bukhara,2,51
126731,2.297712356152189,0,ios,old,bukhara,3,38
798965,2.18877836446283,0,android,old,tashkent,1,47
609409,1.16806958114196,0,ios,new,tashkent,4,38
447042,2.3257390044029314,1,ios,new,samarkand,5,91
398808,2.6137949500592796,0,ios,old,samarkand,2,84
907578,1.576732141584643,0,android,new,bukhara,1,40
377664,2.106687285514738,1,ios,old,samarkand,5,25
99877,2.113884299620268,0,ios,new,bukhara,2,65
866482,3.213504212735431,0,android,old,tashkent,2,99
843200,1.1364697124717924,0,ios,new,samarkand,4,26
668327,1.3685065688389835,0,ios,new,bukhara,1,54
695222,2.3196888729763336,0,ios,old,samarkand,5,47
892354,2.0956941792673964,0,ios,old,bukhara,3,21
940927,2.720864857775084,0,ios,old,bukhara,2,61
751660,3.0330224454030192,0,android,old,samarkand,2,73
57636,2.1949776099493823,0,ios,old,samarkand,3,56
575662,1.6968628939195265,1,android,new,samarkand,1,82
527870,1.4358823855592122,0,android,old,samarkand,2,7
329075,2.6424704473549103,0,ios,old,samarkand,5,63
532083,2.7202224314696695,0,android,old,samarkand,3,76
827065,2.441069994476901,0,ios,new,tashkent,4,74
605197,3.667415258101864,0,android,old,bukhara,1,96
771806,1.2943085246112565,0,ios,new,bukhara,2,10
786999,1.426207660564725,0,android,old,samarkand,1,10
282022,1.8631522772080205,0,ios,old,bukhara,3,30
201360,2.631303645354227,0,ios,old,tashkent,3,88
531489,1.0451785987544446,0,ios,new,bukhara,1,16
92937,1.7817213679009116,0,ios,new,bukhara,2,53
986770,1.413547993634963,0,ios,old,tashkent,3,26
137228,2.008457519973709,0,ios,new,bukhara,3,54
19523,1.6754234657997935,0,android,new,samarkand,3,54
879573,2.035414424666071,0,android,old,tashkent,5,22
524375,2.084805802607048,0,android,old,tashkent,1,57
767056,2.4562942502459886,0,android,old,bukhara,1,52
947875,1.4750123084242228,0,android,old,tashkent,2,17
123342,1.1477739892197634,0,android,old,tashkent,1,5
332242,0.7436454149656262,0,ios,new,tashkent,1,48
476192,2.0546555338393793,0,ios,new,tashkent,3,85
341007,1.6994827493261975,0,ios,old,tashkent,3,20
233078,2.794723887060999,0,android,old,samarkand,5,51
748180,2.3657206491493183,0,android,new,samarkand,4,72
166209,3.7956448533261935,0,android,old,bukhara,3,93
843686,1.1823055285972341,1,ios,old,samarkand,4,9
365273,2.8315964803964246,0,ios,old,samarkand,3,84
136217,2.78058262843529,0,android,new,bukhara,3,84
342605,2.590050732251846,0,android,old,bukhara,1,58
645599,2.3159795151241003,0,android,new,tashkent,2,89
452835,1.5507030506405939,0,ios,new,samarkand,1,67
761724,1.8051190513490136,0,android,old,tashkent,2,42
591811,3.5093595005464815,0,android,new,bukhara,5,91
95153,2.9722426054923288,0,android,old,bukhara,1,69
465170,1.808509620669068,0,ios,old,samarkand,4,29
385827,1.7483292372486308,0,android,old,tashkent,4,11
139645,1.47618910873322,0,android,new,samarkand,5,23
864487,2.2943790823910177,0,android,old,samarkand,1,51
933764,1.883413300962391,0,android,old,tashkent,1,43
546297,2.269355412650763,0,ios,new,bukhara,4,72
941964,1.65125620520834,0,android,new,bukhara,2,22
493882,1.7115800031457433,0,android,old,samarkand,5,8
191023,1.7874538804904152,0,android,new,samarkand,1,63
802772,1.694919887698387,0,android,old,samarkand,2,16
319316,2.3442807305039723,0,ios,new,samarkand,4,74
764303,1.166474881107835,0,android,new,samarkand,1,21
473840,2.191399835497056,0,android,old,tashkent,5,46
152349,2.4351105308891374,0,ios,old,bukhara,2,67
299444,2.85022052949049,1,ios,old,bukhara,4,57
316391,2.913763780145155,0,android,old,tashkent,1,98
293936,2.4694563768145272,0,android,old,bukhara,3,23
123951,1.4517540661049257,0,android,new,samarkand,1,44
414817,1.5616824330748549,0,android,new,bukhara,5,5
504454,2.6587424089250487,0,ios,old,samarkand,3,96
892307,2.761458724932887,0,android,old,bukhara,5,54
893342,3.628869867128981,0,android,old,bukhara,3,91
738936,0.796325011702821,0,ios,new,samarkand,3,23
767190,2.444496719572978,0,android,new,bukhara,1,80
479519,1.3291859621486561,0,ios,old,bukhara,3,8
380171,3.072856391351077,0,android,old,samarkand,3,67
631934,1.3803121360848896,0,android,new,tashkent,2,55
161522,2.7365927158193593,0,android,old,bukhara,1,76
225135,2.50032231932766,0,ios,new,bukhara,1,80
559597,2.251784161730964,0,android,old,samarkand,5,48
293406,1.5125741446014207,0,android,new,tashkent,5,43
703686,1.871241120345139,0,ios,new,samarkand,4,70
531578,3.2126217528683623,0,android,new,samarkand,5,99
177724,3.000351293448895,0,android,old,samarkand,3,51
697342,2.405179191470521,0,ios,new,bukhara,5,77
721846,1.9935188775922992,0,ios,new,bukhara,4,52
141979,0.663265557968367,0,ios,new,tashkent,2,23
925924,2.369987577598886,0,ios,old,tashkent,5,44
613409,2.6019410055977694,0,ios,old,tashkent,4,88
214565,2.005293050672624,0,android,new,samarkand,1,75
627669,2.466466729565603,0,android,old,bukhara,1,52
71143,0.6374871468225003,0,ios,new,tashkent,4,21
454459,2.8007769696166056,0,ios,old,bukhara,5,42
160178,2.7461665975004537,0,android,old,bukhara,1,60
247605,1.51913516057127,0,ios,new,tashkent,3,53
679594,1.614490025797032,0,ios,old,tashkent,1,22
198070,2.725265283756174,0,ios,old,samarkand,4,56
803832,2.935906617966555,0,ios,old,samarkand,4,77
239312,2.812959467510671,1,ios,old,bukhara,1,71
153638,2.612586182256743,0,android,new,samarkand,3,78
759891,1.8097442572995837,0,ios,old,bukhara,1,31
82312,3.4397010834178148,0,android,old,bukhara,5,83
120689,2.390344612588661,1,android,new,tashkent,4,85
598188,2.154503574509294,0,android,new,tashkent,2,79
495697,3.0028608305641957,0,android,old,samarkand,3,87
176193,2.4715213725064493,1,android,old,samarkand,1,61
484549,2.670353319677366,0,android,new,bukhara,5,73
631284,2.4965703554744754,1,android,old,samarkand,1,65
834694,2.575770484481053,0,ios,old,tashkent,1,85
749382,2.5882350065480755,0,ios,new,bukhara,3,68
933381,2.0298138218786397,0,ios,old,tashkent,5,37
522866,2.086810192601237,0,ios,new,bukhara,2,73
861535,1.978664681552692,0,android,new,tashkent,2,71
904110,1.6860209787233247,0,android,new,tashkent,3,39
38227,0.40105318519337607,0,android,new,tashkent,1,15
72490,2.486723394553774,0,android,new,samarkand,4,90
418099,1.4360588665653513,0,ios,new,samarkand,4,37
582469,3.503092139084528,0,ios,old,samarkand,4,97
983568,1.8052348215763323,0,ios,old,tashkent,4,37
900833,1.7859537397764025,0,android,old,samarkand,3,15
892944,0.9917645990317061,0,ios,new,tashkent,4,21
805438,0.7624877508995158,0,android,new,tashkent,3,12
297160,2.6005958760911643,0,android,new,samarkand,3,98
246758,3.989642562689028,0,android,old,bukhara,4,99
850221,2.423140751740838,0,ios,old,samarkand,5,37
240530,2.1600865413940107,0,ios,old,samarkand,3,45
603726,2.469944073287672,0,android,new,tashkent,5,79
397692,1.3994815991788068,1,android,new,tashkent,1,44
556704,0.73267182157751,0,ios,new,samarkand,5,8
692632,2.0022221593489693,0,ios,new,tashkent,2,96
910708,1.8881296157109542,0,ios,new,tashkent,4,81
585383,2.1507936136490104,0,android,new,tashkent,2,84
854447,1.69066708649739,0,android,new,tashkent,5,51
780823,1.2098955242000493,0,android,new,tashkent,4,6
599620,2.936363434382849,1,android,old,bukhara,4,55
196350,0.827226088833877,0,ios,new,tashkent,2,34
11552,3.072566242337713,0,android,old,bukhara,2,68
286656,2.14909010231014,0,android,new,samarkand,3,75
523203,1.0106759934071317,0,ios,new,tashkent,4,11
56721,3.1579288610472864,0,ios,old,samarkand,5,90
167173,2.8745131799247297,0,android,old,bukhara,5,53
998171,1.5220731883651861,0,android,old,tashkent,1,14
648126,0.9078151548014404,0,ios,new,samarkand,4,29
408813,1.1846012852502612,0,ios,new,bukhara,2,32
986449,1.9519768632892722,0,ios,old,tashkent,1,47
885834,0.987653006858154,0,ios,new,samarkand,3,24
50937,3.0011105431156526,0,android,old,tashkent,1,85
303249,0.8210846028268971,1,ios,new,tashkent,5,24
240814,2.6691402225004235,0,ios,old,samarkand,2,79
155801,2.217277753672598,1,android,new,tashkent,2,97
428124,2.430438676940884,0,ios,old,tashkent,2,55
185345,1.0447624959348132,0,android,new,tashkent,4,20
582146,1.756561201549549,0,ios,old,tashkent,2,45
861095,1.7997281777850676,0,ios,old,tashkent,3,40
208371,1.8657346449088832,1,ios,new,samarkand,4,83
133528,2.172693580808682,0,android,old,bukhara,4,12
966297,1.846521940083877,0,android,old,bukhara,1,14
789842,1.2971341495525317,0,android,new,bukhara,2,18
931890,3.0309941773306286,0,android,old,samarkand,3,63
610505,2.4890929672508744,1,ios,old,tashkent,1,71
861466,2.036403362253577,0,ios,old,bukhara,1,39
87235,-0.18064634135108154,0,ios,new,tashkent,1,10
721598,1.5712133334981775,1,android,new,bukhara,1,33
885510,2.590086118082974,1,ios,new,samarkand,3,92
473387,1.753988572790358,1,ios,new,tashkent,2,79
445826,1.5393716734777974,0,ios,old,tashkent,3,29
654714,1.818845708310809,0,android,old,samarkand,3,23
958014,3.0076420527592416,0,android,new,bukhara,3,94
868456,2.073412475416347,0,android,old,samarkand,2,38
710429,1.862948874066737,1,android,new,bukhara,3,28
86410,2.1099438395614865,0,ios,old,tashkent,5,57
322011,3.1911297840778903,1,ios,old,bukhara,5,72
971722,0.7291554816536989,0,android,new,tashkent,4,8
552016,1.3283624313511802,0,ios,new,bukhara,3,26
548542,1.6344082749093731,0,ios,old,samarkand,1,24
321977,2.8009603245655113,0,ios,new,bukhara,3,97
741532,1.7590373390662646,0,android,new,samarkand,3,44
453019,2.3440619562741114,0,ios,old,bukhara,5,33
591439,2.3196256005156792,1,android,new,bukhara,2,74
351866,2.3843941941768625,0,ios,old,bukhara,1,78
226756,1.1072023480279778,0,ios,old,samarkand,1,7
323127,2.8063695762579024,0,ios,old,samarkand,4,62
597285,3.290798195563153,0,android,old,samarkand,2,89
991588,1.5784171702769096,1,ios,new,bukhara,1,57
666906,1.8755635309842227,0,ios,old,samarkand,2,36
756592,1.8403316529633014,0,android,old,tashkent,3,24
134165,2.461669951326598,0,ios,old,samarkand,2,61
302631,2.3136588524920985,0,ios,old,samarkand,3,48
570716,0.6146529674958972,0,android,new,tashkent,1,22
119467,3.0391141087808147,0,android,old,tashkent,3,86
247939,1.7633724797813788,0,ios,old,bukhara,5,30
804551,0.7683017837549432,0,ios,new,samarkand,1,22
144433,2.5688036763596003,0,ios,old,bukhara,1,64
130716,1.3204291542608613,0,android,new,bukhara,1,21
968185,1.861676616399345,0,ios,new,samarkand,5,52
619500,2.1766770790886003,0,android,old,bukhara,2,12
912493,2.214378017952701,0,ios,old,tashkent,2,60
260357,1.5990905983816763,0,android,new,samarkand,1,61
202220,2.5489464877177124,0,ios,old,samarkand,1,84
600495,1.4916960139771813,0,android,new,bukhara,4,6
995500,2.5224215549171123,0,android,new,samarkand,1,95
928327,3.285723151280892,0,android,old,bukhara,4,68
975541,2.4780914954498656,0,android,new,bukhara,4,74
394992,2.6906766213198985,0,ios,new,bukhara,3,91
980503,1.9048157005709139,0,ios,old,samarkand,2,42
361628,1.1151998773942826,1,ios,new,tashkent,1,66
167777,1.9802020624717005,0,android,new,tashkent,2,74
464961,2.5982215726591305,0,ios,old,samarkand,2,70
386685,1.7479736345041887,0,ios,new,tashkent,4,51
606767,3.1065549093959732,0,android,old,bukhara,2,57
812024,0.7894215332634997,0,ios,new,tashkent,5,6
562756,1.8610593668918585,0,android,new,samarkand,1,57
189475,1.883284305588683,0,android,new,tashkent,5,50
936020,3.7851933519761243,0,android,old,bukhara,5,91
347652,0.9237258587937042,0,android,new,tashkent,3,6
250512,1.8088417397749856,0,ios,old,samarkand,4,17
817150,2.7350675491810414,0,android,new,bukhara,2,89
217679,3.1149963995838665,0,ios,old,tashkent,4,85
307020,2.495133362202787,0,android,old,bukhara,3,29
422697,2.124108326519033,0,android,new,samarkand,3,59
890487,1.7324931289148762,0,ios,old,samarkand,4,23
777114,2.0539852071133304,0,android,old,samarkand,4,38
61959,1.0082221699211102,0,ios,new,bukhara,4,10
675923,2.327966535224813,0,ios,new,bukhara,5,67
933495,1.1692909667340452,0,android,new,tashkent,1,41
563329,0.9486713063658186,0,ios,new,tashkent,5,28
769062,1.4669001249053626,0,ios,new,tashkent,3,72
202981,1.3955873431353867,0,ios,old,tashkent,2,13
801822,2.6604022194736148,0,android,old,tashkent,2,50
742489,1.391013538405178,1,android,new,bukhara,1,28
450664,2.649278316196466,0,android,new,bukhara,5,77
797358,2.4011700338150663,0,ios,old,bukhara,4,28
544486,2.421200881200372,0,android,old,samarkand,1,56
470793,1.9067053740897946,1,android,new,samarkand,3,61
876375,2.2182154612772425,1,ios,old,tashkent,1,72
96369,2.450898244310755,1,android,new,samarkand,4,81
760227,0.8533921687313584,0,ios,new,samarkand,2,27
917408,2.113727454379784,0,ios,old,tashkent,4,39
912741,2.7865411889820675,1,ios,old,tashkent,3,91
87914,2.7580042266557476,0,android,old,tashkent,2,83
127860,2.428824878679944,0,android,new,samarkand,4,79
888976,2.659519392203814,1,ios,new,samarkand,5,90
406714,1.1015458968631604,0,ios,new,samarkand,5,18
101215,1.731805273462375,0,android,old,samarkand,4,11
871046,2.257428124996514,1,ios,old,tashkent,5,26
710788,1.5946945051761994,0,ios,new,samarkand,5,66
843498,3.364640195199602,0,android,old,samarkand,5,70
993776,1.9778095551094732,0,android,new,bukhara,3,40
789387,2.075426417923271,0,android,old,bukhara,2,23
43612,3.6782199121724033,0,android,old,samarkand,5,89
874651,1.2601279692887006,0,android,new,tashkent,2,21
874457,2.322543756807066,0,android,new,tashkent,4,89
663605,1.4900203634704094,0,ios,new,tashkent,3,68
505793,2.730262431326348,0,ios,old,samarkand,2,77
989280,2.103837475835579,1,android,new,tashkent,1,93
35648,2.0383091004270524,0,android,old,bukhara,3,13
983724,2.2740455683932037,0,ios,old,bukhara,5,7
84950,0.7424420986006439,0,ios,new,samarkand,5,8
558060,2.4546000276014897,0,android,new,bukhara,3,66
278505,1.7330743050002575,0,android,old,tashkent,4,12
475287,2.530585245601701,0,ios,old,samarkand,1,94
28042,1.9359342079115307,0,ios,old,samarkand,3,25
898984,3.652492625335596,0,android,old,samarkand,4,99
320079,0.42043638170311315,0,ios,new,bukhara,2,5
76536,2.5594298222122016,0,android,old,bukhara,1,43
36644,1.5340974528877305,0,android,new,tashkent,3,30
475410,2.1837433229228704,0,ios,old,samarkand,1,79
982012,1.6898770819406321,0,ios,old,samarkand,1,21
448555,2.816697876681999,0,android,old,samarkand,3,72
27209,3.6506367171686667,0,android,old,bukhara,5,78
378344,3.3543809739416304,1,ios,old,bukhara,5,84
591968,1.6616678593486842,0,android,new,tashkent,4,44
806678,2.5916450124252166,1,android,new,bukhara,3,76
767948,1.3547628418235687,0,ios,old,samarkand,4,26
314735,2.1939870327137214,0,ios,new,bukhara,5,59
646909,1.2393815185863963,0,android,new,tashkent,3,39
689522,2.9996119552293155,0,android,old,bukhara,3,47
849732,2.6042744599665504,0,android,new,bukhara,1,82
100416,1.481361173998977,0,android,new,bukhara,2,23
144639,2.1156257534506127,0,ios,old,samarkand,4,50
112690,2.755229869895502,0,ios,new,bukhara,4,69
145290,2.5011203608301478,0,ios,old,bukhara,1,50
193099,2.3110000338331957,0,android,new,tashkent,3,97
684209,2.886337090623033,0,android,new,samarkand,5,88
944334,1.1821545179982234,1,android,new,tashkent,2,22
106916,2.523886916888452,0,ios,new,samarkand,5,90
729827,1.7876366091879121,0,ios,old,samarkand,4,24
459869,2.3554377378569895,0,android,new,tashkent,2,88
962287,2.2132909815844775,0,ios,new,tashkent,4,80
768044,0.9694071751677126,0,android,new,tashkent,1,44
11382,2.182840576357943,0,ios,new,tashkent,2,91
18687,1.5077330381246337,0,android,new,bukhara,1,47
206359,2.6400116118875174,0,ios,old,tashkent,5,69
431334,0.6123735377816747,0,ios,new,samarkand,3,12
446661,0.5622858370145154,0,ios,new,samarkand,1,19
291672,2.063148868370798,0,android,new,tashkent,2,81
283018,2.1533271562463976,0,android,new,tashkent,3,71
603998,1.3708229299220924,0,android,old,tashkent,4,11
898154,2.7269454384881557,0,android,new,samarkand,5,93
645157,2.779620723480888,0,android,new,samarkand,4,85
353942,1.8964727828462473,1,ios,old,tashkent,1,58
575487,1.8635811004642904,0,android,old,tashkent,1,52
620470,1.2122556060478928,1,ios,new,tashkent,3,51
160630,2.346506884214946,0,android,new,samarkand,2,75
199111,1.8745173375421695,0,ios,new,samarkand,1,76
619372,1.554352559873022,1,android,new,bukhara,4,18
475601,2.147822159253492,1,ios,new,samarkand,2,92
100067,0.5645800258406274,1,ios,new,tashkent,3,5
720598,0.9693403213947202,1,ios,new,bukhara,2,14
600908,1.532197343066588,0,android,new,bukhara,1,18
814972,1.308159995678047,0,ios,new,samarkand,2,49
909140,2.3545557307074625,0,android,old,samarkand,1,48
648128,2.7350765315081333,0,ios,new,bukhara,5,86
456507,1.699272847194937,0,android,new,tashkent,3,61
658540,2.000866142883435,0,android,old,samarkand,3,30
434369,1.3334182304591748,0,android,new,bukhara,1,36
362409,2.918469149417455,0,android,new,samarkand,5,88
399355,0.5281736318929524,0,ios,new,tashkent,3,5
546772,2.0351723679209868,0,android,new,bukhara,1,54
811781,2.817355623771328,0,android,old,bukhara,2,61
909797,3.489217939298074,0,android,old,bukhara,4,86
608344,3.5954047165011485,0,android,old,samarkand,4,97
449836,1.8613376361854683,0,ios,old,bukhara,1,7
402201,1.0699753585898082,0,android,new,samarkand,2,18
954046,2.152587807368809,0,ios,new,bukhara,3,66
67024,2.293749770254243,0,ios,new,samarkand,2,84
874573,1.7676859036645582,0,android,new,samarkand,5,53
960163,2.9535976126718255,0,ios,new,bukhara,4,93
602792,2.1937671462377204,0,ios,new,bukhara,5,80
989797,1.8607436424883779,1,android,new,tashkent,4,45
593905,3.19876514419361,1,ios,old,samarkand,5,98
67449,3.025232580375808,0,android,old,samarkand,2,96
505502,2.4169267199295317,0,ios,new,bukhara,2,69
105221,2.630212256214923,0,ios,old,samarkand,1,73
555139,2.8818019504608237,0,android,old,bukhara,2,73
45498,1.082223196859471,1,android,new,bukhara,3,12
338341,3.23290210655041,0,ios,old,tashkent,5,97
144161,2.60430365756045,1,ios,old,samarkand,4,81
174502,2.52233998743187,0,ios,old,tashkent,5,57
947885,3.705073241113379,0,ios,old,bukhara,3,84
438637,2.4058581106844374,0,ios,old,samarkand,4,42
732735,1.3485238485561652,1,android,old,samarkand,4,5
415430,2.3150376347485038,0,android,old,bukhara,4,28
113644,2.395308347553297,0,ios,new,tashkent,4,87
527161,1.7757570953422142,1,android,new,tashkent,4,42
829832,1.7182183105535154,0,ios,old,samarkand,4,24
22377,2.154121691122466,0,android,new,bukhara,4,43
761463,2.644322285042151,0,android,old,bukhara,1,59
545449,2.4109332926229143,1,android,old,tashkent,4,54
591978,2.787528882536049,0,android,old,samarkand,4,64
989377,2.1249217937716995,0,android,old,samarkand,2,42
353812,1.1618558306303262,0,ios,old,tashkent,4,10
597803,2.531167166937329,0,android,old,bukhara,1,67
168196,2.1784661816177313,0,android,new,bukhara,2,53
435730,2.288520239437148,0,ios,new,samarkand,3,90
249158,2.27488443852357,0,android,old,samarkand,1,62
173670,2.9736927623735308,0,ios,old,tashkent,4,86
896635,1.8875991676884456,1,ios,new,tashkent,3,81
254903,0.9113076942969011,0,ios,new,tashkent,2,35
964817,1.6804273515361747,0,ios,old,samarkand,4,17
997025,2.540860552428625,0,android,old,tashkent,2,60
900122,2.8711759828635413,0,ios,old,bukhara,1,86
239525,1.9750596250523607,0,ios,old,bukhara,2,36
700255,2.114876500609748,0,ios,new,tashkent,4,80
971120,3.0108539649831374,0,ios,old,samarkand,3,94
813834,2.3215133973483937,0,ios,old,tashkent,5,77
582423,1.9489419205312495,0,android,new,tashkent,2,73
57204,2.631217312833681,0,ios,old,samarkand,1,64
548855,2.1844152456198693,0,android,new,tashkent,5,78
753509,1.0941496169486709,0,android,new,tashkent,4,18
51357,2.0082368979948177,0,ios,new,samarkand,2,60
543294,1.411757168079314,0,ios,new,bukhara,3,20
584582,1.1023825531150888,0,ios,new,tashkent,2,46
610207,1.3630019060851732,1,ios,new,tashkent,5,26
121297,3.3511666832995903,1,android,old,tashkent,5,90
650190,2.31985946296897,0,ios,old,bukhara,5,22
522676,1.3730713195896467,0,ios,old,tashkent,1,29
448273,1.8264822800696785,0,ios,new,samarkand,5,70
226830,2.976838604306482,0,ios,old,bukhara,3,63
627396,2.0699725318368536,0,android,old,tashkent,3,24
907914,2.47582352699704,0,android,old,samarkand,4,45
624760,1.643918025377914,0,android,old,tashkent,4,13
979741,1.6991170422856545,0,android,old,bukhara,3,7
902862,1.1465308008115767,0,ios,new,bukhara,4,20
994606,3.0640123697232733,0,android,new,bukhara,5,90
352951,2.952465119378326,1,ios,old,tashkent,3,92
777447,1.3125182514562284,1,ios,old,samarkand,2,14
674046,1.8139881512550307,0,android,new,bukhara,4,22
120346,2.0404097870713365,0,ios,old,samarkand,5,24
306916,2.823996139949409,0,android,old,bukhara,2,63
83463,1.890571713941983,0,android,new,samarkand,3,50
948854,0.6652554335181691,0,ios,new,tashkent,5,13
929782,2.6822086972033166,0,ios,new,bukhara,1,99
329847,0.22820806748615247,0,ios,new,tashkent,1,6
709749,2.2365841256581107,0,android,old,tashkent,3,36
886102,2.6249812276609883,0,android,old,bukhara,1,53
852352,1.838026149982834,1,ios,new,samarkand,4,67
952251,1.207990126373666,0,ios,new,samarkand,4,29
939342,2.4049104004181934,0,ios,new,samarkand,5,89
141062,1.8568559903505721,1,android,old,tashkent,5,18
933226,2.5784478295108695,0,ios,old,samarkand,5,54
410712,1.742370985165954,0,ios,new,tashkent,4,78
75049,1.8431776163043923,0,android,new,bukhara,2,42
596556,1.9075822558343332,0,android,new,tashkent,1,74
822968,2.960761823281714,0,ios,old,samarkand,5,74
262907,1.3170103515334437,0,ios,old,tashkent,2,22
897894,1.8690543449901298,0,android,old,bukhara,3,6
22104,1.5035272566930658,0,ios,old,samarkand,1,28
809194,2.031143700704049,1,ios,old,bukhara,5,8
989724,1.7157405087443713,0,ios,old,samarkand,5,10
966532,2.959550776121752,1,ios,new,bukhara,5,72
324911,1.9674417870117713,0,android,new,tashkent,3,74
891659,2.903345072394313,0,ios,old,samarkand,3,86
793809,1.4983917950700003,0,ios,old,samarkand,3,16
820109,2.0704347109915613,0,android,old,tashkent,5,25
92889,0.8667819358229807,0,ios,new,bukhara,3,11
962263,0.8176097326164725,0,android,new,tashkent,1,21
717838,1.6865214862007547,0,android,new,bukhara,4,22
312561,2.908536744229862,0,android,old,tashkent,1,81
210414,1.8491010458625528,0,android,new,samarkand,4,45
159129,2.98606179402132,0,ios,new,bukhara,3,98
319505,3.042841968003762,0,android,old,samarkand,2,90
174523,2.0568416339168536,0,ios,new,tashkent,3,88
191083,2.494589118127179,0,android,old,samarkand,1,49
480411,2.0845510396818154,0,android,old,samarkand,3,7
560973,1.2223346547110183,0,android,new,bukhara,2,19
328279,2.3915513965418507,0,android,new,samarkand,4,77
65619,0.5403091663241366,1,android,new,tashkent,2,17
851437,2.546453485958927,0,android,old,bukhara,2,30
231015,2.0048693538262206,0,ios,new,bukhara,3,56
250505,1.0111371097206332,0,android,old,samarkand,2,5
573958,2.2061507554064623,0,android,old,samarkand,5,16
513729,2.2859757876066413,0,ios,old,tashkent,5,50
211233,1.520954788734246,1,ios,new,tashkent,5,69
595798,2.3086649993923305,0,ios,new,bukhara,2,89
973264,2.4529243641346627,0,ios,new,samarkand,2,95
413385,2.649787815594575,1,ios,old,bukhara,4,60
488837,2.0435353620002603,1,ios,new,tashkent,4,86
606076,1.3278651636509524,0,android,new,tashkent,5,23
605192,2.7341075038176124,0,android,old,tashkent,5,59
122329,1.267061392307684,0,android,new,samarkand,4,21
33195,2.8000000647292977,0,android,old,samarkand,5,62
938073,1.3946145140870596,0,android,new,tashkent,5,26
954806,2.0949148703635143,0,android,old,samarkand,4,35
223277,2.899657921460287,0,android,new,bukhara,5,71
169999,2.3408489242039368,1,ios,old,samarkand,1,72
47445,2.329506346137561,0,android,new,bukhara,5,58
889621,2.475281301264199,0,android,new,samarkand,5,55
75274,0.9175324685048698,0,android,new,tashkent,1,37
297480,2.5368322009833473,0,ios,old,bukhara,4,55
804210,1.9488318456955669,1,ios,old,samarkand,1,40
510851,1.963346240715214,0,android,new,bukhara,4,43
813286,3.7310638501259423,0,android,old,samarkand,3,97
945337,3.980461670500932,0,android,old,bukhara,5,93
59370,2.803635838782745,0,ios,old,bukhara,1,85
535213,1.8416491814192273,0,ios,new,samarkand,1,62
542507,1.404128831671746,0,ios,new,samarkand,1,40
361852,2.3161453427721947,0,ios,new,samarkand,4,97
864493,2.0796262799914844,1,ios,new,bukhara,5,64
339723,1.2890125502888803,0,android,old,tashkent,3,13
937262,1.7804970058501592,0,android,old,samarkand,1,7
624311,1.8157855109934786,1,android,new,samarkand,4,72
377648,2.277242985312422,0,android,old,bukhara,2,44
603432,0.4713629598654151,0,ios,new,bukhara,1,8
516552,0.8082503148203137,0,android,new,tashkent,2,28
589123,2.4753745920239623,0,android,new,tashkent,3,81
636890,1.7456047061249111,0,android,old,tashkent,5,20
935704,3.3975588232935374,0,android,old,bukhara,2,85
625211,3.15871929941799,0,android,old,samarkand,5,67
710338,2.4090932817213333,0,android,new,bukhara,2,56
618836,0.9927364111927645,1,ios,new,samarkand,4,16
198679,1.8606484002309112,0,android,new,tashkent,3,50
536823,1.6516319489760798,0,ios,new,samarkand,4,64
64899,1.344479003731816,0,android,new,bukhara,4,11
898216,3.521699453671493,0,android,old,tashkent,5,77
759368,2.2062763184062644,0,ios,new,samarkand,2,89
227941,2.0867202212510887,0,android,old,samarkand,2,22
881543,1.3885325410025373,0,ios,old,tashkent,2,18
305718,1.8579603942225789,0,ios,old,tashkent,2,50
541973,1.4357831186219183,0,ios,new,bukhara,4,21
19861,1.9289656558742345,0,ios,old,tashkent,1,47
829839,0.48329381277223116,0,ios,new,samarkand,2,18
229993,2.710230048982747,0,android,old,tashkent,1,79
891381,2.36156863871364,0,ios,new,samarkand,3,86
397160,1.906504775947328,0,ios,old,tashkent,5,42
930615,1.383296164127681,0,android,new,samarkand,4,5
876766,2.482028723850242,0,ios,old,samarkand,4,62
260221,1.5571966674309803,0,ios,old,samarkand,4,19
866577,1.1841861111571839,0,ios,old,tashkent,5,5
884119,1.9649129803810084,0,android,new,tashkent,5,71
255481,2.1497459061436563,0,ios,old,samarkand,4,36
24454,2.0628356988114467,0,android,new,tashkent,1,76
774271,2.336204653232911,0,android,old,bukhara,2,31
487463,2.6431133000573217,0,android,new,samarkand,3,95
793951,1.9165236427435066,1,ios,old,tashkent,3,50
367996,1.5192146653516219,1,ios,new,tashkent,4,63
884890,2.3461739951971334,0,ios,new,tashkent,3,93
267564,1.1033928465715166,0,ios,new,samarkand,2,31
133000,0.5364049845544816,1,ios,new,samarkand,1,18
403520,2.236505175989656,0,ios,new,tashkent,3,93
895342,3.7716574198956074,0,ios,old,bukhara,5,86
535502,1.5426552215346276,0,android,new,samarkand,4,39
131781,1.854630081724369,0,ios,new,bukhara,4,46
247398,1.3813691288553742,0,android,new,tashkent,2,62
565664,2.8055092952234397,0,ios,old,tashkent,2,98
488362,3.4185583518354963,0,android,old,bukhara,2,73
399394,1.3471793760062984,0,ios,old,samarkand,3,5
762905,0.33027139971443714,0,ios,new,bukhara,1,10
936993,2.4386590045560452,0,android,new,bukhara,3,71
744467,0.44480201227080374,0,ios,new,tashkent,2,13
885933,1.3296342961659757,0,ios,new,samarkand,4,41
125462,1.528621913543867,0,android,new,tashkent,4,51
591832,0.8428978346492193,0,android,new,samarkand,1,11
385985,1.5550866438452133,1,ios,new,tashkent,3,77
62552,2.3947272343755164,0,android,new,samarkand,3,67
169905,1.751991910891114,0,ios,new,samarkand,2,64
116278,3.104717093481948,0,ios,old,samarkand,2,97
961327,2.0117070618718786,0,android,old,bukhara,5,24
29108,1.3410560792274548,0,android,new,bukhara,1,29
660836,2.57407099138504,0,android,old,samarkand,4,49
868795,1.8578947500193097,0,android,old,samarkand,1,24
501616,0.7841756570687197,0,android,new,samarkand,3,7
547031,1.8940072870853142,0,android,old,tashkent,3,26
316559,1.0372507155320028,1,android,new,tashkent,2,37
86002,2.994271374031192,0,android,old,tashkent,5,95
967334,1.1298233492974794,0,ios,new,tashkent,1,43
491408,0.8715919622890069,0,ios,new,samarkand,2,34
125768,2.4581213718854404,0,ios,new,samarkand,3,92
565371,1.4595262479406095,0,ios,new,bukhara,5,39
630797,3.6286648516655844,0,ios,old,bukhara,4,92
755194,2.2385546733711825,0,android,new,tashkent,1,95
164857,3.402928662028305,0,android,old,bukhara,5,65
238315,1.5906554270263253,0,android,old,samarkand,4,7
218318,2.0360573217079154,0,ios,new,bukhara,1,80
398407,2.0085294254145283,0,android,old,tashkent,2,40
277744,1.1597122060859295,0,android,new,tashkent,3,21
686902,3.5211396118113676,0,ios,old,samarkand,5,98
731720,2.71797086236661,0,ios,old,bukhara,4,49
423082,1.5548172254212829,0,android,new,samarkand,2,33
662579,0.9572733883921936,0,ios,old,samarkand,1,22
214806,2.449263474064964,0,android,new,samarkand,2,91
998755,2.945865478883935,0,ios,old,samarkand,3,79
686875,1.9064027463407622,1,android,new,samarkand,5,51
258589,1.9214950037408276,0,android,new,tashkent,5,52
498586,2.241085171144822,0,android,new,samarkand,4,64
715879,2.1631844945107623,0,android,old,tashkent,1,55
146250,2.214547537720726,0,android,new,bukhara,5,42
418476,2.609083801504262,0,android,new,samarkand,1,89
437828,3.025012419486691,0,android,old,tashkent,2,83
813847,0.9861723496795081,0,ios,new,bukhara,3,17
419987,3.575878369229381,0,android,old,bukhara,5,93
673512,1.8016863724188976,1,ios,new,tashkent,1,85
387003,1.1158728623078793,0,ios,new,samarkand,3,34
618574,2.016711722345235,0,android,new,tashkent,1,92
604829,1.9942835362647569,0,android,old,bukhara,1,22
944085,2.8477536738616718,0,android,new,bukhara,4,59
126925,1.0625936332144923,0,ios,old,tashkent,2,16
116037,2.639537215679177,1,android,new,samarkand,5,84
349892,2.0225028272948884,0,ios,old,samarkand,3,38
585923,2.7591453935238377,0,ios,old,bukhara,3,65
558176,2.198944456062914,0,ios,old,samarkand,1,74
300338,0.3562534669633713,0,ios,new,tashkent,3,16
593329,1.65266892020611,1,ios,new,samarkand,1,65
711309,2.45814426423312,0,ios,new,samarkand,4,83
150108,2.564893655792194,0,ios,old,samarkand,1,86
511615,1.7592366850712102,0,ios,old,tashkent,1,47
275084,2.3592666241563456,0,android,new,bukhara,3,87
505953,2.28991941491534,0,ios,old,samarkand,1,63
172915,2.217745066033655,0,ios,old,bukhara,5,24
48896,2.1359979004379954,1,ios,new,samarkand,4,86
683276,1.5793347801174515,0,ios,new,bukhara,3,50
898422,1.6508973186427618,0,ios,old,samarkand,3,31
749165,1.8074120236412212,0,ios,old,tashkent,5,36
289832,1.5892839723646377,0,ios,old,bukhara,2,32
749236,2.0604002208292473,0,android,old,bukhara,1,7
667571,1.9580381913012428,0,ios,old,samarkand,5,7
875497,2.312407773863751,0,ios,new,samarkand,4,81
885053,1.8876386834988481,0,android,old,samarkand,2,16
675161,2.8491270586598145,0,android,old,samarkand,4,75
255299,1.369711157082662,0,ios,new,tashkent,1,84
470543,1.4043745448228708,0,android,new,tashkent,3,40
364984,3.1282228532279044,0,android,old,samarkand,2,90
790841,2.4215697205438356,0,ios,new,bukhara,3,66
845916,3.2740597278874635,0,android,old,samarkand,3,89
309979,1.4379240209739699,0,ios,new,samarkand,3,50
591276,1.244046752642844,0,ios,old,tashkent,1,19
835404,2.3762821823042724,0,ios,old,tashkent,2,68
483516,2.473951264169292,0,android,old,tashkent,2,66
151754,1.4183573100419622,0,android,new,samarkand,4,31
640336,1.4975426729118402,0,ios,old,samarkand,5,14
735392,2.067955110494448,0,ios,new,tashkent,3,92
202939,3.203105782465166,1,android,old,samarkand,1,92
858805,0.9793533362368033,0,android,new,samarkand,1,24
563635,2.8530438521704125,0,android,old,tashkent,3,76
956563,1.1198159559091683,0,ios,new,samarkand,5,11
86588,2.612241842258444,0,android,old,tashkent,5,56
292232,2.261898958405053,0,ios,new,bukhara,1,85
275260,2.7345334193937063,0,android,new,bukhara,1,94
263652,2.2423324452529596,0,android,old,bukhara,5,22
661597,3.1959451111770316,0,ios,old,samarkand,1,99
895549,2.608701269210434,0,android,new,samarkand,5,83
444872,2.8800076057232395,0,ios,new,bukhara,5,92
511831,1.2739399875640098,0,android,new,bukhara,1,24
394140,2.2454990214865753,0,ios,new,tashkent,5,92
584817,2.127544544347148,0,ios,new,bukhara,5,44
890379,2.886071081331213,1,android,new,samarkand,5,86
941177,2.8390189239107437,0,ios,old,samarkand,4,73
426926,2.4572893013662993,0,android,old,bukhara,1,27
583886,1.5675452586739165,0,android,old,tashkent,2,13
921906,1.5376078461200557,0,android,old,tashkent,2,12
957106,2.606663337771055,0,android,old,samarkand,3,54
247901,1.1971369222138484,0,ios,old,samarkand,1,19
660037,2.6610334061427965,0,android,old,bukhara,5,42
695603,1.8314857409997751,0,android,old,tashkent,3,29
598170,1.6393212361012737,0,android,new,tashkent,4,36
318034,2.5628581665572643,0,android,old,samarkand,2,47
728035,2.1043552146095568,0,android,old,bukhara,1,25
259620,1.7645075169470348,0,ios,old,samarkand,4,25
104654,2.6441997815645633,1,ios,old,tashkent,3,85
374389,1.395702153676638,0,android,old,samarkand,1,22
30318,0.9670892609875921,0,android,new,bukhara,3,10
737179,2.964223065577907,0,android,old,samarkand,2,64
215445,2.911164694224961,0,android,old,samarkand,5,60
217541,1.4585081313163326,0,android,new,samarkand,3,48
269262,0.6121336647521569,0,ios,new,samarkand,2,15
905662,2.8377276892899777,1,android,new,bukhara,5,68
650993,3.4927084364374137,0,ios,old,samarkand,4,97
567520,3.395336789550214,0,ios,old,samarkand,4,88
149386,1.4349360210690445,0,android,old,tashkent,3,7
411911,1.6191964000360117,0,ios,old,bukhara,3,18
250124,3.3163690597883972,0,android,old,samarkand,3,98
670575,2.4615536937127818,0,ios,new,bukhara,1,98
243533,1.575944546593477,0,ios,old,samarkand,5,11
776407,2.924651923812876,0,android,new,bukhara,1,97
89353,1.0310044736014397,0,ios,new,bukhara,4,7
898509,3.118517106602968,0,android,old,bukhara,4,60
760514,1.7467764368219283,0,ios,new,tashkent,4,60
132675,2.4816990572432847,0,android,new,bukhara,3,58
330998,1.9232941387257259,0,android,new,bukhara,2,42
92841,2.675335113681194,0,android,new,bukhara,3,87
668658,2.7681915771497834,0,ios,old,samarkand,3,76
581253,1.312188770336038,0,android,old,tashkent,3,8
698380,1.54000941506553,0,ios,new,bukhara,2,20
142350,1.955904484701735,0,android,new,samarkand,1,80
71098,2.898007151707379,0,android,new,bukhara,4,76
657871,3.0576770128981527,1,ios,old,samarkand,5,94
330849,2.6002178780491163,0,android,old,tashkent,4,80
48223,2.1521371453764373,0,ios,old,samarkand,3,42
21087,2.1343331572594595,0,ios,old,samarkand,3,53
262184,0.9321295838407476,0,ios,new,tashkent,5,13
125564,1.015024060894536,0,ios,new,tashkent,4,21
64590,3.1041336804325654,1,ios,old,bukhara,4,76
453783,2.8071989453514425,0,ios,old,samarkand,1,94
652794,1.9491076099090026,0,ios,old,bukhara,1,37
159010,2.3312851935235304,0,android,old,tashkent,4,48
443663,0.8386200475765939,0,android,new,bukhara,2,7
650672,2.6801337314280795,0,ios,old,samarkand,2,75
262434,0.8866348960559105,0,android,new,tashkent,3,30
615590,2.583115316429502,0,ios,new,samarkand,3,89
807316,1.442512732179723,0,ios,new,bukhara,5,20
788842,1.2325515655899875,0,android,old,samarkand,3,6
133415,1.319446410855969,0,android,new,tashkent,3,26
628397,2.7647640863602354,0,ios,new,samarkand,2,90
685257,2.535509121399947,0,android,old,tashkent,4,45
854747,2.878712118120033,0,android,old,tashkent,4,59
310523,1.58361836965111,0,android,new,bukhara,3,17
143217,1.509345587175286,0,ios,old,tashkent,1,34
486680,1.8459990283495336,0,ios,old,tashkent,1,54
244861,1.9916531027873912,0,ios,old,samarkand,5,41
938147,1.6038340032211718,0,ios,old,bukhara,2,40
860180,1.9162459281021995,0,android,new,bukhara,4,39
449489,1.5392270290124535,0,android,new,bukhara,5,14
387652,2.494561495791064,1,ios,old,tashkent,3,81
235649,1.6340517263031185,0,android,new,samarkand,3,54
814065,2.308563354261127,1,ios,new,samarkand,4,99
571665,3.836430971741655,0,android,old,samarkand,5,94
150913,0.957673316916685,0,ios,old,tashkent,4,10
95049,1.9929689805787807,0,android,new,samarkand,3,57
47107,3.0324609180170743,0,ios,old,bukhara,2,79
432093,3.4961238529306735,1,android,old,tashkent,3,96
83399,2.6819877655340467,0,android,old,tashkent,3,57
674517,2.584934888178463,1,ios,old,bukhara,4,26
506747,1.7675363375705058,0,ios,new,samarkand,2,57
123676,3.569524194863079,0,android,old,bukhara,5,84
442893,2.5614021140160403,0,android,old,bukhara,3,50
895283,1.8134423696101707,0,ios,new,bukhara,1,62
519890,1.4299414363319778,0,ios,new,bukhara,4,32
510099,2.6300472435903224,0,ios,old,bukhara,4,41
136532,1.7528583261962072,0,android,old,samarkand,3,5
256230,2.0813378747954956,0,android,old,samarkand,1,51
815170,1.9287507006624862,0,android,old,tashkent,5,22
537747,2.303350117568342,0,ios,old,samarkand,2,55
516677,2.5151783587502736,0,android,old,tashkent,5,46
242057,1.7850458953551716,0,android,old,tashkent,3,21
260381,1.0230346792590348,0,android,new,tashkent,5,22
495120,3.0163609149220507,1,android,old,bukhara,3,63
633130,1.7791132811201118,1,ios,old,samarkand,5,34
824783,1.7279508186327903,0,ios,old,tashkent,4,46
771279,0.8920325273340625,0,ios,new,tashkent,3,27
305234,0.8895851413339957,0,ios,old,tashkent,1,6
648200,2.2387282187714224,0,android,old,tashkent,5,37
223541,2.1794960090020203,0,ios,new,tashkent,1,81
57302,2.708955587774723,0,ios,old,bukhara,3,59
138340,2.0291086527401396,0,ios,new,tashkent,1,91
852107,3.0647946917264126,0,android,old,tashkent,3,64
221331,3.114355825076479,0,android,old,bukhara,5,61
837031,2.666369846747776,0,ios,old,tashkent,5,73
837404,1.453852400761478,0,android,new,tashkent,1,59
686930,2.866124105047367,0,android,old,bukhara,5,50
190605,1.9968485527031965,0,android,new,bukhara,3,47
439870,1.2612174588582787,0,android,new,samarkand,1,40
135487,2.736590807264951,0,android,new,bukhara,4,76
209957,1.6312813593101994,0,ios,new,bukhara,5,26
778291,2.447647761624491,0,android,new,samarkand,2,94
780128,1.9736221278842652,0,android,old,samarkand,4,7
913103,2.229013072749788,0,android,new,tashkent,5,78
455446,3.0642425264709954,0,ios,old,bukhara,1,88
633542,1.5992008042533248,0,ios,new,tashkent,1,68
346088,3.8560758568342925,0,android,old,bukhara,3,87
196128,1.3239131019602144,0,ios,old,tashkent,1,18
342016,2.607497565324328,0,ios,old,bukhara,4,53
374252,2.014302981201566,0,ios,old,tashkent,5,38
112006,2.217371284215402,0,android,new,samarkand,4,59
313338,2.863418328349582,0,android,old,samarkand,5,50
39540,2.1780481899268858,0,ios,new,bukhara,5,64
722644,1.573325950797679,0,ios,new,bukhara,4,26
674131,0.953981576478586,0,android,new,samarkand,1,10
402609,1.6154434256011045,0,android,new,samarkand,2,47
595263,2.016341388564993,0,android,new,samarkand,1,78
248156,2.56154691710962,0,android,old,samarkand,4,56
540788,2.5868260172061004,0,android,new,bukhara,3,63
208967,1.9743431360077306,0,android,new,tashkent,1,89
40938,2.107587418377581,0,ios,new,bukhara,2,67
618881,1.1093612540203663,0,ios,new,samarkand,3,41
649090,2.3014234680126044,0,ios,old,samarkand,3,59
601369,2.7371790862008227,0,android,old,samarkand,4,60
246715,3.523323554253427,0,android,new,bukhara,5,99
950138,1.89682299723469,0,ios,old,bukhara,5,16
407499,2.332997944075428,1,android,old,tashkent,4,60
784302,1.9404895285268813,0,ios,new,bukhara,4,52
412228,2.636165624440687,0,ios,old,samarkand,4,80
831099,3.1147260117995588,0,ios,old,bukhara,2,81
68459,0.6095502868845477,0,ios,new,samarkand,5,7
773040,1.3517919690138884,0,android,new,samarkand,3,31
801287,3.0103399557539965,0,android,old,samarkand,3,78
244383,3.4520990810667755,0,android,old,bukhara,4,69
73226,3.4567765774903276,0,android,new,bukhara,1,97
365915,3.218020092024422,0,ios,new,bukhara,5,95
189674,1.1491260844167652,0,ios,new,tashkent,2,45
429603,2.2268560176596774,0,android,new,bukhara,4,48
595682,2.8467449417041535,0,android,old,tashkent,2,68
743934,2.8958061518220712,1,ios,old,bukhara,1,65
880804,2.0603953794149,0,android,old,bukhara,2,18
118140,2.0218025469284795,0,ios,new,samarkand,5,58
817119,2.9980982337348907,0,android,old,samarkand,5,56
53061,3.1448175277918464,0,ios,old,samarkand,3,83
420593,2.946648032188446,0,ios,old,samarkand,4,79
972733,2.768578371821543,0,android,old,bukhara,5,31
486685,0.9263028178500086,0,ios,new,tashkent,5,10
604873,2.9672032036033595,1,ios,old,tashkent,3,96
948080,3.0492401916860192,0,android,old,samarkand,2,69
325554,1.2567966338373653,1,ios,new,bukhara,3,42
911231,2.741107063481608,0,ios,old,samarkand,1,86
388463,1.5415417098021365,0,ios,new,tashkent,5,47
869487,1.0065953421572726,0,ios,new,bukhara,1,25
716690,1.4974655063900926,1,ios,new,bukhara,5,30
602460,1.3189525064987184,0,ios,new,bukhara,4,30
875812,1.2590081618345952,0,ios,new,samarkand,5,17
878528,1.2526372632964504,0,ios,new,bukhara,2,23
665753,2.269059540749326,1,ios,new,tashkent,5,97
247023,0.9576690976541656,0,ios,new,samarkand,3,32
307191,1.180776578331443,0,android,new,samarkand,2,34
351516,2.453491972027069,0,android,old,bukhara,3,14
945584,2.2215708853878304,1,ios,new,bukhara,4,72
978560,2.2851781818514993,0,ios,old,bukhara,5,25
211569,2.02436463881521,0,ios,new,tashkent,2,90
674862,2.845934925085171,0,ios,old,tashkent,5,83
907626,2.5286949625483324,0,android,new,bukhara,4,57
914660,1.7661093736171225,0,android,new,bukhara,2,33
245668,1.8532363556954774,0,android,new,samarkand,3,60
769537,1.3118379412130905,0,ios,new,bukhara,2,34
913375,2.9673448603913,0,android,old,tashkent,2,97
563123,0.45768206108793874,0,ios,new,tashkent,3,20
919683,2.3691864212554106,0,android,old,samarkand,1,55
691592,1.046379870244044,0,ios,new,tashkent,2,42
42420,1.6183673551775095,1,android,new,tashkent,1,62
751217,1.788698630102374,0,ios,old,tashkent,4,46
69525,2.7849416261001627,0,android,old,samarkand,3,48
403072,3.1313300210185337,0,android,new,samarkand,5,93
521218,3.1006346086921965,0,android,old,bukhara,5,44
230097,2.065516026489498,0,android,old,bukhara,4,15
275775,0.7945389058641971,0,android,new,tashkent,2,21
937797,2.336561925352478,0,android,new,samarkand,3,68
299618,0.9585891314924845,0,android,new,tashkent,5,10
741810,1.5438659414481801,1,ios,new,tashkent,2,64
685587,1.9771140547914907,0,android,new,samarkand,5,37
251236,2.4931059911217797,0,android,new,bukhara,4,55
523362,1.6313409949067283,1,ios,new,bukhara,3,43
260237,2.319638248023236,0,android,old,samarkand,5,43
16990,1.1566289337443365,1,ios,new,bukhara,1,35
105997,2.803060349585276,0,android,old,samarkand,3,62
384020,3.013028267935179,0,ios,new,bukhara,4,95
881754,3.175239172960174,1,android,old,bukhara,5,65
94733,3.065252856830617,0,android,old,bukhara,2,71
181932,1.8359367731007696,0,android,old,samarkand,2,14
221276,1.410565624590693,0,android,old,samarkand,2,22
737426,2.38798917749364,0,android,old,tashkent,4,58
542206,3.2825979060203383,0,ios,old,samarkand,4,93
790538,1.857082957545513,0,ios,old,samarkand,1,51
437037,2.1588610780907125,1,ios,old,samarkand,5,28
46863,1.6606209469361568,0,ios,old,tashkent,1,36
49809,1.946889572695361,0,android,old,tashkent,1,37
846774,2.9009396753936167,1,android,old,samarkand,1,98
734158,3.8009906633265103,0,android,old,bukhara,3,97
125538,1.3969853215744303,0,android,new,bukhara,3,14
585741,2.126166607436653,0,ios,old,samarkand,5,32
224567,2.7398637916142237,0,ios,old,samarkand,1,77
951382,2.380741966442722,0,android,old,samarkand,4,42
954070,1.2360395181487265,0,ios,new,tashkent,4,30
113468,1.51393726832546,0,ios,new,tashkent,5,45
149638,2.9509260973299227,0,ios,old,bukhara,5,62
10696,1.3905030634353381,0,android,new,samarkand,1,61
377577,3.5020240741709037,0,ios,old,bukhara,5,86
841904,2.252332546506535,0,android,old,tashkent,1,59
444098,3.3579701341630894,0,android,old,tashkent,2,90
677716,1.9992313449941381,0,ios,new,bukhara,5,30
55700,1.8015449383861255,0,ios,new,tashkent,2,85
514644,1.6805116205935038,0,ios,new,tashkent,1,84
912698,1.1470488016507545,1,ios,new,tashkent,5,30
82464,2.483676773622815,0,android,old,samarkand,3,64
800016,2.3478243618381893,0,ios,new,bukhara,1,87
896906,1.758089943347097,0,ios,old,tashkent,1,53
998793,1.1894303509853434,1,ios,new,samarkand,5,27
24577,3.4294176548883955,0,android,old,bukhara,1,73
50870,1.8432773248373833,0,ios,old,tashkent,3,39
131351,1.8191289974493754,0,android,new,samarkand,4,31
182641,1.7271501877965982,0,android,old,tashkent,3,16
350452,2.239419014153555,0,ios,old,samarkand,3,52
371351,2.3326944243041208,0,ios,old,tashkent,2,60
461713,1.8492070998342198,0,ios,new,bukhara,5,44
986016,3.2026514483573347,0,android,old,samarkand,2,74
240248,0.37935406462535254,0,android,new,tashkent,1,13
655880,2.751712459145213,0,android,new,bukhara,4,66
945474,0.880909798353061,0,ios,new,samarkand,5,30
757309,1.3111388812228701,0,android,new,samarkand,3,26
302355,2.7466261996662498,0,ios,old,bukhara,2,60
12195,0.618310736676172,1,ios,new,tashkent,3,9
951862,1.5028962805641148,1,ios,new,tashkent,4,39
561404,2.988100733327835,0,android,old,samarkand,4,84
30510,1.662927739003264,0,android,new,bukhara,5,26
298584,3.27456444226868,0,android,old,tashkent,5,76
884623,2.6361457341217047,0,ios,new,samarkand,3,92
615917,1.541620146591705,0,android,old,tashkent,1,44
781516,2.416846621413783,0,ios,old,tashkent,5,75
652571,1.9107988894134873,0,ios,old,tashkent,2,71
157079,3.040607086391734,0,ios,old,bukhara,4,81
775292,1.9200108359179981,0,ios,new,samarkand,5,66
647728,1.8713711089690424,0,ios,old,samarkand,5,25
324289,2.534511629711296,0,ios,new,bukhara,4,93
247460,1.701811923109216,1,android,new,bukhara,2,52
70314,0.6944506018287355,0,ios,new,samarkand,1,31
736646,2.751090413495077,0,android,new,bukhara,5,71
235758,1.616028727558832,0,ios,old,samarkand,5,17
931039,1.1812434922601853,0,android,new,tashkent,1,46
476619,1.401053639810619,0,ios,new,samarkand,4,38
51670,0.6595480823387961,0,ios,new,samarkand,1,15
384317,2.434910655233299,0,android,new,tashkent,2,99
293118,1.8793413352504957,0,android,old,tashkent,3,29
382728,2.361637967582578,0,android,new,tashkent,5,80
624123,2.6129385839865846,0,ios,old,bukhara,5,47
995345,0.9819475445682213,1,ios,new,tashkent,4,38
642985,2.7181107744197104,0,android,new,samarkand,4,81
491344,2.34651907618709,0,ios,old,bukhara,1,41
237461,2.4918413057363016,0,android,new,bukhara,5,54
38760,1.032234164201419,0,android,new,bukhara,1,33
777147,2.228764755799313,1,ios,old,samarkand,2,48
884360,3.4736885901624155,0,ios,old,bukhara,4,84
485039,1.594290762171502,0,ios,old,samarkand,5,6
769360,1.6842278991228243,0,android,new,tashkent,5,35
991671,1.689486135533403,0,ios,new,samarkand,4,48
601743,2.140648844408808,0,android,old,samarkand,3,31
17535,2.562237671420705,1,ios,old,bukhara,2,64
410906,1.9648121289512017,0,ios,new,samarkand,4,93
788047,2.8882495951153775,0,ios,old,tashkent,4,89
939800,1.9377174853066108,0,ios,old,samarkand,3,31
584824,2.6096150917346144,0,ios,old,tashkent,1,99
323851,1.7455236624196213,1,android,new,tashkent,5,51
614530,1.9397998972470052,0,android,new,bukhara,5,32
364056,3.0974686716216016,1,android,old,samarkand,1,88
908355,2.420850700998996,0,ios,old,bukhara,5,47
401882,0.7071267811484313,1,android,new,samarkand,2,13
130662,1.8060191495670592,0,android,old,samarkand,4,7
197429,2.4271896419780625,1,android,old,samarkand,1,43
956655,1.6159411651007998,1,ios,new,samarkand,2,51
212739,2.2878159913018377,0,ios,new,bukhara,1,87
556203,0.9289590189053464,0,ios,new,tashkent,3,20
834135,2.836278201530073,0,ios,old,bukhara,3,57
282715,2.7531692303298736,0,ios,old,bukhara,3,58
284871,1.6584284961185547,0,ios,old,samarkand,5,11
752148,2.392575022325527,0,ios,new,bukhara,4,57
394358,1.2920504990171071,0,ios,new,bukhara,3,27
247611,3.2338758334846744,0,android,old,tashkent,3,92
54186,1.5521062823204477,0,android,new,bukhara,1,47
281834,1.8663735633155283,0,android,new,tashkent,4,71
983439,1.331319882464734,0,ios,old,tashkent,4,5
238740,2.4580703908810264,0,ios,old,samarkand,2,47
911067,1.9520546833828205,0,android,new,tashkent,2,70
300488,1.0541620807547203,0,ios,new,bukhara,5,13
500346,2.9056432692689262,0,android,old,tashkent,4,72
382134,0.33757040724973925,0,ios,new,tashkent,1,14
807993,2.345473668188699,0,ios,new,samarkand,3,94
202532,2.0737701536576107,1,ios,new,samarkand,4,61
690509,2.444550426077945,0,android,new,tashkent,4,84
851614,3.9342239708578037,0,android,old,bukhara,5,97
369545,2.200077117456933,0,ios,new,bukhara,5,73
15896,2.9437362500749673,0,android,old,bukhara,5,36
112859,0.8142674006619506,0,ios,new,tashkent,4,31
546476,3.294571929748604,0,android,old,bukhara,2,76
606176,2.7864351368667113,0,android,old,samarkand,3,93
269735,1.6099851232728226,0,android,new,samarkand,3,25
755282,2.3457093153577633,0,ios,old,bukhara,3,30
300226,3.0344415879598303,0,ios,old,bukhara,5,60
65070,1.5968130415726671,0,ios,old,bukhara,1,8
123326,2.492223045757014,0,android,new,bukhara,3,67
123901,1.1106827741576337,0,android,new,samarkand,1,28
580655,1.003840471649394,1,ios,new,samarkand,2,19
651766,2.0274528636104847,0,ios,old,tashkent,4,46
495649,1.6752552026731649,0,android,new,samarkand,3,49
451616,1.4895460199081627,0,ios,old,bukhara,1,5
764630,2.649229201338175,0,ios,old,tashkent,1,89
56470,1.6456813975119542,0,android,new,bukhara,3,28
670874,1.774900817340105,0,ios,new,tashkent,1,83
278167,1.8645497610936679,0,ios,new,tashkent,2,77
332732,2.9943682497214197,0,android,old,bukhara,1,71
654720,2.9175746996951677,0,ios,old,bukhara,3,63
738859,1.5543222042107185,0,android,new,tashkent,5,38
327047,1.3633938867171416,0,ios,new,bukhara,4,15
620567,2.137323163004694,0,android,old,bukhara,4,12
191746,1.226944400277889,1,android,new,tashkent,5,14
731490,2.5173339087882516,0,android,new,bukhara,4,82
511971,3.2579143514230995,0,android,old,tashkent,4,88
375566,1.600827760839877,0,android,new,samarkand,2,39
669332,2.016388287426964,0,android,old,bukhara,5,8
659413,0.7333081818912965,0,android,new,tashkent,3,11
249406,2.433557480864592,0,ios,old,tashkent,5,47
331847,2.640181317381306,1,ios,new,samarkand,3,84
36706,3.2538106051400986,1,android,old,samarkand,3,97
858426,1.0188979234141533,0,android,new,tashkent,4,9
146216,2.102576514884577,0,android,new,tashkent,2,74
268865,0.6105103094466792,0,ios,new,tashkent,4,11
482805,1.1796171585515827,0,android,old,tashkent,2,9
328541,2.581826858582551,0,android,old,samarkand,3,73
373617,1.2637580491845275,1,android,new,tashkent,4,25
242177,0.9686713900110434,0,ios,new,bukhara,4,9
326486,1.024814398541578,0,ios,new,bukhara,4,15
417138,2.3835355732283805,1,ios,new,tashkent,5,77
447657,1.133285912848253,0,ios,old,samarkand,1,14
748072,3.0769999454238337,0,android,new,bukhara,4,83
262837,1.9844436535569931,1,android,new,tashkent,4,66
557459,2.1986879181573395,1,ios,old,samarkand,1,42
784442,2.1474671660490543,0,ios,old,tashkent,2,54
306501,1.260236774954562,1,android,new,samarkand,1,20
45666,3.0509160429681197,0,ios,old,bukhara,5,44
835253,1.0652317713695079,0,android,new,tashkent,4,23
714496,1.8332811864893308,0,ios,new,tashkent,4,70
417546,2.4851017354167615,0,ios,new,bukhara,4,74
809610,3.8463255308190627,1,ios,old,bukhara,5,92
629869,0.5118191232663227,0,ios,new,tashkent,3,9
669537,2.3861336955977652,0,ios,old,tashkent,4,82
553273,1.332376938172367,0,android,new,tashkent,4,44
536090,0.7734743311990737,0,android,new,tashkent,2,17
578787,2.877633888629624,0,ios,old,tashkent,5,72
34645,2.4556970581268045,0,ios,new,bukhara,1,89
904969,2.028786190905508,0,android,old,tashkent,4,34
292358,2.164908718699154,0,ios,new,tashkent,3,97
100188,3.391962875500673,0,android,old,bukhara,3,84
267109,1.1905810596487438,0,ios,new,tashkent,5,31
495804,1.357685484390849,0,ios,old,bukhara,2,22
645713,1.5000707280260939,0,ios,new,bukhara,3,47
854014,2.777573249543651,0,ios,old,tashkent,4,86
808364,1.8739568261221793,0,android,new,tashkent,3,59
279056,1.1913377379865182,0,ios,new,samarkand,5,34
695746,1.8793581546103162,0,ios,new,samarkand,5,46
246041,1.9404552026788504,0,android,new,samarkand,1,78
422380,2.0415986070781362,0,ios,old,tashkent,3,51
120584,1.6451712897371427,0,android,new,bukhara,5,28
840651,2.448625858807959,0,ios,old,bukhara,2,60
714156,1.933870220634633,0,ios,old,tashkent,1,62
275063,2.1424781113442584,0,android,new,tashkent,5,68
732586,1.107399242242639,0,ios,new,samarkand,5,22
653067,2.495913545903869,0,android,old,bukhara,5,12
216602,1.8277341528457915,0,android,old,tashkent,1,47
508798,2.240314226489242,0,ios,new,bukhara,5,61
939179,0.8516018461113595,0,ios,new,samarkand,3,33
186442,1.9757552215561769,0,android,old,samarkand,2,39
279812,2.2214180696420804,0,ios,old,bukhara,3,39
113602,1.7998047758850058,0,ios,old,tashkent,1,44
444927,3.6055681036829252,0,ios,old,bukhara,5,69
610951,2.4510773391241574,1,android,new,bukhara,1,82
791790,2.8737567329504916,0,ios,old,bukhara,5,61
965717,2.0934467721141,0,ios,old,bukhara,5,30
496790,3.0903470094599252,0,android,old,tashkent,5,90
234370,2.6735164671317153,0,android,new,samarkand,5,71
614624,2.1419075940909953,0,android,new,bukhara,3,62
844126,2.507277430732946,1,android,new,bukhara,1,72
765497,1.6394881891070519,0,android,old,samarkand,2,15
981569,2.0185905350512665,0,ios,new,tashkent,4,81
890145,2.451743723224892,0,android,old,tashkent,3,65
518554,1.8212910989517619,1,ios,new,tashkent,5,83
418065,1.500135272048182,0,ios,old,tashkent,4,38
461386,2.8286857575649744,0,ios,old,samarkand,2,70
33032,1.0732136496773887,0,ios,old,samarkand,1,7
315626,1.208009547412879,1,ios,new,bukhara,3,25
435449,2.6484603175048056,0,android,old,tashkent,1,78
447433,1.443898606061733,0,android,new,tashkent,4,34
557031,1.7387208684148578,0,ios,new,tashkent,3,70
480130,1.8718946655991322,0,ios,old,samarkand,1,46
147012,0.901270786506538,0,ios,new,samarkand,2,20
271483,2.721771978717631,0,android,old,samarkand,2,54
600799,1.459224490541942,0,android,new,samarkand,1,27
39955,1.4554707355783698,1,android,new,tashkent,2,66
374719,1.6713594295807268,0,ios,new,tashkent,4,61
798346,1.941736940152299,0,ios,old,tashkent,1,56
533304,1.688061399007472,0,ios,old,tashkent,3,32
400589,2.1685529598592743,0,android,new,bukhara,1,69
791577,0.8732604048808954,1,android,new,tashkent,2,26
907352,2.7054569210792088,0,android,old,bukhara,1,56
509241,1.7618682021891925,0,ios,old,tashkent,4,31
999457,0.6335114246707716,0,android,new,samarkand,1,17
159183,1.0422120224472962,0,ios,new,tashkent,3,14
584234,2.660159898012047,1,ios,old,tashkent,1,96
40613,0.9657891649984908,0,ios,new,samarkand,1,40
296798,2.221722904672831,0,android,new,tashkent,1,98
186269,2.468855363321068,0,ios,old,tashkent,2,66
464956,1.9099290332419419,0,android,old,tashkent,4,27
302089,2.998623787719872,0,android,old,tashkent,5,59
507149,3.352607660534818,0,android,old,samarkand,1,96
846112,1.9120791071359282,0,android,new,samarkand,2,60
918385,3.1402420982359245,0,ios,old,bukhara,2,89
261779,1.025649334500744,1,android,new,tashkent,3,20
784604,1.0927961093650551,0,ios,new,samarkand,2,31
893524,1.6397849774256281,0,android,old,samarkand,2,11
304075,1.722549638684645,0,ios,new,bukhara,4,50
23037,0.8405397059229889,0,ios,new,tashkent,3,31
739257,0.5257108831232672,0,ios,new,tashkent,3,6
137450,2.967449133940039,0,android,old,tashkent,5,82
314963,1.3402551883832667,0,android,old,tashkent,1,6
321352,1.9593782513155769,0,android,new,tashkent,5,51
318016,0.8482542694767795,0,ios,old,tashkent,1,13
424578,1.5314311094048831,0,android,new,samarkand,4,27
516147,2.200962749610332,0,ios,old,tashkent,5,52
820881,3.0622677398369818,0,android,old,bukhara,3,66
205088,1.4026136492131989,0,ios,old,samarkand,5,7
734175,1.653104345307939,0,android,old,tashkent,1,26
145316,3.1407105360515915,0,ios,old,bukhara,3,86
524139,2.23387117909369,0,android,new,tashkent,2,81
864491,2.064101660740862,1,ios,new,tashkent,4,78
69174,2.0431326905160274,1,ios,old,tashkent,4,64
440980,1.1771554483378768,0,ios,new,samarkand,2,36
89698,2.6046599960685675,0,android,new,samarkand,5,73
818392,1.5476186026524072,0,ios,new,samarkand,5,49
701695,2.300892336208443,0,android,old,samarkand,3,34
308722,0.6714795746297902,0,ios,new,samarkand,1,26
378641,3.059824920009996,0,android,old,samarkand,3,93
708561,1.5939439630418946,0,ios,old,bukhara,1,29
729511,3.360322422839284,0,ios,old,bukhara,2,94
996351,2.9053879550736457,0,android,old,tashkent,5,58
722226,2.59533567795029,0,ios,old,bukhara,5,39
160737,2.3726495682790185,1,ios,old,bukhara,5,39
178146,1.7995949160513631,0,ios,old,samarkand,1,49
396322,2.092078534110758,0,ios,old,samarkand,1,46
544585,2.0419510521580757,0,android,old,samarkand,5,16
826848,3.135487254401085,0,android,old,tashkent,5,84
631951,3.372264871672587,0,android,old,tashkent,5,98
431948,2.206148765963099,0,android,old,bukhara,3,15
233439,2.4919663686899236,0,ios,new,bukhara,3,92
443247,1.1042579796216816,1,ios,new,tashkent,2,28
420445,2.2656628199315447,0,android,new,bukhara,4,45
129607,1.8239604338807263,0,android,new,samarkand,5,38
482241,2.1510530516783675,0,android,old,bukhara,5,15
202531,2.007495997940507,0,android,new,tashkent,5,58
628448,1.9047960388007232,0,ios,new,samarkand,5,32
811339,2.624999188482293,0,android,new,samarkand,3,85
54740,3.187764457428465,0,android,old,tashkent,4,89
805320,1.1091663568028733,0,ios,new,samarkand,2,56
94092,2.1988674538616957,0,ios,new,samarkand,4,89
712044,2.024089326531181,0,ios,old,samarkand,2,52
729678,2.4017404361584185,1,ios,new,bukhara,5,69
629797,1.4212366053974819,0,ios,old,tashkent,3,24
634474,2.865470590544068,0,ios,new,bukhara,5,95
927858,2.04238311114624,0,android,new,samarkand,5,61
518982,1.7770040005182215,0,ios,new,bukhara,5,58
164546,1.8998946040443128,0,android,new,tashkent,3,64
479636,2.318542415184127,1,android,old,tashkent,5,41
691717,0.9162527038693888,1,ios,new,tashkent,5,36
846964,2.1158787166887296,0,ios,old,bukhara,2,36
379834,1.5919033141260324,1,android,old,tashkent,5,11
580437,2.245321261393555,0,ios,old,bukhara,5,25
887697,1.816197511557604,0,android,old,bukhara,5,8
833098,2.5496144223206074,0,android,old,bukhara,3,41
973579,2.125378510045645,0,android,old,samarkand,1,38
109159,3.480420527159305,0,android,old,bukhara,3,84
38115,2.0091405535058624,0,android,old,tashkent,5,29
446603,2.258634153847568,0,ios,new,samarkand,5,73
772393,3.205329700874693,0,ios,new,bukhara,5,94
150478,2.569077267432497,1,ios,old,tashkent,3,67
297522,2.072658054131945,0,android,old,bukhara,4,28
723864,2.0882369741249516,0,android,old,bukhara,1,6
918701,1.152893861812594,1,ios,old,tashkent,3,16
493619,1.3928479009861614,0,ios,new,tashkent,1,75
445329,1.920880641134323,0,android,old,bukhara,3,14
130781,0.9223349485191545,1,android,new,tashkent,1,31
178860,2.455604668063379,0,android,old,tashkent,1,74
871229,3.143852932113281,0,android,old,tashkent,2,90
153200,1.1027194302505825,0,ios,new,tashkent,4,46
238647,2.6639904605256337,0,ios,new,samarkand,5,98
616039,3.2017720004398638,0,android,old,bukhara,2,71
671206,2.1876040729142656,0,ios,old,bukhara,3,28
687964,2.561443061994593,0,android,old,samarkand,4,47
320485,3.0621930197959535,0,android,new,tashkent,5,98
141915,2.1881244316476476,0,android,new,samarkand,5,56
879291,1.5599726632162052,0,ios,new,samarkand,1,66
967526,2.116820525389481,0,android,new,tashkent,5,62
865965,2.339517049666984,1,ios,old,tashkent,2,98
118976,1.0794698026363798,0,ios,new,tashkent,5,27
307344,2.1790334882744005,0,ios,old,bukhara,4,12
867541,2.7319593758751584,0,android,new,bukhara,5,58
591098,1.6350554598622944,0,android,new,tashkent,4,46
49953,3.2995902261204684,0,android,old,samarkand,2,79
951991,2.493981448199429,0,android,old,bukhara,4,14
872239,2.442596301611559,0,ios,old,samarkand,2,62
876606,1.836678150529508,0,ios,new,tashkent,3,78
853001,2.056643171067066,0,ios,old,tashkent,1,67
850796,2.0073696602768907,0,android,new,tashkent,1,98
336539,2.5742768702005567,0,ios,old,tashkent,2,75
111785,1.5918591096846657,0,android,old,tashkent,4,12
774952,1.8007499987780018,0,ios,new,samarkand,4,63
31670,2.244997930178548,0,android,old,tashkent,2,39
258322,1.8732872897882047,0,ios,new,samarkand,1,84
814483,3.806516255639475,0,android,old,bukhara,4,91
890493,2.4041392495720695,0,android,old,tashkent,2,64
269702,2.3698976502574833,0,ios,new,bukhara,3,86
37068,1.7594238202895753,0,ios,old,tashkent,5,15
650578,2.22770229747763,0,ios,new,bukhara,2,67
341353,3.6778931256219494,0,android,old,bukhara,5,82
805196,1.4863839721915584,0,ios,new,samarkand,1,79
221430,1.3056704506706913,0,ios,old,tashkent,4,10
276315,2.769898029545705,0,ios,old,bukhara,4,67
352842,1.3494450763183432,0,ios,old,tashkent,3,19
852759,1.1791398270637625,1,ios,new,tashkent,1,47
445823,2.3626595711106666,1,ios,old,tashkent,4,58
903408,1.5455101577336419,1,ios,new,bukhara,3,46
234341,1.4120504580949111,0,android,new,samarkand,1,33
681463,3.4398728023829714,0,ios,old,bukhara,1,84
538964,0.897284241214446,0,ios,new,tashkent,1,44
870475,2.316276943354312,1,android,new,bukhara,3,74
884618,2.6917000354964604,0,ios,old,samarkand,3,82
629650,2.9239547348455868,0,android,old,tashkent,5,77
422914,1.7628562680586044,0,ios,new,samarkand,5,36
829257,2.3236256159567503,0,android,new,tashkent,2,79
765595,1.8578623341689864,0,ios,new,samarkand,4,57
536883,2.03317616886686,1,ios,new,samarkand,4,71
848170,2.6503805385810373,0,ios,new,bukhara,3,92
440459,0.22059762151163959,0,ios,new,tashkent,1,5
958726,2.046596741193977,0,android,old,samarkand,1,35
220849,2.7395282077588026,0,ios,new,bukhara,2,90
456626,1.3383885052409543,0,android,new,tashkent,5,27
949862,0.7106869708098867,0,ios,new,bukhara,1,12
182833,1.4907780054094064,0,ios,old,samarkand,2,13
755775,1.756226065708366,0,ios,old,tashkent,2,40
587484,1.5113625053623783,0,android,new,samarkand,4,20
789771,0.7778731971269282,1,ios,new,tashkent,3,10
18469,2.7120716625124377,1,android,new,samarkand,5,72
620593,2.331612880808812,0,ios,new,bukhara,3,77
438477,1.3273965898621252,0,android,new,tashkent,4,18
501198,1.864947277263481,0,android,new,samarkand,3,53
39771,2.1464670881244388,0,ios,old,samarkand,1,78
614080,0.8074656347404576,0,ios,new,tashkent,5,5
478234,2.7586760665542465,0,android,old,tashkent,4,61
503555,3.6459746328520763,0,ios,old,bukhara,4,87
318893,2.094812420523379,0,android,new,samarkand,4,43
22983,2.5111329489649226,0,ios,old,samarkand,2,61
890927,1.8237135572041354,0,ios,old,tashkent,5,36
59623,1.370236732351273,0,ios,new,samarkand,5,54
780551,2.668946739309379,1,ios,old,bukhara,1,59
872912,2.3256742044843564,0,ios,new,samarkand,5,63
966820,0.9762701049906715,0,android,new,samarkand,3,24
979364,2.4734797119020597,0,ios,old,samarkand,5,50
109547,2.5717129686641766,0,android,old,tashkent,3,75
138870,2.990085612070297,0,android,old,samarkand,4,73
157287,3.3880978439770066,1,ios,old,bukhara,3,87
194374,2.7789485851411513,0,android,old,tashkent,3,73
620548,2.474952869474434,1,android,old,bukhara,4,45
381290,2.8901556460993856,0,ios,old,tashkent,4,71
23071,2.4329441532732305,0,android,new,bukhara,5,58
474334,3.23676794613606,0,android,old,samarkand,1,84
150993,1.2559915758252544,0,android,new,tashkent,1,57
774750,2.812253249558687,1,android,old,samarkand,1,81
263747,2.5937777947123557,0,ios,new,bukhara,2,93
184276,2.683171688223105,1,android,new,bukhara,2,77
884461,2.599234654746084,1,android,old,samarkand,5,61
211786,2.2429134618985014,0,android,old,samarkand,3,48
734864,3.1573524123634225,0,android,old,samarkand,2,86
272103,2.931711104241549,0,android,new,bukhara,2,97
764703,3.348443851380952,0,android,old,bukhara,4,79
389955,3.134926795853005,0,android,new,samarkand,5,98
399824,1.0594696618210875,0,ios,new,samarkand,1,40
861949,2.543980467163386,0,android,new,bukhara,4,78
776217,3.240921502128745,0,android,old,samarkand,3,70
703139,1.5380172926938311,0,android,new,tashkent,5,36
287484,1.2859053079513185,0,android,old,samarkand,1,5
161405,1.7091060461748016,1,ios,new,tashkent,2,99
380860,2.018335641798516,0,ios,old,bukhara,2,46
90216,2.0004559376978817,1,ios,old,bukhara,5,28
27146,1.7114462195671798,0,ios,old,samarkand,1,23
696892,2.138481293561644,0,android,old,tashkent,3,41
890052,1.0144491313022188,0,android,new,samarkand,1,15
573368,1.0404209967014333,0,android,new,samarkand,3,11
384029,1.6716355062968566,0,ios,old,bukhara,3,14
53172,2.042093133485844,0,ios,new,bukhara,3,53
755965,1.7471663672814175,0,android,old,samarkand,2,9
305870,1.9258926469293884,0,android,old,samarkand,2,9
471750,3.4408851035087467,0,android,old,samarkand,5,96
812617,3.1140063314654367,0,android,old,bukhara,2,73
418435,1.6852288323474993,0,android,old,samarkand,5,28
942760,1.016226889842513,1,ios,new,tashkent,3,30
941888,1.722475167873056,0,ios,old,samarkand,1,18
542306,2.1102005852413743,1,ios,new,samarkand,1,72
879383,3.0479750440914803,0,ios,old,samarkand,4,92
891988,1.4119273137993615,0,ios,new,tashkent,5,52
110211,3.613672324252627,1,android,old,bukhara,4,96
220697,2.6531812502874077,0,ios,old,bukhara,2,54
638281,1.1702494465899966,0,android,new,tashkent,5,8
834278,1.4099260182273776,0,android,new,bukhara,2,24
906697,1.6076621813396534,0,ios,old,tashkent,1,39
374187,3.354195280875446,0,android,old,tashkent,3,91
351780,2.489655394241036,0,android,old,tashkent,5,42
989474,1.4120047671300417,1,android,new,samarkand,3,27
152202,2.6495234569712904,0,ios,old,bukhara,1,58
90997,2.1661943679824778,0,ios,old,samarkand,1,49
448190,3.5217422887768737,0,android,old,tashkent,5,83
988845,1.850250419457907,0,android,old,tashkent,4,14
700748,2.391525229149888,0,ios,new,tashkent,5,95
921437,2.690562955567585,0,ios,old,tashkent,3,75
873062,3.0505001755728305,0,android,old,samarkand,1,99
11794,2.906739063149035,1,ios,new,bukhara,5,97
763654,1.2644315972527882,0,ios,new,tashkent,2,59
584372,2.7241842767358957,0,ios,old,tashkent,4,99
21284,3.3171724132703524,0,android,old,bukhara,2,88
113683,1.1942986068618553,0,ios,new,tashkent,1,57
395867,1.0149729572169723,0,ios,new,samarkand,3,29
395497,2.979867804582466,0,android,old,samarkand,1,74
787509,1.9469227830824523,0,ios,new,bukhara,3,60
332723,2.0952214935323528,0,android,old,tashkent,2,38
246086,1.3807108676037954,0,android,old,tashkent,1,29
514945,2.584147294146414,0,android,old,tashkent,1,75
640542,1.977250992734862,0,ios,new,bukhara,3,45
915253,1.4840332453560583,1,ios,old,tashkent,1,34
376658,1.775026147629943,0,android,old,tashkent,1,43
607118,2.5289488161460194,0,ios,new,bukhara,4,88
919663,1.110992536792434,0,android,new,bukhara,3,5
417491,1.815620833091876,0,ios,old,tashkent,5,43
920823,2.5244391045541774,0,android,old,tashkent,5,51
272400,1.953465915639101,0,ios,new,bukhara,1,66
506119,3.2314632235309437,1,ios,old,bukhara,5,61
272797,2.489153316550002,0,ios,new,bukhara,2,91
630425,2.5693617501959025,0,ios,old,bukhara,5,23
811852,3.7257442360765753,0,android,old,bukhara,4,84
599459,0.7613063421272429,0,ios,new,samarkand,2,21
785588,3.424386622706756,0,android,old,tashkent,4,95
613540,1.4159926998251176,1,android,old,tashkent,1,33
54766,2.9768092353014586,0,ios,old,bukhara,3,72
143013,3.007864395732682,0,android,old,bukhara,3,46
245954,2.3556862026494794,0,android,new,tashkent,5,77
792739,2.3965392502591407,0,ios,old,samarkand,2,57
582350,0.9378104872167661,0,ios,new,tashkent,1,39
171003,1.5883123744356373,0,android,old,samarkand,1,31
232624,0.8767525899942604,0,ios,new,tashkent,2,43
853086,1.7386390523989252,0,ios,new,tashkent,4,62
233431,1.51243062377924,0,ios,new,tashkent,1,80
328695,1.0698591807383342,0,ios,new,bukhara,5,17
796676,1.9108578553006141,0,ios,new,bukhara,5,44
937873,2.8379833941090418,0,android,old,bukhara,5,44
260946,2.5571521032861133,0,android,old,bukhara,2,52
573521,1.8550214165316419,0,ios,new,samarkand,2,78
466583,2.2855508634418165,0,ios,old,samarkand,4,51
60517,2.07891534052513,0,ios,old,samarkand,2,49
738073,1.2386641351053178,0,android,old,samarkand,1,11
620456,1.707912493022382,0,android,old,bukhara,1,7
158628,0.8827042826032586,0,ios,new,tashkent,2,41
504394,2.590257634756675,0,ios,old,samarkand,5,45
299722,2.137583768213277,0,ios,new,bukhara,4,43
764214,2.3434320248910367,0,android,new,tashkent,3,91
395148,1.2753062719429216,1,ios,new,bukhara,2,60
66062,1.3105548533617137,0,ios,new,bukhara,4,33
205650,0.9596105767069918,0,ios,new,samarkand,5,17
393085,2.6164930852702755,0,android,new,samarkand,1,98
382857,1.9970591049601683,0,ios,new,bukhara,1,87
399126,1.8114037043974682,0,android,new,samarkand,5,34
273698,3.0473299786258496,0,ios,old,samarkand,3,95
691111,2.370212675764288,0,ios,old,bukhara,1,58
91420,2.4710379955964448,0,ios,old,samarkand,4,63
287365,2.824176194444908,0,android,old,bukhara,2,71
727156,3.2198504928081872,0,android,old,samarkand,2,95
48051,2.3362884059520503,0,android,old,bukhara,1,37
137341,1.927306227479324,0,ios,new,bukhara,4,63
383501,1.9146836448038727,0,android,new,samarkand,4,32
574955,3.588056213190266,1,android,old,bukhara,2,85
992219,2.1794731147788218,1,ios,new,bukhara,4,71
468372,0.8498641530926092,0,ios,old,samarkand,1,10
198039,2.827990900409315,0,ios,old,bukhara,4,51
79338,1.6375390468090125,0,android,old,tashkent,2,16
104305,1.7969017083937993,0,ios,new,samarkand,1,73
328516,1.9380488608027586,0,android,new,bukhara,4,59
710610,2.0112830899419234,1,ios,new,bukhara,2,62
640362,2.072997596798847,0,android,new,bukhara,2,44
666589,2.425269936726057,0,ios,new,samarkand,4,98
568850,2.1717765215926446,0,ios,old,samarkand,4,39
453014,1.6568039445494156,0,android,new,samarkand,3,36
586967,2.2477963485033268,0,android,old,tashkent,3,61
295003,2.1380830744642063,0,android,new,bukhara,1,43
778682,2.8948719091138675,0,ios,old,tashkent,4,93
646931,1.5399452630576413,0,android,new,samarkand,2,49
796782,2.4808520625253023,1,android,new,bukhara,1,82
626792,1.5398047552280936,0,android,old,tashkent,3,15
34403,2.086811136507016,0,ios,old,bukhara,1,47
858210,2.9369734090914617,0,android,old,bukhara,4,68
110840,0.6677767971124475,1,android,new,tashkent,1,20
900413,2.3620492447010184,0,android,old,bukhara,3,19
841704,2.181348120153907,0,android,new,samarkand,1,74
205001,2.508399698790792,0,android,old,bukhara,3,31
429553,1.7786435760798103,0,ios,new,samarkand,5,73
148082,0.5028029313036547,0,ios,new,samarkand,3,8
222652,2.361327529520266,0,ios,old,bukhara,4,44
475613,1.1875789301206932,1,ios,new,samarkand,4,22
907524,1.5506234633273932,0,android,new,tashkent,2,68
218508,2.175256694195856,0,ios,old,bukhara,4,30
110782,2.5591931177705627,0,ios,old,tashkent,1,93
278620,1.283883947735502,1,ios,new,samarkand,4,39
679584,2.251275921929584,0,ios,old,samarkand,4,42
768631,1.8274424625649939,0,android,old,samarkand,5,10
257271,2.312088305815127,0,ios,new,bukhara,3,72
216551,1.917493895522141,0,android,old,bukhara,3,13
590022,0.9017538034569533,0,ios,new,tashkent,2,35
516679,0.9023724803309137,0,ios,new,tashkent,2,22
635622,2.4681899939198177,0,android,new,samarkand,2,88
466119,2.233224677579907,0,android,old,bukhara,1,31
833736,2.2588521910934807,0,android,old,bukhara,4,20
502198,2.5234840616936247,0,android,new,samarkand,1,85
511010,1.5205167904281285,0,ios,old,tashkent,4,26
426286,2.484950815481199,0,android,old,samarkand,4,38
877183,1.871013866066722,0,android,old,tashkent,3,20
933021,2.0477253295914855,0,android,new,tashkent,1,69
951281,0.971575089270877,0,ios,new,tashkent,1,50
319168,2.9260990393201785,0,ios,old,bukhara,4,66
406656,2.052671822419896,0,android,new,tashkent,3,87
52455,1.7928905632549288,0,android,old,tashkent,1,40
727647,1.1283348979475154,1,ios,old,samarkand,1,5
235007,1.4559093718375287,0,android,new,bukhara,3,21
184886,3.016605352911346,0,ios,old,samarkand,5,87
540804,1.5712895431622913,1,android,new,bukhara,5,14
543695,0.9653548149817146,0,android,new,tashkent,1,16
928427,1.3174683550612583,0,android,new,tashkent,2,41
969206,3.140843813822766,0,ios,old,bukhara,5,64
442986,2.069497802813101,0,ios,old,bukhara,2,37
317299,1.5443072474315724,0,ios,new,bukhara,5,28
143403,1.5190794709420496,0,android,old,tashkent,1,33
452845,1.1528336179684966,0,ios,old,samarkand,2,13
761705,1.193110537969367,0,android,old,tashkent,2,21
890612,1.7172038395327156,0,ios,new,bukhara,2,46
875908,2.8595416278250716,0,android,old,samarkand,3,68
58759,1.8195407290516399,0,ios,old,bukhara,2,6
632208,1.5333092928292165,0,android,new,samarkand,1,42
890291,1.6595976845094391,0,android,new,tashkent,3,55
461812,1.2162062737276886,0,ios,old,samarkand,1,20
685059,0.9052076365278153,0,ios,new,tashkent,3,24
600717,3.0588170468116886,1,android,old,bukhara,1,73
354315,2.120100744527212,0,ios,new,bukhara,4,56
344676,1.0557079723706828,0,android,new,tashkent,1,38
607210,2.0620745775974356,0,android,new,tashkent,3,65
329918,2.8290504635228655,0,ios,old,tashkent,5,62
186613,1.5876986537206996,1,android,new,tashkent,5,57
455907,1.191983816695794,1,android,new,samarkand,4,8
267099,2.2126615555604032,0,ios,new,tashkent,5,92
409942,1.989648931725869,0,android,new,tashkent,5,77
838878,1.4426972710036325,1,ios,new,tashkent,1,70
281416,0.8894349261049976,0,ios,new,bukhara,5,6
865477,2.008770444397173,0,android,new,bukhara,1,60
104356,2.525107046574307,0,android,old,samarkand,5,49
937092,2.2193273706565786,0,android,old,samarkand,2,41
732873,2.510899259745734,0,ios,old,samarkand,2,54
303591,1.1579493610164548,1,ios,old,samarkand,1,18
29422,2.523568056810213,0,android,new,bukhara,4,78
390613,2.1665183122707274,0,ios,new,tashkent,3,94
13520,0.8134779654236399,0,ios,new,tashkent,2,42
265858,2.7194524690615696,0,ios,old,tashkent,3,66
203465,2.218414775344084,0,ios,new,samarkand,4,86
312518,2.224769835183661,0,ios,new,samarkand,5,86
297625,2.57860382296932,0,ios,new,samarkand,4,96
742347,1.7046712870043244,0,android,old,samarkand,5,21
403553,1.3307456496304146,0,ios,new,tashkent,5,53
411145,1.0852652652826826,0,ios,new,samarkand,1,38
271345,2.292697771644252,0,ios,old,tashkent,5,68
13095,2.12643148794706,0,android,old,bukhara,3,32
29875,1.746724556668745,0,android,new,samarkand,4,56
85378,1.6384202576500724,0,ios,new,tashkent,4,59
681511,1.1481273679462218,0,ios,new,bukhara,1,24
98874,2.6329217284890203,0,ios,old,samarkand,1,98
491778,2.863321126393299,0,android,old,tashkent,1,79
640137,1.1276766942359173,0,android,new,samarkand,3,20
123099,3.335287147639575,1,ios,old,samarkand,5,91
998871,2.8731668459213946,0,ios,old,bukhara,3,54
220449,3.305231008542891,0,ios,old,bukhara,4,92
956955,2.388772271119996,0,ios,new,samarkand,4,89
519974,1.2799828129496578,0,ios,new,tashkent,3,51
798691,1.346213044317375,0,ios,old,samarkand,1,6
863228,2.3604045408490366,0,ios,new,bukhara,2,83
624284,1.7934765576087668,0,ios,new,samarkand,2,65
484135,2.3079923412249204,0,ios,old,tashkent,5,57
402316,2.243447264080173,0,android,old,tashkent,4,29
396811,1.823410049282921,0,android,old,samarkand,2,20
489529,1.8295124629830068,1,android,new,bukhara,3,60
328388,2.07383098445523,0,ios,new,samarkand,4,85
633789,1.5984528951119965,0,android,old,samarkand,3,11
801249,2.9363460796097356,0,ios,old,samarkand,3,82
643933,1.499884010855573,0,android,new,samarkand,4,29
145564,2.243007869687971,0,android,old,samarkand,1,52
648749,1.7007344943317242,1,android,old,tashkent,4,17
288804,2.6395724467170276,0,ios,old,bukhara,2,74
114043,2.4785570875928933,0,ios,new,bukhara,2,94
671934,2.272726701607987,0,ios,old,samarkand,1,72
98724,2.0716273731694903,0,android,old,tashkent,2,38
548324,3.7228699791150985,0,android,old,bukhara,2,92
40987,2.0200931163016635,0,android,old,samarkand,1,38
294267,2.991701283564305,0,ios,old,bukhara,1,94
138590,1.3037596799273943,0,android,old,tashkent,2,5
665332,1.7558058180426555,0,android,old,tashkent,2,31
162686,2.1783763919290604,0,android,old,bukhara,3,11
711705,2.7989841644544975,0,ios,old,tashkent,3,80
401960,3.07605806776775,0,ios,old,samarkand,5,78
668970,1.5411434377599824,0,android,old,tashkent,1,25
240006,2.0244852374328186,1,android,new,bukhara,2,35
922552,2.6863895663769326,0,android,old,tashkent,2,67
865158,2.524672856205745,0,ios,old,tashkent,4,79
240442,0.6919006589104408,1,ios,new,tashkent,1,30
121250,2.111548792140715,0,android,new,bukhara,4,55
286618,3.129544339281133,0,android,old,bukhara,2,63
893765,2.0191307941711187,0,ios,old,bukhara,5,36
42392,2.2559508388133884,1,ios,old,bukhara,2,48
858653,2.6479943759687665,0,ios,new,bukhara,3,96
841416,3.4471344612911086,0,android,old,samarkand,4,87
425463,1.5337238642080933,0,ios,new,bukhara,4,34
573689,0.9472050963175248,0,android,new,samarkand,1,21
367082,2.279262577633684,0,android,new,samarkand,2,79
506083,3.3286990128115304,0,ios,old,bukhara,3,89
287960,2.803520157815435,0,ios,old,samarkand,5,79
431344,1.192785258782397,1,ios,new,samarkand,2,51
114235,2.249369345756735,0,ios,new,tashkent,5,99
112728,1.4822766888322003,0,ios,new,samarkand,4,41
119750,2.624113775492523,1,android,old,bukhara,5,15
964673,1.1539553653810801,0,ios,new,bukhara,4,8
18744,2.455005021521537,0,android,old,bukhara,4,11
596130,3.4589068515314376,0,android,old,bukhara,2,86
610147,2.0020225426787817,0,ios,old,tashkent,3,43
635898,2.3625245837310715,0,android,old,tashkent,1,60
185112,3.105822791767965,0,ios,old,tashkent,5,87
681389,2.4149342024209544,0,android,new,bukhara,3,64
334436,1.0587456065362801,0,ios,new,tashkent,1,51
174068,2.545189052686793,0,android,new,samarkand,4,82
545699,3.3910583807190284,1,android,old,bukhara,4,79
421103,2.5252940417521392,0,android,new,tashkent,5,93
168921,1.4482190269748128,0,android,new,tashkent,2,46
466532,1.8469384611024289,0,ios,new,samarkand,4,37
903102,2.4508702727166307,0,android,old,samarkand,2,63
208078,2.7074874603178323,0,android,old,tashkent,1,80
182197,2.2976293374456285,0,ios,new,samarkand,1,96
419649,1.758362823962362,0,android,new,bukhara,3,27
690687,2.5099491459520253,0,android,old,tashkent,5,47
876844,1.6453684042267804,0,android,new,tashkent,3,68
53412,1.4246818889283763,0,ios,new,samarkand,2,56
567126,2.65362967788754,0,android,new,bukhara,2,99
865464,2.421155419346414,0,ios,old,bukhara,5,40
627442,1.962851667102626,1,android,new,samarkand,3,57
796690,1.6347953798570272,0,ios,new,bukhara,3,37
557359,1.8400236005308896,0,ios,old,samarkand,3,33
82940,2.2161892818713045,0,ios,new,tashkent,2,83
459728,1.398293559639456,0,ios,old,tashkent,2,25
837353,1.8763405144891818,0,ios,old,tashkent,3,41
227379,1.7563403155089201,0,android,new,samarkand,5,49
227686,2.563989959632984,0,android,old,samarkand,2,59
915061,1.1031651244239364,0,ios,new,samarkand,3,32
586845,3.286394141400401,0,android,old,tashkent,3,97
142866,2.27384454712482,0,android,new,tashkent,1,84
873045,1.925920336825176,0,ios,old,samarkand,2,46
437263,2.8917976539570347,0,ios,old,tashkent,4,95
812830,2.158266302306164,0,android,old,bukhara,2,34
998310,2.093198664014895,0,ios,new,tashkent,4,93
310347,0.46123171837700483,0,ios,new,tashkent,2,8
310275,1.3981380753822688,1,ios,old,samarkand,2,27
982948,1.7228114442557854,0,ios,old,bukhara,1,31
777329,1.3170997655948375,0,android,new,tashkent,4,9
113359,2.3035309339891787,0,ios,new,samarkand,4,74
497439,3.3956059377747554,0,android,old,samarkand,4,89
530552,2.789578563110047,0,android,new,bukhara,2,95
87735,2.5333848111750434,0,android,new,bukhara,4,78
828003,3.190767315156145,0,ios,old,bukhara,3,89
944056,2.715506462747009,1,android,new,tashkent,5,84
500436,1.668652326605097,0,android,new,samarkand,3,31
408419,2.6171782266249592,0,android,new,tashkent,5,75
702705,2.6461680184515166,0,ios,new,samarkand,5,97
98416,2.7073724404784265,0,android,new,samarkand,3,99
952016,2.693965148226855,1,ios,old,tashkent,1,75
338706,2.691273107573836,0,ios,old,bukhara,2,71
279443,3.0443898512837118,0,ios,old,samarkand,5,72
944255,0.9553503996568651,0,ios,new,bukhara,2,15
910623,1.8486178809220637,1,ios,old,samarkand,5,24
878973,2.761151537530509,0,ios,old,tashkent,4,95
29661,1.3138424740304668,0,ios,new,bukhara,1,41
791096,2.089728985553213,0,android,old,samarkand,2,47
837228,1.013765641606816,1,ios,new,bukhara,1,29
565272,1.3676705196542502,0,ios,old,samarkand,1,9
672352,1.9607086584449105,0,ios,new,bukhara,4,53
678902,0.9051833776279425,0,android,new,samarkand,3,6
366571,1.9923353722851551,0,ios,new,bukhara,2,66
868916,2.701577351729766,0,ios,new,bukhara,4,87
956375,0.9209858840817919,1,android,new,samarkand,4,13
35130,2.2129621606705996,0,ios,new,bukhara,5,70
87819,2.095463808932409,1,android,old,tashkent,1,58
69675,2.347521024237609,0,ios,new,bukhara,4,73
437422,2.1089476495703487,0,ios,old,tashkent,1,55
691825,2.0857558561018332,1,ios,new,bukhara,5,53
418005,2.2134729807449913,0,android,old,tashkent,5,27
827853,1.671695493417528,0,ios,old,samarkand,1,41
416955,3.272752065112134,0,ios,old,bukhara,2,94
265115,1.7537670961155485,1,ios,old,samarkand,5,30
443529,1.696490546200347,1,ios,new,samarkand,5,39
397143,1.2656386121113812,0,ios,new,bukhara,5,22
129116,1.8452871052108002,0,android,new,samarkand,3,55
95238,1.7330746996587092,0,android,new,bukhara,5,38
515772,0.9645521128088368,0,ios,new,samarkand,2,32
544596,2.5734967817771297,0,ios,new,bukhara,4,92
980689,1.6832852488413388,1,android,new,bukhara,4,18
594427,2.1398499615235087,0,android,new,samarkand,4,52
27897,2.991060876387233,0,ios,old,tashkent,2,98
116354,2.327899452813605,0,android,old,bukhara,1,46
398735,1.7418580070355922,0,ios,old,samarkand,4,17
952010,2.2710036660850985,0,ios,old,bukhara,4,47
527985,1.4120845907212596,0,android,old,tashkent,1,20
136883,2.0167966684313656,0,ios,old,samarkand,3,25
116108,1.4912275205354666,1,ios,old,tashkent,4,22
162078,1.4880050614908993,0,android,new,tashkent,3,33
959350,1.0821000578424893,1,ios,old,tashkent,2,6
997687,1.6716138783280416,0,android,old,tashkent,3,17
442665,2.307151959817519,0,ios,new,samarkand,2,92
890216,2.8160097255657477,0,android,old,samarkand,3,56
514300,3.6418678015713004,0,ios,old,bukhara,5,98
175874,2.482390223546356,0,android,old,tashkent,1,89
814725,1.6912089423366228,1,ios,old,tashkent,5,28
259213,1.4912211299823501,0,ios,old,samarkand,4,9
409554,1.4068239301071621,0,android,new,samarkand,1,49
209319,2.660229170216151,0,android,new,bukhara,2,93
429533,1.521760562944076,0,android,new,bukhara,2,41
336991,1.9358566625083506,0,ios,old,samarkand,1,54
525250,2.6737324488456804,1,ios,old,bukhara,1,76
129742,1.9961927809508326,0,ios,new,bukhara,2,57
94716,1.1080567023776207,0,ios,new,tashkent,4,36
820310,1.795334150032445,0,android,new,bukhara,4,25
158734,2.886899361228477,0,ios,old,bukhara,1,67
274404,0.7515344974861761,0,android,new,tashkent,3,9
616458,1.2613095388325481,0,android,new,samarkand,3,20
829191,2.6310786152908805,0,ios,old,tashkent,3,81
928866,2.3943981161208177,0,ios,old,samarkand,3,40
756899,1.402152308614764,0,ios,new,samarkand,1,45
817271,2.2268067763990906,0,ios,old,tashkent,1,90
786327,2.2207159245410484,0,ios,new,bukhara,3,72
568228,1.7405795305381968,0,android,old,tashkent,4,23
925868,2.2152019533867797,0,ios,old,tashkent,5,47
555480,2.1210977418671044,0,android,new,bukhara,3,78
652474,2.0511059019455398,0,android,old,bukhara,1,6
799904,1.2762045011916658,0,android,new,tashkent,2,49
663807,0.4027777576765094,0,ios,new,tashkent,1,12
137057,1.8671663143646522,0,android,old,tashkent,5,15
907232,1.7363675198629582,0,android,new,samarkand,4,20
416440,1.1079116666594326,0,ios,new,tashkent,1,39
101442,2.4216689572066965,0,android,old,bukhara,3,18
33692,1.1820278534031008,0,ios,old,tashkent,4,12
372094,2.9305968009211893,0,android,old,tashkent,2,99
169310,1.7767143510634587,0,android,new,bukhara,5,24
832202,2.391124131222628,0,ios,old,bukhara,2,54
399686,2.32533368728311,0,android,old,tashkent,2,63
124225,0.8338361802405044,1,ios,new,samarkand,3,11
245855,1.9665762496919106,0,android,old,samarkand,3,28
229036,3.9743035250149674,1,android,old,samarkand,5,97
913662,1.8113825603121065,1,ios,old,samarkand,1,50
437400,1.1614605470345472,0,android,old,tashkent,1,7
62665,1.6167994160120105,0,ios,new,tashkent,4,49
988641,1.22856313926489,0,ios,new,tashkent,1,52
303255,1.2967521409321032,0,ios,new,bukhara,5,19
698090,2.237091118970681,0,ios,new,bukhara,5,65
418699,2.8042513239683804,0,ios,new,bukhara,4,93
901050,2.1250709077173133,0,android,new,tashkent,2,76
936241,2.111818444067305,0,android,old,samarkand,2,33
327052,1.2801903464497961,0,android,new,tashkent,3,18
808265,1.4871824524990656,0,ios,new,samarkand,4,32
591507,1.9334321162918116,0,android,old,samarkand,4,23
892908,3.079128899660804,0,android,old,bukhara,4,64
100045,1.9572400233081844,0,android,old,samarkand,1,26
381140,1.2088612539952717,0,android,new,samarkand,3,32
247510,1.6282867230332794,0,ios,new,tashkent,4,65
257167,2.6460580352968353,1,ios,new,bukhara,3,95
573377,2.323480874551522,0,ios,old,samarkand,1,69
592798,1.8388904768206693,1,android,new,samarkand,1,75
40785,2.612193181756064,0,ios,new,bukhara,2,93
291374,1.4115417133440666,0,ios,new,samarkand,3,50
412311,2.757591050769671,0,android,new,bukhara,4,54
517954,3.019266398764227,0,ios,old,bukhara,3,71
943165,2.3468776772288136,0,ios,new,samarkand,3,77
235278,0.9993478906367855,1,android,new,tashkent,4,42
200677,1.7932724082046145,0,ios,new,samarkand,4,68
273426,1.5881809462400314,0,ios,new,bukhara,3,54
169287,3.037981076841603,0,android,old,tashkent,3,95
555536,2.355565143935897,1,android,old,tashkent,3,58
289441,1.5363162513411048,0,ios,new,tashkent,1,71
679273,0.5925122931925564,0,ios,new,samarkand,2,22
348806,1.9720067703420803,0,android,new,tashkent,2,79
473661,1.1469595235018772,0,android,new,tashkent,4,33
224999,2.7588782023492833,0,android,old,samarkand,5,42
763670,1.1676953309055431,0,android,new,samarkand,1,29
76979,3.8545065182398845,0,android,old,samarkand,5,97
991869,1.6614731795424447,0,ios,new,samarkand,4,53
763514,2.0379592169620357,0,ios,new,samarkand,3,68
841384,2.2626065104047477,0,ios,new,samarkand,5,84
240393,1.596868866966894,1,ios,new,tashkent,5,42
918165,1.2585882990841353,0,ios,old,tashkent,3,22
367353,1.967702895653764,0,ios,old,tashkent,1,39
979119,1.315689688940592,1,ios,new,bukhara,2,23
164446,1.9704478539649903,0,android,new,bukhara,3,50
246805,1.8716714431376873,0,android,new,samarkand,3,58
339044,0.649931439155861,0,ios,new,tashkent,2,27
922662,1.8968948073178322,0,ios,new,tashkent,4,90
885316,1.6057213745639358,0,android,old,tashkent,2,31
160592,1.9988420899333146,0,ios,old,tashkent,2,62
401594,1.2548178958152636,1,ios,new,tashkent,5,37
359619,1.4119189988417689,0,ios,old,samarkand,3,14
610346,1.5086267173699002,0,ios,new,bukhara,3,27
653179,3.828793152154458,0,android,old,bukhara,5,94
714297,1.878585865365646,0,android,old,samarkand,2,31
862042,1.9978062339854141,0,android,new,samarkand,1,92
952983,2.1092916914636377,0,android,old,bukhara,4,29
48305,2.4865222214387876,1,android,old,samarkand,5,51
912544,0.9890016245394362,0,ios,old,tashkent,1,9
271182,1.1869357875445727,0,ios,new,samarkand,2,51
240933,1.7019825320628152,0,ios,new,samarkand,2,55
718232,2.72624178052291,0,android,new,bukhara,3,83
163866,1.318742635985991,0,ios,old,samarkand,2,9
959732,1.9911321215168245,0,ios,new,tashkent,5,61
34209,1.6746075712782205,0,ios,old,samarkand,3,26
887032,1.9044401486481954,0,android,old,tashkent,5,15
811344,2.5488980878606116,0,ios,old,samarkand,4,61
927526,2.251221974437801,0,android,new,samarkand,5,54
777102,2.6518734207762176,0,android,old,samarkand,4,40
906034,1.2104677794722427,0,ios,new,bukhara,3,7
809196,1.9282565406358403,0,ios,new,samarkand,1,82
939560,1.7927534272667798,1,android,old,tashkent,1,35
850653,2.3241441200569253,0,ios,new,bukhara,5,47
378748,0.6682891694983782,0,ios,new,tashkent,1,21
148771,1.8870186578915376,0,android,old,samarkand,2,25
854841,1.1746699924784492,0,ios,new,bukhara,2,21
481235,2.8394157284320696,0,android,old,samarkand,3,71
96075,2.9897386153350247,0,ios,old,tashkent,5,84
778519,2.263559463759776,0,ios,new,bukhara,5,55
175434,1.521410801196091,0,ios,old,samarkand,4,16
920390,1.209847461498659,0,ios,new,tashkent,1,44
107589,2.6029783692796054,0,android,old,tashkent,2,63
808851,2.836047961679519,0,android,old,tashkent,1,95
966989,1.283131329782548,0,android,new,bukhara,5,5
697185,1.2156059595227102,0,android,new,samarkand,5,25
538379,2.4591095091834214,1,ios,old,tashkent,3,85
471749,2.014889677928387,1,ios,new,samarkand,4,75
193002,2.7542714580590757,0,ios,old,bukhara,1,64
792169,1.8544077185069006,1,ios,new,samarkand,5,61
93358,1.0650436420015772,0,ios,new,tashkent,2,44
207315,2.456593670495643,0,android,old,bukhara,2,37
337346,1.8434653339241858,0,android,new,tashkent,5,59
491913,1.8208253070148468,0,android,new,bukhara,5,21
474359,3.5416487000650796,0,android,old,bukhara,1,99
713321,1.840658190564117,0,android,new,samarkand,5,34
350673,2.2380888537921915,0,android,new,tashkent,5,68
777310,1.2195113760253715,0,android,new,bukhara,2,32
609297,1.059314764302016,0,ios,old,tashkent,1,24
788274,1.9693906513798167,1,ios,old,tashkent,5,40
824338,1.7464775145151192,0,ios,new,tashkent,1,78
566034,3.0758210388720197,0,android,old,samarkand,4,61
214126,1.713255215424503,0,android,new,tashkent,3,65
906743,1.1722731407439282,0,ios,old,tashkent,2,14
229169,0.8237399564850354,0,ios,new,bukhara,2,16
912624,2.6229781787219437,0,ios,old,samarkand,3,72
280759,1.9340907866050958,0,ios,new,tashkent,4,78
18023,1.5804718123591417,0,ios,old,bukhara,2,13
706950,2.572911127831175,0,ios,new,bukhara,2,98
673890,2.970766176761202,0,android,old,tashkent,3,85
335159,2.5157271793813942,0,android,old,samarkand,3,37
263970,1.740320103772135,0,android,new,samarkand,1,66
118149,2.1893467281702264,0,android,old,bukhara,1,42
824813,1.8122168849561473,0,ios,old,bukhara,4,12
630754,0.8216095173057942,0,ios,new,tashkent,5,8
473450,2.2395957010249132,0,android,old,bukhara,2,14
244885,1.8289777632193045,0,android,new,tashkent,3,70
983178,0.9781891142170579,0,ios,old,samarkand,2,16
754281,1.2241309903579105,0,ios,new,tashkent,5,36
488471,3.1455933954681035,0,ios,old,tashkent,4,86
263346,2.321376781260106,0,android,new,tashkent,4,87
704821,2.379259175427403,0,android,old,tashkent,2,54
981754,2.135944261518349,0,ios,old,samarkand,2,62
67031,3.6818826123306567,0,android,old,bukhara,3,99
398919,2.88020903455418,0,android,old,bukhara,3,51
601973,2.4156810859676594,0,android,old,bukhara,4,35
511112,0.9665143226944485,0,ios,new,tashkent,3,26
930505,1.8418042522237237,0,ios,new,tashkent,2,97
636650,0.6203476234259114,0,android,new,samarkand,1,31
560976,1.6193901304414071,0,android,new,bukhara,3,11
566139,2.351001317838235,0,ios,old,samarkand,5,55
88251,2.8889552871767687,0,ios,old,samarkand,2,92
397911,1.3948515015783716,0,android,new,tashkent,5,17
805021,2.069708514231145,0,android,old,bukhara,2,11
618040,1.507321530177856,0,ios,old,samarkand,2,25
653116,0.9279773113359442,0,android,new,samarkand,4,10
133552,3.0075282920947317,1,android,old,tashkent,4,89
284385,2.5457868308772724,0,ios,old,tashkent,4,70
697580,3.4088911809758384,0,ios,old,bukhara,4,77
428650,2.725799550360685,0,android,old,tashkent,5,63
986297,2.8519702995134257,0,android,new,bukhara,5,86
958610,1.5564598066859638,0,ios,new,bukhara,4,25
313317,2.12284790675315,1,ios,new,samarkand,4,69
307716,1.4031394568637514,0,ios,new,bukhara,2,15
790349,1.1689159395038653,0,ios,new,bukhara,2,26
784874,3.037043841961537,0,android,new,bukhara,1,76
298370,1.5358055121702918,0,android,new,tashkent,4,55
467659,3.340958536723946,0,ios,old,bukhara,4,89
269642,3.7605519917166412,0,android,old,bukhara,3,95
965117,2.023424211109206,0,android,new,samarkand,1,76
363517,1.7738760218513003,0,android,new,samarkand,3,29
384517,1.2477190846978534,0,ios,old,tashkent,4,18
622130,1.9646615771926421,0,ios,new,bukhara,4,60
914200,0.8271983569606477,0,android,new,samarkand,2,7
841602,2.6234796089884123,0,ios,old,samarkand,2,78
778036,3.123295891110642,0,android,old,bukhara,5,45
779222,3.2596793826827004,1,ios,old,tashkent,4,86
388474,1.3637593059988813,1,android,new,tashkent,2,53
145816,1.948404603784326,0,android,new,tashkent,3,67
469597,2.2280110249128864,0,android,new,tashkent,2,88
607369,3.0927955956451774,0,android,new,bukhara,3,95
485809,2.4598752516452014,1,ios,old,tashkent,1,97
53295,2.231694309690921,0,ios,old,bukhara,1,39
706526,2.1668943238607126,0,ios,old,bukhara,5,26
47689,1.8762502229150722,0,android,old,tashkent,3,27
240227,3.4329970654415214,0,android,old,bukhara,5,76
860522,1.1719151497266982,0,ios,old,tashkent,1,15
287380,1.378415355787886,0,android,new,tashkent,4,51
373592,1.7496366012665894,0,android,old,tashkent,2,37
315996,1.5790765557050965,0,ios,old,samarkand,3,28
375813,1.825585242544122,1,android,new,samarkand,5,23
149486,2.3946440064270718,0,android,new,samarkand,4,74
140496,2.7235191240454926,0,android,old,tashkent,1,91
720719,1.5692151348991876,0,android,old,samarkand,1,10
65527,3.2319974393459576,0,android,old,bukhara,2,65
96885,2.2508993052799187,0,android,old,tashkent,5,42
47760,1.3969479778604716,0,android,old,tashkent,3,18
857951,2.291739207172925,1,ios,old,tashkent,5,46
678214,1.617773277023822,0,ios,new,bukhara,4,40
932269,0.8558190941126012,0,ios,old,tashkent,1,15
711408,3.107556687471098,0,android,old,bukhara,4,48
287495,3.3312074620708474,0,android,old,samarkand,1,83
253454,2.621716610520888,0,ios,new,bukhara,2,99
229702,0.9797711511669561,0,ios,new,tashkent,4,34
881757,2.1028104723937937,0,ios,old,bukhara,5,37
795105,1.7843742699589245,0,ios,new,samarkand,4,53
550563,1.1621383696707137,0,ios,old,samarkand,5,11
931647,2.784463980796605,0,android,new,samarkand,3,97
18760,2.194848350010946,0,android,new,bukhara,1,61
722571,2.116334344772971,0,ios,new,samarkand,5,75
62053,3.4209974897810427,1,android,old,bukhara,3,86
945269,0.9792766316319261,0,ios,new,tashkent,5,21
951737,1.5003360102436945,0,android,old,bukhara,1,12
795308,1.373341576111674,0,ios,old,tashkent,1,17
262347,0.6759417276762427,0,ios,new,tashkent,2,16
795430,3.003172316921097,0,ios,old,bukhara,2,97
730130,2.828009398152097,0,ios,old,samarkand,3,82
690039,1.6047765351475893,0,ios,new,tashkent,5,47
241091,1.9317546893834112,0,ios,new,samarkand,4,71
245224,2.30956425687458,0,android,new,bukhara,3,65
45227,2.2889913648531346,0,android,new,bukhara,4,36
164344,1.9048085775521377,0,ios,new,samarkand,2,74
633492,0.954928893881855,0,ios,old,tashkent,1,10
661670,1.367638616727765,0,ios,old,samarkand,2,22
661131,1.0073108964068669,0,android,new,tashkent,2,24
360889,3.594782464922911,0,android,old,bukhara,5,92
711554,2.4941948005342307,0,android,old,bukhara,2,45
776954,2.8111884422937523,1,android,old,tashkent,3,68
435091,1.83341183660332,0,android,old,samarkand,5,17
214991,3.1395007142035567,0,ios,old,tashkent,5,96
27237,2.0854608191269524,1,android,new,tashkent,2,90
736779,1.8939235825898844,0,ios,old,samarkand,2,43
984704,2.184369017489761,1,android,new,tashkent,5,71
408011,2.168976437754207,0,android,old,tashkent,2,33
282829,0.6658611744512497,0,ios,new,tashkent,5,25
12602,3.0087343608713004,0,android,old,bukhara,4,76
416401,3.1085285055538345,0,android,new,bukhara,5,85
58711,2.3641961728784175,0,android,old,bukhara,1,38
496445,2.651271810483981,0,ios,old,samarkand,5,55
561132,1.6071667213168754,0,ios,new,bukhara,5,20
49269,1.220970017087633,0,android,new,tashkent,1,40
913535,1.9360767452947938,0,ios,old,samarkand,3,38
89301,2.691918888660142,0,ios,old,samarkand,1,82
201946,1.8550870157856885,0,ios,new,bukhara,5,43
273653,1.1549355133648103,0,ios,new,bukhara,4,12
679372,1.4591714068561212,0,android,new,bukhara,3,28
354145,1.5926579815314508,0,android,old,samarkand,3,5
445171,2.436588405183024,0,android,new,samarkand,2,93
655892,2.0832564249993304,0,android,old,bukhara,1,34
667677,1.197709948352507,0,android,new,samarkand,3,9
897128,1.6321569979166821,0,android,new,samarkand,2,47
510053,2.499513689450299,1,ios,old,tashkent,1,92
909740,2.585164861028841,0,android,old,tashkent,4,47
652091,2.5797051669269617,0,android,old,samarkand,2,62
541998,2.5069991910662863,0,android,old,samarkand,2,52
470132,3.2668714437101496,1,android,old,bukhara,1,76
710115,2.5512398272498014,0,ios,old,samarkand,5,62
289443,2.3446346453007036,0,ios,old,bukhara,2,43
839132,2.8926668027970024,0,ios,old,samarkand,3,80
977039,2.3220341986937294,0,android,new,samarkand,4,76
856068,1.5070767382486374,0,ios,new,tashkent,3,60
59816,3.490984171827591,0,android,old,bukhara,1,94
465482,1.8038460687401725,0,android,new,samarkand,1,68
719680,2.406519110719386,0,ios,new,bukhara,5,80
32049,2.231927231429541,0,ios,old,bukhara,2,50
827913,2.4795862845154293,0,android,old,samarkand,2,57
525588,2.181631963812014,0,ios,new,samarkand,4,93
561477,1.3033192212679863,0,ios,old,tashkent,2,24
830498,2.777298815307147,0,android,old,samarkand,5,38
819205,2.1645747185290944,0,android,new,tashkent,4,81
131214,0.9374428473897527,0,ios,new,tashkent,1,56
109523,2.428803250861643,0,ios,old,bukhara,1,61
354803,2.417194178531184,0,android,old,samarkand,2,40
668414,1.4819613648347467,0,android,new,bukhara,5,11
129443,1.994385442911542,0,android,old,tashkent,3,24
333796,2.015639968956471,0,ios,new,bukhara,5,69
103021,1.8467389742745037,0,android,new,bukhara,3,47
761250,2.3555611545326642,0,android,old,bukhara,5,35
733512,2.375214190963964,0,android,new,tashkent,4,76
450661,1.7980554544513059,0,android,new,samarkand,4,43
158572,2.4943261403379235,0,android,new,bukhara,2,83
843607,3.827952253241074,0,android,old,bukhara,3,82
806458,2.164243914510967,0,ios,old,samarkand,3,54
45997,1.5179845027229817,0,ios,new,bukhara,1,40
527680,2.348413053798195,0,android,old,samarkand,4,28
200997,1.3002112730432098,0,ios,new,samarkand,3,62
64983,1.305059220233544,0,ios,new,bukhara,4,21
353735,2.726579086471513,0,android,old,bukhara,5,21
376481,3.119251809765745,0,android,new,bukhara,5,94
504423,1.636509685783941,0,android,new,bukhara,5,21
919051,3.1637021129616834,0,android,old,samarkand,3,81
269589,2.4028702289909987,1,ios,new,samarkand,2,98
592436,2.855964774180109,0,ios,old,tashkent,2,93
471361,1.9802083739625314,0,ios,old,samarkand,4,44
249632,1.677331243434475,1,android,new,samarkand,1,51
974282,2.380081461343339,0,android,new,samarkand,5,74
20784,1.511530012504566,1,ios,new,tashkent,4,65
565507,2.0362131409653648,0,ios,new,bukhara,3,62
468741,1.404385661194895,1,android,new,tashkent,4,30
549419,0.8528525132436112,0,android,new,samarkand,1,6
487244,1.3620560384022053,0,ios,new,bukhara,1,32
199434,2.0833171329272737,0,android,old,tashkent,2,61
759624,3.5027622589053675,0,ios,old,bukhara,5,76
645066,0.9404629157839492,0,android,new,samarkand,3,7
814502,2.3309648847619955,0,ios,new,bukhara,1,76
207055,2.0020927747617407,1,android,new,samarkand,4,65
378386,2.0645755539905424,0,ios,old,samarkand,1,58
884810,2.831916754172119,0,ios,old,bukhara,2,60
572082,2.236555686098513,0,android,old,samarkand,5,30
721482,1.917735512198615,0,ios,new,bukhara,2,81
69320,1.553169509057542,0,ios,old,tashkent,3,22
874164,2.4545854583405595,0,android,new,bukhara,5,63
890130,1.7246467100910536,0,ios,new,samarkand,2,65
159925,1.2194473352856454,1,ios,new,bukhara,4,16
643491,3.104239139340995,0,ios,old,bukhara,5,91
891570,1.5958217351667203,0,android,new,tashkent,5,24
910764,1.2513698061408616,0,android,new,tashkent,1,37
333458,0.5635631732949089,0,android,new,tashkent,2,8
612163,1.1041091248075139,0,android,new,bukhara,5,15
460242,1.007911812133821,0,android,old,tashkent,2,11
393287,3.481921253822983,0,android,old,samarkand,2,89
618846,2.9054754229578355,0,ios,old,samarkand,4,93
596089,2.57520535711021,0,ios,new,bukhara,2,86
860996,2.982120596387366,0,ios,old,samarkand,5,85
906298,1.4060105474393665,0,android,old,tashkent,5,10
15708,2.198631501146923,0,ios,new,samarkand,3,72
35563,2.2223914502273687,0,android,old,bukhara,1,38
690229,2.0063176500603124,0,android,new,tashkent,3,65
479923,1.2795681448032197,0,ios,old,tashkent,1,35
138718,2.1128407756351164,0,android,old,bukhara,1,9
854827,0.5206503321429562,0,ios,new,tashkent,1,28
462267,2.18767018520484,1,ios,old,bukhara,1,52
88949,3.104580823067174,0,ios,old,samarkand,3,82
159063,1.2502016032539238,1,android,new,tashkent,1,42
277378,1.8128011867646723,0,android,new,tashkent,3,63
357789,2.1659229133441147,0,ios,new,tashkent,3,83
896178,2.259202772991363,0,android,new,tashkent,1,91
188514,2.837854836955914,0,android,old,tashkent,5,79
775142,2.0488334744509227,0,android,old,samarkand,2,34
380270,2.397781659255479,0,ios,new,samarkand,5,73
299267,1.1186836198411692,0,ios,new,tashkent,4,33
408067,3.035681600774607,0,android,old,samarkand,1,92
569744,2.7665869728970063,0,android,new,bukhara,4,85
612334,2.329405032210466,1,android,new,samarkand,4,67
318095,3.4619466017961797,0,ios,old,bukhara,5,86
238856,1.4319132902807918,0,ios,old,tashkent,4,28
405810,1.007440033522208,0,android,new,bukhara,2,17
589042,1.1660825516085054,0,ios,new,bukhara,1,20
496642,1.7614971574486697,0,android,old,samarkand,3,5
918173,2.010445198972227,0,ios,old,bukhara,3,38
485769,0.830859466400856,1,ios,new,tashkent,5,36
156170,1.7789178392911267,0,ios,new,samarkand,1,77
860475,1.6002486366000161,0,android,new,bukhara,5,8
360355,1.3939910294404236,0,android,new,tashkent,1,50
643710,2.173836244792301,0,android,old,samarkand,1,34
772946,0.8465120791624681,0,ios,new,samarkand,4,18
593715,2.2702637281302986,0,ios,new,bukhara,4,69
400701,2.6535707130397763,0,android,old,tashkent,4,71
86918,2.202441502998143,0,ios,old,tashkent,4,49
767534,1.6195465989675322,0,ios,new,bukhara,3,27
557996,1.3440623180252187,0,ios,new,samarkand,4,43
475621,2.9750620215101753,0,android,old,tashkent,2,85
858265,1.4321614773678053,0,android,new,bukhara,1,26
567428,3.021107276579288,0,android,old,samarkand,5,74
282673,1.9033279728952845,0,ios,new,bukhara,3,45
83807,2.626034143676401,0,ios,old,samarkand,2,73
52892,2.9221207738524155,0,ios,old,samarkand,4,86
391376,2.2910872031376885,0,ios,old,bukhara,2,57
137955,1.1083328890661395,0,ios,new,bukhara,2,14
221603,2.9219143048221428,0,ios,old,bukhara,2,75
251691,0.5332742713211583,0,ios,new,samarkand,3,12
615137,1.1986581258288511,0,android,new,tashkent,3,31
609725,3.0242253410667472,0,ios,old,samarkand,5,72
194600,3.568446754813474,0,android,old,bukhara,3,85
739150,2.321235044401075,0,android,old,bukhara,5,13
514839,1.9981229599453258,0,android,new,tashkent,1,79
736236,2.221103658655573,0,android,old,samarkand,5,34
870453,3.0340736420929826,0,android,new,tashkent,5,97
934551,1.8323439894717022,0,ios,old,bukhara,3,37
60956,2.4480970420679893,0,ios,old,samarkand,3,76
566660,1.1418438479879969,0,ios,new,bukhara,1,30
553472,2.6785086721395666,1,ios,new,samarkand,5,95
50436,1.7320206639625249,0,android,old,tashkent,2,35
947703,2.266202067100623,0,ios,old,samarkand,1,59
500105,2.685383662601194,0,android,old,samarkand,5,74
658505,1.9874502665587614,0,ios,old,tashkent,4,44
844399,1.7650856376320487,0,ios,new,bukhara,3,48
745410,2.306162437749979,0,android,new,bukhara,3,63
590528,3.1605955655287676,0,android,new,bukhara,3,93
691621,1.6339103965173638,0,android,new,bukhara,2,20
540347,2.742018994935178,1,android,new,tashkent,5,98
69827,1.340380683229418,1,ios,new,samarkand,3,56
623838,2.4967598850797903,0,ios,old,samarkand,1,67
576360,1.8837517083038302,0,ios,new,samarkand,1,88
739305,3.2975919671747427,0,ios,old,samarkand,4,98
683811,2.649827786722636,0,ios,old,samarkand,1,82
208576,1.620631415490079,0,ios,new,tashkent,5,59
28393,1.3884083495504287,0,ios,new,samarkand,3,70
473397,1.2992000741721317,0,ios,new,samarkand,4,42
994322,2.475854470213149,0,ios,old,samarkand,5,49
709360,2.301576242902226,0,ios,new,bukhara,4,56
951766,2.52628050994009,0,ios,new,bukhara,3,75
411497,1.670166335890387,1,ios,new,tashkent,3,76
951349,1.8871635627208059,1,ios,old,bukhara,5,10
74365,1.6726698775955853,0,ios,old,samarkand,1,20
241623,3.099716251481953,0,ios,old,bukhara,1,95
760482,2.1182971642344492,1,ios,new,samarkand,5,79
363940,2.6275239950614226,0,ios,old,samarkand,4,47
348862,2.336999664246086,0,ios,old,bukhara,3,60
762498,1.5669295972955881,0,ios,new,bukhara,5,34
44397,2.771934592504873,0,ios,old,tashkent,3,88
345557,2.4187442904984215,0,android,old,samarkand,1,65
294658,1.580785902571128,1,ios,old,samarkand,5,6
109288,2.770074610624826,0,ios,new,samarkand,5,92
986877,3.498821349381453,0,android,old,tashkent,2,95
107216,2.667943450063051,0,ios,new,bukhara,2,88
819224,1.0084703209876182,0,ios,new,bukhara,2,13
830138,2.151876023578494,0,ios,new,bukhara,1,73
13833,1.633486861488911,1,android,new,tashkent,2,62
138580,2.02232058293221,0,android,old,samarkand,2,34
65880,1.950697014802819,0,ios,old,tashkent,5,37
494978,2.393192411070048,0,ios,old,tashkent,3,69
819582,1.0603198130860318,0,ios,new,samarkand,2,53
273904,2.2999595146428096,1,ios,new,bukhara,3,90
564968,2.193034735410599,0,android,new,bukhara,2,58
406523,0.4009419573227635,0,android,new,tashkent,1,16
683144,3.683867877005384,0,android,old,bukhara,5,93
114269,2.0302115283449544,0,ios,old,bukhara,2,53
426029,1.97186491272929,0,ios,old,samarkand,2,52
282588,1.501989072267592,0,android,new,bukhara,5,39
36443,0.7780622607934643,1,ios,new,samarkand,4,16
895113,2.4343725689986373,1,android,old,tashkent,3,55
427055,2.3437228435254953,0,ios,old,bukhara,3,44
409354,1.2410561097577557,1,ios,new,samarkand,2,39
84698,2.7544978113369343,0,android,old,bukhara,1,70
33673,2.335116662075167,0,ios,new,samarkand,2,89
428087,1.8010929836126668,0,ios,old,bukhara,2,20
844064,1.5579984973428587,0,ios,new,bukhara,1,50
602113,2.0070597055447004,0,ios,old,tashkent,4,57
580492,2.8761508234370416,0,android,new,samarkand,5,73
145173,1.9412105716287489,0,android,old,tashkent,1,57
322578,3.1345786758606535,0,android,old,samarkand,3,83
69124,1.8750037865368314,0,ios,old,samarkand,5,24
159802,2.291601988544325,0,ios,old,samarkand,3,50
419671,2.585699322945603,0,android,old,bukhara,3,26
957674,2.649712508983699,0,android,new,bukhara,1,90
910609,2.162112400528309,0,android,old,tashkent,5,47
523952,1.8722447536672826,0,android,new,tashkent,1,59
885159,2.399107603847408,0,ios,old,samarkand,3,48
786621,1.5150824642395677,0,android,new,samarkand,5,32
841320,1.1820708522381884,0,ios,old,tashkent,1,21
877756,1.8117273115376276,0,android,old,tashkent,4,11
215656,1.951144532892329,0,ios,new,bukhara,1,76
960131,2.264830444405492,1,android,old,tashkent,4,43
406520,2.981429184270166,0,android,old,tashkent,3,77
797381,1.6110946359589389,0,ios,new,samarkand,1,71
107890,2.5974020470829307,0,ios,old,samarkand,3,67
838880,2.820870111517756,0,android,new,tashkent,2,95
894265,1.8027844546093679,0,android,new,samarkand,3,50
392932,1.9154269673824729,1,ios,new,bukhara,2,60
936816,2.24935506043703,1,android,new,tashkent,3,74
499362,1.8745387530859565,0,ios,old,bukhara,3,20
496013,2.3265143887049,0,android,new,samarkand,1,85
766188,2.082958166695242,0,ios,new,tashkent,2,84
669007,3.1900888859574716,0,android,old,tashkent,3,90
200797,1.380709521499501,0,ios,old,samarkand,1,25
585618,1.6759802918421094,0,ios,new,samarkand,1,82
227027,1.3070459085774289,0,android,old,tashkent,2,5
496082,2.019082777965032,0,ios,new,tashkent,2,77
377031,1.5472735903568162,0,android,new,tashkent,4,50
984286,2.951238175353527,1,ios,old,samarkand,4,85
234620,1.5871517452581405,0,android,old,bukhara,1,5
141951,1.2103392747205233,0,ios,new,bukhara,4,26
657996,1.3712626259129488,0,android,new,samarkand,5,36
122385,2.945565960756733,0,ios,old,samarkand,2,92
98108,2.175947883635521,0,android,old,tashkent,4,39
266473,1.9587113061901662,0,android,new,bukhara,1,47
890004,2.3313577074637326,0,android,old,tashkent,4,49
409654,1.1894066434654622,0,ios,old,tashkent,3,18
147987,0.8746308073607364,0,android,new,tashkent,1,14
393889,2.056551045212553,0,ios,old,tashkent,2,67
887734,2.3128376652648446,0,ios,old,samarkand,3,50
620925,2.016863085773545,1,android,new,bukhara,2,59
293704,3.3973913128332685,0,android,old,bukhara,5,78
475446,3.4882243969976594,0,android,old,bukhara,2,76
449648,3.5145321323027012,0,ios,old,bukhara,4,92
351710,2.532372687602661,0,ios,old,tashkent,4,42
153736,1.6429391309024797,0,ios,new,tashkent,5,71
972763,3.444547491419332,0,android,old,samarkand,5,81
902001,1.9198350547704521,0,ios,new,samarkand,5,60
128197,2.6497176938027858,0,ios,new,bukhara,5,94
634064,1.6108072753655516,0,android,old,tashkent,4,21
303309,2.3269612983511405,0,ios,old,samarkand,3,51
72121,1.8694586685044412,0,ios,old,samarkand,5,16
82399,2.632092685305848,0,android,old,bukhara,2,48
533609,2.2055573895540737,0,android,new,tashkent,4,74
418489,1.4745665854968057,0,ios,old,samarkand,2,26
595660,1.6858866823348633,1,ios,old,tashkent,2,55
825573,2.173302129943219,0,android,old,samarkand,4,33
635046,0.9396595130738219,0,ios,old,tashkent,5,7
805974,2.418838160406647,1,android,new,tashkent,2,91
670366,1.2251002941115199,1,ios,new,bukhara,4,17
881466,1.7629282819788221,0,ios,old,samarkand,2,37
270420,2.0566002450917016,0,android,old,tashkent,2,49
253601,1.8212968720797014,0,android,new,samarkand,4,62
382774,1.8117473543213638,0,android,old,tashkent,4,48
654441,0.8753166767064136,0,android,new,tashkent,2,36
427532,2.0896041085654304,0,android,old,tashkent,2,45
554537,1.6780499262648594,0,android,new,tashkent,3,42
788032,1.759629823206927,0,android,new,samarkand,2,54
731418,2.108527886642939,0,android,new,tashkent,3,52
670171,2.3023999764860346,0,android,old,samarkand,1,49
810963,2.6860359517170247,0,android,new,tashkent,4,86
998960,1.167136663881532,0,ios,old,bukhara,1,13
213060,3.690727611854275,0,android,old,bukhara,3,84
260764,3.4754649989963147,0,android,old,bukhara,5,86
911511,2.863248568315879,0,ios,old,samarkand,5,66
386636,2.8753083822150725,0,ios,new,bukhara,4,98
843982,1.8437424077146922,0,android,old,bukhara,2,13
261325,2.973468379815407,0,android,old,bukhara,3,56
420102,3.1087772712584907,0,android,old,bukhara,3,63
256116,1.5397299699324452,0,android,old,samarkand,3,6
379336,1.4062044117824566,1,android,new,bukhara,4,11
364371,0.678816824571514,0,ios,new,tashkent,2,26
487574,1.2479742940356742,0,ios,new,samarkand,1,64
659674,2.091091859422847,0,ios,new,tashkent,5,58
756994,2.3729088736759474,0,android,old,tashkent,2,55
874775,2.807103655526452,0,ios,old,bukhara,2,69
610479,1.924778831191149,0,android,old,tashkent,3,20
722476,2.442403125771725,0,android,old,samarkand,1,60
316945,2.2090354889799153,0,ios,old,tashkent,2,59
255272,1.25502847833258,0,android,new,bukhara,1,29
767382,2.348027915107901,0,android,old,samarkand,1,66
673692,2.980729676709377,0,android,new,samarkand,5,91
996827,1.4774734783208108,0,ios,old,bukhara,1,23
56834,1.3111573076470064,0,ios,old,samarkand,1,24
898626,2.7420344710798563,0,ios,old,samarkand,5,73
972438,1.4537353598790634,0,ios,new,tashkent,3,54
791677,1.2974639032460198,0,ios,old,tashkent,2,12
61718,1.6052384941446007,0,android,old,bukhara,2,6
771772,2.198360487202442,0,android,old,samarkand,1,46
145827,3.1240521645872703,1,ios,old,bukhara,3,67
998459,2.132838776174136,0,android,new,samarkand,5,35
622652,3.0655041440183597,0,android,old,bukhara,2,81
414040,3.0822261429237687,0,android,old,samarkand,1,76
613884,1.5367268224967907,0,android,old,tashkent,3,6
704263,2.9809046007248714,0,android,old,samarkand,5,67
334122,1.3506944350873076,0,ios,old,tashkent,5,10
538157,0.8613668801935487,0,ios,new,tashkent,4,25
964551,2.1634391342567896,0,android,new,samarkand,3,54
627544,0.8819411906005343,0,android,new,tashkent,2,13
46937,1.6967691042551785,0,android,new,bukhara,5,30
914353,2.520591275629478,1,android,old,tashkent,5,61
942358,2.411767682212273,0,ios,new,bukhara,4,65
235336,1.513020026734887,0,android,new,tashkent,5,30
816844,1.593646921522685,1,ios,new,samarkand,3,73
206042,1.8771942880983687,0,ios,old,samarkand,5,11
676674,3.0524408017435554,0,android,new,bukhara,3,99
953423,2.6536235688022694,0,ios,old,bukhara,1,79
495483,2.483984977640689,0,android,new,samarkand,3,86
587086,1.5530612840750169,0,ios,old,tashkent,2,47
548698,2.841168821186848,0,android,new,bukhara,4,91
753456,2.3280216877923885,0,android,new,samarkand,3,67
818521,3.3527969518202516,1,ios,old,tashkent,5,96
351493,1.879293827513253,1,ios,old,bukhara,3,10
359020,1.9085326488463397,0,android,old,tashkent,5,10
21571,1.201848653125589,0,android,new,bukhara,1,34
266461,1.1862080021880992,0,android,old,tashkent,1,11
394927,2.9256282752630725,0,android,old,samarkand,5,81
394170,3.5319822005616914,0,ios,old,bukhara,4,85
55228,2.5610153809085214,0,android,old,samarkand,4,40
278051,0.9744431496981755,0,ios,new,samarkand,4,17
449992,3.2014504192965685,0,android,old,tashkent,4,87
681040,1.8279982523893836,0,android,new,bukhara,4,39
299997,1.3530142403562078,0,ios,new,bukhara,5,14
140997,2.4022709330258434,0,android,old,samarkand,2,44
838192,2.1060123141409073,0,ios,old,samarkand,4,36
388213,1.3204610646200694,0,ios,old,samarkand,2,14
294577,2.2364674349568463,0,android,old,bukhara,1,37
115888,2.0603066249955653,0,android,new,samarkand,3,74
738370,1.9064413421391995,0,ios,old,tashkent,3,45
22902,1.3319605370539822,0,android,old,tashkent,4,15
404304,1.7074999961676074,0,ios,new,samarkand,2,59
232598,1.2783531751116601,0,android,new,tashkent,1,46
295014,2.567069799021532,0,ios,new,bukhara,1,83
378158,2.7927768250848564,0,android,old,samarkand,5,46
374629,2.0414090872060315,0,ios,old,tashkent,4,32
140240,2.2740737052963302,1,ios,new,samarkand,5,81
803903,1.1962855738785807,0,android,new,tashkent,3,25
411144,2.5979227695757787,0,ios,old,bukhara,5,29
829185,2.2415163666435416,0,android,old,samarkand,3,15
495135,2.740912053748781,0,android,new,samarkand,5,90
173623,1.2666541918833456,0,ios,new,samarkand,4,5
917621,2.51745814126513,0,android,new,tashkent,3,89
640869,2.4675795433655128,0,ios,new,bukhara,4,87
690435,2.9078501203638387,0,android,old,tashkent,5,66
226462,2.1642856063236335,0,android,old,samarkand,2,29
936747,1.043671791345048,0,ios,old,tashkent,3,20
407143,1.6398704123427832,0,ios,new,bukhara,5,21
751890,0.8606833204113956,0,ios,new,bukhara,3,16
184755,1.4162530280611023,0,android,new,tashkent,4,43
901125,2.6981067250904234,0,ios,old,tashkent,4,71
856113,1.9827394329408812,0,ios,old,tashkent,2,61
971756,2.296378509843812,1,android,new,tashkent,5,71
60623,1.7291803859355264,1,android,new,samarkand,2,55
586486,0.8936131369290008,0,android,new,tashkent,2,33
430500,2.835806357636429,0,ios,old,bukhara,1,66
756024,1.9104978738054545,1,android,new,samarkand,3,57
443628,2.2212275865503615,1,ios,new,bukhara,5,60
411053,2.2693753180691485,1,ios,new,bukhara,2,94
745246,1.71096802003741,0,ios,new,bukhara,5,16
641158,2.2499470949000475,0,android,old,bukhara,2,6
578004,2.894901353560241,0,ios,old,tashkent,5,88
901499,1.582968343416512,0,ios,new,samarkand,3,47
598430,2.069571760439373,0,android,old,bukhara,1,36
545635,2.5066285339383696,0,ios,new,samarkand,5,78
22258,1.6765351380446938,0,ios,new,samarkand,5,46
71990,2.380494229590542,0,android,new,bukhara,4,63
944254,3.471712857076427,0,android,old,tashkent,5,89
432979,2.4645181128009694,0,ios,new,bukhara,4,85
337196,1.3269734578828285,0,ios,old,tashkent,4,13
678687,2.5876244764457703,0,android,new,tashkent,4,87
278566,1.1547771078204123,1,android,new,samarkand,2,23
952503,2.341350451538977,0,android,old,bukhara,4,21
284511,2.108024049430393,0,android,old,tashkent,2,42
756991,0.8848348012634981,0,android,new,tashkent,4,17
850048,2.3330788834027345,0,ios,new,samarkand,1,83
830446,2.5498745500790245,0,ios,old,bukhara,2,40
612859,1.8822737418435092,0,ios,old,samarkand,5,37
825431,1.8224731203276532,0,ios,new,bukhara,1,66
682168,1.6705151484486553,0,android,new,samarkand,2,41
664159,2.7251913860158865,0,ios,old,samarkand,5,65
279081,2.3033074183299096,0,ios,new,tashkent,5,86
798241,2.0850645587132157,0,android,new,bukhara,5,28
298475,1.776693491922183,0,android,old,tashkent,3,23
634955,2.1383860246850905,0,ios,old,samarkand,1,61
222133,1.89505511105631,0,ios,new,bukhara,5,32
822641,1.8808234542014048,0,android,new,bukhara,3,45
567100,1.5835469758702634,0,android,new,bukhara,1,52
483264,1.2495678883934669,1,ios,new,tashkent,5,55
779234,1.956959086944872,0,android,new,tashkent,2,80
629693,2.190771007758538,0,ios,old,bukhara,2,45
242772,1.951445240065129,1,android,old,tashkent,3,32
88859,1.6348630830514486,1,android,new,bukhara,2,32
360168,1.569033194554896,1,ios,new,bukhara,2,34
461644,1.2599039290870322,0,ios,new,tashkent,5,55
601378,0.5636241954685922,0,android,new,tashkent,1,8
58527,2.1506113100441175,0,android,new,samarkand,5,54
636611,2.3204633548832634,1,ios,old,samarkand,3,54
208505,1.3475751106632545,0,android,new,samarkand,3,28
724167,2.2416663505756045,0,android,new,tashkent,4,88
107599,1.8363531013317183,0,android,new,tashkent,3,75
126174,1.6338384476258467,0,ios,old,tashkent,3,36
774142,3.225152778596647,1,ios,old,samarkand,4,99
556158,0.5205604101613328,0,ios,new,samarkand,2,7
658219,2.2642057931916275,1,android,new,tashkent,5,92
938328,2.789478003814217,1,ios,old,samarkand,2,69
304854,1.6610128247079445,0,ios,new,bukhara,4,22
863880,3.036096239308296,0,android,old,tashkent,5,77
191849,2.1821364449805913,0,android,old,tashkent,2,58
803030,2.70894885374932,0,android,old,samarkand,3,67
828521,2.184030778323522,0,ios,new,samarkand,3,91
633633,1.3296586281789002,0,ios,old,tashkent,1,22
561204,0.5132085951714256,0,ios,new,tashkent,5,14
830012,2.1732203656068356,0,ios,new,samarkand,1,99
563174,2.9784135648414436,1,ios,old,bukhara,2,84
833793,2.2662965596970532,0,ios,old,bukhara,4,32
546380,2.0587800737711386,0,ios,new,bukhara,2,69
586510,1.5822813357356003,0,android,new,samarkand,5,39
481987,1.09140325628724,0,ios,new,tashkent,2,35
445279,2.620369579626779,0,android,old,samarkand,3,61
29374,2.2721929328612163,0,ios,new,bukhara,1,87
604748,2.2327725330872363,0,android,new,tashkent,4,73
96476,1.4876521400021512,0,ios,new,samarkand,1,68
284124,1.884800436116271,0,android,old,samarkand,3,15
433503,1.5615184879346475,0,ios,new,samarkand,5,36
164434,3.1850306837351776,0,android,old,tashkent,5,86
961261,1.810366682947726,1,ios,new,bukhara,2,48
127042,2.494837322337146,0,android,new,samarkand,1,82
559956,2.3127157035755084,0,ios,old,samarkand,2,59
829867,1.4105997987674084,0,android,new,bukhara,3,13
320367,2.5419500365115697,0,android,new,samarkand,4,74
307200,3.300007693531884,0,ios,old,samarkand,4,94
274106,1.0752241779345313,0,android,new,samarkand,5,12
178868,1.7559851750200035,0,android,new,tashkent,5,54
299919,2.1705948841704537,0,ios,old,samarkand,1,55
867277,3.471612349069048,0,android,old,samarkand,5,83
13381,1.6781500378470209,0,android,new,samarkand,4,55
559623,1.7370595667694153,0,android,new,samarkand,1,52
485199,1.9404140493486843,0,android,new,bukhara,1,53
572711,1.8191348217296264,0,android,old,bukhara,2,26
702785,1.8543122570103439,0,ios,old,samarkand,2,65
451908,1.9498437139937708,0,android,new,bukhara,4,28
983842,1.5994920100603458,0,android,new,samarkand,3,42
431786,1.160613377856857,1,ios,new,tashkent,1,62
313232,0.7043265782798681,0,android,new,tashkent,2,7
627225,1.6835866734825704,0,ios,old,samarkand,2,36
830200,2.2252850149413614,0,android,old,samarkand,3,17
378913,2.112856455008721,0,android,old,bukhara,3,18
122652,2.1764366627881904,0,android,old,bukhara,5,13
894300,3.115109860109945,0,ios,old,bukhara,5,57
813685,2.8075610943885727,0,ios,new,bukhara,5,91
426857,2.1259658744309204,0,ios,new,samarkand,2,72
958855,2.548669916925416,0,android,new,samarkand,3,73
708401,2.643527562857511,0,android,old,samarkand,5,50
717402,1.5203549063621442,0,ios,new,samarkand,1,51
763272,2.813121397584328,0,android,old,bukhara,5,30
676785,2.927365815832649,0,android,old,tashkent,4,66
513364,0.9493520863885425,0,ios,old,tashkent,2,10
271393,1.8132192322510525,0,android,new,samarkand,5,43
282700,2.730199413213189,0,android,old,samarkand,5,35
972570,1.706249643841314,1,android,new,bukhara,1,15
973560,1.873681837367575,0,ios,new,bukhara,4,44
704517,2.353905899198119,0,ios,new,samarkand,5,74
911255,1.3844079687972952,0,android,new,bukhara,1,26
959046,1.687543209497113,0,ios,new,bukhara,4,38
983285,1.8413371876977322,0,ios,new,bukhara,3,46
850987,1.627017427853795,0,ios,old,tashkent,1,57
802921,2.535497959057457,0,android,old,tashkent,5,55
142405,1.5316523506041988,0,android,old,tashkent,1,29
126433,1.7830879080956246,0,ios,new,tashkent,5,64
882599,2.27878456494051,0,ios,old,tashkent,5,68
389808,1.2687472194739262,0,ios,old,samarkand,1,14
523934,1.029671653463665,0,ios,new,samarkand,2,50
848676,2.9876689706931123,0,android,old,samarkand,3,93
222564,2.280398440211573,0,ios,old,samarkand,1,56
167094,2.0756287309693238,0,ios,new,bukhara,4,54
212544,2.0962816626587415,0,android,old,samarkand,3,17
652633,1.928997162275764,0,ios,old,samarkand,4,21
289031,3.0127802673617237,0,android,old,samarkand,3,88
916868,1.7235872970338142,0,android,old,samarkand,5,7
942295,1.0375361460549308,0,ios,old,samarkand,3,14
148410,1.6670994872753695,0,ios,new,samarkand,3,75
820024,1.9422234941888685,0,ios,new,samarkand,4,66
236384,1.8322226797817647,0,ios,new,bukhara,4,59
517516,1.7197659723765584,0,android,new,tashkent,5,22
451546,3.7839332155037826,0,android,old,bukhara,1,93
647099,3.1898438677956245,0,android,old,bukhara,5,63
823125,2.528487807884661,1,android,new,tashkent,4,73
219238,0.6881914464620928,0,ios,new,samarkand,2,22
757033,2.8800049305835826,0,android,old,bukhara,5,47
453345,1.8557053760504205,0,ios,new,tashkent,1,80
762967,2.215649064309245,0,android,new,samarkand,1,75
845259,2.721128689400602,0,android,old,tashkent,1,77
482205,1.0265093122978577,0,android,new,bukhara,1,16
103156,2.5162154782732697,0,android,old,bukhara,1,44
955545,2.225593698900232,0,ios,new,bukhara,5,82
343172,2.2399630866432805,0,ios,new,bukhara,4,81
630018,1.4386054283571112,0,android,new,tashkent,2,37
969756,1.8575818725907416,0,android,old,tashkent,4,19
236881,2.449639147776901,0,android,old,tashkent,3,45
727882,1.3513855390414995,0,ios,new,samarkand,5,21
385502,2.6688967227016707,1,android,old,samarkand,2,66
643695,1.1145770158409913,0,android,new,samarkand,1,27
629743,2.6086120945475515,1,ios,old,tashkent,5,72
480666,1.0758401280342214,0,ios,new,bukhara,2,18
398730,2.661252803597181,0,ios,new,bukhara,4,88
725987,2.4217810533982775,0,ios,old,samarkand,4,59
156324,1.964422911883039,0,ios,old,bukhara,1,45
315390,2.1453166752900876,0,android,new,samarkand,3,57
472437,0.9703217618121787,0,android,new,samarkand,4,15
935308,1.578757729662044,1,android,new,samarkand,3,46
428170,2.4518594930320434,1,android,old,bukhara,2,35
749365,0.16608959697508663,0,ios,new,tashkent,1,12
483283,1.798747405121228,0,android,new,bukhara,4,32
14863,2.315417174124208,0,android,old,samarkand,2,60
191554,2.0196668066657857,0,android,old,tashkent,1,44
186114,2.4324744464202297,0,android,old,tashkent,3,49
846549,3.069807663792198,0,android,old,samarkand,2,97
489252,1.3688390165355173,0,ios,new,bukhara,3,34
170119,1.8856100944859198,0,ios,old,tashkent,4,33
86671,2.784413971533611,0,ios,old,samarkand,5,65
56694,3.1952707856547904,1,android,new,bukhara,5,81
397624,1.8094553778096434,0,ios,new,bukhara,2,57
477146,2.574598169111609,0,android,new,tashkent,5,97
531531,2.0054531443636217,0,android,old,tashkent,3,26
368746,3.0046987786300945,0,android,old,samarkand,3,74
384193,1.4461746862105815,0,android,new,bukhara,2,35
426470,2.365702283828954,0,ios,new,samarkand,5,77
678754,2.287920951042804,1,ios,old,tashkent,5,60
765339,2.8437268122314707,0,ios,old,samarkand,3,74
956477,1.3304590618960477,0,android,old,samarkand,1,7
773671,2.1053221612251956,0,android,old,tashkent,2,33
160026,3.0048553212051012,0,android,old,bukhara,3,67
296401,2.292090779912702,0,android,new,tashkent,5,81
716749,1.5936527302136134,1,ios,new,bukhara,4,37
689325,2.4611474156800996,0,android,old,samarkand,1,52
331145,2.8500538925549423,0,android,new,bukhara,4,81
205584,3.091418516388374,1,android,new,samarkand,5,98
302336,0.7585784009900017,1,android,new,tashkent,5,15
955506,3.8234014882003313,0,android,old,bukhara,3,87
529515,3.5640279465200146,0,ios,old,bukhara,5,96
275598,2.8552282839382777,0,android,old,tashkent,5,69
519782,1.4233027375933147,0,ios,new,samarkand,2,45
974000,2.558495343620341,0,android,new,bukhara,5,78
372971,2.8659790231499676,0,android,old,bukhara,4,61
477226,2.7357144452906694,0,android,new,tashkent,5,77
70083,3.2818938787438765,1,android,old,bukhara,5,64
862550,1.2552061773481173,0,android,new,tashkent,4,28
608775,1.757327728650386,0,ios,new,samarkand,3,75
813197,2.68527512676793,0,ios,old,samarkand,5,60
705401,3.2049698236904476,0,ios,old,samarkand,5,86
206829,2.2949316474311425,1,android,old,tashkent,3,56
776970,1.6371766039961666,0,ios,new,tashkent,2,86
628734,2.2754381381361086,0,ios,old,bukhara,5,11
423263,2.4172233492436104,1,android,new,samarkand,5,66
581691,1.4875953426904587,0,ios,new,tashkent,1,44
420017,2.2096186835313034,0,ios,old,samarkand,3,65
671829,2.665414166284638,0,android,old,tashkent,3,65
875409,3.005436921535421,0,android,old,samarkand,5,54
731836,3.0953799842495027,0,ios,old,tashkent,5,97
292139,1.5429849826446749,0,android,new,samarkand,5,34
578221,3.3481297673507693,0,ios,old,bukhara,3,88
624732,2.875976829546518,0,android,old,bukhara,4,64
576291,3.0080263505323614,1,android,new,bukhara,5,80
385262,1.6615427680731827,0,ios,new,samarkand,3,53
511300,3.597675572393979,0,ios,old,samarkand,5,98
349417,1.8441344430432323,0,ios,new,bukhara,1,57
614900,3.263252234711666,1,android,new,bukhara,5,96
566315,2.994973191057986,0,android,old,bukhara,4,67
888310,3.3823850630299934,1,android,old,tashkent,5,99
433198,2.4297605032708267,0,ios,old,bukhara,2,54
798251,3.1708098795577055,0,android,old,tashkent,5,93
186670,2.0978610767954597,0,android,old,bukhara,3,34
201072,2.579735536170755,0,ios,old,bukhara,4,53
593787,1.9536299236299608,0,ios,old,bukhara,4,10
758622,2.401192446251533,0,android,new,samarkand,3,74
843171,2.6918006788564584,0,android,old,bukhara,4,34
998197,1.3700101013424866,1,ios,new,samarkand,4,42
581608,1.5129195371262836,0,ios,new,bukhara,3,40
91095,2.975701997506247,0,android,new,bukhara,4,84
783747,0.5651815601003258,0,ios,new,samarkand,1,25
626217,1.5362952812578758,0,ios,new,tashkent,3,58
327371,1.6088476226487185,0,ios,new,bukhara,1,50
831038,3.250980725313395,1,android,old,tashkent,5,88
661324,0.03584790001073823,0,ios,new,tashkent,1,14
332832,2.90189331345662,1,ios,old,samarkand,3,89
195459,2.7418671272345794,1,ios,old,samarkand,3,59
958856,2.430302148883935,0,android,old,tashkent,4,52
295731,2.8787344871288827,1,ios,new,bukhara,3,99
624941,2.556113535779705,0,android,new,bukhara,2,83
232697,1.6011730810278015,1,android,new,tashkent,5,29
722691,2.1813931818035366,0,android,old,samarkand,4,20
635373,1.0189851430762213,1,android,new,tashkent,1,29
81115,2.4918937865840514,0,android,old,samarkand,3,44
149152,3.854414718323744,0,android,old,bukhara,4,89
470694,3.119270222371232,1,android,new,bukhara,4,96
504711,1.7202712236736806,0,ios,old,bukhara,5,6
170218,2.45562307215196,0,android,new,bukhara,3,57
304540,3.073634696922781,0,android,old,bukhara,2,78
842269,1.3450968041530593,0,android,new,tashkent,2,53
906075,1.4834115313257987,1,android,new,bukhara,4,27
125746,1.1330233622982273,0,ios,old,samarkand,1,14
526412,1.087683212641669,0,ios,new,bukhara,3,28
582418,1.6071627461024502,0,ios,old,tashkent,4,36
500319,1.3103025964715003,0,ios,old,tashkent,1,29
431703,3.016937672161881,1,android,old,bukhara,3,63
318217,2.8869664690378207,1,ios,old,samarkand,2,87
763350,2.2695559521252937,0,android,new,bukhara,3,54
543749,1.0367535417938478,0,android,new,samarkand,5,6
865201,2.910122421772725,0,ios,new,tashkent,5,86
344008,2.2342832292275103,0,android,new,bukhara,3,62
373459,2.9842368429333908,0,android,new,bukhara,4,91
16359,3.255206700354725,0,ios,old,samarkand,4,76
754534,1.9659082783624662,0,ios,old,bukhara,2,17
235530,2.151883330714219,0,ios,new,tashkent,4,97
389340,2.0072543178596716,0,ios,new,bukhara,4,43
83511,1.9043504222666061,0,android,old,bukhara,2,23
692386,2.8721723540160644,0,android,new,bukhara,4,78
445018,2.8420743469971645,0,ios,old,samarkand,4,85
420145,1.316802013562642,0,ios,new,bukhara,1,44
845698,2.862991001854665,1,ios,old,bukhara,4,61
859315,1.7919167685454378,0,android,old,samarkand,1,31
671101,2.491548701221635,0,android,old,samarkand,4,41
397397,3.1450548489838197,0,android,old,bukhara,3,61
604371,3.1685713848950403,0,android,old,bukhara,1,75
508409,0.8436207648927532,0,ios,new,tashkent,5,12
463933,1.5352518971910556,0,ios,old,tashkent,3,27
351477,2.68651020751856,1,android,old,bukhara,4,44
991538,2.2939220868606522,0,android,new,tashkent,2,91
826911,1.0873209967528328,0,ios,new,tashkent,5,23
602918,1.7770699918188941,0,ios,old,samarkand,2,36
346460,2.496512823235915,0,ios,new,samarkand,2,97
705999,1.0816260760245398,0,android,new,samarkand,1,8
985383,2.0505686109624306,1,ios,old,bukhara,1,59
911458,1.6703428833160474,0,android,new,bukhara,5,24
880604,2.8742791302998465,0,ios,old,samarkand,4,84
290863,2.882708831508725,0,android,new,tashkent,5,99
90091,2.330064619179987,0,android,old,samarkand,5,25
630959,1.0928316744166988,0,android,new,samarkand,2,27
66546,2.1948153800839405,1,android,new,tashkent,5,67
66620,2.068411241990587,0,android,old,samarkand,1,35
774297,2.6898787521538647,0,ios,new,samarkand,3,99
526914,1.8074295425653735,0,android,old,samarkand,4,11
473531,3.121364513343,0,ios,old,bukhara,2,82
590049,1.8935141423320452,0,ios,new,samarkand,4,53
769456,2.665687447243995,0,ios,old,tashkent,4,74
786040,0.9320783661023397,0,ios,new,bukhara,5,5
60069,2.3550348395354934,0,ios,old,tashkent,4,54
227879,0.7966441282965497,0,android,new,tashkent,2,11
622677,0.70527081873199,0,ios,new,tashkent,2,29
392480,2.827332601008822,0,android,new,bukhara,5,84
463398,2.575177671421006,0,android,new,samarkand,3,88
940438,2.3371222482819185,0,android,new,tashkent,3,99
331738,1.0954981287408792,0,ios,new,samarkand,3,27
606271,1.9795642142698462,0,ios,new,samarkand,3,80
371376,2.4112875010042685,0,ios,old,tashkent,1,74
556959,0.7468318582105744,1,ios,new,tashkent,5,17
203748,2.6289463454541884,0,ios,old,tashkent,1,83
873136,3.629983737531888,0,android,old,bukhara,3,91
993987,2.4567901860845742,0,android,new,samarkand,4,77
815318,2.4684108507217544,0,android,old,samarkand,4,58
794293,1.264299164941024,0,android,new,samarkand,1,40
218701,2.1371478141279217,1,ios,new,samarkand,1,98
92877,2.4877785190547734,1,android,new,tashkent,5,90
984245,2.7341840594254267,1,ios,old,tashkent,1,95
288476,1.7425823578291575,1,ios,old,tashkent,1,37
81303,1.5141149552088382,1,ios,old,samarkand,3,21
801160,1.1905367570789709,0,android,new,samarkand,3,28
481655,1.3204872355085417,0,ios,old,tashkent,3,19
575877,0.9833085174998824,1,android,new,tashkent,5,7
538447,1.4965393978190238,0,ios,old,tashkent,5,23
662461,2.715767189074403,0,android,new,bukhara,3,75
311250,2.2574193642148086,1,ios,new,tashkent,5,66
33898,2.5352374713627035,0,android,old,samarkand,1,67
369296,2.3617513687768237,0,android,new,bukhara,4,52
651378,3.079558171289094,0,ios,new,samarkand,5,93
374282,0.7887915378821123,0,android,new,tashkent,5,11
189673,0.7139180957138755,0,ios,new,tashkent,3,22
762847,2.412085870788905,0,android,new,samarkand,3,82
571035,2.6244119529231353,0,android,old,bukhara,2,49
497423,2.552169267296698,1,android,new,samarkand,5,91
592375,1.4271514885933256,0,ios,new,tashkent,3,52
368373,2.190115708984315,0,ios,new,bukhara,4,77
874172,2.5266515953342927,0,android,old,samarkand,2,79
634145,2.089061661047424,0,android,new,bukhara,2,65
45418,1.2205544568334874,0,ios,new,bukhara,2,15
909399,2.1929416928235677,0,ios,old,bukhara,2,30
29093,2.275488806503584,1,ios,old,bukhara,3,37
304897,2.7033798156340962,0,android,old,tashkent,2,70
475004,0.6688391502453892,1,ios,new,tashkent,3,23
968895,3.605195373760666,0,android,old,samarkand,2,96
85107,0.7052658413162957,0,android,new,tashkent,2,5
105565,2.0843666066161006,0,ios,old,bukhara,4,18
438609,2.196515381102794,1,android,new,bukhara,5,35
486360,1.7112541458922625,0,ios,old,samarkand,2,30
169323,1.8644479982065054,1,android,old,bukhara,3,14
750526,2.3703345295405955,0,android,old,samarkand,2,35
894361,1.0747925889247498,0,android,new,tashkent,3,21
657491,1.579673367804334,1,ios,new,tashkent,2,61
523739,1.721819935745471,0,ios,old,bukhara,4,14
797598,3.2794341844979664,1,ios,old,bukhara,3,88
518945,1.97149672177627,0,ios,new,samarkand,4,82
967258,0.7595271294693328,0,ios,new,tashkent,2,35
244681,1.986439816483673,0,ios,old,tashkent,5,60
31426,1.4223846263363515,0,android,new,tashkent,1,59
799507,2.1982770674459395,0,android,old,bukhara,3,16
519947,2.2122969706187843,0,android,old,bukhara,3,28
86634,1.1303752195906485,0,android,new,tashkent,5,19
903437,1.4772598431864425,0,android,new,bukhara,5,21
93900,2.894870176242542,0,android,new,bukhara,3,92
156454,2.0495311553706004,0,android,old,samarkand,3,16
401713,2.2481579603126147,0,ios,new,samarkand,5,90
236344,2.3209463198524305,0,android,new,tashkent,4,75
425544,2.8270381291696176,0,android,new,bukhara,1,93
520697,1.5845500850018792,0,android,new,bukhara,2,19
614045,3.047135179495523,0,ios,old,tashkent,1,99
807329,2.558432259304685,1,ios,old,tashkent,2,86
855791,2.2110042606004336,0,ios,new,bukhara,5,77
485974,1.6490280200335392,0,ios,old,samarkand,5,7
533262,2.3362656615165025,0,android,old,samarkand,3,36
865371,2.526433386054459,0,ios,old,bukhara,5,36
247221,1.1609548510296788,0,android,new,samarkand,3,8
265377,1.704293081587637,0,android,new,bukhara,4,23
405711,0.15816489093536668,0,android,new,tashkent,1,12
147447,1.388346346757038,0,ios,new,samarkand,1,59
732335,1.4191698869155112,0,ios,new,bukhara,1,52
857194,2.397452604249676,1,ios,new,samarkand,3,98
712727,1.7864661447904857,0,android,old,tashkent,2,34
253759,1.714178084264838,0,ios,new,samarkand,3,57
613602,1.9922757331891994,0,ios,old,bukhara,5,22
851765,2.700838652863573,0,ios,new,bukhara,4,90
19095,2.4437156531874673,0,android,new,bukhara,5,58
432080,2.835915184167537,0,ios,old,bukhara,2,76
966538,2.1775384478575064,0,ios,new,bukhara,5,55
484143,2.3476873559110647,0,ios,old,bukhara,3,44
34157,2.4469972662440176,0,android,old,tashkent,2,80
157952,2.5268450766830393,1,android,old,tashkent,4,39
802693,2.397824279229761,0,android,old,tashkent,3,49
12530,2.4548939104608998,0,ios,old,bukhara,5,36
515976,1.59303394484352,0,android,old,tashkent,3,6
684243,1.5311226866477365,0,ios,new,bukhara,1,54
226324,1.8203319365926034,1,ios,new,bukhara,1,69
440883,1.6071718643107036,0,android,old,tashkent,4,15
753931,3.161347580882036,0,android,old,samarkand,2,70
390530,2.495221890499146,0,android,old,bukhara,1,49
229613,2.7736400925657896,0,ios,old,bukhara,3,64
48107,3.2667679340679197,0,android,old,samarkand,4,87
95776,2.4059123539242684,1,ios,old,bukhara,3,38
303630,1.8255533917189612,0,ios,new,samarkand,4,77
548275,1.4956554413324625,1,ios,new,bukhara,2,13
806106,3.4312280743938457,0,android,old,tashkent,4,99
33712,2.859817102316913,0,ios,new,samarkand,4,82
530907,2.3122494379687173,0,ios,old,samarkand,4,61
752926,2.295790012329057,0,android,old,bukhara,1,39
234072,2.399661399899871,0,ios,new,samarkand,3,79
858067,1.4043479337087363,0,ios,new,bukhara,4,17
552192,1.1849990742588141,0,ios,new,samarkand,4,22
936016,2.559127486854195,0,android,new,tashkent,3,87
190333,1.0092471676776358,0,ios,new,tashkent,5,18
988987,0.9197265775697767,0,ios,old,tashkent,2,17
435976,1.4359686822296929,0,ios,new,samarkand,1,48
894268,2.031478500377132,0,ios,old,tashkent,2,60
822422,0.686692339239277,1,android,new,samarkand,1,10
511703,2.4858089474535685,0,ios,new,bukhara,5,79
820353,1.2652511491458256,0,android,new,tashkent,5,28
52787,2.242902080856154,1,ios,new,tashkent,5,91
94370,2.4295572346021195,0,android,old,samarkand,1,40
653635,1.7444849627177093,0,ios,new,samarkand,4,53
231857,1.5098911957878025,0,ios,new,tashkent,1,92
865589,2.1836262718533,0,android,old,samarkand,1,38
246590,2.8975761238302806,0,android,old,bukhara,5,39
461829,1.4142824789167103,0,ios,new,bukhara,2,49
771304,2.265511808275443,0,android,new,samarkand,4,75
234712,1.7996192548492105,0,ios,old,bukhara,3,25
441337,1.8569293898229233,0,ios,old,bukhara,3,13
532176,2.4908154651270054,0,ios,new,tashkent,5,99
136580,1.8523695906250723,0,android,new,bukhara,4,31
643140,2.2949306471073627,0,ios,old,bukhara,2,58
728738,1.7571881633304802,0,ios,old,bukhara,2,25
602429,2.770291846620393,0,android,old,tashkent,1,75
959915,1.808957276783652,0,ios,new,samarkand,2,62
156861,3.223440545055095,0,android,old,samarkand,3,92
430340,0.7298749104060906,1,ios,new,tashkent,3,22
424513,3.256500818727136,0,android,old,tashkent,2,99
825012,2.988520865514823,0,android,old,bukhara,2,58
102878,2.8266555555626467,1,ios,old,samarkand,3,91
225698,2.5947110836412115,0,android,old,tashkent,1,95
655077,2.0408942527150686,1,ios,new,bukhara,5,64
113843,0.9223196010475061,0,ios,new,bukhara,2,18
920578,3.3876602014215074,0,android,old,bukhara,2,76
837983,3.6701630523484434,1,android,old,samarkand,3,98
596213,2.081186070890353,0,android,new,tashkent,3,66
950915,3.1143902516566913,0,ios,old,bukhara,3,79
390891,1.5240054153195497,0,ios,new,tashkent,1,90
512162,1.567339493229719,0,ios,new,samarkand,2,61
507696,1.3699947557644125,0,android,new,bukhara,2,42
612968,1.9211493216936544,1,ios,new,tashkent,4,90
312187,1.9333752223625078,0,android,old,tashkent,3,35
857524,0.9342894732419761,0,android,new,samarkand,4,6
496485,2.0683312733214887,0,android,new,bukhara,1,49
172079,3.321466342121134,0,android,old,tashkent,5,91
849772,2.7883932262477877,0,android,new,bukhara,1,76
702020,1.9323794954108942,0,ios,old,tashkent,3,36
295412,1.7756035915861177,1,ios,new,tashkent,1,82
965866,2.352454801928146,0,android,new,samarkand,5,50
283027,0.9219078536728732,0,ios,new,samarkand,1,13
463321,2.4631268514795788,0,android,new,bukhara,1,83
172453,0.5894903224357935,0,ios,new,samarkand,1,36
752874,2.1709573138086724,1,ios,new,samarkand,5,75
409264,1.8521524453323814,0,ios,new,samarkand,1,65
206027,2.459949036630037,0,android,new,tashkent,3,96
447908,1.1314655724618439,0,android,new,samarkand,5,9
390682,2.9665107668943587,0,ios,old,samarkand,2,89
958651,0.8434142760172844,0,android,new,tashkent,3,8
905733,1.7449557475957258,0,ios,old,samarkand,4,13
498048,3.9909947005568234,0,android,old,bukhara,5,95
200436,3.6981146295457568,0,android,old,bukhara,3,84
719874,1.835341282931246,0,ios,new,tashkent,3,87
679799,1.7470604458620278,0,android,new,bukhara,3,30
266842,1.2772485435894594,1,android,new,samarkand,1,38
682819,1.5572475740332439,0,android,new,samarkand,4,23
365160,1.5892380797949106,0,android,new,tashkent,4,28
95696,2.774621914050447,0,ios,new,bukhara,2,95
752951,1.1230618668691232,0,ios,old,samarkand,2,7
286434,1.8115660912808322,0,android,old,samarkand,3,6
40737,1.8528901637228796,0,android,new,samarkand,4,37
151584,1.8216008333441827,0,android,old,samarkand,3,14
808688,2.389498197222772,0,android,old,bukhara,1,28
765704,1.3888509637229411,0,android,new,bukhara,5,15
858306,3.172254355920937,0,ios,old,tashkent,4,93
821955,1.832150492074868,0,ios,new,samarkand,4,39
459719,1.797315400563934,1,ios,new,tashkent,3,63
867568,2.138056093856364,0,android,new,bukhara,4,54
131577,2.135308020201387,0,android,old,bukhara,5,21
803385,1.6977367998508344,0,android,new,tashkent,4,55
565094,2.523824131710598,0,ios,old,bukhara,2,54
617313,2.269979766404486,0,android,new,tashkent,2,84
825016,3.4024297193316606,0,ios,old,bukhara,1,98
192783,2.185305229114122,1,ios,old,bukhara,2,37
755037,1.853741398446227,0,android,new,bukhara,3,47
584794,0.5383053155961104,1,ios,new,tashkent,3,19
548222,1.556319457205547,0,android,new,bukhara,5,7
784010,1.0092692587413044,0,ios,new,bukhara,3,7
274644,2.5878776367685914,0,android,old,samarkand,1,44
159301,1.6400956149224015,0,ios,old,bukhara,2,22
480821,2.6036085364632107,0,android,new,bukhara,4,59
784969,1.3424062058765598,1,ios,new,samarkand,1,48
348362,1.55440696862281,0,ios,new,bukhara,3,41
886089,1.5841626258857147,0,ios,old,tashkent,5,20
862425,2.6611587783773007,0,ios,old,bukhara,5,43
250614,2.0435034285463387,1,android,old,samarkand,5,22
812393,0.41862857317675906,0,ios,new,samarkand,2,6
944823,0.8809239322081189,0,ios,new,tashkent,3,26
89210,3.2834372019513443,0,ios,old,bukhara,4,80
271160,3.5180488364215385,1,android,old,samarkand,5,91
92854,1.2531838111950213,0,android,new,samarkand,1,24
448357,1.9609921097039256,0,android,old,samarkand,2,36
675476,1.926371410448997,1,android,old,tashkent,5,23
657634,3.014606110502147,0,ios,old,tashkent,5,68
179411,1.5536244352203128,1,android,new,tashkent,1,43
914594,2.429760932925001,1,ios,new,tashkent,5,73
212004,2.6262813944216528,0,android,old,bukhara,5,35
224786,1.0857264411098626,0,ios,new,bukhara,2,24
31173,1.6393454967451595,1,android,new,tashkent,3,51
693942,0.525982904722965,0,ios,new,tashkent,2,15
302757,2.732572695079781,0,ios,new,tashkent,4,99
233408,3.2001592724664567,0,ios,old,bukhara,1,99
185977,1.0754832918627655,0,ios,old,tashkent,1,14
62541,1.900343089693726,0,android,new,bukhara,5,24
542857,2.522227746691285,0,android,new,bukhara,3,51
528326,2.7269653820482,0,android,old,samarkand,4,78
351504,1.8122397254451874,0,ios,old,tashkent,2,52
703581,2.6914599056971786,0,android,new,bukhara,1,75
205188,1.2509479481520562,0,ios,new,samarkand,1,46
484884,2.437437774950196,1,ios,old,samarkand,1,75
762602,2.5117013410623756,1,ios,old,bukhara,4,46
577293,0.8849611298057859,0,ios,new,tashkent,3,18
250302,0.1982814724201204,0,android,new,tashkent,2,13
341470,3.348472004659935,0,android,old,bukhara,4,67
971284,2.245500879743881,0,android,old,bukhara,1,37
428963,3.1763973383466957,1,ios,old,samarkand,3,84
972671,1.7760711367047124,0,android,old,bukhara,1,20
577129,1.4292219547932954,0,ios,old,tashkent,1,40
883781,2.919790075349018,0,android,old,tashkent,1,78
854948,1.2579769808140882,1,ios,new,tashkent,4,42
585494,1.247914801641319,1,ios,old,samarkand,3,11
428924,3.3003727010619475,0,android,old,tashkent,4,96
706266,2.612189188719174,0,android,old,tashkent,4,54
78235,2.5924352518625113,0,ios,old,bukhara,5,46
611603,1.3490236560422404,0,android,new,bukhara,3,11
935882,3.0050419989548534,0,android,new,samarkand,5,91
91361,2.2265624043264682,0,android,old,samarkand,3,37
975128,1.7965914600178334,0,ios,old,tashkent,1,54
124277,2.443017064658489,0,android,new,samarkand,3,89
594757,0.42795953172986634,0,ios,new,tashkent,5,6
583578,2.2430227450191675,0,ios,old,samarkand,3,61
334526,2.5472821461464585,0,android,old,tashkent,3,70
694010,2.925721151794249,0,android,new,samarkand,5,81
299293,2.247031068506651,0,ios,old,bukhara,5,32
282631,1.6615430778459064,0,android,new,tashkent,1,64
796328,1.1993710747724027,1,ios,new,tashkent,1,51
95732,0.6691899341672044,1,ios,new,bukhara,1,9
484668,1.3099498812833814,1,android,new,tashkent,1,58
403531,2.49359369645983,0,android,old,samarkand,1,61
590592,2.6809020546501925,0,ios,old,bukhara,1,74
373398,0.6897605086276095,1,ios,new,tashkent,1,14
574452,1.5725455852840042,0,ios,new,tashkent,4,51
398809,2.746668657886597,0,android,old,samarkand,3,56
587831,1.9382618328585817,0,android,old,tashkent,4,41
929092,3.547483566241286,0,android,old,bukhara,5,82
72693,3.388253876962711,0,android,old,samarkand,3,96
858567,2.313362243954509,0,android,old,bukhara,2,27
988963,2.2870377419264956,0,android,new,samarkand,1,87
79972,3.3146017265907712,0,android,old,bukhara,3,70
133746,1.9645561589537155,0,android,old,tashkent,3,31
819184,1.8068216831514807,1,ios,new,samarkand,4,62
784443,2.0338731239281715,0,android,old,samarkand,5,10
647971,0.9096271179297573,1,android,new,tashkent,1,25
874339,2.8964270180896703,1,android,old,bukhara,2,71
875163,2.7306201383762905,0,ios,new,bukhara,2,99
900398,2.9651260128183083,1,android,old,tashkent,5,71
381601,2.9041726401743992,0,ios,old,samarkand,4,86
376041,1.918572588906505,1,android,new,tashkent,2,58
920538,2.40493033326363,0,ios,old,bukhara,3,42
438101,2.6446767006339518,0,ios,old,tashkent,3,92
458497,3.5120944764320594,0,android,old,bukhara,3,73
983778,2.1662927392543017,1,android,new,tashkent,1,97
319713,0.41509604194839067,0,ios,new,tashkent,3,6
115341,2.145048234584217,0,android,old,tashkent,2,57
966718,0.9664290134331965,0,ios,new,tashkent,5,7
335553,1.424803341690957,0,ios,old,bukhara,1,9
621837,1.480332782276476,1,ios,old,tashkent,4,22
21340,1.1133960051265326,1,android,new,tashkent,5,24
351736,1.8499759046567683,0,android,old,tashkent,5,21
496204,2.135703584867536,0,android,new,tashkent,4,75
28279,2.894377074893061,1,ios,old,bukhara,1,79
198781,0.36680575230446216,0,android,new,tashkent,1,13
32875,1.4537660331258597,0,android,new,tashkent,1,57
222820,2.252163173619622,0,ios,new,samarkand,3,69
647283,2.6555964526404785,0,ios,old,samarkand,3,73
527896,2.0771698411610666,0,ios,old,tashkent,2,53
413103,2.3387094359521345,0,ios,new,samarkand,2,97
425801,1.1739113593930885,0,android,new,tashkent,5,24
485582,1.397826888373331,0,android,new,tashkent,2,44
236444,1.7330602863870543,1,ios,new,tashkent,5,51
420702,3.6616350939939966,0,ios,old,bukhara,4,92
935405,1.509815348946438,1,android,new,bukhara,5,22
462556,2.2811978256671215,0,android,old,bukhara,4,17
585481,1.9061985756427213,0,ios,new,bukhara,4,43
335322,2.5122273342245625,0,android,old,tashkent,5,47
10031,3.1527312588713055,0,android,old,bukhara,4,49
923064,2.3264574834939467,0,ios,new,samarkand,3,66
257065,2.018177882057629,0,ios,old,samarkand,1,56
411617,1.5383660988879158,0,ios,new,bukhara,1,60
327843,1.945914146492652,0,ios,old,tashkent,2,25
649528,1.4938027705192725,0,android,new,tashkent,5,38
304344,1.7693482011123136,0,android,new,samarkand,5,45
508564,1.4114541894409163,0,android,new,samarkand,3,43
268632,1.5640831650719915,0,ios,old,samarkand,5,16
625622,1.4644474614151062,0,android,new,samarkand,3,38
622072,2.957684068909663,0,android,old,samarkand,1,88
120330,2.4307590548254185,0,android,old,tashkent,4,50
341244,1.0129522084014861,0,android,new,tashkent,1,29
356328,2.3976752284216736,0,ios,new,bukhara,4,85
957795,3.2465867863329807,0,android,old,bukhara,2,72
100225,0.8135754620210416,0,ios,new,samarkand,2,19
263465,2.571587978803853,0,android,old,samarkand,3,43
515087,1.9793459016183859,0,android,old,samarkand,2,47
346265,2.8247311360769762,0,ios,old,tashkent,1,97
377427,2.909543222290549,0,android,new,bukhara,3,95
144985,3.2704325729329993,0,android,old,tashkent,5,78
808831,2.285617688159451,0,android,old,tashkent,4,47
253525,3.1356016738866095,0,android,old,tashkent,2,84
673419,1.1946199615359472,0,ios,old,tashkent,2,39
869212,1.956747251550048,0,android,old,bukhara,5,7
147470,1.962628738304395,0,ios,old,tashkent,1,80
351181,2.190916506008677,0,android,new,tashkent,2,77
597336,2.370418283986907,1,ios,old,tashkent,4,60
937893,1.713751824002015,0,android,new,bukhara,2,31
454989,3.1979469904790845,0,ios,old,tashkent,5,85
402231,2.2155907500503633,0,android,old,tashkent,4,36
22747,1.4137669436006461,0,ios,new,tashkent,3,54
992529,2.3188954910039006,0,ios,new,bukhara,1,91
856076,1.6510839689290682,0,ios,old,samarkand,2,50
63734,1.632666175591,0,ios,new,bukhara,3,56
736946,1.1191737660891146,1,ios,new,tashkent,5,32
98094,2.5957908763444686,0,android,old,bukhara,3,42
18019,1.4119954132034565,0,android,new,tashkent,2,50
654717,1.8954189227384897,0,android,old,samarkand,4,15
713957,1.6157995062328327,0,android,new,bukhara,1,41
649161,2.3035218341580967,0,android,new,tashkent,5,65
489684,3.6967811551577334,0,android,old,samarkand,5,99
591844,2.054005785212322,0,android,new,bukhara,1,58
502203,1.6988584749570934,0,android,old,samarkand,3,25
272910,1.3971751473055616,0,ios,old,tashkent,1,36
333296,1.6497238685730533,0,ios,new,bukhara,5,42
244127,2.123596572788436,0,android,new,samarkand,2,84
223579,2.553729232833984,0,android,new,bukhara,5,69
920809,0.23236044703481612,0,ios,new,tashkent,1,6
409889,2.6609166452545043,1,ios,new,bukhara,2,94
412890,1.4141005413927288,0,android,new,tashkent,2,46
710395,1.2404656641275884,0,android,new,samarkand,1,34
524266,2.084927255409692,0,ios,new,samarkand,2,79
291865,2.555428863976121,0,ios,old,tashkent,2,91
867047,1.7776248121617522,0,ios,old,samarkand,5,25
726888,2.5907352661066962,0,android,new,samarkand,5,75
35474,2.3064599112519377,0,android,new,tashkent,1,91
23859,2.832754462919086,0,ios,old,bukhara,4,65
615521,2.787707589503199,0,ios,old,bukhara,1,61
172593,2.1813847518334097,0,android,new,tashkent,4,65
896971,3.0044385115026113,0,android,old,tashkent,3,94
668530,2.212639579824701,0,android,old,samarkand,3,30
958719,1.8442845863296708,0,ios,new,bukhara,4,48
518577,2.1263602084336157,0,ios,new,samarkand,4,71
149778,2.982722633810463,0,android,old,tashkent,5,66
951338,2.209493116447614,0,ios,old,bukhara,2,24
114368,2.3201359869135416,0,android,old,tashkent,4,45
96968,1.0114874822352011,1,ios,new,tashkent,3,40
820554,3.028217225660393,0,ios,old,samarkand,4,86
756018,2.6381989318215573,0,android,old,tashkent,4,61
880073,1.466734353137714,0,android,new,bukhara,4,28
105379,2.293089611732037,0,android,old,tashkent,2,43
763113,1.9725140844615965,0,ios,new,tashkent,2,85
535279,3.8965557344672943,0,ios,old,bukhara,4,93
405551,1.9784679980881192,0,ios,old,bukhara,2,30
242923,2.212144341031586,1,ios,new,samarkand,2,75
27040,2.0577473557431105,0,android,old,samarkand,1,40
922907,2.949201057736398,0,ios,old,tashkent,2,98
685523,0.6675511631318858,0,ios,new,tashkent,1,35
55379,0.5710760863336584,0,android,new,tashkent,1,14
135783,2.373538619993771,0,android,new,tashkent,1,96
463066,2.1659531079121113,0,android,old,tashkent,5,41
192570,1.2904957729501603,0,ios,new,bukhara,4,9
955363,2.1127594335829354,0,ios,new,samarkand,1,75
536345,2.3910132890434888,0,ios,new,bukhara,1,79
318054,1.8405588169964913,0,ios,new,samarkand,3,63
988870,1.1694475586412802,0,ios,old,tashkent,4,9
232970,2.4601011933997095,0,ios,old,tashkent,1,68
198090,2.7234471803554445,0,ios,old,tashkent,5,52
599170,2.8677510709306424,0,ios,new,samarkand,5,97
303869,2.4936229580281575,0,ios,new,samarkand,5,73
862872,1.2496920456469716,0,android,new,bukhara,2,19
303419,2.0827452322108613,1,android,new,samarkand,4,53
741973,2.5949520224397005,0,android,new,samarkand,4,84
776924,1.798415463889338,0,ios,new,bukhara,4,48
37963,1.5176095784081747,0,android,old,tashkent,3,17
708551,3.0246566347633816,0,ios,old,tashkent,3,96
983676,1.838450029850631,0,android,new,bukhara,5,25
634124,2.5089727979713508,0,ios,old,tashkent,2,86
77716,2.00755359599627,0,android,new,samarkand,4,51
755456,2.7912965883314165,0,android,old,bukhara,5,33
435372,1.9600087054885134,0,ios,old,tashkent,2,71
952393,2.2207185243285923,0,ios,new,bukhara,2,88
840994,2.033740464609755,0,android,old,bukhara,5,5
879079,3.0833432326565444,1,android,old,samarkand,2,91
288718,0.8491320425739899,0,ios,new,bukhara,3,10
394925,2.437142345804392,0,ios,new,tashkent,3,93
144687,0.5784597211082645,0,ios,new,samarkand,1,5
699742,2.3349856073132353,0,android,new,samarkand,5,71
528107,2.5106840164627484,0,android,new,samarkand,2,74
293585,2.4047527449369475,0,ios,new,samarkand,2,98
24062,0.9685686761452983,0,ios,new,tashkent,1,52
210824,2.9532311651837353,0,android,old,tashkent,1,93
209976,2.599350076394545,0,ios,new,samarkand,1,99
186671,2.5339612699514182,0,android,new,tashkent,5,80
856187,1.227043497934414,0,ios,new,bukhara,1,34
299387,1.9585998888365985,0,ios,old,tashkent,2,64
704687,3.0408674741101884,0,android,old,samarkand,5,72
690571,2.6928773086002544,0,android,new,tashkent,4,86
831128,2.9510323193227146,0,android,old,samarkand,2,70
509028,3.216899931377596,0,android,old,tashkent,1,86
786899,1.3345868177554603,1,ios,new,tashkent,5,34
859538,2.1937875985367197,0,android,old,bukhara,1,24
822255,3.0382866256765215,0,ios,old,bukhara,5,76
955976,2.1781042311672447,0,android,old,bukhara,3,5
278639,2.947488752653199,1,android,old,samarkand,2,69
770408,0.9892694649683116,0,ios,new,tashkent,3,31
638407,3.3793879386873207,0,android,old,samarkand,4,87
223731,1.375863317190343,0,ios,new,samarkand,1,62
500209,2.6439394839485466,0,ios,new,bukhara,4,71
646468,1.32564746702948,0,ios,old,samarkand,4,8
224030,1.9931954227764133,0,ios,new,tashkent,3,97
778632,3.0099959101481133,0,android,old,samarkand,5,69
130033,2.0657450624298836,0,android,new,bukhara,2,42
72609,0.5495081463923438,0,ios,new,tashkent,2,36
34271,1.0693298121446777,0,android,new,samarkand,2,16
423110,1.826088241686178,1,ios,new,samarkand,2,73
966569,0.9082364055709917,0,ios,new,tashkent,3,13
838948,2.4491362803694936,0,ios,new,bukhara,5,60
285955,2.544345097685459,0,android,new,bukhara,3,81
459048,2.51676627165273,0,android,new,samarkand,4,67
585702,1.685550298346338,0,ios,old,tashkent,2,40
739882,1.34357817017106,0,ios,new,samarkand,4,43
554959,3.350588251839419,0,ios,old,samarkand,4,99
402493,3.275419727859534,0,ios,old,bukhara,5,86
215641,2.8911613009573034,0,android,old,tashkent,1,75
393147,1.4006096512393267,0,ios,new,samarkand,1,45
112546,3.1045975657879494,0,android,new,bukhara,5,89
807909,2.293586999783483,0,ios,old,bukhara,5,32
822371,2.447505411301605,0,android,old,tashkent,4,36
43936,2.60727378311298,0,ios,old,tashkent,4,77
208011,3.0701107000426604,0,android,old,bukhara,5,35
207973,2.3268922567949084,0,ios,old,samarkand,1,63
148065,1.077775995008384,0,ios,old,samarkand,3,12
611585,2.2261694603508175,0,ios,new,samarkand,5,77
497207,2.2655522696217223,1,ios,old,samarkand,3,50
812633,2.0427181473563536,0,android,new,bukhara,1,48
691223,1.2795878177257627,1,ios,old,samarkand,5,6
122854,1.106633244660734,0,android,new,tashkent,1,18
583087,0.4893985183459335,0,ios,new,tashkent,2,17
606265,1.9722304024883905,0,ios,new,bukhara,1,64
750025,3.1102878256254476,0,android,old,samarkand,5,73
441494,2.151255179716,0,ios,new,bukhara,5,55
205927,2.05886884785936,0,android,new,bukhara,1,38
375728,1.8310866083617874,0,android,old,tashkent,5,20
895101,1.6542071806410636,0,android,old,samarkand,1,18
637779,1.7706724631576496,0,ios,new,bukhara,4,38
758596,2.0567649699532855,0,android,new,tashkent,1,81
732865,2.647223325506454,0,ios,old,samarkand,2,66
208494,1.8554802073610612,0,ios,new,samarkand,2,70
452345,2.874643292114577,0,ios,old,tashkent,2,87
109512,2.196192008138353,0,ios,old,samarkand,5,20
95095,1.8272302389507777,0,android,old,samarkand,3,6
279321,1.3140707050079892,0,ios,old,tashkent,4,18
239046,1.6314266907334345,1,ios,new,samarkand,4,44
547379,1.2985256415260948,0,ios,new,tashkent,2,61
448911,1.903817144741036,0,android,new,bukhara,2,31
954389,2.6688706440801773,0,ios,new,samarkand,5,97
797363,1.4099175489200597,0,android,new,bukhara,5,9
209388,1.4361746369892512,0,android,old,tashkent,4,7
627062,2.3574306488955394,0,android,old,samarkand,5,27
279568,1.7162940262461759,0,android,old,samarkand,2,12
61774,0.8600782642395858,0,ios,new,tashkent,2,38
392544,3.465977786992345,0,android,new,bukhara,5,98
682064,2.276906545929298,0,android,old,bukhara,2,41
755093,2.167628128932248,0,android,new,bukhara,4,41
954301,1.4700854110959796,1,android,new,bukhara,4,6
59092,1.687160560714676,0,ios,new,bukhara,5,25
769962,2.429630396667106,0,ios,old,samarkand,5,46
164410,1.1446363173631953,0,android,new,tashkent,5,8
793624,1.3528481140475725,1,ios,old,tashkent,3,5
937887,3.338113277483325,0,ios,old,bukhara,4,87
516080,2.1896760640447765,0,ios,old,samarkand,3,51
939364,2.2996599374626063,0,android,old,samarkand,5,42
676300,2.0787125642535966,1,android,new,bukhara,2,62
791766,2.8485142042742426,0,ios,new,bukhara,4,94
860018,2.4274983307857108,0,ios,old,tashkent,5,80
466063,2.891475582721453,0,android,new,bukhara,3,81
777006,3.301086234024261,1,android,old,samarkand,3,99
874619,1.1380003720783067,0,ios,new,tashkent,4,45
627761,2.0008875211003025,0,ios,new,tashkent,3,67
648422,1.374188684024641,0,ios,new,samarkand,4,38
619077,2.054938333209153,0,android,new,bukhara,3,54
385159,2.484076345818245,0,ios,old,samarkand,1,65
668648,1.985255635947289,0,ios,new,tashkent,2,89
63609,1.1153411307982328,0,ios,new,tashkent,5,24
529746,2.296901992122422,1,android,new,samarkand,3,73
101701,2.1423953774992492,0,android,new,samarkand,2,70
944012,0.2679245118542177,0,ios,new,tashkent,1,14
24471,1.542662516593747,0,ios,new,bukhara,1,67
864112,2.304381425159945,0,android,new,bukhara,4,57
813080,2.2326626792436377,0,android,old,samarkand,1,42
779406,2.339660209602076,0,ios,old,tashkent,4,56
142611,2.1405534875664074,1,android,new,bukhara,4,44
535531,2.185587723369809,0,ios,old,bukhara,1,48
106864,3.9143909030314537,0,android,old,bukhara,4,97
749748,2.6345429573616213,0,ios,old,samarkand,1,81
980511,1.6416551264013777,1,ios,new,bukhara,1,49
124243,3.544620201052884,0,android,old,bukhara,2,87
131022,2.6950880959699135,0,android,new,bukhara,2,83
402480,1.6669465789321607,0,ios,old,samarkand,1,38
941586,1.7165472223961193,0,ios,new,samarkand,4,62
853274,1.2238120372789125,0,ios,new,bukhara,1,29
658541,2.1834097009368474,0,ios,old,tashkent,4,66
960018,1.7668909969564166,0,android,new,samarkand,5,45
798582,1.4409875081153771,0,android,new,bukhara,1,29
366146,2.2893936969326183,0,android,old,bukhara,2,39
240374,0.9926909710582237,0,ios,new,bukhara,2,8
180989,3.2622149013787864,0,android,old,bukhara,2,88
226818,1.8638137969626163,0,ios,old,samarkand,3,37
309063,0.8410133286573078,0,ios,new,bukhara,1,12
459321,2.9592722643103233,0,android,old,samarkand,3,67
539024,1.4267974625343962,0,ios,new,samarkand,2,29
468528,1.242427175933405,0,android,new,bukhara,1,18
789818,1.9583512194833606,0,ios,old,bukhara,2,38
183926,1.300633296563957,0,android,new,samarkand,3,22
235857,2.5298835766104713,0,android,old,tashkent,5,43
480273,1.424616946287734,0,android,new,bukhara,4,17
53836,2.6867424447499033,0,android,new,tashkent,5,91
921975,3.5431965476509237,0,ios,old,bukhara,5,87
580277,0.3619368228451568,1,ios,new,tashkent,4,11
875121,1.5350606416590304,0,ios,old,tashkent,3,21
984903,2.3242812474586136,1,android,old,samarkand,2,37
527238,2.3239576608492856,1,android,old,bukhara,5,23
449014,2.2247810412215965,0,android,old,bukhara,4,22
370336,2.565882077106899,0,android,old,tashkent,1,80
802590,3.564941196120971,0,ios,old,bukhara,4,94
777086,2.420468901502377,0,ios,new,bukhara,2,83
42123,3.5611687250931707,0,android,old,tashkent,2,90
26506,2.5255985589267835,0,ios,old,tashkent,5,70
54857,2.814681517246201,0,android,old,samarkand,5,63
35332,1.854169652880134,0,android,new,tashkent,3,66
419200,-0.02987300820316624,1,ios,new,tashkent,2,6
666415,1.853837274923826,0,android,new,tashkent,3,59
794424,1.8612637341536307,1,android,new,samarkand,2,68
878939,3.233818618707679,0,android,old,tashkent,1,95
898073,3.2566844093437926,0,android,old,tashkent,4,82
737409,1.0833301717368984,0,android,new,tashkent,2,27
176709,1.748314516769372,0,ios,new,bukhara,5,39
49707,1.9602950397483498,0,android,new,samarkand,1,69
670900,3.1931177025007957,0,android,old,bukhara,1,83
539250,1.6459036514058836,0,android,old,samarkand,1,17
541393,2.000192163649622,0,ios,old,tashkent,3,52
735681,1.7799483465201205,0,ios,old,samarkand,3,24
957047,1.178891207701457,0,android,new,samarkand,2,29
663954,1.4499327792056027,0,android,new,tashkent,1,57
769497,1.7418659407412145,0,ios,old,bukhara,3,18
527556,1.986643465188467,1,ios,new,samarkand,3,94
911857,2.798364574109509,0,ios,old,bukhara,1,82
975014,2.996960798174594,0,ios,old,tashkent,5,95
988330,1.7882493643859554,0,android,old,samarkand,3,32
689817,1.4651808751018367,1,android,old,tashkent,1,17
608179,2.188428361807844,0,android,new,samarkand,1,68
700502,2.84189385051667,1,ios,old,bukhara,1,96
618162,1.8384762686035183,0,ios,old,samarkand,2,22
789321,1.206646207322542,0,android,old,samarkand,3,13
88335,2.038832836566462,0,android,new,bukhara,3,53
193496,2.4338086246660975,0,ios,new,bukhara,1,84
346629,3.1693168359071935,0,android,old,bukhara,5,61
888128,2.0024844107566313,0,android,old,bukhara,1,14
851339,3.422626307469449,0,ios,old,bukhara,5,88
784149,0.4199603448478098,0,ios,new,samarkand,2,7
444797,2.520219250417331,0,android,new,tashkent,5,85
720744,2.4196573348759025,0,ios,old,bukhara,2,45
245828,2.33505360920408,1,ios,new,tashkent,4,91
610024,2.143220347915816,0,android,new,bukhara,2,61
483250,1.8855632000030453,0,ios,old,samarkand,4,27
737503,0.6662866277710894,0,ios,new,samarkand,1,7
875298,2.0055149052161774,0,ios,old,samarkand,1,60
364399,2.1066992104607802,0,ios,old,samarkand,1,76
359690,1.2406557336900343,0,android,new,bukhara,2,9
258275,2.197296051319581,0,android,old,samarkand,2,37
169585,2.4357162263170813,0,android,old,tashkent,5,50
844701,3.4180050645060733,0,android,old,samarkand,2,93
619927,3.5364331029030867,0,android,old,samarkand,4,89
866219,2.307331418050568,0,android,new,bukhara,4,58
627426,2.184622414935015,1,ios,old,tashkent,2,52
557666,3.1224289142784274,1,ios,old,bukhara,3,96
78532,1.6317788551511276,0,ios,new,bukhara,1,66
788813,1.813341240985333,0,android,new,tashkent,5,67
95936,1.003632721420614,1,ios,new,tashkent,2,32
204462,2.9003240422246432,0,android,new,bukhara,4,96
299356,3.71794592171909,0,android,new,bukhara,5,92
144724,0.8513621651957854,0,android,new,samarkand,1,9
269693,3.414047910743636,0,android,old,tashkent,3,91
305127,1.8832295110995705,1,android,new,tashkent,2,68
63710,2.156321268906815,0,ios,new,bukhara,1,74
397508,2.7319517954118524,1,ios,old,bukhara,1,66
858175,2.064619283640984,0,android,new,bukhara,1,59
524912,1.5733751203926079,0,ios,new,tashkent,4,54
526333,1.7126869013041603,0,android,old,bukhara,1,13
310350,0.7887026621899337,1,ios,new,tashkent,1,48
582974,2.0904334359617898,0,android,old,bukhara,3,13
467541,2.416342085321871,0,android,old,tashkent,3,56
341624,2.7764352600929554,0,android,old,samarkand,2,75
175707,2.140383716983732,1,ios,new,tashkent,2,98
477834,1.6887642229042674,0,android,new,tashkent,2,58
263855,1.5970230746623346,0,android,new,bukhara,5,5
67393,2.13714336957159,0,android,old,samarkand,1,48
25971,2.8145827497704836,0,android,old,tashkent,3,65
567523,1.8865831083963696,0,android,old,samarkand,4,8
717734,1.880679830010766,0,ios,old,tashkent,5,55
844695,0.9545371899659645,0,android,new,samarkand,1,19
245741,1.9893029607511128,1,android,new,samarkand,5,58
666214,2.243743976785935,0,android,new,samarkand,4,79
874507,3.251789073711716,0,android,new,samarkand,5,95
138647,1.4662126752169873,1,ios,new,samarkand,2,47
265389,3.100607097007419,0,ios,old,samarkand,1,96
615135,3.7679162089740705,0,android,old,bukhara,4,85
554104,0.9902129350453445,0,android,new,tashkent,2,23
570955,2.192000959991768,0,android,new,tashkent,2,82
334021,1.908793272813847,0,ios,old,tashkent,1,48
942485,2.3370418410784635,1,android,new,tashkent,3,83
483731,1.8871843872072,0,ios,old,tashkent,4,20
869680,2.6293428887404464,0,ios,new,bukhara,1,97
649025,2.498086893348645,0,ios,old,samarkand,2,81
351846,4.155489709104639,0,android,old,bukhara,5,96
642195,2.5447001167266596,0,ios,old,samarkand,2,70
759816,2.1783928295810306,0,android,old,tashkent,2,56
208121,2.667066001575155,0,android,old,tashkent,3,67
895724,1.3570768564187028,0,android,new,samarkand,1,58
245987,1.9143460224886581,0,ios,new,tashkent,3,93
976447,1.04794787151176,0,ios,old,tashkent,2,24
921179,1.4706556857708615,0,ios,new,samarkand,5,38
567012,2.2745098421764776,0,android,new,bukhara,2,78
700536,2.9528303460711243,0,android,new,bukhara,2,85
718517,3.000519677997983,0,android,old,samarkand,4,74
532607,0.8198596461137672,0,ios,new,tashkent,5,8
952486,2.253686895610136,1,ios,old,tashkent,5,45
42055,0.8940545961814104,0,ios,new,samarkand,2,44
889868,1.687449366220249,0,android,new,bukhara,3,32
636001,1.3212678152815684,0,ios,new,tashkent,3,50
822165,0.5118563697328604,0,ios,new,tashkent,1,21
196229,1.295920362458475,0,ios,new,samarkand,5,28
390923,1.7132546456488629,0,ios,new,bukhara,3,41
176459,2.4967915654196373,0,ios,new,bukhara,5,80
881235,2.9123856107441046,0,ios,old,samarkand,5,75
921808,2.7522457208430384,0,android,old,tashkent,2,84
402469,1.1072097238870517,0,android,new,samarkand,4,20
30832,1.9695085027508956,0,android,new,samarkand,2,72
308787,3.5558614154106873,0,android,old,samarkand,3,91
62690,0.3665859596919483,0,ios,new,tashkent,2,15
135356,1.341141208143424,0,ios,new,bukhara,1,40
627773,0.9225660678978206,0,ios,new,samarkand,1,29
992984,2.6370325324537363,0,android,old,samarkand,5,59
207327,2.45359675204618,0,android,old,samarkand,5,42
948399,3.5704436691392543,0,android,old,samarkand,1,89
390710,0.44103586141724915,0,ios,new,tashkent,3,5
620616,2.666075683050311,1,android,new,bukhara,4,71
398355,2.650997450644387,0,android,old,samarkand,2,66
391305,2.751676232873239,0,android,new,tashkent,4,81
151255,1.4602135250360702,0,ios,new,tashkent,4,68
856161,1.5527568256596787,0,ios,old,samarkand,2,24
82753,1.7152115703768709,0,android,old,tashkent,1,32
83222,0.1713333051302188,0,ios,new,tashkent,1,13
145690,1.1528686113277598,1,ios,new,tashkent,3,39
469289,2.1838840860865227,1,android,old,samarkand,5,32
694583,2.6181693984390235,0,android,old,tashkent,1,72
816519,2.649084410610186,0,android,old,samarkand,3,53
158879,1.9618829294386289,0,ios,old,samarkand,4,50
850510,1.0677050991898385,0,ios,old,samarkand,1,11
916982,2.7854671312831525,0,android,old,samarkand,3,51
98060,2.861096523532415,1,android,old,tashkent,4,55
150242,2.1121799402281822,0,android,old,samarkand,1,31
149534,2.4120843937072776,0,ios,new,bukhara,4,78
333922,2.6765377769919763,0,ios,old,tashkent,1,87
626588,1.8278350305755138,0,android,old,tashkent,3,16
626518,3.7993284180524247,0,android,old,samarkand,3,99
254274,1.5583391763903602,0,ios,new,tashkent,2,74
891843,1.8605214127444332,0,ios,old,tashkent,3,38
221161,1.8233528072764429,0,ios,new,tashkent,1,79
593225,2.5676020953076972,0,ios,old,bukhara,3,45
224921,3.4389393078565633,0,ios,old,bukhara,3,88
696404,1.3706141185381755,0,ios,new,tashkent,3,46
813891,1.9930492814685288,0,ios,old,samarkand,3,18
64902,0.9547701857001726,0,android,new,bukhara,1,14
299327,1.5132527031248522,0,ios,old,tashkent,4,9
862734,2.563046089788251,0,ios,old,samarkand,3,75
673451,0.8403190004117038,0,android,new,tashkent,4,9
529565,1.9398721145966937,0,ios,new,tashkent,5,60
216056,2.4850007524553677,0,android,old,samarkand,2,60
450803,2.25492955570888,1,android,new,samarkand,5,66
470834,2.384956766091813,1,ios,old,bukhara,5,36
884107,3.7698542833149684,0,android,old,samarkand,4,92
980134,2.2654447429276017,0,ios,new,samarkand,1,87
284480,1.3213294833226434,0,ios,new,tashkent,4,44
152434,2.2413634381193592,0,ios,new,tashkent,3,75
871439,1.7919002170546285,0,android,new,tashkent,5,38
574861,1.5363272456789032,0,android,new,bukhara,1,40
412945,2.4329371600627088,0,android,old,samarkand,1,63
791182,1.452509628613524,1,ios,old,tashkent,2,40
814836,3.1668844923129926,0,ios,old,bukhara,2,90
152844,1.714904498863499,0,ios,old,samarkand,5,10
300822,3.3431096407675605,1,ios,old,bukhara,4,98
937012,2.6708499993468666,1,ios,old,bukhara,2,63
908833,3.6562553166588048,0,android,old,bukhara,2,97
21727,1.2726222580069317,0,android,new,bukhara,1,39
714839,2.025477908340161,0,android,new,bukhara,3,63
908526,2.3737367567020153,0,ios,new,samarkand,5,89
756824,1.8517896593145804,0,android,old,bukhara,1,9
436579,2.124496717276748,1,ios,old,tashkent,5,54
626421,3.020357154304272,0,android,old,tashkent,2,74
319558,2.639618142986833,0,ios,old,bukhara,2,77
924809,0.5374413702949533,0,ios,new,bukhara,3,19
886528,3.2589133424383423,0,android,old,samarkand,4,87
881982,0.9596788903595583,0,ios,new,samarkand,3,28
418585,0.4835857838855935,0,android,new,tashkent,1,15
201679,2.467644146162981,0,ios,old,tashkent,5,69
722270,2.4542420630442927,0,ios,new,bukhara,5,67
25512,2.452790241994883,0,ios,old,bukhara,4,39
536733,2.545763670490186,1,android,new,samarkand,5,76
850181,2.6293118578915387,1,android,old,bukhara,2,46
645520,0.9064375052710428,0,ios,new,tashkent,5,10
664612,0.7536966688798563,0,ios,new,samarkand,1,23
299228,1.4156496185919623,1,ios,new,samarkand,2,67
685452,2.1699546070585405,0,android,old,samarkand,1,42
532451,2.534583903340831,0,ios,new,samarkand,5,83
730497,2.578394708328832,0,android,new,bukhara,1,78
997650,3.3767411133826766,0,ios,old,bukhara,4,95
52678,3.105180811722131,0,android,old,samarkand,2,92
160802,3.103061459259443,0,ios,old,bukhara,5,79
847651,1.5135065617569952,0,ios,old,bukhara,3,13
220062,3.369750149594373,0,android,old,bukhara,2,88
187309,2.9391151593348814,0,android,old,bukhara,2,50
944589,1.7364196438553048,0,ios,new,samarkand,1,53
237586,3.4992316970559143,0,ios,old,bukhara,5,99
419793,2.7917962716753943,0,android,new,bukhara,3,83
153580,1.1939531010720643,0,android,new,tashkent,3,36
240032,2.0880210525901672,1,android,old,tashkent,5,31
848595,1.1216837413105865,0,android,new,bukhara,1,9
316284,2.561559594003467,0,ios,new,samarkand,5,69
510503,1.1161050137501474,0,android,new,tashkent,1,18
839010,1.713246199697426,0,android,new,tashkent,5,53
843464,3.0616398846696105,1,android,old,tashkent,4,85
326535,2.280860255304268,1,ios,new,bukhara,4,78
855663,1.050936267439315,0,ios,new,samarkand,1,37
848577,1.0666351464258177,0,ios,new,samarkand,2,44
359042,2.292984842287152,0,android,new,bukhara,1,65
306591,2.642230953040438,0,android,new,samarkand,5,77
81298,3.6995227273261087,0,ios,old,bukhara,3,95
564434,0.7492622230452677,1,ios,new,tashkent,2,34
669550,1.9655586970045404,1,ios,new,samarkand,5,50
24269,2.6521237562914393,1,android,old,samarkand,1,63
475366,3.4469112385175515,1,ios,old,bukhara,1,97
211228,2.7393963003220576,0,android,old,samarkand,1,86
993263,2.0768858817124367,0,android,new,bukhara,2,44
448261,1.5970074683436934,0,android,old,samarkand,3,20
644994,2.2899681925065654,0,ios,new,bukhara,3,90
609644,3.4097096455567333,0,android,old,samarkand,4,85
488421,2.800829699296708,0,ios,old,bukhara,1,76
260380,0.910076240642654,0,android,new,samarkand,2,10
109629,2.328080407166403,0,ios,old,tashkent,3,66
857828,3.481361014476196,0,ios,old,bukhara,2,85
147320,3.636190646338379,0,ios,old,bukhara,4,97
623059,2.065048097780312,0,android,new,samarkand,5,47
761651,0.17832040558594642,0,android,new,tashkent,1,6
53137,1.6145669060395023,1,ios,new,samarkand,1,66
741909,1.0072982752322175,0,android,new,tashkent,2,17
353120,1.7368003088162542,0,ios,old,bukhara,1,14
655423,0.7039847671705731,0,ios,new,tashkent,2,23
981947,1.0438622371107578,1,android,new,samarkand,2,17
786279,2.6677076355604714,0,android,old,samarkand,3,64
900383,1.820306604629617,1,android,old,samarkand,3,21
973838,2.734952317894577,1,ios,new,samarkand,5,97
73527,2.6447081267155417,0,android,old,tashkent,1,86
656820,3.4939121275482488,0,android,old,tashkent,4,91
300026,2.3034449658385046,0,android,old,tashkent,2,56
216982,0.5406151010285498,1,ios,new,tashkent,3,18
770882,2.100098396679024,0,ios,old,bukhara,1,20
307704,1.8577933730370892,1,android,new,tashkent,5,51
148345,1.1664019105816181,0,android,new,samarkand,3,25
36823,1.2246109472171791,0,ios,new,samarkand,3,44
221222,1.0040183976677637,0,android,new,tashkent,2,20
188765,2.1425504545318512,0,ios,old,samarkand,5,51
834275,2.4570383109760767,0,android,old,bukhara,4,25
20403,2.1663832094654367,1,ios,new,tashkent,5,75
771988,3.5490569874793017,0,ios,old,samarkand,4,98
506424,1.7014278395502067,0,ios,new,samarkand,1,87
675745,1.5477094840231538,0,android,new,tashkent,3,44
673304,1.3675700597736253,0,ios,old,bukhara,1,6
841738,2.113115171828497,0,android,new,tashkent,2,71
19193,1.1818888367785347,0,android,new,tashkent,1,27
72036,2.8469086563409074,0,ios,old,bukhara,5,64
189384,3.6048547907163204,0,android,old,bukhara,4,92
160961,1.1736181697406693,1,ios,new,bukhara,1,24
91403,1.913033123417374,0,android,old,bukhara,1,8
67323,2.719154416774583,1,ios,old,tashkent,4,79
906752,3.143942355586478,0,android,old,samarkand,2,94
172502,0.9272919963148106,0,ios,new,tashkent,4,20
212325,0.5531107058128122,1,ios,new,samarkand,1,32
124295,1.597001734396055,0,ios,old,tashkent,5,7
199693,3.4097014988312466,1,ios,old,bukhara,4,89
810402,2.1908882158059364,0,ios,new,bukhara,2,66
443901,2.7643666567423164,0,ios,old,samarkand,2,90
371220,2.3766648400186265,0,ios,old,tashkent,1,79
995691,2.1354317071545412,1,ios,new,samarkand,3,81
893684,0.49830699104756915,0,ios,new,samarkand,2,16
315367,1.3501638404151715,0,ios,new,tashkent,3,50
689805,3.0805207281159817,0,ios,old,samarkand,5,73
206774,1.8151028044466573,0,android,old,samarkand,3,15
185911,2.7849275900702075,0,android,old,samarkand,2,80
259670,1.2116225148648576,0,android,new,tashkent,4,44
855636,2.986251650754661,0,android,old,samarkand,1,99
98394,2.8449512599210496,0,ios,old,tashkent,1,97
909563,1.4154297376772544,0,android,new,samarkand,5,29
381877,1.2705658064609104,0,ios,old,bukhara,1,6
758725,2.168792895332592,0,android,new,tashkent,5,61
166364,2.864230357932465,0,android,new,bukhara,4,85
219073,1.73859499278746,0,ios,new,tashkent,2,60
605865,2.496654827704093,0,android,new,tashkent,5,98
310823,2.7624664208862084,0,ios,new,bukhara,5,72
147928,2.9925594612858677,0,android,old,tashkent,3,97
917831,2.416010363229987,0,ios,old,tashkent,3,81
686884,1.2097902232392252,0,ios,new,bukhara,3,21
698265,2.9809463764908393,0,ios,old,bukhara,5,50
899153,2.503916963716475,0,android,old,samarkand,4,49
64073,1.5866191346038578,0,ios,new,samarkand,2,51
320087,1.2552992312510003,0,android,old,samarkand,1,10
185404,1.626664447928664,0,android,new,tashkent,1,45
915516,3.785158654827235,1,android,old,bukhara,3,98
938168,2.8925574684509066,0,android,old,bukhara,3,57
695531,2.762289599663939,0,ios,old,bukhara,5,59
822508,3.1439357170768263,0,ios,old,samarkand,5,83
106775,2.0917897392820883,0,android,old,bukhara,3,13
731954,1.8786774356104339,0,ios,old,samarkand,3,20
227668,1.939247763201676,0,ios,old,tashkent,2,52
785251,1.7836256791348108,0,android,old,tashkent,2,24
464344,2.650864607520359,0,android,old,bukhara,4,28
649841,1.8430354709526373,0,android,new,tashkent,4,65
808196,3.4129490342636006,0,ios,old,bukhara,1,99
103642,3.346405512367533,1,android,old,samarkand,4,96
748509,1.7527064861451345,0,android,new,bukhara,4,22
232693,2.0401688868043704,1,android,new,tashkent,5,67
697054,2.140116732342808,0,android,old,samarkand,1,44
913944,2.219545337182396,1,ios,new,tashkent,3,97
947039,3.7793272617565874,0,android,old,bukhara,3,94
478774,1.839329720013735,0,android,new,tashkent,2,50
801028,2.3835920736131713,0,ios,new,samarkand,4,88
158397,0.9448365498043035,0,android,old,tashkent,2,7
134794,0.6503525429166097,0,ios,old,tashkent,1,6
220866,2.4471183210629572,0,android,new,bukhara,1,70
355203,2.075568254669587,0,android,old,tashkent,3,44
751445,2.1399152382021343,0,android,new,samarkand,2,60
208865,1.2513216677811698,0,ios,new,samarkand,1,66
275722,0.9573475794365081,0,android,new,samarkand,5,8
173583,3.1301614668340436,0,android,old,bukhara,3,55
353356,2.352661649935053,0,ios,new,tashkent,5,85
186182,3.052320887238414,0,ios,old,samarkand,4,89
45470,1.582252151112416,0,ios,new,samarkand,5,29
791313,1.7100334377681545,0,ios,old,samarkand,3,38
855996,2.177871032268037,0,android,old,tashkent,2,45
497408,3.409925370797615,0,android,old,bukhara,5,71
208436,2.6559806808600173,0,android,old,bukhara,4,58
961189,1.628534478330677,0,ios,old,bukhara,3,17
999126,1.9136927268839543,0,android,new,bukhara,3,39
704187,2.5238938169482816,1,ios,old,samarkand,3,74
953317,2.044689680252874,0,ios,old,tashkent,2,53
439131,1.7171162728190563,0,android,new,samarkand,5,47
810614,2.4315109470879697,0,ios,old,tashkent,1,86
663679,1.9926042613293113,1,ios,old,tashkent,2,67
297434,2.010300836078965,0,android,new,samarkand,4,63
793362,2.028952212597803,0,ios,old,tashkent,5,47
303990,0.5762909394492184,0,ios,new,samarkand,2,14
901028,2.3029265802414667,0,ios,old,samarkand,1,61
653481,3.8047302752934504,0,android,old,bukhara,3,95
606523,2.67182225291232,0,android,old,bukhara,3,51
63029,1.896792451516869,0,ios,new,bukhara,1,87
598401,2.0123562267364217,0,ios,old,tashkent,3,56
632907,3.202013585493108,0,android,old,samarkand,1,84
923210,2.820127098377967,1,ios,new,bukhara,3,84
401837,0.4545259310427707,0,ios,new,samarkand,1,9
993109,2.2806316157896074,1,android,old,samarkand,3,34
98287,2.5612509176982794,0,android,new,tashkent,5,87
171900,3.060466690063058,0,android,new,samarkand,5,91
916201,1.777606594484369,0,android,new,samarkand,3,44
683669,1.914567076396055,1,ios,new,tashkent,4,76
846278,2.233952229301529,0,ios,new,bukhara,3,73
925366,3.1544771896372823,1,android,old,tashkent,2,90
168435,1.7308117033262427,0,android,new,samarkand,3,38
425344,1.0889320321074367,0,android,new,tashkent,5,18
918197,1.206372652114004,0,android,new,samarkand,4,19
753968,2.18639877979953,0,android,old,bukhara,4,12
493743,1.952585811167034,0,android,old,bukhara,2,25
212328,1.3641739014188485,0,android,new,bukhara,1,19
203864,1.579749695886697,0,android,new,tashkent,1,51
271843,2.171634626521571,0,android,new,samarkand,3,79
293799,2.2322101259939933,1,android,old,samarkand,5,17
658620,2.32401994533693,0,android,new,bukhara,5,47
980544,1.4951277377864063,0,ios,old,samarkand,1,29
299033,2.838323949429468,0,ios,old,tashkent,2,95
593166,2.6534703610128263,0,ios,new,bukhara,4,86
938048,1.5702367399423907,0,ios,new,tashkent,2,70
298629,1.9140799200451315,0,android,new,samarkand,3,60
955082,1.835900717053245,0,ios,old,tashkent,5,14
684772,2.7217395988556152,0,android,old,samarkand,2,69
630036,1.0016305969698862,0,ios,new,samarkand,2,50
323141,1.7273683163874238,0,android,new,bukhara,1,42
650977,2.6469863826648514,0,android,new,bukhara,3,80
651577,2.1460482186200767,1,ios,new,bukhara,2,69
670824,2.377019307415673,0,ios,old,tashkent,1,90
59583,1.6659231626041635,0,ios,new,bukhara,1,46
331051,1.4988447723037084,0,ios,old,samarkand,2,34
47745,3.190878693844863,0,android,old,bukhara,2,78
735330,1.9087866203368873,0,android,new,tashkent,3,57
450947,1.83037374709514,0,android,new,tashkent,2,63
376105,1.8209298235591262,1,android,new,bukhara,4,32
359136,2.255313333468212,0,ios,old,bukhara,4,24
725282,2.2875980115949046,0,android,new,bukhara,2,58
608701,0.9293669968285347,0,ios,new,bukhara,1,24
454750,2.4374879626042016,0,ios,old,bukhara,5,31
753457,2.3351087403876525,0,android,old,bukhara,2,18
698288,0.8308823825193172,0,ios,new,tashkent,5,12
850192,2.377561737674151,0,android,old,samarkand,2,58
539902,2.391301275223109,0,android,old,samarkand,3,50
217380,2.807569838411025,0,android,old,tashkent,5,62
915447,0.8757641527326563,0,ios,old,tashkent,3,6
119986,1.3950634969584073,0,android,old,tashkent,1,9
710508,2.1461994979344956,1,ios,new,bukhara,2,82
383402,2.110996061752818,0,ios,new,samarkand,2,76
679580,2.686478851798462,0,android,new,bukhara,4,61
751752,1.3461716545261693,0,ios,old,tashkent,3,14
663938,1.0832613828172304,0,android,old,tashkent,4,6
193207,1.8354955385224219,0,ios,old,tashkent,2,43
277006,1.5385020280949424,1,ios,new,tashkent,2,65
160565,2.4701672006156516,0,android,old,samarkand,5,36
928218,3.0599671817887484,0,ios,old,samarkand,4,81
56054,3.367505352719374,0,android,old,samarkand,3,82
93704,1.1373499231250197,1,ios,new,tashkent,3,39
772732,1.422154583309348,0,ios,new,tashkent,3,61
527887,1.584210323635013,0,android,old,tashkent,2,24
410969,0.6942027254446276,0,ios,new,tashkent,2,24
504182,3.135476806513146,1,android,old,tashkent,4,86
501104,1.987074153788535,0,android,new,bukhara,5,45
188224,2.5450117022973076,0,android,new,bukhara,4,55
813098,2.0227383904762686,0,ios,old,tashkent,2,54
217460,1.4912440994250156,0,ios,new,tashkent,4,59
946358,2.1045352524090566,0,ios,new,tashkent,2,91
736660,2.280291589793368,0,ios,new,bukhara,2,67
78493,1.6649318109410547,0,ios,new,samarkand,2,60
294221,2.45023058637706,1,ios,old,bukhara,4,33
384058,1.4116180451135867,0,android,new,bukhara,4,9
170836,2.813967592253982,1,android,new,bukhara,3,77
820605,2.5993184109447194,0,ios,old,bukhara,2,64
42294,2.792437976578511,1,android,old,samarkand,5,48
572739,1.8457050913579822,0,ios,new,bukhara,1,63
755580,2.885220390430615,0,android,old,bukhara,5,36
672687,3.1455106094084933,0,ios,old,bukhara,2,64
256978,1.1161046327704243,0,ios,new,bukhara,4,13
624846,1.6064157799655538,0,ios,old,tashkent,2,45
738932,2.735760486392995,0,android,old,samarkand,5,56
456733,1.729344544090609,0,ios,old,tashkent,5,38
52373,2.2588202371036057,1,android,new,tashkent,3,94
189744,2.1588634188293367,0,android,old,bukhara,2,23
596331,0.7073619494413504,0,ios,new,samarkand,2,22
219067,1.893956441577954,0,ios,old,bukhara,3,11
179733,2.0184473297015253,0,ios,new,tashkent,2,93
593234,1.9721431683829298,0,android,new,tashkent,5,52
12085,3.250356333561346,0,android,old,samarkand,3,82
178826,1.854428820523467,0,ios,new,samarkand,2,70
764685,2.495465276580945,0,android,old,bukhara,2,36
460202,0.6366459611471738,1,android,new,samarkand,1,11
15226,2.798886616707567,0,ios,new,bukhara,1,95
76241,2.4624482385083013,0,ios,old,samarkand,3,66
454801,2.650336864245627,0,ios,old,samarkand,5,66
471080,1.8565886291870772,1,ios,old,samarkand,3,39
61942,3.184710579331255,1,android,old,tashkent,5,73
479543,1.041612797444054,0,ios,new,samarkand,5,14
957269,1.9534238488204592,0,android,old,bukhara,2,11
744309,1.9582992455553128,0,ios,new,tashkent,5,83
506304,1.0917694503639124,0,android,new,tashkent,5,11
463145,2.0097294685220097,1,ios,new,samarkand,4,79
307017,2.9133105458257287,0,android,old,samarkand,2,95
223005,0.9648122067936943,0,android,new,tashkent,4,18
246373,3.3922262009970057,0,android,new,bukhara,5,99
675255,2.430759159461884,0,android,old,tashkent,1,79
44998,1.101101843357907,0,android,new,samarkand,4,16
288129,2.0897002071471587,0,android,old,bukhara,4,18
595150,1.6906741142028354,0,ios,new,tashkent,2,76
851722,2.2063145951756495,0,android,old,bukhara,1,38
840442,2.3457250317629366,1,ios,old,samarkand,5,35
153631,1.2089659601319578,0,android,new,tashkent,2,32
975180,1.3086538259784988,0,android,new,samarkand,5,13
620468,2.477360791071518,0,android,new,tashkent,3,92
583324,3.674218558332032,0,ios,old,samarkand,5,90
880974,2.6037883140016644,0,android,new,tashkent,2,98
69376,2.296419338899876,0,android,new,tashkent,5,62
406392,1.0054756940917084,0,ios,new,tashkent,1,39
976612,2.799090221215424,0,android,old,tashkent,2,82
89003,2.6848572768461367,0,android,old,tashkent,4,70
581110,1.7545523911325955,0,android,new,tashkent,1,55
728996,2.774286507377634,0,ios,old,bukhara,2,86
26247,1.3493410819025364,0,android,new,bukhara,3,16
426392,0.7625276230634142,0,ios,new,tashkent,5,11
651257,1.9636737273435836,0,android,new,bukhara,2,27
588142,2.415671303092638,0,ios,new,tashkent,5,89
354178,1.5389614371714728,0,ios,new,bukhara,5,27
290977,3.2171225729412773,0,android,old,samarkand,3,82
39569,1.8272485772860005,0,ios,new,bukhara,5,49
838850,3.590352405224381,0,android,old,samarkand,4,92
95442,1.328756749854065,0,ios,new,bukhara,4,41
763798,1.8197416351537763,0,ios,new,samarkand,5,57
850556,3.412387595233478,0,android,old,bukhara,4,73
436594,2.5004931663236296,0,ios,old,bukhara,1,65
737533,2.1382866291524483,0,android,old,tashkent,2,42
498414,2.6218254522072377,1,android,new,tashkent,5,85
273994,2.8331472290401467,0,android,old,tashkent,5,55
992101,2.1098182671881593,0,ios,old,tashkent,4,58
413929,2.620175637379015,0,android,new,bukhara,3,73
774556,3.0113876303954066,0,android,old,bukhara,4,67
762062,3.7460193750875677,0,android,old,samarkand,5,86
945920,1.8426824682030167,0,ios,old,tashkent,2,38
135052,0.7843384031296641,0,ios,new,samarkand,1,10
352820,2.737038991910943,0,ios,old,tashkent,5,77
167023,2.1977737217120725,0,ios,old,tashkent,2,76
606561,0.9618863318195432,0,ios,new,samarkand,2,53
778959,2.207389179883508,1,android,new,samarkand,3,60
617125,3.052781164248673,0,android,old,samarkand,3,76
929447,3.547434313119497,0,ios,old,bukhara,5,82
280338,1.0249555639987313,1,ios,new,bukhara,4,11
688367,2.120293846552862,0,android,old,bukhara,1,14
571291,1.250495954377766,0,android,new,bukhara,2,20
176363,2.9472189539153972,0,ios,old,bukhara,4,74
909025,1.8181464986690195,0,ios,new,bukhara,3,62
802463,2.6110883986338456,0,android,new,samarkand,5,91
981331,1.5582555802091536,1,android,new,samarkand,3,41
112575,2.8237995386813313,0,ios,old,bukhara,3,52
42874,1.6176587067534842,0,android,old,samarkand,3,23
876465,2.122044187487668,1,ios,new,samarkand,2,67
772109,0.9378835890448065,0,ios,new,samarkand,4,12
766303,2.407719485151042,0,android,new,tashkent,5,72
795936,2.125912821056092,0,android,old,bukhara,5,7
970470,1.9339397684905921,0,android,old,tashkent,1,31
959036,2.0583917646797008,0,ios,old,samarkand,1,64
736552,1.0302499597416954,0,android,new,samarkand,4,5
59443,3.741718920144989,0,android,old,samarkand,5,85
690712,2.4592803940346615,0,android,old,tashkent,2,57
111939,1.4404192338051032,0,android,new,tashkent,3,34
644072,2.673393729100203,0,ios,old,bukhara,1,41
617284,2.357763048904926,0,ios,old,samarkand,5,39
176980,1.8211875982923555,0,ios,old,samarkand,1,39
295541,1.8012345627510107,0,ios,new,tashkent,4,66
63758,2.2795325758889033,0,android,new,samarkand,4,84
361597,2.4402691174320204,0,android,new,bukhara,5,40
421195,2.2122252256679613,0,ios,new,tashkent,2,96
840071,2.3669320407812133,0,ios,old,tashkent,4,73
378469,3.421602697536042,0,android,old,tashkent,5,87
284774,0.8363548053713514,0,ios,new,samarkand,1,11
917282,2.8487584762643925,1,android,old,bukhara,5,24
378734,3.1108803754174574,0,android,old,tashkent,1,93
228584,3.265126634805478,0,android,old,bukhara,4,43
80255,1.844968159425441,1,ios,old,samarkand,5,43
355828,3.0533234061993726,0,ios,old,tashkent,4,99
489967,2.7279363863071096,0,android,old,bukhara,4,42
909297,1.4528798006154153,0,android,new,bukhara,4,26
903924,2.1667319855016887,0,ios,new,samarkand,4,90
415987,1.9855245769409882,0,android,old,samarkand,1,40
38212,2.596979689460818,0,ios,old,tashkent,5,82
758798,2.337674396336801,0,android,new,bukhara,4,49
240962,1.0279810715877338,1,android,new,samarkand,5,12
296863,1.339660822579809,0,android,new,tashkent,5,41
160267,2.2029805668166498,0,ios,old,samarkand,1,41
204631,2.882793366102687,0,ios,old,bukhara,3,68
759586,2.249901177690555,0,android,old,bukhara,2,40
48549,2.1946300175061246,0,android,new,bukhara,2,67
124772,4.166752332447931,0,android,old,bukhara,5,99
685047,1.2557864475408815,0,android,new,samarkand,4,23
75096,3.2339055231191973,1,android,old,samarkand,5,72
255201,1.958765193964825,0,android,old,tashkent,1,48
754206,1.0340464183925198,0,ios,new,samarkand,3,27
184973,1.8018633411062948,0,ios,new,tashkent,4,62
927050,1.8270487314695996,1,android,new,samarkand,1,59
280708,1.2531806534906929,0,ios,new,samarkand,3,39
37740,1.8445115374955658,0,android,new,bukhara,2,54
221547,0.23061418528603173,0,ios,new,tashkent,4,5
941881,3.666726324857309,0,android,old,bukhara,5,87
775578,2.2194386556800314,1,ios,new,tashkent,5,96
661331,1.4724184510131462,0,ios,new,bukhara,4,28
917542,0.9505598240633635,0,ios,new,tashkent,2,46
439747,3.675707760125129,0,android,old,samarkand,4,94
287563,3.034902466212341,0,android,old,samarkand,2,68
911718,3.138027347043548,0,ios,old,bukhara,2,95
234285,1.1551274589966147,1,ios,new,bukhara,1,11
998982,0.43884127874308915,0,ios,new,samarkand,1,10
937141,2.935921736858309,0,android,new,bukhara,5,74
630356,3.2060578591959157,0,ios,old,samarkand,4,88
281621,1.9715315347642774,0,android,old,samarkand,4,14
71285,1.5212914666372046,0,android,new,tashkent,3,41
386981,2.1148570972998315,0,android,new,tashkent,1,90
624144,2.1071158601809126,1,ios,new,tashkent,1,98
767789,2.5562966122289716,0,android,new,tashkent,3,93
15911,3.0377760051243774,0,ios,old,tashkent,5,96
764376,1.6653184705702657,1,android,old,samarkand,3,16
961836,2.987848277484775,0,android,old,samarkand,3,83
497312,3.100246996014809,0,android,old,samarkand,5,67
162137,1.4194027824595243,0,android,new,bukhara,2,23
104103,1.688902982823293,0,android,new,bukhara,1,40
411494,1.4634894045551161,0,android,old,samarkand,2,13
614932,2.6697304477606494,0,android,old,tashkent,5,60
815188,2.496773048943914,0,android,old,samarkand,5,26
505805,2.7541021244946897,0,android,old,samarkand,3,77
583484,1.756932869449612,0,ios,new,bukhara,5,35
460776,1.966640823757928,0,android,old,tashkent,1,53
782810,2.456568589675046,0,android,old,bukhara,1,29
383996,1.536850096453798,0,android,new,samarkand,1,38
828474,2.348510742546231,0,ios,old,bukhara,4,39
393064,0.8884041889043839,0,android,new,bukhara,2,10
331270,2.513628189192283,0,ios,new,bukhara,4,60
116853,2.526832422423809,0,android,old,samarkand,2,62
195590,0.5706021890942424,0,ios,new,samarkand,5,5
622612,2.239900061491097,0,android,new,samarkand,3,65
54205,1.678795485007216,0,ios,old,samarkand,1,19
474099,1.17666558778863,0,android,new,samarkand,2,33
556873,2.3573505687398626,0,android,new,tashkent,2,88
739121,1.375859604806545,0,ios,old,samarkand,2,17
102032,3.2867351294656517,0,android,old,bukhara,5,57
961413,1.6308508003398037,0,ios,old,tashkent,5,35
710005,1.848811390626776,0,ios,new,bukhara,4,36
218086,2.621226071890002,1,ios,old,samarkand,1,81
935223,2.7179683741960794,0,android,old,bukhara,4,38
217403,2.2206864724046618,0,android,old,samarkand,2,43
794128,3.098737439792328,1,ios,old,samarkand,5,92
943501,3.0690206239545104,0,android,old,samarkand,1,68
685557,2.238471071094535,0,android,old,bukhara,2,16
817552,1.6866782690690265,0,ios,new,samarkand,4,52
410065,1.1234280472656337,0,android,old,tashkent,2,5
181855,2.0237714824835438,0,android,new,samarkand,1,76
572339,3.3997957833387527,1,android,old,samarkand,3,96
66939,2.4865746605218813,0,android,old,samarkand,5,42
842021,1.8511416594186463,0,android,new,tashkent,1,64
760266,1.66644238874625,0,android,new,bukhara,2,37
419133,1.5021392048973186,0,ios,new,bukhara,2,38
628242,2.9876444415559003,0,android,old,bukhara,1,71
874556,0.6774642590841535,0,android,new,samarkand,1,14
869512,1.47844076281534,0,android,new,tashkent,4,26
748324,2.025299733304295,0,android,new,tashkent,2,97
306656,1.2520871681084824,0,ios,new,tashkent,1,64
649942,1.069373248414728,0,ios,old,tashkent,4,12
560688,2.555962302054695,1,ios,new,samarkand,3,94
204664,2.7851007605742337,0,android,old,samarkand,1,44
150308,1.8123952898941695,0,android,old,tashkent,1,26
96464,3.0436529898183324,0,ios,old,bukhara,1,78
777268,2.6229610166166233,0,android,old,tashkent,2,50
792185,2.652779888166824,0,android,old,samarkand,3,45
412259,1.6695301412839743,0,ios,new,bukhara,2,42
901418,2.8108216493459435,0,android,old,bukhara,4,51
209151,2.1413541493694788,0,android,new,samarkand,5,63
982063,3.0296273956885633,0,ios,old,bukhara,1,83
299973,0.6728175740381903,0,android,new,tashkent,3,14
823695,2.391316061049041,1,ios,new,tashkent,3,98
36893,1.73196265620128,1,ios,new,tashkent,1,88
419877,2.1064509552354305,0,ios,new,bukhara,4,64
82716,0.5000292197666847,0,android,new,tashkent,1,12
810977,2.601097806098919,0,ios,old,samarkand,4,67
199626,1.4720653190034807,0,ios,new,bukhara,1,31
868189,1.6520607093767947,0,ios,old,samarkand,1,20
212506,2.863542174310191,0,ios,new,bukhara,4,89
408842,1.2931283464559469,0,ios,old,samarkand,2,9
649575,1.7400253622490678,0,android,old,bukhara,1,11
77521,1.9522391791287286,0,ios,new,samarkand,5,66
476312,2.639080223121001,1,ios,new,bukhara,4,99
743810,1.2921987126157468,0,ios,new,samarkand,4,49
47847,2.615683874732765,0,ios,new,samarkand,4,98
376567,1.167222367718967,0,ios,new,samarkand,3,28
135757,3.3696755829284064,0,ios,old,bukhara,3,97
533308,1.7693141699578405,0,ios,old,samarkand,1,46
169184,2.6999108061138823,0,android,old,tashkent,3,67
653539,2.058270061140576,0,android,old,tashkent,4,49
720807,2.278767785461731,1,ios,old,samarkand,4,71
45133,1.9484549932857214,0,ios,new,tashkent,1,88
674297,2.468780964873527,0,android,new,tashkent,1,95
833925,2.3862685932505734,0,android,new,tashkent,2,95
799820,2.215595789329412,0,ios,old,samarkand,2,53
523315,2.003563215024915,0,ios,new,samarkand,5,81
834958,2.0814563428383583,0,android,old,tashkent,4,24
829929,2.530017109614071,0,android,new,samarkand,1,88
625852,2.2161474427398837,0,android,new,bukhara,4,59
901610,2.37620557803637,0,android,new,samarkand,4,85
517370,2.131957377892085,1,android,new,tashkent,3,82
834134,1.9804302332923005,0,ios,new,samarkand,5,52
177268,1.2570668101773468,1,android,new,tashkent,2,36
933412,1.7842115303266317,0,android,new,samarkand,4,36
983831,2.155076448792265,1,android,new,bukhara,3,48
783684,4.040877959915739,0,android,old,bukhara,5,89
320064,2.6035269178363465,0,ios,new,samarkand,4,87
849473,1.0115836959315456,0,android,new,tashkent,5,21
385012,2.496288214426384,0,android,old,bukhara,3,39
564845,2.6891759046218695,0,ios,old,tashkent,1,89
283248,1.9618783085962854,0,ios,old,samarkand,5,24
570699,3.685022664743565,0,android,old,bukhara,4,84
841759,1.0261561418619964,0,ios,new,bukhara,1,15
380997,2.9566117069596247,0,android,old,bukhara,1,84
33489,3.004051516510402,0,android,new,bukhara,4,87
452771,1.084527052306604,0,ios,new,samarkand,3,25
513959,0.928873948150357,0,ios,new,samarkand,2,37
141317,0.5045854216846606,0,android,new,tashkent,1,11
154439,2.2694028726489797,0,android,old,tashkent,3,39
416538,3.4366319741306457,0,ios,old,bukhara,4,81
841388,0.9834641790110973,1,android,new,samarkand,3,13
86707,2.978331831341229,0,ios,new,bukhara,4,95
451377,1.7300637466028999,0,android,new,tashkent,4,35
49216,1.7631668196890569,0,ios,new,tashkent,1,94
277624,2.2184630519367854,0,ios,old,samarkand,3,51
351743,0.6440063489603131,1,ios,new,samarkand,3,9
229949,1.612679418699971,1,ios,old,tashkent,1,48
512699,2.018466255117525,0,ios,new,samarkand,1,96
608657,2.6885676539158676,0,ios,old,tashkent,2,88
415952,3.288311186820023,0,android,old,bukhara,4,75
654560,1.005479927932094,1,ios,new,tashkent,3,30
687901,1.839243171116138,0,android,new,samarkand,2,58
104473,2.308302888251001,0,ios,old,bukhara,4,34
945863,0.9377191379812817,0,ios,old,tashkent,2,15
372347,1.8454768349435386,1,ios,new,samarkand,4,68
156943,0.9629365269462317,0,ios,new,samarkand,2,37
760342,2.573414109686332,0,ios,old,bukhara,2,48
897173,0.9847838235515056,0,ios,old,tashkent,1,14
866337,3.092510269170431,0,ios,old,tashkent,4,79
380649,2.004760995913048,0,android,old,bukhara,5,24
996618,1.3070244390373158,0,android,new,tashkent,5,17
233281,3.116410731099597,0,android,old,bukhara,1,89
876665,2.277752977822419,0,ios,new,tashkent,3,99
427054,2.453817365758367,0,android,new,tashkent,5,84
800471,1.2348966599649884,1,ios,new,tashkent,5,36
574713,2.097151000035775,0,android,old,bukhara,3,8
144342,2.471942645082953,0,ios,old,samarkand,1,87
645999,3.4912170529583886,0,android,old,bukhara,3,78
114551,1.9976257600848666,0,ios,new,bukhara,2,65
305998,1.5362761103928908,0,android,new,tashkent,2,72
169919,2.448585368982348,0,ios,new,bukhara,4,75
825711,1.4024423852624779,0,ios,new,samarkand,4,29
981916,1.7122964030162608,0,ios,new,samarkand,4,45
806614,2.851260136746727,0,android,old,tashkent,4,88
338775,1.3684929134940842,0,android,new,tashkent,3,7
374021,1.6666052413663621,0,android,old,samarkand,3,33
904577,2.7589436490480788,0,android,old,samarkand,3,44
93587,1.7367457068751189,0,android,new,samarkand,4,36
405348,1.3507047008665403,0,ios,old,samarkand,1,7
722708,2.2410144781534034,0,android,old,bukhara,1,21
246922,2.0385467462990636,0,ios,new,bukhara,5,47
278236,1.9908650064618412,0,android,new,tashkent,3,73
942551,1.8517883855314135,1,android,new,tashkent,3,68
835444,3.507096675585889,0,ios,old,bukhara,5,97
356302,2.2055708708482253,0,ios,new,bukhara,5,42
350020,2.7069251613583964,0,ios,old,bukhara,5,62
794807,1.0957248104833375,0,ios,new,bukhara,4,15
699919,1.9575426045473696,0,ios,new,samarkand,1,83
855459,1.4361820444012514,0,ios,old,samarkand,1,14
728046,2.4048856968921273,1,android,old,tashkent,5,52
342904,3.1408744738719676,1,ios,old,samarkand,5,81
127879,1.07768459356515,0,ios,new,samarkand,5,11
625395,2.186398655648864,1,ios,old,tashkent,2,52
279612,1.615472541564289,0,ios,old,tashkent,3,27
815443,2.134992886002375,0,android,old,bukhara,1,26
260500,2.8530460844844314,0,android,new,samarkand,2,93
934000,0.4773543316824719,0,ios,new,bukhara,1,11
943601,2.531522508201326,0,ios,old,samarkand,5,63
183181,2.9952471508985363,1,ios,old,bukhara,3,79
989573,1.008687487872125,0,android,new,tashkent,2,39
619746,2.2058142694167526,0,android,new,tashkent,2,87
551311,1.4714724135012123,1,android,new,tashkent,2,46
309485,2.2588154184142017,0,ios,new,tashkent,2,94
680810,0.9866345575148117,0,ios,new,bukhara,1,11
711366,2.403531412944665,0,ios,old,bukhara,3,67
949993,2.709736697739506,0,android,old,samarkand,4,57
39089,2.156479671249312,0,ios,old,tashkent,4,50
524840,2.324992481815349,0,ios,old,samarkand,3,45
672661,2.79724312713435,0,ios,old,bukhara,2,68
605645,1.9498768917054765,0,android,old,samarkand,4,13
311957,1.2210075950291868,0,ios,new,bukhara,3,30
268314,3.068617225584984,0,android,old,tashkent,5,67
633517,2.4933570834124255,1,ios,old,tashkent,5,65
579126,1.304799772776291,1,ios,new,bukhara,3,19
646621,1.0199761174600126,0,ios,old,tashkent,3,7
859400,1.0443906270864118,0,ios,new,tashkent,2,37
499104,1.0029580500079767,0,ios,old,samarkand,1,15
110001,1.3016326661970679,0,ios,new,samarkand,4,31
542753,2.387703717969511,0,ios,new,bukhara,2,77
895966,2.925279997403135,0,ios,old,tashkent,3,87
994799,2.9843537518975647,1,ios,old,samarkand,2,84
681062,1.567746530631719,0,ios,new,tashkent,3,80
530737,2.133661819807571,1,android,new,bukhara,4,34
843461,1.705284997829115,0,ios,old,tashkent,1,34
943520,0.5629541157865753,0,ios,new,tashkent,5,7
675385,1.2250187095809149,1,ios,new,bukhara,3,15
93882,3.0493563863976054,0,android,old,samarkand,2,80
665112,1.240972510689045,0,android,new,samarkand,4,25
459250,3.166599236906858,0,ios,old,samarkand,2,97
188661,0.9547252329858983,0,ios,new,samarkand,4,12
725467,2.0211860002933695,0,ios,new,bukhara,4,56
840615,3.283576927827336,1,android,old,bukhara,4,72
616416,1.6989417362268473,0,android,old,samarkand,4,15
297696,1.4155709233529137,0,ios,new,bukhara,3,44
243453,2.9946021562027454,0,android,new,tashkent,5,84
147212,1.4029952825969354,0,android,new,samarkand,1,47
579157,0.9709374887123042,0,android,new,tashkent,5,50
523527,1.195451342020773,0,ios,new,samarkand,3,39
178811,2.418222207818957,0,ios,new,tashkent,5,90
385630,1.5923631170440031,0,ios,old,tashkent,1,32
143956,1.7658916124623414,0,ios,new,bukhara,2,46
163982,1.8318073820572411,0,android,new,tashkent,5,52
886160,2.2233132105131164,0,ios,new,samarkand,2,86
83553,1.3614220643843555,1,android,new,tashkent,5,9
687108,1.5666533488545937,0,ios,new,tashkent,3,63
206542,0.719947575546176,0,ios,new,tashkent,4,28
337620,2.8412340462511856,1,ios,old,bukhara,5,54
973268,2.207472029010458,0,ios,new,samarkand,3,73
699756,2.211358388851967,0,ios,old,samarkand,2,54
369541,1.314676098191959,0,ios,new,bukhara,4,24
235928,2.971308637675443,0,android,new,bukhara,1,91
628608,2.876615627423014,0,android,old,samarkand,3,64
11483,3.018202657482626,0,android,old,samarkand,5,63
777358,1.0436868184536445,0,ios,new,samarkand,3,43
740540,1.004940721670205,0,ios,old,tashkent,1,14
623109,1.2283257462621997,1,ios,new,tashkent,4,22
851600,1.99916403640918,0,ios,old,samarkand,5,38
565893,1.9585721785410104,0,android,old,tashkent,5,29
129301,2.8009223140758572,0,ios,old,samarkand,1,96
527139,1.8466421742008001,0,android,new,tashkent,1,76
842283,2.329762321418456,0,ios,new,samarkand,5,86
755983,1.999510311217318,0,android,old,tashkent,1,46
309324,1.998480062053487,0,android,new,samarkand,4,58
484263,2.6507030823113897,1,android,old,tashkent,5,62
652594,2.9524051072536643,0,android,new,bukhara,2,84
400828,1.62329027456521,0,android,new,tashkent,2,61
118058,2.160384556996008,0,ios,old,samarkand,2,51
199319,3.137237420257507,0,android,new,bukhara,3,83
871055,2.540601091987885,0,ios,old,bukhara,1,54
905864,2.291394574959347,1,ios,new,samarkand,4,87
923300,2.419864598702446,0,ios,old,tashkent,4,73
550842,2.3304359694054297,0,android,new,tashkent,3,81
727490,2.774098785484187,0,android,old,tashkent,3,77
534573,2.5581453223201596,0,android,old,tashkent,4,36
579831,2.070731650018529,0,ios,old,samarkand,1,58
367540,2.128256596142661,0,ios,new,bukhara,5,62
362236,1.5153009189474669,0,android,new,tashkent,4,30
797510,1.138766982715271,0,android,old,tashkent,2,18
914485,3.569018061788431,0,android,old,bukhara,4,92
283629,1.9512810673783354,0,android,new,samarkand,1,68
434945,1.1765928818030724,0,android,new,samarkand,1,30
406783,1.6225577025926883,0,android,old,tashkent,3,19
72521,1.5133780516099054,0,android,new,tashkent,4,37
96507,1.865056095065368,0,android,old,bukhara,2,19
865562,1.9194647248473606,0,android,old,bukhara,3,5
416717,2.1193623373103527,0,ios,old,bukhara,3,29
390642,2.4064881766910733,0,android,old,samarkand,3,54
149120,0.9833918130161439,0,ios,new,samarkand,2,32
665657,1.8605088939706755,0,android,old,samarkand,2,25
562885,1.2750561223456862,0,ios,new,samarkand,4,31
113162,2.5331123352891085,0,ios,old,bukhara,3,64
733585,1.4945917597671519,0,android,new,tashkent,5,22
14205,0.9305417780328364,0,android,new,bukhara,3,7
954567,2.003065676847121,0,android,new,tashkent,1,70
787528,1.6951909349485939,1,ios,new,tashkent,5,59
517105,1.1861450709408714,0,android,new,tashkent,1,37
944673,1.3680279420990422,0,ios,new,samarkand,4,29
869201,3.237892697561743,0,android,old,tashkent,5,62
935444,1.198151992569599,0,ios,new,tashkent,3,43
504220,1.5883173072225834,0,android,old,tashkent,4,19
376907,1.7415513113284007,0,ios,old,bukhara,1,21
789981,3.3895402800443546,0,ios,old,bukhara,5,77
312075,2.635116911060928,0,android,old,samarkand,3,60
435534,1.2550649770280913,0,android,new,bukhara,1,22
547595,2.109556554067356,0,android,new,bukhara,3,66
623110,1.6460117956106688,0,ios,new,bukhara,3,44
661003,3.210449038508454,0,ios,old,samarkand,4,91
633861,2.691621525060192,0,ios,old,samarkand,5,55
190780,2.9726439995258804,0,android,old,tashkent,2,75
594400,1.309846946325762,0,ios,new,samarkand,4,35
209235,2.766394969957042,0,android,old,tashkent,5,65
675193,0.9174941515998589,0,ios,new,bukhara,2,29
500192,0.8860980734743156,0,ios,old,tashkent,3,6
673573,2.328314763996392,0,ios,old,bukhara,4,41
43494,0.6538740483235689,0,ios,new,samarkand,2,9
796598,3.7238991206765837,0,android,old,bukhara,4,93
869255,0.6617603439279508,0,android,new,tashkent,3,16
553132,0.8027192322568224,0,ios,new,samarkand,3,17
213447,1.2855863393171745,0,ios,old,tashkent,2,14
824381,3.1938815215375573,0,android,old,bukhara,4,64
789605,0.692404257357549,0,android,new,tashkent,2,15
657262,3.38171977502944,0,android,old,tashkent,2,96
216729,1.915807255366259,0,ios,new,samarkand,3,78
605551,2.477916060884534,0,android,old,tashkent,1,56
500290,1.8440278413035511,0,android,old,bukhara,3,5
124531,1.302072177977036,0,ios,old,tashkent,3,29
292755,2.074665556681886,0,android,old,samarkand,3,49
862956,2.09513013349541,0,android,new,samarkand,1,59
404022,0.40649587632907214,1,ios,new,samarkand,4,18
788913,1.961866160227829,0,ios,new,samarkand,2,78
652319,1.3354622705179695,0,ios,new,tashkent,1,49
205740,2.534516764344211,0,android,old,bukhara,2,33
747713,1.979905240614231,0,ios,new,bukhara,2,79
227246,2.1817252764951376,0,ios,new,tashkent,4,92
637735,1.4774991452054285,0,android,new,samarkand,1,47
297821,3.4354437056457154,0,ios,old,bukhara,3,87
564224,1.3395116377987542,0,android,new,samarkand,1,32
82114,2.6169375743808785,0,ios,old,samarkand,2,73
985722,1.3626975852161745,0,ios,old,samarkand,1,32
596569,2.3863577058661227,0,android,old,tashkent,4,51
928815,1.0209154344869298,0,ios,new,bukhara,2,14
926644,2.9805009198761807,0,android,new,bukhara,3,86
188198,2.6257355385680015,0,ios,new,bukhara,5,88
647819,2.7751304858290258,0,android,old,bukhara,5,39
774667,2.815962961158036,0,android,old,tashkent,3,75
330903,1.007612927306633,0,ios,new,bukhara,2,14
376079,1.0352153238509219,0,ios,new,bukhara,5,14
817075,2.1364571503240466,0,ios,old,tashkent,3,53
305242,1.693629619488339,0,ios,old,bukhara,3,7
238789,1.4165430279325872,0,ios,new,samarkand,3,48
99386,0.7437715213181826,0,android,new,samarkand,1,28
587415,2.6869363087130624,0,android,old,samarkand,4,42
910498,1.7218806185554858,0,ios,old,tashkent,1,48
281863,3.721729191563966,0,android,old,samarkand,5,99
540633,2.1607892049640105,0,android,old,bukhara,1,30
703687,2.788498313671695,1,ios,old,bukhara,3,68
298001,1.6052946258651557,0,ios,new,samarkand,1,71
604605,2.4850442803701127,0,android,old,tashkent,5,53
400671,1.82136504846194,0,android,old,tashkent,5,35
734471,2.0379685716193006,0,ios,new,bukhara,1,60
506634,3.4276102301287175,0,android,old,tashkent,5,87
211861,1.634513858122859,1,ios,old,samarkand,2,25
583808,1.9866849150144192,0,android,old,bukhara,3,24
97509,2.157728497056797,0,ios,new,tashkent,1,97
294479,2.1423524018778606,0,ios,new,tashkent,4,83
779438,2.2737121381803607,0,ios,old,tashkent,3,61
233907,2.2764543258360783,0,android,new,bukhara,2,72
735048,2.3044717329405913,1,ios,new,samarkand,4,99
80459,2.2185841683849903,0,ios,old,samarkand,3,33
296729,2.4953950675563052,0,android,new,tashkent,2,90
446432,3.394369201061865,0,android,old,samarkand,1,97
600217,1.3658632142023976,0,android,old,tashkent,1,13
634199,1.2242202022418203,1,ios,new,bukhara,2,27
592819,1.921354809912363,0,android,old,samarkand,3,26
190215,3.8383646053931417,0,android,old,bukhara,5,97
501669,1.8377124539095062,0,ios,old,samarkand,2,36
241686,1.2353321390701248,0,ios,new,bukhara,4,16
572770,1.9890158504314739,0,ios,old,samarkand,5,28
984381,2.6742156326195174,1,android,new,tashkent,4,85
276689,1.6707447069071677,0,android,new,bukhara,3,43
952458,2.3365703379057434,0,android,old,tashkent,2,43
815338,2.5227335480046804,0,ios,old,bukhara,3,57
356187,1.333908921668142,1,ios,new,tashkent,5,37
343252,1.2022090175644977,0,android,new,bukhara,2,10
629312,0.2209668006859768,1,ios,new,tashkent,1,9
130271,1.7206691236874627,1,ios,old,bukhara,2,8
245506,1.9354923334176344,0,ios,old,bukhara,5,35
82683,1.549373281786955,0,ios,new,tashkent,5,61
961468,2.2544787398306303,1,ios,new,tashkent,3,97
460112,2.177771099259331,0,android,old,bukhara,1,38
87472,1.2378721803167658,0,android,new,samarkand,1,59
86627,1.7848944597935625,0,android,old,tashkent,4,27
198630,3.186994774181296,0,android,old,bukhara,5,67
178629,2.891830418683788,0,android,old,tashkent,1,97
442904,2.2367948932631907,0,android,new,tashkent,4,84
681916,3.650774052324164,0,android,old,bukhara,4,96
405971,2.442849064001959,0,android,new,bukhara,4,69
828803,3.031818294067102,1,ios,old,bukhara,5,62
135901,2.271495850753138,0,android,old,tashkent,5,38
98452,2.183653443398719,0,android,old,bukhara,3,24
517095,1.70414758490797,0,android,new,tashkent,2,49
577051,2.0943983531977217,0,android,new,tashkent,5,76
960220,3.529990383536484,0,android,old,bukhara,1,95
366581,2.218681932745262,0,ios,old,samarkand,5,51
113690,3.8097769444942755,0,android,old,samarkand,5,90
781633,1.827433309379724,0,android,new,samarkand,1,72
235604,1.7507353749281922,0,ios,new,samarkand,1,77
41824,1.645042771197512,0,ios,old,tashkent,4,12
734278,3.396362159310754,0,android,old,tashkent,2,99
458357,3.0172675228854415,0,android,old,samarkand,5,68
814274,2.6505888915691775,0,android,new,bukhara,5,53
95553,1.3394567890804903,1,ios,old,samarkand,3,30
656070,1.1896584492165467,0,android,new,tashkent,2,35
900351,2.009571283315119,0,android,new,bukhara,4,48
973291,2.154608663540322,0,android,old,samarkand,2,22
128656,2.061873918373962,1,android,old,bukhara,3,8
968753,2.7788125949464186,0,ios,old,samarkand,3,69
298401,1.650612692121036,0,android,old,samarkand,2,23
961782,2.8008042007106155,0,android,old,tashkent,1,81
246762,2.1092160388030194,0,android,new,tashkent,2,85
267070,1.7064809379036756,0,ios,old,samarkand,3,48
829450,1.0304168653517425,0,ios,new,bukhara,2,15
322780,1.9472857595720496,1,ios,new,tashkent,3,91
719864,1.5847189472876986,0,android,new,samarkand,5,13
148951,2.114159137537449,1,android,new,samarkand,2,56
810142,1.6189634178795138,0,android,new,tashkent,5,45
60288,1.5392367615326072,0,ios,new,bukhara,2,44
191391,2.2338241502307086,0,ios,old,tashkent,2,69
436308,1.0526462227850961,0,ios,new,tashkent,1,49
160087,2.4575822524637476,0,ios,new,bukhara,2,89
58307,2.257062005747601,0,ios,old,bukhara,3,34
124084,1.314082869485163,0,ios,new,bukhara,3,33
963783,1.1437841347864277,1,android,new,tashkent,1,39
938527,2.124411432335638,0,ios,old,bukhara,5,18
257123,2.8746109062875633,0,ios,old,samarkand,2,91
718906,3.5571532107264847,0,android,old,samarkand,2,98
534098,1.1367507044527618,0,ios,old,samarkand,1,21
580882,3.6521380100585974,0,android,old,bukhara,4,98
822866,2.3105076250623924,0,android,old,bukhara,5,25
333088,1.982745694767928,1,android,new,tashkent,5,49
936089,1.9297992360304688,1,ios,new,bukhara,1,88
226011,2.7847741844857232,0,ios,old,samarkand,3,80
280365,3.1915408630932545,0,android,old,samarkand,1,97
484642,2.188382293117487,0,ios,new,bukhara,4,74
246948,0.42040307782424996,1,ios,new,tashkent,1,5
590171,0.8385355315010476,1,android,new,tashkent,4,12
104736,1.8864739629012592,0,android,old,bukhara,2,19
984901,1.4846088769804802,0,android,old,tashkent,3,5
963584,3.2435703176705877,0,android,old,bukhara,1,90
569115,3.1399358540143387,0,ios,old,bukhara,5,71
608039,1.4228790989390234,1,android,new,bukhara,5,9
678061,1.9069738657970565,0,android,old,tashkent,2,24
278735,1.9600441316403465,0,android,old,bukhara,1,20
913013,1.1328046208304596,0,ios,new,tashkent,1,45
539921,1.2001262404306532,0,ios,new,tashkent,5,22
751252,2.462923120691798,0,android,old,tashkent,3,63
588784,2.2652072324219126,0,android,new,samarkand,4,65
977236,1.2924057702214065,0,android,new,tashkent,5,15
167971,2.6322553759499336,1,ios,new,bukhara,2,94
775686,2.870606601987723,0,ios,old,samarkand,3,88
399939,1.0163012402139426,0,android,new,samarkand,4,11
541332,2.5397107819775964,0,android,new,bukhara,1,81
284677,2.813518624491281,0,android,old,samarkand,1,76
539106,1.8331011683718472,0,android,new,tashkent,4,56
201320,2.267457705570978,0,android,new,bukhara,5,42
355658,1.7038923189945392,0,ios,old,bukhara,1,35
452839,1.185804875179257,0,ios,new,tashkent,4,26
450663,1.072146901675074,0,ios,new,tashkent,4,33
448355,2.3390345674109794,0,android,new,samarkand,4,80
875546,1.6151174161289772,0,ios,new,bukhara,1,50
855415,2.201928148566092,0,ios,old,tashkent,3,66
952674,2.3019323234834865,0,ios,old,samarkand,1,80
110302,2.054215409328104,0,android,new,bukhara,5,51
688875,2.3411076120668004,1,android,new,samarkand,4,60
349824,2.0320366875248994,0,android,old,bukhara,1,10
739597,2.7267512321522633,0,android,new,bukhara,3,89
680157,1.5367407316430721,0,android,new,samarkand,3,37
454312,0.7795612371202072,0,ios,new,tashkent,1,53
647575,1.8814356956015088,0,android,old,bukhara,4,5
704434,3.1020650915853927,0,ios,old,bukhara,3,70
479171,2.7933382109910694,0,ios,new,bukhara,3,97
362487,2.9287148161847156,0,ios,old,tashkent,1,86
341865,1.087564940702232,0,ios,old,tashkent,2,19
800072,1.3824966558467424,0,android,new,samarkand,2,32
551098,1.8194736866409589,0,android,new,tashkent,5,45
572679,2.374953618015976,0,android,old,bukhara,1,39
651203,2.1856351609796736,1,android,old,samarkand,3,31
616455,2.552057712482732,0,ios,old,bukhara,5,46
759262,2.242278907092178,1,android,new,bukhara,3,60
67478,2.3723012395806626,0,android,old,tashkent,4,39
928919,3.2621952581085347,0,ios,old,tashkent,5,91
949606,1.7746836329218116,0,ios,new,tashkent,1,89
947377,2.336583005051614,0,android,old,samarkand,3,53
393620,1.5285769901644473,0,ios,new,bukhara,2,32
805027,2.556573642568254,0,ios,old,samarkand,1,90
190294,1.7857830048643726,0,android,old,samarkand,1,34
442638,1.4422658403004913,1,android,new,bukhara,1,46
501391,2.5298530244206954,0,android,new,samarkand,5,72
442626,2.048504563743198,1,android,old,samarkand,1,38
252054,2.225162918433534,0,ios,old,samarkand,2,62
980517,2.9352882315638995,0,android,new,bukhara,2,96
594801,1.8962688534298053,0,ios,new,tashkent,1,79
829299,1.9460042047195505,0,android,old,tashkent,1,46
58754,1.5321365045525466,0,ios,new,tashkent,1,61
178949,1.087043977909121,0,android,new,samarkand,4,7
266280,2.137383365985795,0,android,new,tashkent,4,65
926422,2.4378856683448578,0,android,old,tashkent,1,70
71663,2.1328251710506696,0,ios,new,bukhara,5,53
907980,2.582495538693163,0,android,old,bukhara,2,33
340609,2.4157694836855432,0,android,old,tashkent,1,66
774459,2.1063176148880545,0,ios,new,bukhara,2,61
210931,2.5905643248879233,1,android,new,bukhara,4,87
157074,1.4557625085138766,0,ios,old,samarkand,5,7
646695,2.8133542056520557,0,android,old,bukhara,3,43
364089,0.8096018125305946,0,ios,new,samarkand,1,15
549843,1.0129945642467846,0,ios,new,bukhara,2,23
265357,0.07635982863436586,1,ios,new,tashkent,1,16
349651,2.6178323417262654,0,ios,old,samarkand,4,66
281803,2.960798806088821,0,ios,old,bukhara,5,60
528653,2.1160789226714414,0,ios,old,bukhara,2,40
156449,2.4259953736807534,0,android,new,samarkand,1,98
61963,1.6673302172148063,0,ios,new,samarkand,4,53
382017,2.3612216082931767,0,ios,new,samarkand,3,89
647756,2.566919216404584,0,ios,old,tashkent,5,72
121437,2.4636659079896894,0,android,old,samarkand,2,75
470947,2.2480191292288656,1,android,new,samarkand,5,52
89058,1.6149832912375248,0,ios,new,tashkent,4,50
515895,2.914402784432311,1,android,new,bukhara,3,92
418272,0.843862875124246,0,ios,new,tashkent,3,17
818145,1.3596283680913743,1,android,new,tashkent,1,49
539315,0.9869756038161978,0,ios,new,tashkent,2,49
403829,2.6445277137642282,0,ios,old,samarkand,3,66
323227,1.776205684697983,0,ios,new,bukhara,4,49
403077,2.2326466845082362,0,android,new,bukhara,3,45
81484,0.9387855615372545,0,android,new,tashkent,3,26
389290,2.6081523291811304,0,ios,old,tashkent,3,93
949631,3.5186119255407227,1,ios,old,bukhara,4,91
590630,0.7428675612563093,1,ios,new,samarkand,3,22
640283,1.6345048966678146,0,ios,new,bukhara,3,35
864113,2.6534478554441,0,android,new,bukhara,2,79
485827,3.0711198941361633,0,android,old,tashkent,5,83
97666,2.2815351130609294,0,ios,old,bukhara,2,44
515983,1.814758920623003,1,android,new,bukhara,2,44
224635,2.436933463337104,0,ios,new,samarkand,5,87
901016,1.966457805187453,1,ios,new,samarkand,5,68
440516,2.220748721247547,0,ios,old,samarkand,3,51
887511,2.512752156999948,0,ios,old,samarkand,4,79
819164,3.2071382823076338,1,android,old,samarkand,3,64
452196,1.8390053915281905,0,android,new,bukhara,1,51
244819,1.854580160119061,0,ios,new,bukhara,3,42
753555,1.554347450806232,1,android,new,bukhara,5,8
581069,3.543463136826015,0,android,old,samarkand,5,77
807687,1.0752416260666389,0,ios,old,tashkent,2,20
743798,2.1532730236860296,0,ios,new,tashkent,3,90
562613,1.4884734532023682,0,ios,new,tashkent,2,53
709755,2.2461877949413385,0,ios,old,tashkent,4,56
802997,1.0359645965017508,1,ios,new,bukhara,5,11
117313,2.322827385402037,0,ios,old,tashkent,3,72
501337,2.5851876594318006,0,android,new,bukhara,2,81
15585,2.3900545946274394,0,ios,new,bukhara,3,85
396194,1.3937528785827287,0,ios,old,bukhara,4,10
213813,3.2121710491176025,1,ios,old,bukhara,2,89
475053,2.843705912771159,0,android,old,samarkand,1,76
825865,2.571633173199173,0,ios,old,bukhara,5,48
630177,2.5063379620017305,0,android,old,samarkand,5,59
228787,2.539784980638968,0,android,new,bukhara,4,63
937942,2.0394120265311333,0,ios,new,samarkand,3,75
22493,2.1916799050289444,0,android,new,samarkand,1,68
835276,1.7337225562986203,0,android,old,tashkent,5,16
838287,2.5076769575303026,0,android,old,bukhara,5,27
949533,2.1794499510354775,0,android,new,bukhara,4,46
99609,2.8600988729047923,0,ios,old,samarkand,5,69
963205,1.4391976523377417,0,android,new,tashkent,3,40
626128,1.6664399196493394,1,android,new,samarkand,4,48
639356,2.157805027145538,0,ios,old,samarkand,5,52
319676,1.9250118014757707,0,ios,new,samarkand,2,65
568353,0.9650940442271603,0,android,new,samarkand,3,26
182082,1.14058481299609,0,ios,new,samarkand,1,58
879602,0.8650505163335132,0,ios,new,samarkand,4,27
377260,1.790028747984668,1,android,new,tashkent,3,68
682151,1.9685615776754377,0,ios,old,bukhara,5,13
780459,2.1075120540175467,0,ios,new,tashkent,5,87
397360,1.929285152098021,0,android,new,samarkand,5,58
769222,1.5840647543942554,0,android,new,bukhara,1,28
390791,2.3550222668243275,0,android,old,samarkand,4,32
891095,1.2440408414098243,0,ios,new,samarkand,3,49
798630,2.3807706709544245,0,android,old,bukhara,2,36
358219,2.572820681459145,0,ios,old,bukhara,2,64
848788,0.7531626722485655,0,ios,old,tashkent,1,18
800570,2.0626242542763475,0,android,old,tashkent,3,44
768939,2.6821053597884763,0,android,new,bukhara,4,78
909810,2.0356708291236476,0,android,new,samarkand,5,37
348168,2.1775429258863137,0,ios,new,bukhara,3,75
346162,2.6725039523766014,0,ios,old,bukhara,4,50
489533,1.852046102538635,0,ios,old,tashkent,3,30
335916,3.1560505005524386,0,ios,old,samarkand,2,98
287598,3.4120452301093542,0,ios,old,samarkand,4,98
747978,2.1765061499006353,0,android,new,samarkand,4,65
520661,1.4905886078714496,0,android,new,bukhara,1,25
935682,1.7865387726850548,0,android,old,tashkent,1,35
910387,2.5688515027632834,0,android,old,bukhara,4,61
391757,2.188350435890134,0,android,new,bukhara,3,68
948868,2.3889055010298406,0,ios,old,tashkent,2,82
660562,2.528164937638828,0,ios,old,tashkent,4,75
442338,3.073337496355288,0,android,old,tashkent,5,76
790035,1.8227236648338994,0,ios,old,tashkent,3,57
762068,2.4235006322595645,0,android,new,samarkand,1,90
838487,2.544037303747915,0,ios,old,samarkand,1,87
472524,0.9769065487140343,0,ios,new,tashkent,3,34
462340,2.5416319104365197,0,android,old,tashkent,1,65
140799,2.0488108755434524,0,android,old,samarkand,4,19
115889,1.6955121928244772,1,android,old,bukhara,1,16
247099,2.089599799020576,0,android,old,tashkent,1,52
225095,2.1004557452178276,0,ios,old,bukhara,4,38
109843,2.3728989867269137,0,ios,old,tashkent,4,66
210751,2.558497466253674,1,android,old,tashkent,3,47
581060,1.3438982773444192,0,ios,new,tashkent,1,51
147904,2.4731350416615383,0,ios,old,bukhara,1,54
447758,3.1502802800835847,0,android,old,samarkand,5,77
139901,2.2545044081303174,0,ios,new,samarkand,2,93
505022,2.83840771802293,0,android,new,bukhara,5,74
239504,1.8372004717879609,0,android,new,bukhara,3,16
71786,2.1245530165508058,1,ios,old,samarkand,3,52
910176,1.8946775530920217,1,ios,old,samarkand,5,33
10941,2.893822060038161,0,android,old,samarkand,4,72
551660,2.98503661628783,1,ios,old,bukhara,3,61
174064,2.101247860813689,0,ios,new,samarkand,1,92
506730,1.6383779800027323,0,ios,new,bukhara,5,45
282713,1.569741622238631,1,android,new,samarkand,1,58
769074,2.3991167338274564,1,ios,old,samarkand,3,63
817551,1.8585040378335156,0,android,new,samarkand,5,47
629474,1.7101055266857745,0,android,old,samarkand,1,39
824977,3.1971771895775207,0,ios,old,bukhara,2,96
302157,1.0546182128825343,0,ios,new,samarkand,3,30
62384,1.6266329177077417,1,ios,old,samarkand,2,34
215929,1.9100194254998486,0,android,old,samarkand,2,30
263204,1.4585342342302081,0,ios,new,tashkent,1,72
87244,2.2092068654180355,1,ios,new,bukhara,5,49
827072,1.5808738626944556,0,android,old,tashkent,1,31
387892,1.5951293334736167,0,android,new,bukhara,3,24
940939,2.4498924747451776,1,ios,old,bukhara,2,52
259263,3.1657017180916562,0,ios,old,bukhara,3,75
667842,2.0843189100176045,0,ios,old,tashkent,3,51
767891,2.4442027867113496,0,android,new,tashkent,1,79
725299,2.8679828365197078,0,android,old,tashkent,5,73
902876,1.9965673199957277,0,ios,old,tashkent,1,55
524284,2.7326146655502375,0,ios,old,tashkent,3,94
60582,3.2224830384226872,0,android,old,samarkand,5,72
913945,0.9115495197397523,0,ios,new,tashkent,4,29
411825,2.396077519201958,0,android,new,samarkand,1,83
422296,3.1102580998185125,0,android,old,bukhara,1,82
726053,2.3479316266375863,0,ios,old,tashkent,1,83
37985,2.7600768167052463,0,android,old,bukhara,4,47
232753,2.421061500108576,0,ios,old,tashkent,3,64
948775,3.004698645984228,0,android,old,bukhara,1,73
185871,2.0067905942070796,0,ios,old,samarkand,5,47
309844,2.4691446033577,0,android,new,samarkand,5,71
709853,1.2754473510961635,0,ios,new,tashkent,3,41
955818,1.2126931509704213,1,ios,new,samarkand,3,36
274871,1.420307372264966,0,ios,new,samarkand,5,39
895786,3.0406339004743086,0,android,old,bukhara,5,55
683281,2.787771299126262,0,android,old,tashkent,3,59
638116,2.3171806702225717,0,ios,new,samarkand,4,99
959768,3.315476852286204,0,ios,old,samarkand,5,88
493967,1.746164175741497,0,android,new,tashkent,3,60
70672,2.418412796168685,0,android,new,tashkent,5,83
27086,2.274572903986108,0,ios,old,tashkent,3,60
729986,1.3657249487047787,1,ios,new,tashkent,3,49
976377,2.3868192718393226,0,android,new,tashkent,2,98
723511,0.9461303863678312,0,ios,new,tashkent,1,55
721727,1.9841668425203969,0,ios,old,tashkent,5,38
676879,3.811265967943423,0,android,old,samarkand,4,98
209825,1.4117588017569274,1,ios,new,samarkand,4,38
533613,2.2098524804796704,1,android,new,bukhara,2,60
330216,1.8560760594349648,0,ios,new,tashkent,3,77
580679,2.27836177472286,1,android,new,bukhara,5,65
877875,0.7125114971843782,1,ios,new,tashkent,2,21
351406,1.3654140645931383,0,android,new,samarkand,1,30
569346,2.437613609186497,0,android,new,tashkent,5,62
507978,1.6911662140526178,0,android,new,bukhara,5,31
854125,1.1872260113862254,0,android,new,tashkent,4,17
542299,1.618066426935748,0,android,old,tashkent,3,24
833522,2.4387534989544086,0,android,old,tashkent,3,71
817513,0.9684861079019711,0,ios,new,bukhara,1,26
925060,1.4930212763636355,0,ios,old,tashkent,2,26
704636,1.8444164554842133,1,ios,new,tashkent,5,68
418182,3.1868830916924766,0,ios,old,samarkand,3,86
390456,1.3011258798902006,1,android,new,bukhara,5,10
919548,2.070499367879857,0,ios,new,samarkand,3,66
950037,0.9613954933247185,0,ios,old,tashkent,1,13
212156,1.4862396602536678,0,android,new,bukhara,1,28
543546,1.3292404850008894,0,android,new,samarkand,5,9
919153,1.6340714234427358,0,ios,old,samarkand,1,32
227265,1.3422828384170464,0,ios,new,bukhara,2,33
777116,2.314198758983924,0,android,new,samarkand,1,66
496801,2.403300892558109,0,android,old,tashkent,1,73
247299,2.1453331566349534,0,ios,old,tashkent,1,71
994940,1.2854748907149647,0,android,new,samarkand,2,44
213648,1.423517920062357,0,ios,old,tashkent,2,36
693341,1.2817026872524866,0,ios,new,tashkent,2,58
964337,1.7603504559150265,0,ios,new,bukhara,1,60
759259,2.388311762425657,0,ios,old,samarkand,2,71
172213,1.50609818443418,1,ios,new,tashkent,3,67
785358,1.6436186262191268,1,android,new,tashkent,5,42
536916,1.440613810146733,0,ios,new,tashkent,4,41
130115,2.723897606697394,0,android,old,tashkent,1,75
470564,2.4449315142126142,0,ios,old,samarkand,3,66
403949,2.905967833115704,0,ios,old,samarkand,3,76
979976,2.3091851434201955,0,android,new,tashkent,3,78
276547,3.1756070504782192,0,android,old,samarkand,5,54
359553,1.4851342445190943,0,ios,old,bukhara,3,16
828381,1.077772322192057,0,ios,new,tashkent,4,29
498630,1.560115003546899,0,ios,new,bukhara,5,21
297882,2.7000062973035526,0,android,new,tashkent,4,96
433232,2.3876327639367827,0,ios,new,bukhara,5,76
140089,1.1325992381618442,0,ios,old,samarkand,1,12
287710,2.701353496556053,0,android,old,bukhara,1,54
229346,3.0759547608636826,1,android,new,samarkand,5,90
498225,2.125234441164595,0,android,old,samarkand,1,48
686103,2.4694241406706086,0,android,new,bukhara,3,65
18681,2.5171797858725076,0,android,old,samarkand,5,41
201184,2.381206123262163,0,android,old,samarkand,1,55
990200,2.1427953075237056,0,android,new,tashkent,1,90
500558,2.2000725486632335,0,android,old,samarkand,4,32
664111,3.3737026734103512,1,ios,old,bukhara,5,91
572642,0.9558890012205743,0,android,new,samarkand,2,9
127086,2.3448303538929696,0,android,old,tashkent,2,59
866796,2.1816076660010593,0,ios,new,bukhara,3,67
746128,1.9112618793050107,1,android,old,tashkent,3,40
140103,1.1490616996015606,1,android,new,tashkent,2,63
299947,0.9196644504014636,0,ios,new,samarkand,4,43
485597,2.182105232557132,1,android,new,tashkent,5,69
110921,1.3605610162607467,0,android,new,bukhara,1,26
203974,2.1562449066822236,0,ios,old,tashkent,4,38
188905,2.4253015305921455,0,ios,old,bukhara,2,51
693548,2.4283975914193836,0,android,new,bukhara,5,37
751231,2.607481018267726,0,android,new,samarkand,2,95
286495,1.4472817297320544,0,android,new,tashkent,2,49
453854,1.3901675603939156,0,android,new,tashkent,1,55
173847,1.4709549291847996,0,android,old,tashkent,1,19
679689,2.1719055230488795,0,android,new,tashkent,4,69
712518,2.1276250306301137,0,android,old,samarkand,2,32
778189,1.7996066517056855,0,android,new,tashkent,4,58
723883,1.5294448126817266,1,ios,new,samarkand,1,75
410736,2.5502743802304457,0,ios,new,bukhara,4,86
565109,1.2598672112041112,0,android,new,tashkent,5,8
317173,2.5520083599795425,0,android,old,bukhara,5,23
80224,3.4221528452004493,0,android,old,samarkand,1,95
683292,2.7994604264053944,0,android,old,bukhara,4,44
170128,2.785506610835933,1,android,old,samarkand,4,75
522786,2.8835663519700288,0,android,old,samarkand,5,48
278689,2.131423558100578,0,android,new,tashkent,3,71
610516,2.3217822287566623,0,android,new,samarkand,4,84
338532,2.530387253904778,0,ios,old,tashkent,4,69
588448,1.7076962836350702,0,ios,old,tashkent,5,27
775654,2.056109521222099,0,ios,new,bukhara,2,55
60125,2.357688487818826,0,ios,old,tashkent,2,75
341597,0.844578492324628,1,ios,new,samarkand,2,21
319781,3.168976641590438,0,ios,old,bukhara,4,77
896008,1.9487860882341093,0,android,new,samarkand,3,56
268205,2.102418144676727,0,android,new,bukhara,1,58
911862,2.274876186173,0,android,old,bukhara,3,32
797136,2.4298410536321726,0,ios,new,tashkent,5,96
782417,2.4979220107675975,0,android,old,samarkand,5,44
179796,2.8895308435818947,1,ios,old,tashkent,3,93
336052,2.097705840979061,0,android,old,bukhara,2,42
408088,3.788245903204062,0,android,old,bukhara,2,98
291871,1.004662617986491,1,ios,new,tashkent,4,37
360770,2.4223945357492234,0,ios,old,bukhara,5,37
904502,1.5037728251031333,0,ios,new,samarkand,1,65
186026,1.837070312614673,0,android,new,bukhara,3,44
411264,2.9520099284858166,0,android,old,bukhara,2,56
968335,1.8744334878235418,0,ios,new,samarkand,3,69
781203,1.3635106789384166,0,ios,new,samarkand,4,35
972253,0.15426677275520206,0,ios,new,tashkent,1,10
354211,1.0037978454277088,0,ios,old,tashkent,1,13
217686,1.2400706159968005,0,ios,new,bukhara,3,6
439596,0.3599785265672294,1,ios,new,samarkand,2,7
722537,2.747405531105048,0,android,old,tashkent,4,79
180377,1.3797176460632763,0,android,new,tashkent,5,27
799358,1.134133641907288,0,ios,old,tashkent,4,5
896454,1.667676793572357,0,ios,new,bukhara,5,25
704450,2.673389987266493,0,android,old,samarkand,5,56
548405,1.5777996034235817,0,android,new,samarkand,2,45
84087,1.3912224175211978,0,ios,new,samarkand,3,52
954241,1.646339228939037,1,android,new,bukhara,3,32
742692,3.0057457207558596,0,android,old,tashkent,5,69
249547,2.8929687642208326,0,android,new,samarkand,4,87
938922,1.461932989673508,1,android,new,bukhara,3,22
753562,2.365942806834478,0,android,new,tashkent,3,85
504072,2.6547056787723275,0,ios,old,bukhara,5,40
597921,2.65883135003618,0,ios,old,tashkent,5,80
488627,1.7270950102916085,1,ios,new,tashkent,3,59
941571,2.348156966101072,0,ios,old,samarkand,3,64
325753,3.3421860552771117,0,android,old,samarkand,5,90
843810,2.5000178989012296,1,android,old,tashkent,1,60
331770,0.9662805003489157,0,android,new,samarkand,1,27
876451,1.346339107856893,0,android,new,tashkent,3,37
913197,2.4277454138082404,0,ios,old,samarkand,1,72
978948,2.372826339526269,0,android,new,tashkent,5,75
684491,2.4236610228299047,0,android,old,samarkand,5,43
289868,1.8692824190652224,0,android,old,samarkand,2,17
954543,2.9566949080225755,1,android,old,samarkand,3,64
247915,0.8794490214973936,0,android,new,samarkand,5,12
299806,3.1954106520369443,0,ios,old,bukhara,1,95
669709,1.9378982435526184,0,ios,old,bukhara,2,9
823420,2.0020309381879504,0,ios,old,samarkand,5,24
453752,1.8787239325364635,0,android,new,samarkand,1,68
113189,1.153374276607211,0,android,new,samarkand,1,41
275613,0.6136888275688934,0,ios,new,tashkent,5,7
616243,2.348701670844748,0,android,old,samarkand,2,60
897180,3.0921461025859602,0,android,old,tashkent,4,80
349673,2.7583972635580696,0,ios,old,tashkent,1,93
299529,1.7144991987699831,0,android,old,bukhara,3,6
699553,3.2788545508414293,0,android,old,bukhara,1,85
409652,2.3130131146307495,0,android,new,tashkent,3,90
674209,2.8024147897925684,0,ios,old,bukhara,4,71
248670,3.6419230938499587,0,ios,old,bukhara,3,82
498590,2.9743605742292183,0,android,old,samarkand,4,52
157741,2.1854546521040006,0,android,old,bukhara,2,23
101165,0.9175050307162317,0,android,new,samarkand,1,9
535733,3.153821744805192,0,ios,old,bukhara,1,93
978154,2.1066805809291984,1,ios,old,bukhara,3,30
548196,2.1848634546574073,0,ios,old,samarkand,4,53
855702,2.7134824351407056,0,ios,old,samarkand,2,76
435757,2.361835655376826,1,android,new,samarkand,5,71
269474,1.7214609247795978,0,ios,new,bukhara,2,39
587318,2.0281685708194983,0,android,new,tashkent,4,41
381928,1.5107175660026786,0,ios,old,bukhara,4,13
880951,2.961174808387698,0,android,old,tashkent,1,83
89660,1.7956818505393388,0,android,old,tashkent,2,23
614232,1.7464794673410147,0,android,old,samarkand,2,12
93878,2.3059590214197496,0,android,new,tashkent,2,79
786009,2.1493010950558107,0,ios,new,samarkand,1,73
73256,1.9355598630514532,0,ios,new,tashkent,2,88
162273,2.3453809132852763,0,android,new,samarkand,2,82
857893,1.1195782656684652,0,android,new,bukhara,1,28
866549,3.104558045091354,0,ios,old,samarkand,1,99
113818,0.9941115875193556,0,ios,new,samarkand,3,38
293276,2.2042410212267205,1,ios,old,samarkand,5,46
380008,2.9502586370814883,0,ios,old,bukhara,1,85
123902,3.310015999355322,0,android,old,bukhara,4,61
606121,0.868924073579888,0,android,new,tashkent,3,16
345165,1.9740513596275056,0,ios,old,bukhara,3,32
277585,2.428006257846912,0,android,new,bukhara,5,47
342755,1.7300387126608194,1,ios,new,tashkent,4,90
871114,1.4935008349604786,0,android,new,samarkand,2,30
433884,1.9325975124902552,0,ios,old,samarkand,1,38
175010,2.671706535476422,0,android,old,bukhara,5,25
138375,3.1747058388423883,0,android,old,samarkand,5,75
41075,2.800136525803382,0,ios,old,samarkand,2,94
695942,3.107414631871152,0,android,old,bukhara,4,58
752094,2.030538868539875,0,ios,old,bukhara,2,19
407757,2.7775701331173224,0,android,old,bukhara,3,46
609936,1.0208293617113169,0,android,new,samarkand,2,9
821615,2.008058006496285,0,android,old,tashkent,2,45
364376,1.2718859139555423,0,ios,old,tashkent,1,9
807990,1.8871667538756367,0,ios,new,bukhara,4,52
559715,2.4401474790528797,0,android,new,samarkand,4,58
838387,3.146339992161436,0,ios,old,samarkand,4,88
715691,2.7293975208682477,0,android,old,bukhara,1,60
145725,1.7484986976720367,0,ios,new,bukhara,3,55
828463,0.9802005281187973,0,android,new,tashkent,2,27
592096,2.2162319492956586,0,android,old,tashkent,2,65
291796,1.8344261454285915,0,android,new,bukhara,2,63
484128,1.9235674039803496,1,ios,new,samarkand,4,73
938148,2.9106110951400344,0,android,old,samarkand,2,84
264180,3.0186328101214954,0,ios,old,bukhara,1,79
308222,3.0149120488602064,0,android,new,bukhara,4,82
829420,2.2368476300936853,0,ios,new,tashkent,5,87
41157,2.19238424927894,0,ios,new,samarkand,3,78
458472,1.4624642580825167,0,android,new,bukhara,2,11
721429,0.9965317350319699,0,ios,new,tashkent,4,29
990826,1.1748173714049153,0,ios,new,samarkand,2,50
55621,2.12395631734753,0,ios,old,bukhara,3,15
315189,2.697027971048412,1,ios,new,bukhara,5,87
99699,2.3835575392505657,0,android,old,bukhara,3,18
375483,1.5676046108446777,0,ios,new,bukhara,1,28
448372,2.6025323550661867,0,android,old,tashkent,4,67
512496,2.249709344252994,0,android,new,samarkand,5,56
50640,1.9456494619259637,0,ios,old,bukhara,2,20
306678,2.583256841554867,0,android,old,tashkent,3,50
484584,3.401669041793472,0,ios,old,bukhara,4,88
428498,2.2931707859694437,0,ios,new,tashkent,3,94
791557,2.0007910452813324,0,android,new,bukhara,3,25
278158,2.3450631124294254,0,android,old,bukhara,2,25
846631,2.6004714703314957,1,android,new,bukhara,3,80
778104,1.8886286238613348,0,ios,new,bukhara,2,52
53299,1.8777383951707516,1,ios,old,tashkent,2,41
658934,2.6405882006730086,0,android,new,bukhara,5,66
390377,2.6443959687016805,0,android,old,bukhara,1,52
862992,1.150811586514034,0,ios,old,samarkand,1,32
93348,1.1810100741212117,0,ios,new,tashkent,3,52
594729,0.9683079361739838,0,ios,new,samarkand,1,40
326546,2.0579983971495057,0,ios,new,samarkand,1,85
487890,1.8378990703566176,1,ios,new,tashkent,5,62
329497,2.406670265360848,0,ios,new,samarkand,4,71
322592,2.3400540925822235,0,ios,old,samarkand,5,60
957893,3.7181541996278322,0,android,old,bukhara,2,96
493155,2.168749680575986,0,android,new,samarkand,5,51
627943,2.3392649091033113,0,ios,old,bukhara,3,26
739457,2.325866669644544,0,ios,old,bukhara,4,26
272467,1.5611660330399515,1,android,new,tashkent,1,73
414694,1.6622626687731232,0,ios,new,tashkent,1,73
489132,2.1706607234355593,0,ios,old,bukhara,4,31
170907,2.3163370597321418,0,android,old,samarkand,5,33
36174,1.1876521924680057,0,ios,new,samarkand,5,34
434304,2.750615467278771,0,android,new,samarkand,4,90
886370,2.0612996222750497,0,ios,new,bukhara,4,59
496550,2.5935046508208046,0,ios,old,tashkent,3,90
79212,0.48750049555674346,1,android,new,tashkent,1,9
851396,1.8996612410460005,0,ios,new,samarkand,3,67
943038,2.2952376833924277,0,android,old,samarkand,2,58
552044,2.175582970491234,1,ios,old,bukhara,4,31
63637,1.8957372567518933,0,android,new,tashkent,2,70
598161,1.788209724289624,0,ios,old,tashkent,3,23
398701,1.5375332147618936,0,ios,new,samarkand,3,50
502532,3.379390379271923,0,android,new,samarkand,5,96
119116,2.5530467385753273,0,ios,old,bukhara,4,54
539800,2.642450475338385,0,ios,old,bukhara,3,57
414048,2.1106276551858576,0,ios,new,samarkand,1,87
637194,3.276614540695065,1,android,old,tashkent,4,93
172567,2.2921324334002176,0,ios,old,tashkent,2,76
390984,2.745912333087755,0,android,old,bukhara,4,42
673422,2.732335565895365,0,ios,old,samarkand,3,59
219655,2.3110315435376214,0,ios,old,bukhara,5,18
772150,1.2877687696642663,0,android,new,tashkent,2,58
21819,1.868925915015011,1,ios,old,samarkand,2,45
627053,1.5860917975637525,1,ios,new,tashkent,5,61
641413,1.7080420342353435,0,android,new,bukhara,3,37
649585,2.6021753858398693,0,ios,old,bukhara,1,74
259808,3.6321358489533337,0,ios,old,samarkand,3,88
347519,0.7271462731927114,0,android,new,tashkent,2,7
103568,0.7720165759163569,1,ios,new,samarkand,2,39
373964,2.801029039400881,0,android,old,samarkand,5,58
609469,1.0014426880489333,0,ios,new,tashkent,4,21
165643,1.4702968232628688,0,android,new,bukhara,2,27
299057,2.386829404735876,0,android,new,samarkand,5,80
999730,0.9037710986155272,0,ios,new,tashkent,3,12
287634,2.1821403226128204,0,android,old,tashkent,2,55
221887,2.4028831033093057,0,android,old,samarkand,1,38
482634,2.209341259283258,0,ios,new,samarkand,2,94
109639,1.5811591561432603,0,ios,old,samarkand,2,24
829998,0.7855202319435168,0,ios,new,samarkand,2,33
602026,2.591578418776619,1,android,new,tashkent,1,98
297266,1.4288517273144734,0,ios,new,bukhara,2,36
981544,1.7230822095260672,0,android,old,tashkent,1,28
689860,2.659092887200463,0,ios,old,tashkent,5,81
969335,1.9337769679157035,1,ios,old,samarkand,5,15
74239,2.4725291421337765,0,android,old,tashkent,1,63
778725,3.254625679938498,0,ios,old,bukhara,4,80
395943,2.4556836283871646,0,ios,new,bukhara,2,83
123673,3.4812974608230736,0,android,old,bukhara,1,93
316504,2.959388007875352,1,android,old,tashkent,1,94
700880,1.66363412001017,1,android,new,samarkand,3,32
762662,1.5629886901981378,0,android,new,tashkent,3,53
761155,2.9332673229761803,0,android,old,samarkand,5,57
723758,1.8179857505569559,0,ios,new,bukhara,3,55
863391,2.5069816770633686,0,android,old,tashkent,3,56
670909,0.9267219980603496,0,ios,new,tashkent,5,29
782613,1.295899475142131,0,ios,new,bukhara,2,28
72439,1.5378517937219887,0,ios,new,bukhara,1,52
380275,2.4391019635682762,0,ios,old,samarkand,1,63
503334,1.4431317677416275,0,ios,new,tashkent,4,33
797321,1.489321188156533,0,ios,old,samarkand,3,7
467619,2.421870515469202,0,android,new,bukhara,5,50
935349,3.152781463960523,0,android,old,bukhara,2,77
661141,1.9508466970294378,1,ios,old,tashkent,5,25
937849,2.9482366883731848,0,android,new,bukhara,5,84
695350,2.0397613776203687,1,android,new,tashkent,5,53
773689,2.938523972208146,0,ios,old,tashkent,3,89
174733,1.753914871559748,0,ios,new,bukhara,3,28
382360,2.8368165194991946,0,android,old,samarkand,3,65
704689,2.1727183922648434,1,ios,new,tashkent,2,84
450046,1.2885435962068374,1,android,new,samarkand,2,32
236165,3.7214680482216287,0,android,old,bukhara,5,85
508327,3.2152857147484966,0,ios,old,samarkand,3,99
61951,3.739961635271955,1,android,old,samarkand,4,99
762443,1.4181633893695986,1,ios,old,samarkand,3,26
681864,2.5161758657299145,0,android,new,samarkand,1,95
892198,2.4992068248722514,0,android,old,tashkent,4,65
175431,2.4139651506206907,0,android,new,samarkand,1,81
419525,2.8900650066814437,0,ios,old,tashkent,2,91
308165,3.16897092866292,0,android,old,samarkand,1,78
552841,0.721306394235128,1,ios,new,tashkent,2,11
696210,1.7580721860026929,1,ios,old,tashkent,2,31
316657,2.818814845445244,0,android,old,samarkand,1,79
707495,2.1326931940083145,0,android,old,bukhara,2,29
136650,2.4116322332463023,0,android,new,bukhara,1,70
503439,1.0859390308398995,0,ios,new,tashkent,3,33
961207,1.9039297793832692,0,ios,new,bukhara,5,58
211282,2.359888475869928,0,ios,new,samarkand,4,84
186288,1.8939768865682627,0,ios,new,tashkent,5,57
561579,1.2599096798880498,1,android,new,samarkand,5,9
875408,1.1531435195273305,0,ios,old,tashkent,2,8
960925,3.534288159018383,0,android,old,samarkand,5,95
842081,1.6593592839904159,0,ios,new,tashkent,5,56
775433,2.132385447129891,0,ios,old,bukhara,1,28
242394,1.8419018390041884,0,android,new,samarkand,5,45
961073,1.2653403329032509,0,ios,old,tashkent,1,19
882097,1.274576238205871,0,ios,new,tashkent,5,21
517357,3.097621360694985,0,android,new,bukhara,5,88
375267,1.2880242528085306,0,android,new,samarkand,4,45
600158,2.1055525189678823,1,android,new,tashkent,3,58
104544,2.0814135037160644,0,ios,new,bukhara,2,73
931418,1.3139584436675646,0,android,new,tashkent,4,31
393092,2.896739438519312,0,ios,old,tashkent,4,80
147932,2.3415076042568725,0,ios,new,samarkand,5,78
395721,2.687372451026822,0,android,old,samarkand,3,75
671299,2.4951092473153222,0,ios,old,samarkand,2,63
371740,1.7887645681853164,0,ios,old,bukhara,1,18
940553,2.2385597691051236,1,android,new,tashkent,4,89
547326,1.2694256529668775,0,android,new,samarkand,1,29
265015,3.0147958888313227,0,ios,old,samarkand,5,79
630009,2.9395907233867984,1,ios,old,bukhara,5,68
780077,1.6717796946856238,0,ios,new,samarkand,1,69
714114,2.7625680962894053,0,android,old,tashkent,5,57
790824,3.655590764695987,0,android,old,bukhara,5,82
663962,2.0923239334695585,1,ios,old,bukhara,5,6
116474,2.045796607613076,0,android,new,bukhara,1,53
442483,2.091058752213373,0,android,new,samarkand,5,66
570288,1.4571678258608922,0,ios,old,samarkand,1,24
246233,0.5363808014371609,1,ios,new,tashkent,3,7
759481,2.108516583626901,0,ios,old,bukhara,2,35
497142,0.9602686136358255,0,ios,new,tashkent,2,30
201259,1.702655983510571,0,ios,old,samarkand,2,22
608575,1.9641596673027346,0,ios,old,tashkent,1,60
398548,2.3021279452324324,0,android,new,tashkent,4,85
854176,2.7998277963748133,0,android,old,samarkand,2,72
827818,2.5691170118213087,0,ios,old,tashkent,1,97
213461,1.5336471921318595,0,ios,new,bukhara,3,31
727299,2.674263542810019,0,android,old,tashkent,4,62
371810,2.120158362509154,0,ios,old,samarkand,1,59
760372,2.2412060570914156,0,android,new,bukhara,1,65
461072,3.171512304183639,0,ios,old,samarkand,4,81
850641,2.235001747751994,0,android,new,bukhara,4,34
288388,1.3265225480402427,1,ios,old,samarkand,1,22
531333,1.033554380912196,0,ios,old,bukhara,2,9
673437,0.9229686722728503,0,ios,new,bukhara,3,26
335697,1.5806979879619778,0,android,new,tashkent,1,54
132300,1.5607852769232107,0,ios,new,bukhara,4,17
200053,1.7847800023083737,0,ios,new,samarkand,5,47
252636,1.208239710204604,0,ios,old,tashkent,3,9
805697,1.8384020879015668,0,ios,old,samarkand,2,51
438510,2.507748985502325,0,android,old,samarkand,1,47
966099,2.002591828317804,1,ios,new,samarkand,1,85
93245,1.554768735582072,1,android,new,tashkent,3,35
169833,1.804107562809484,0,ios,old,bukhara,3,15
980318,1.4281817825815741,1,android,new,samarkand,4,23
266537,1.1532126693575282,0,ios,old,bukhara,2,5
649886,2.7377162964669837,0,android,old,bukhara,1,47
322098,2.1013213108023208,0,ios,new,bukhara,1,75
533980,1.0299019968663605,0,android,new,samarkand,1,12
265816,1.3170491431874014,0,ios,old,bukhara,1,10
318035,2.759543530867374,1,ios,old,bukhara,4,74
707475,2.3158666925815927,0,ios,new,bukhara,3,77
308745,2.3522269538737612,0,ios,old,samarkand,1,61
839253,1.9961676410524596,0,ios,new,bukhara,4,53
237578,3.2616562796820037,0,ios,old,bukhara,4,89
997711,1.6770603442491998,0,android,new,samarkand,1,59
536743,2.5534618530378945,0,ios,old,tashkent,2,80
677347,2.7513616901459987,0,android,old,samarkand,4,66
68990,0.1731534456569539,0,ios,new,tashkent,1,10
659216,2.359287666342923,1,ios,new,tashkent,5,80
337275,2.578562516304485,0,ios,old,samarkand,1,90
570539,2.099193889763759,0,android,old,tashkent,2,46
374539,2.015663974647586,0,android,old,bukhara,1,37
816194,1.6669910464005568,0,android,new,bukhara,2,36
904300,3.068868013867077,0,android,old,bukhara,5,65
318154,1.7437277640061395,0,android,new,samarkand,3,52
623389,2.956405200866536,1,android,new,samarkand,4,98
714009,2.5715248526916583,0,ios,new,bukhara,5,85
555667,2.528602798220082,0,ios,old,tashkent,1,85
216390,1.9666861675998308,0,ios,old,samarkand,2,45
992315,0.8571528081073414,0,android,new,samarkand,1,9
337629,2.2018585643045285,0,ios,new,samarkand,5,59
262275,1.0435830019505978,0,android,old,tashkent,1,12
399508,2.4136833853287105,1,android,old,samarkand,2,61
771108,2.1000100029401434,0,android,new,samarkand,2,59
652020,3.3191305749877804,0,ios,old,samarkand,5,79
326356,0.7729723974653643,1,ios,new,samarkand,5,19
320189,2.5288445502049726,0,ios,new,samarkand,3,98
132348,1.0609881541406818,0,ios,new,samarkand,1,27
786043,2.533610598142802,0,ios,old,tashkent,2,96
81357,1.2698788969567945,1,ios,old,samarkand,4,19
335971,2.9029026869207017,1,ios,old,samarkand,3,83
361516,1.6490187574058965,0,ios,new,bukhara,2,62
649850,1.4594166287754837,0,ios,old,tashkent,1,37
630541,2.0881396566905828,0,android,new,bukhara,4,43
815238,2.7345908323870325,0,ios,old,samarkand,5,68
478251,2.867269441835274,0,android,new,bukhara,3,78
748669,2.251655778285908,0,ios,new,bukhara,2,59
935818,1.239479297018153,0,android,new,samarkand,1,23
599609,1.3851907214572925,0,ios,new,tashkent,5,48
751355,3.3926343215533676,0,android,old,samarkand,4,98
172110,1.7505737352489712,0,ios,new,tashkent,4,49
90599,2.617627836225669,0,ios,old,tashkent,3,90
907620,2.2332698545036833,0,android,old,samarkand,5,8
622816,1.8556385915258053,0,ios,new,samarkand,4,50
546992,3.5177633997572237,0,ios,old,bukhara,5,95
976729,2.987906959873674,0,ios,old,tashkent,1,93
231032,1.3394351353862306,0,ios,new,tashkent,2,61
480501,2.556114706026701,0,ios,old,bukhara,4,48
648386,1.5664702118131921,1,ios,new,samarkand,4,47
171912,1.4023174291444804,0,android,new,tashkent,2,50
638309,1.059462349681523,0,android,new,tashkent,1,32
958804,2.472261414670688,0,ios,old,tashkent,2,71
832997,2.021681315591136,0,ios,old,bukhara,1,29
64366,2.9098146634145037,0,android,new,samarkand,1,98
970134,1.6814206711282813,0,android,new,bukhara,5,20
921125,2.8359762689115837,0,ios,old,tashkent,3,82
995657,2.3179271081452453,0,android,new,tashkent,3,88
631726,1.208641321803239,0,ios,new,samarkand,3,28
615646,1.645699219490967,0,ios,new,samarkand,1,71
265958,3.060026098058615,1,ios,old,bukhara,2,95
696492,1.931666566198714,1,ios,new,samarkand,4,54
834164,3.247252022047196,1,android,old,bukhara,1,77
287864,3.136309981476063,0,ios,old,tashkent,4,87
195909,2.474926410545205,0,ios,new,samarkand,5,92
272506,3.4168235546010077,0,ios,old,bukhara,1,92
595671,1.4047282425112546,0,ios,old,bukhara,1,26
344238,2.158303641179526,0,ios,new,tashkent,1,96
511387,1.9471704867997603,0,android,old,bukhara,2,10
979169,3.114232610359803,0,android,new,bukhara,5,83
562566,3.049755988316855,0,android,old,tashkent,3,94
687010,1.1449818617578322,0,android,new,bukhara,5,7
29524,2.07149922542,0,ios,old,bukhara,2,14
123909,2.281211859652965,0,android,new,bukhara,3,62
142723,1.8294648120377595,0,ios,old,bukhara,3,23
999824,2.030522436811151,0,android,old,tashkent,5,23
128381,2.846251317161453,0,ios,old,tashkent,3,81
529936,2.042172747634896,0,android,new,samarkand,2,70
839938,1.6592379133839907,1,android,new,tashkent,4,58
124151,1.1401562253087014,1,ios,new,bukhara,4,7
180414,2.4428440342748705,1,android,new,tashkent,5,74
349333,1.9102986246197657,0,android,new,samarkand,4,41
101671,3.513449040413497,0,ios,old,samarkand,4,99
637130,1.2447363669894789,0,ios,old,tashkent,3,8
171300,1.8230524701235613,0,ios,new,samarkand,2,82
477865,1.4043271647873987,0,android,new,bukhara,3,15
881086,0.40430785417821746,0,ios,new,tashkent,3,19
271309,1.4372825936132207,1,ios,old,samarkand,3,25
388757,0.9507198580910048,0,android,new,samarkand,1,12
751933,2.25756380689821,0,android,new,tashkent,1,81
329508,1.667847211945087,0,android,new,tashkent,5,61
160448,3.607957687412213,0,android,old,bukhara,1,97
874616,1.7985165437329498,0,android,new,tashkent,1,75
161102,2.185375112320424,0,android,new,tashkent,2,79
53811,2.503291379977257,1,android,old,samarkand,1,52
202013,1.0408349983466343,0,ios,new,tashkent,5,23
984084,2.575256309248617,0,android,new,tashkent,4,81
796020,1.0297288227003598,1,ios,new,samarkand,5,35
670102,1.1678159144488316,0,ios,new,samarkand,5,23
54044,0.9486572206671733,0,ios,new,tashkent,3,53
855670,1.524092672683745,0,ios,new,tashkent,5,45
970745,3.5947847573900797,1,android,old,bukhara,5,85
53141,2.940160539727751,0,android,new,tashkent,5,96
320188,1.3621917306930058,0,android,new,tashkent,1,59
434779,1.5046655784024594,1,ios,new,bukhara,1,63
169332,2.4018611065508515,0,ios,new,bukhara,2,93
688051,1.7372095808703962,0,android,old,bukhara,3,8
854270,2.0803831810989357,0,android,new,bukhara,3,50
315012,1.9142466661994941,0,ios,new,bukhara,3,48
96255,3.4065678889829503,0,ios,old,samarkand,2,90
845431,0.7341893160954442,1,ios,old,tashkent,2,5
24080,1.4989998530454622,0,ios,new,samarkand,3,39
535838,3.2982098333760974,0,ios,old,bukhara,3,90
534202,0.9874457155771864,0,ios,new,bukhara,2,19
341417,2.579231088068468,0,ios,old,tashkent,2,70
753447,1.5335683178541533,0,ios,old,samarkand,4,15
799481,1.5904423441644502,0,ios,old,samarkand,2,27
322596,1.6658679336271496,1,ios,old,bukhara,3,12
265457,2.3773367053532506,0,ios,new,samarkand,3,93
71221,2.866228745011903,0,android,old,samarkand,2,73
672482,2.1809411050356005,1,ios,new,tashkent,1,98
432212,1.885439422860613,0,android,new,tashkent,2,69
896338,2.2531901990887553,0,android,old,tashkent,5,37
66318,2.4951968003884657,0,android,old,bukhara,2,59
284771,0.9110494870821259,0,ios,old,tashkent,1,5
24345,1.801691028729817,0,ios,new,samarkand,4,66
248284,0.14510316997302528,0,ios,new,tashkent,2,5
98148,2.155887276319749,0,ios,old,bukhara,2,40
464234,1.0886309876276759,0,ios,new,tashkent,4,30
501490,1.5390640890177483,0,android,new,samarkand,5,35
915777,2.6490197935247903,1,ios,old,tashkent,5,93
463486,0.859155713874671,0,android,new,bukhara,2,11
147644,2.6207528919300116,0,ios,old,samarkand,2,87
320635,1.3964157286353018,0,ios,new,samarkand,2,48
649228,3.0035342669509024,0,android,old,tashkent,2,92
941405,2.470108395812133,0,android,new,bukhara,5,53
736648,1.1540328420243056,0,ios,new,samarkand,2,56
768506,3.309570957050279,0,android,old,samarkand,4,87
796229,1.0803200388636074,0,android,new,samarkand,1,26
989169,2.615672384304431,0,android,old,bukhara,4,42
466689,2.8955992120678413,0,android,new,bukhara,3,88
294076,2.550805384807105,0,ios,old,bukhara,4,55
283693,2.5806321094604368,0,android,old,samarkand,2,76
980337,0.9353085266104462,0,ios,new,samarkand,1,29
438414,2.1915354542437093,0,android,new,samarkand,3,69
356227,1.0965499843717779,0,android,new,samarkand,1,22
916081,2.013130569907782,0,ios,new,bukhara,3,55
390090,2.4645854216145895,0,ios,old,tashkent,1,91
774125,2.1586412632275938,0,android,new,samarkand,5,62
92129,2.2685937290234337,0,android,new,tashkent,3,83
243372,3.2579070507612915,1,ios,old,samarkand,3,95
799482,2.327805329589492,0,ios,old,tashkent,2,81
837937,2.3588680956829755,1,ios,new,tashkent,2,95
658004,3.1705995488996974,0,android,old,tashkent,1,99
889624,2.78187737822267,0,ios,old,tashkent,4,77
439349,1.9862092655570613,0,android,old,tashkent,5,31
815667,2.2432230954353187,0,android,old,bukhara,1,21
238560,2.226778134739482,0,ios,new,samarkand,5,68
782319,3.152439879205119,0,android,old,samarkand,2,98
185803,1.8252928979121477,0,ios,new,bukhara,4,42
719761,0.8946479305716017,1,ios,old,tashkent,1,7
586965,2.373054563847389,0,ios,old,samarkand,5,55
506240,2.0677321088720793,1,ios,old,samarkand,5,29
928872,1.5602793954273873,0,ios,old,tashkent,1,41
681804,2.9141848028649995,0,ios,old,bukhara,2,66
149433,1.7115432240358366,0,android,new,tashkent,2,68
321103,1.9396731579589592,1,ios,new,tashkent,4,82
705967,1.6546017907291133,0,ios,new,samarkand,4,34
711481,3.1816721801075096,0,ios,old,samarkand,5,93
398152,1.6435812048919702,1,ios,old,bukhara,2,8
25275,2.7590197023142897,0,android,old,bukhara,2,48
155820,1.4821020261376179,0,ios,new,tashkent,4,61
782766,2.3586138458921577,0,ios,old,samarkand,5,45
883115,2.7069567306349835,0,android,old,samarkand,5,51
524844,3.4295041081833806,0,ios,old,bukhara,3,74
460759,2.7161559267502424,0,android,old,bukhara,5,34
852830,0.8905200358814122,0,ios,new,samarkand,5,6
395515,2.5032594702192412,0,android,new,bukhara,2,72
156661,2.340663512569034,0,android,new,tashkent,4,80
464076,2.1427108691521655,0,ios,new,tashkent,4,75
704690,2.03979714942433,0,ios,old,bukhara,2,46
553382,1.3544169173004277,0,ios,new,samarkand,1,44
87280,1.1852968673784476,0,ios,old,samarkand,1,15
677641,2.209617215499249,0,ios,new,samarkand,2,85
200310,1.6242474432409488,1,android,new,tashkent,2,69
406524,2.739240736213674,0,android,old,samarkand,5,66
327978,1.4205919661075121,0,android,new,bukhara,1,28
349478,2.773809929100417,0,android,old,samarkand,1,60
644434,2.602454391296975,0,ios,new,bukhara,3,91
921031,3.3438838569666216,1,ios,old,tashkent,5,93
778971,1.780811930807054,0,android,old,samarkand,4,10
76951,1.1883580248714587,0,android,new,samarkand,1,28
869733,2.3590929734317667,0,ios,old,tashkent,2,91
979989,2.7859339743966927,0,android,old,samarkand,4,45
200921,1.897392057382869,0,android,new,samarkand,5,58
574314,2.4461714662552443,0,ios,new,tashkent,5,95
927948,1.6874829071787083,0,ios,old,tashkent,1,59
142215,1.7184915219261154,1,android,new,samarkand,1,65
37431,2.500838924973059,0,ios,new,bukhara,3,63
341663,1.0759397728517668,0,ios,new,bukhara,4,16
144396,1.726493119081848,0,android,new,samarkand,4,39
105450,3.1526935123269286,0,ios,old,samarkand,5,97
619800,1.3189178318949863,0,android,new,bukhara,2,28
305777,1.6012999756592685,0,ios,new,bukhara,4,54
30835,1.0220018861268254,0,android,new,tashkent,1,21
578896,0.61454909526442,0,ios,new,tashkent,3,16
94544,1.8609107919466399,0,ios,old,samarkand,4,39
171296,2.015434325057951,0,ios,new,tashkent,5,76
335570,2.5640838466110467,0,android,new,samarkand,5,72
712332,2.201618942479824,0,android,new,bukhara,3,62
618343,1.608930271212525,0,android,new,samarkand,5,22
449325,1.3773206613501359,0,ios,old,tashkent,1,32
524735,1.9192662927286785,0,android,new,bukhara,3,47
540806,1.2625468832477942,0,android,new,tashkent,1,29
811964,3.6076132598379833,0,android,old,bukhara,5,74
857195,2.070966608349016,0,android,new,bukhara,3,51
841994,0.6984606482119853,0,ios,new,bukhara,1,16
670720,1.543565334940229,1,android,new,samarkand,4,29
493216,1.9077234252906006,0,android,new,samarkand,3,57
230439,1.455511521768043,0,android,old,tashkent,4,10
61333,1.4509619904362827,0,ios,new,samarkand,5,32
381782,2.5604534635410614,0,android,old,tashkent,2,69
574708,2.3946451435412115,0,android,new,bukhara,4,60
967771,2.325006196058849,0,ios,old,tashkent,5,68
577584,3.1531527820697582,0,android,old,samarkand,2,62
317907,1.890125949735259,0,ios,old,samarkand,1,38
101547,2.1609490180488518,0,android,old,tashkent,3,39
138401,2.6877618003170363,0,ios,old,tashkent,1,91
871909,1.4483871054347162,0,android,new,bukhara,3,16
580246,1.427514449019687,0,android,new,samarkand,1,47
183541,2.598097155094301,0,ios,new,samarkand,4,88
97626,1.9810454485088616,0,android,new,samarkand,2,61
948581,3.077784979186723,0,ios,new,bukhara,5,98
372212,2.849119333762486,0,ios,new,bukhara,1,95
551999,1.4549827465282767,0,ios,new,bukhara,4,26
332583,1.0086742041309207,0,ios,new,samarkand,4,9
334169,3.738793256381713,0,android,old,tashkent,3,94
561557,2.3459255659728964,0,ios,new,bukhara,2,85
885677,1.8674406708408773,1,ios,new,bukhara,5,49
563400,1.1858542154129823,0,android,new,tashkent,1,50
840840,1.9710125075307063,1,ios,new,samarkand,5,69
853498,3.3817945817136175,0,ios,old,bukhara,1,94
801029,3.482730082261317,0,android,old,bukhara,2,78
600402,1.7570118027583717,0,android,new,samarkand,2,56
727960,1.4579409988901055,0,ios,old,tashkent,3,31
728681,2.024060148130429,0,ios,old,samarkand,2,47
488221,2.4386058684711047,0,ios,new,bukhara,4,74
861427,1.9543997464044298,0,ios,old,samarkand,4,42
375784,1.623382428705849,1,ios,new,samarkand,1,86
762787,1.7418450738382174,0,ios,old,samarkand,2,44
748529,2.1724339222586386,0,ios,old,samarkand,5,33
640786,2.665290425499659,0,ios,old,tashkent,3,82
728757,1.9643776991841302,1,android,new,bukhara,5,27
628482,2.496091797712322,0,android,old,bukhara,4,46
312558,2.0658077158651103,0,ios,new,bukhara,2,83
471418,3.085642528800674,0,android,old,samarkand,1,91
193514,1.5456403479158822,1,ios,new,tashkent,2,64
789200,1.835044034014486,0,ios,old,bukhara,3,9
82957,2.5041467264572095,0,android,old,bukhara,5,49
144998,1.7995871922636337,0,ios,new,bukhara,2,55
427373,1.9611292014966892,0,ios,old,samarkand,3,45
667922,2.133847884330974,0,ios,old,bukhara,5,13
754078,2.400705091839464,0,android,old,bukhara,1,44
116407,1.6989726751853311,0,android,old,tashkent,1,26
19097,1.4478992463393867,0,android,new,bukhara,3,20
54069,1.7095615452127029,0,ios,new,tashkent,1,75
478188,1.0901111496859137,1,ios,old,samarkand,3,11
551454,0.7243981268333415,0,ios,new,samarkand,2,7
500049,2.792641887887288,0,ios,old,tashkent,5,82
400492,2.8339814320949634,0,android,new,bukhara,1,98
611704,2.3354163500140097,0,android,new,tashkent,5,74
941919,2.1408915106522723,0,ios,old,samarkand,1,78
725163,2.812497979230042,1,ios,old,tashkent,5,85
68124,0.8322023912369916,0,ios,new,samarkand,1,33
829261,1.1133028713851159,0,ios,new,tashkent,2,31
479315,2.5449765481555553,0,android,old,bukhara,1,44
599426,1.6301837486617825,1,ios,new,tashkent,3,93
831042,0.34782401479824576,0,ios,new,tashkent,3,13
83340,2.0723609093717696,0,android,old,bukhara,1,10
869943,1.6533654958664055,0,ios,old,tashkent,1,45
614665,1.7509701169929954,0,android,new,tashkent,5,41
326566,1.9155740999151596,1,android,new,samarkand,3,52
966846,2.906942930342365,0,ios,old,bukhara,1,77
583234,3.2757081457388133,0,ios,old,bukhara,5,72
688552,1.8286684030173301,0,android,new,tashkent,4,57
60394,2.507609106014582,0,android,new,samarkand,2,63
921479,2.528356142268233,1,ios,old,samarkand,3,49
710426,1.5385339380650251,0,ios,old,tashkent,3,19
119185,1.466029258142663,0,ios,new,tashkent,1,77
991344,2.722739209803073,0,ios,old,tashkent,5,68
725354,1.4533273054007418,0,ios,new,tashkent,3,61
110116,3.1801349106269003,0,ios,old,samarkand,3,76
830162,2.4714835287626538,0,ios,old,bukhara,4,53
217297,1.635911153036972,0,android,old,samarkand,2,14
901623,1.5432051614875932,0,android,new,samarkand,1,36
114121,2.4649998735231846,0,android,old,tashkent,1,83
206985,2.533894224392449,0,android,old,samarkand,1,70
809374,1.8480640803699964,0,android,new,tashkent,3,47
682914,1.9564527482161234,0,ios,old,samarkand,3,42
973385,1.4953114961436857,1,ios,new,tashkent,1,76
994652,1.8993111899320552,1,android,old,samarkand,5,8
341721,2.9595927149051007,1,ios,old,bukhara,5,65
177057,1.0532357555333116,1,ios,new,samarkand,1,33
624331,3.569156266701829,0,ios,old,bukhara,5,85
896279,0.6036372066833726,0,ios,new,tashkent,3,32
983230,2.256262811710235,1,android,new,samarkand,5,62
970918,3.37307526466164,0,ios,old,bukhara,3,85
204112,2.6699970559442505,1,ios,old,tashkent,4,70
418784,2.6271353307306717,0,android,old,bukhara,1,67
572714,2.9308484811884767,0,android,old,samarkand,1,71
268157,1.0610127952329826,0,android,new,tashkent,2,19
133863,1.9798023637872801,0,android,new,tashkent,4,62
228265,2.9838649429784176,1,ios,old,bukhara,2,81
254979,1.6833317968017174,0,ios,new,samarkand,3,51
228663,2.2174543302037897,0,ios,new,tashkent,5,74
468285,0.6559088133736716,1,android,new,bukhara,3,5
165876,1.7321868937448106,0,android,new,bukhara,2,35
431030,1.4588458132860653,0,android,new,tashkent,5,33
24435,1.7115682854877492,0,android,old,tashkent,1,34
658216,2.828771016811087,0,ios,old,tashkent,2,85
555200,2.50408928557434,0,android,old,bukhara,2,58
557700,2.86160744566104,0,ios,old,tashkent,5,71
818671,1.7785309451803721,0,ios,new,samarkand,4,70
309911,1.918582902396021,0,android,old,samarkand,2,30
233796,0.9314723263693692,0,android,new,samarkand,4,11
854910,3.1532445268502536,1,ios,old,tashkent,4,93
489461,2.005917235903332,1,android,old,tashkent,1,35
219635,0.7366193855204592,0,ios,new,tashkent,2,15
513764,1.901029779538334,0,android,new,tashkent,3,78
837802,0.7008344298002448,0,ios,new,samarkand,4,8
81675,2.3849400180462137,0,ios,old,bukhara,2,30
576495,1.2763641015150544,0,ios,new,tashkent,1,73
200571,2.2333759162400693,0,android,old,tashkent,1,57
12684,3.268403317238526,0,ios,old,bukhara,4,66
734059,3.04625066565628,0,ios,old,bukhara,4,79
934041,1.9859227882909714,0,android,new,samarkand,2,81
837584,1.010443328310093,0,ios,new,samarkand,2,48
230168,1.6457242900779192,1,ios,new,tashkent,3,83
394807,2.4679165892102977,0,android,old,samarkand,2,48
435913,0.9235485713652174,0,android,new,bukhara,1,6
520195,2.243929198842467,0,android,old,bukhara,2,33
800194,2.3070208891433124,0,android,new,bukhara,4,66
266901,2.0259379394792223,0,android,old,bukhara,5,11
589534,2.3295257193899657,0,ios,old,samarkand,4,66
354463,1.4930350278094817,0,android,new,samarkand,4,38
865113,2.2829924280818625,0,android,old,samarkand,2,49
841561,0.9336160406576961,0,ios,new,tashkent,2,10
116928,1.2510377730506066,0,ios,old,samarkand,1,22
464138,1.901248372481426,0,ios,old,samarkand,3,24
277220,2.4889668159167457,0,ios,new,samarkand,5,89
107348,0.9809633112494557,0,android,new,tashkent,3,6
471038,0.8731318859550994,0,ios,new,samarkand,1,31
943089,2.6952766550337905,0,ios,new,bukhara,3,96
548088,3.249814530342796,0,android,old,bukhara,5,77
914310,2.7407573422083837,0,ios,old,samarkand,3,84
595750,1.854553678462851,0,android,old,samarkand,1,14
873679,2.0588747415507704,0,android,old,samarkand,4,15
498377,2.587798241255644,0,android,new,samarkand,2,90
356282,1.71829764830891,0,ios,new,tashkent,5,41
113314,3.2308640202796095,0,ios,old,bukhara,5,70
172888,3.1924135706761105,0,android,old,bukhara,1,72
627892,2.3488875919909393,0,ios,old,samarkand,1,62
628187,2.3214089399747238,0,android,new,bukhara,1,74
848077,3.1496784343327775,0,ios,old,bukhara,4,68
785761,0.7006398424776212,0,android,new,tashkent,3,5
688790,1.9382366279561634,0,ios,old,samarkand,2,50
671656,0.6029202422356903,0,ios,new,tashkent,1,21
503962,1.3710972364259515,0,ios,old,tashkent,2,20
820129,2.9230945654495364,0,android,old,tashkent,4,86
165850,1.7165293040187886,0,android,old,tashkent,5,15
22900,2.530237872812789,1,android,new,tashkent,4,81
198057,2.6143023712296416,0,android,new,tashkent,5,92
82366,0.8029957034603686,1,ios,new,tashkent,4,30
537430,2.702758540879435,0,android,old,bukhara,3,47
877577,2.6674279847345326,0,android,old,samarkand,4,50
781635,1.92744945540834,0,android,old,samarkand,4,11
272963,1.385659848780231,0,ios,new,tashkent,1,54
58674,3.3397702788084693,0,android,old,samarkand,3,91
572303,3.292928740212933,0,ios,old,bukhara,4,92
674911,1.4068454621039463,0,ios,new,bukhara,4,36
769431,2.851429936594579,0,android,old,tashkent,3,73
182860,1.2121174847109175,0,android,new,samarkand,1,39
707594,2.7227669148976683,0,android,new,bukhara,3,83
616244,2.006410139430288,0,android,old,samarkand,1,12
245810,1.7064307134044872,0,ios,old,samarkand,4,25
548907,3.342034720870825,1,ios,old,bukhara,5,93
525319,3.840105240394,0,android,old,bukhara,5,85
52564,1.1099977043958589,0,ios,old,samarkand,2,17
652381,1.6516913026304938,0,android,new,samarkand,5,38
340521,1.6298207645666511,0,ios,new,tashkent,5,41
612976,1.6138323057256554,0,ios,new,bukhara,2,58
982845,2.8949515340300596,0,ios,old,bukhara,1,84
103953,2.0821391509977403,0,android,old,samarkand,5,25
123045,1.127910263189111,0,ios,new,tashkent,4,18
924123,3.7336106765797314,0,android,old,samarkand,5,94
411713,1.80413122097348,0,ios,old,samarkand,2,35
862847,1.252583834809033,0,ios,new,samarkand,2,28
684891,2.008092871342886,0,android,old,tashkent,1,45
184475,1.4370010126523067,0,ios,old,tashkent,3,9
827505,3.0417580473796586,1,android,new,bukhara,5,96
73684,0.7548535042028803,0,ios,new,tashkent,1,46
122417,1.854844073921027,0,android,new,tashkent,3,71
977277,1.7712393602280438,0,android,new,bukhara,5,32
66315,1.804408120290169,1,ios,old,tashkent,3,29
270332,1.4058828763198072,0,android,new,samarkand,5,21
163657,3.305897690789611,0,ios,old,bukhara,5,77
20848,1.7362660088632746,0,android,old,samarkand,1,17
609086,1.993610799910265,1,ios,old,samarkand,4,31
475206,2.972520040184943,0,android,old,samarkand,1,88
372687,1.1501865535707056,1,android,old,tashkent,1,6
140957,3.034046082120352,0,ios,old,bukhara,1,79
131495,2.2455633713006207,1,ios,old,bukhara,4,28
179479,1.1568982886525154,0,ios,new,samarkand,1,42
128829,2.0761741636048274,0,android,old,bukhara,1,27
620908,0.8785208552860098,0,ios,new,tashkent,2,26
141608,1.8031155131848315,0,ios,new,tashkent,1,72
882033,3.3823049634534015,0,ios,old,bukhara,2,98
488022,1.1423537252567693,0,ios,new,tashkent,2,52
571652,1.2925371072314478,0,ios,new,samarkand,2,42
67283,2.322349058747236,0,ios,old,samarkand,3,38
219430,1.5926507124575502,0,android,new,bukhara,2,29
343666,1.680343489418894,0,android,new,samarkand,2,79
949125,1.5963456235159412,1,android,old,tashkent,3,11
86726,2.2000134302844656,0,ios,old,samarkand,2,49
185680,2.411948173020414,0,ios,old,bukhara,2,46
64903,2.166177331004746,0,ios,old,bukhara,2,43
367292,1.6878662289661712,0,ios,new,samarkand,3,48
648506,1.973341340681669,1,ios,new,tashkent,5,79
367999,3.340154167519191,1,android,old,bukhara,4,77
114403,1.5181198146491897,0,ios,old,bukhara,1,7
990591,3.1462115111641182,0,android,new,bukhara,1,99
39638,2.5544197558015886,0,ios,new,samarkand,2,93
892962,1.4366097081901525,0,ios,new,tashkent,4,40
299308,3.002413574774715,0,ios,old,samarkand,5,78
70242,2.009875799007469,0,ios,old,bukhara,3,19
932595,1.5515958194763526,0,android,new,tashkent,4,40
246676,1.8284907968214912,0,ios,old,samarkand,5,25
689716,1.2247582012213483,0,android,new,samarkand,1,42
173174,3.305857050570208,0,android,old,bukhara,4,64
318355,2.912086731379242,0,android,new,tashkent,5,79
472711,1.2045368002689152,0,android,new,samarkand,1,24
206120,2.5008264538677194,0,android,old,samarkand,5,40
773899,2.6382227188858534,0,android,new,samarkand,5,70
110508,2.6120946608740976,0,ios,old,tashkent,4,73
548079,2.4820277019624672,0,ios,old,tashkent,1,78
354183,3.567150683140249,0,android,old,samarkand,3,87
111072,2.330185404116401,0,ios,new,samarkand,2,95
237856,2.8592153448337534,0,android,new,samarkand,4,88
413963,1.7631369506400387,0,ios,new,samarkand,2,83
659085,2.46980644375245,0,android,new,bukhara,2,74
462243,2.3866954621895564,0,ios,new,bukhara,5,80
575756,0.878589537634809,0,android,new,tashkent,1,17
215996,1.3958151273074968,0,android,new,tashkent,2,42
151648,1.512666651291453,0,ios,old,tashkent,2,28
901802,2.604807153709157,0,ios,old,bukhara,4,49
302092,1.8882931035030244,0,android,new,samarkand,3,67
439679,3.359695121725976,0,ios,old,bukhara,2,86
685447,1.4081403706844795,0,ios,old,samarkand,5,10
316782,1.5285156982042674,0,android,new,samarkand,2,35
234791,3.686420983230637,0,android,old,bukhara,3,81
973516,2.251490406822754,0,android,new,samarkand,2,77
463467,1.397243593566539,0,android,old,tashkent,1,20
536150,1.2577381747718985,0,ios,old,tashkent,4,17
23165,3.064317152344093,0,android,old,bukhara,2,65
784855,1.199033618126832,1,ios,new,bukhara,3,29
792248,1.3018932263710123,0,ios,new,tashkent,1,66
288046,2.0485075101129793,0,android,old,bukhara,2,13
765471,1.4976030891472296,0,android,old,tashkent,2,20
831213,2.3781616316543315,0,ios,old,tashkent,3,78
667640,2.84107246016158,0,android,new,bukhara,5,78
901778,3.197921070562818,0,android,old,bukhara,5,51
321675,2.8473119113518695,1,ios,new,bukhara,4,95
235983,3.1597956803943177,0,ios,old,bukhara,3,56
438956,2.7256918243999575,0,android,old,bukhara,4,45
171739,2.038021759373605,0,ios,new,tashkent,3,83
350427,0.7093779735868269,0,android,new,samarkand,2,12
775392,1.730785040657642,0,ios,new,bukhara,1,40
935227,1.2771258548945428,0,ios,new,samarkand,5,43
614286,1.4745449770785561,0,ios,old,samarkand,5,7
260671,1.3599500418278614,0,ios,old,samarkand,2,15
846064,0.5473317073829727,1,ios,new,tashkent,2,20
48818,1.5136248724578858,0,ios,old,samarkand,4,9
168084,0.9723783228368721,1,ios,new,tashkent,1,54
590404,2.259331422808425,0,android,old,tashkent,1,51
361864,1.9182908758923474,0,android,old,tashkent,2,46
825929,3.076971830746696,0,android,old,tashkent,3,79
549731,1.8631726988248443,0,android,new,samarkand,4,42
913971,3.081227608974597,0,android,new,bukhara,3,97
641836,-0.1166221061538425,1,ios,new,tashkent,2,15
218064,2.697183279372781,1,ios,old,tashkent,4,82
693286,0.4440682189833063,1,ios,new,samarkand,2,8
339220,1.77764729324931,0,ios,old,samarkand,1,38
803658,3.10336097253494,0,android,old,bukhara,1,91
92187,1.216759857751329,0,ios,new,bukhara,2,29
843192,1.7494572605253431,0,ios,old,tashkent,5,27
854036,2.67269325369994,0,ios,new,samarkand,3,94
467779,2.616203879530826,0,android,new,samarkand,3,76
632331,1.940037593633291,0,ios,new,bukhara,2,63
28893,1.9172067907316885,0,android,old,bukhara,1,9
352591,1.8938183214891111,0,android,new,samarkand,4,61
660109,3.08327791894756,0,android,old,tashkent,1,92
280168,2.302667071739615,0,ios,new,bukhara,3,87
348317,1.2439501516843217,0,ios,new,bukhara,2,23
97049,2.119769585594052,1,ios,new,tashkent,5,79
525677,0.27871484394238033,0,ios,new,samarkand,1,5
141890,2.3242987024031794,0,android,old,bukhara,3,18
120869,1.8984245735339544,0,ios,new,bukhara,4,51
91896,2.4219451277582724,1,ios,new,tashkent,4,99
14997,1.4930181325768608,1,android,old,tashkent,2,16
831715,3.67291829222709,0,android,old,tashkent,4,97
922342,1.8613545803762297,0,android,old,bukhara,2,16
742589,2.3958905764027976,1,ios,new,samarkand,5,80
728241,2.967614121502372,0,android,old,samarkand,3,73
555244,1.8723063021621829,1,android,new,samarkand,2,63
120649,2.008378853521826,0,ios,new,samarkand,1,96
568774,1.5121824187442159,0,android,old,tashkent,3,10
593670,2.4265314971382153,0,ios,old,bukhara,5,38
260485,2.6760966312041616,0,android,old,samarkand,2,72
33285,1.0272484866946365,0,android,new,tashkent,2,27
866015,2.3419839688220296,1,android,new,samarkand,5,75
679487,1.640778399603392,0,ios,new,samarkand,4,54
104384,1.6234143443379623,0,ios,old,samarkand,2,20
187121,1.8673651689183466,0,ios,new,tashkent,5,58
140478,1.7662235957028665,0,ios,old,bukhara,3,20
772324,2.670178174889941,1,android,new,samarkand,3,90
944384,2.8462193182016544,0,android,old,tashkent,2,72
661878,1.096526986929772,0,ios,new,tashkent,5,52
102737,1.1692994697787793,0,android,new,bukhara,4,5
547915,1.8932886546236412,0,ios,new,bukhara,4,45
404000,2.385602414460261,1,ios,old,bukhara,3,42
869727,1.774908196842484,0,android,new,tashkent,2,76
327109,2.0957859527114833,0,ios,new,samarkand,1,95
931105,1.4727990578664492,0,android,new,tashkent,2,54
595087,2.8696379641147134,0,android,new,samarkand,4,77
469238,1.8341292727766991,0,android,new,bukhara,5,23
742153,2.017562508232501,0,ios,old,bukhara,1,43
214097,1.9797719565988965,0,android,new,bukhara,3,31
91172,1.1584933756215259,1,ios,new,bukhara,1,49
817909,3.8288898007433034,0,android,old,bukhara,5,89
75256,0.34922935740642763,0,ios,new,samarkand,2,15
930684,2.011816108359362,0,android,old,samarkand,4,31
644509,1.2124124621261068,0,ios,new,tashkent,1,61
641322,2.315990774626054,0,ios,new,samarkand,1,87
724744,3.529419607644365,1,android,old,bukhara,2,89
178574,1.582235296407342,0,ios,old,samarkand,1,33
339853,1.1730165348982504,0,ios,new,tashkent,5,21
755498,1.3645642539371163,1,android,new,samarkand,5,24
126589,2.4793753099066835,0,ios,old,tashkent,5,55
324329,3.4097035307926293,0,android,old,bukhara,5,67
177561,2.403757956225108,0,ios,new,bukhara,4,83
494434,2.8891343896337944,1,android,old,samarkand,1,81
487010,2.6665370221761844,0,ios,old,tashkent,3,85
129627,0.997609354182353,0,android,new,bukhara,1,12
675187,3.0377868605809457,0,android,new,samarkand,4,93
228867,1.301188842733723,0,android,new,samarkand,5,26
557932,2.254655242019953,1,ios,new,bukhara,5,83
794452,3.118379116309902,0,android,new,bukhara,1,95
966149,1.5558514186109957,0,ios,old,tashkent,5,19
518729,1.8856327238360504,0,ios,new,tashkent,2,91
843131,3.2954096603716616,0,android,old,bukhara,2,80
915984,3.563694627659855,1,android,old,bukhara,1,90
471949,1.0933208106218617,0,android,new,bukhara,1,14
390254,1.2514884243687245,0,ios,old,tashkent,2,32
381069,1.642288087709479,1,ios,old,bukhara,5,5
72610,2.3214242314822844,1,ios,new,bukhara,4,82
790156,1.3625917534226968,0,android,new,bukhara,2,35
146350,1.4403777586482143,0,android,new,samarkand,3,30
628357,3.6964931735451474,0,android,new,bukhara,5,99
99775,2.3640854531231557,0,android,new,samarkand,5,72
838693,1.7321958820002044,1,ios,old,tashkent,1,47
462997,1.0403202645610543,0,ios,new,tashkent,4,32
171966,1.0915121452652903,0,ios,new,bukhara,3,28
429332,1.5739077876557905,0,ios,old,tashkent,4,23
80269,1.0640693722484176,0,ios,new,samarkand,1,44
630363,0.49659769013228583,0,ios,new,samarkand,1,13
169048,1.660401367875447,0,ios,old,tashkent,2,35
527731,2.8822619187620813,0,android,old,samarkand,5,57
243401,1.1665507684889922,0,android,new,tashkent,3,16
687059,2.037165507200424,0,ios,new,bukhara,2,52
138589,2.3819014768516893,0,android,new,bukhara,3,88
728748,0.14741690274833436,0,ios,new,tashkent,2,8
887088,2.4995630736812804,1,ios,new,bukhara,5,83
344550,1.769589777396104,0,android,new,bukhara,1,50
726910,2.774045991238597,0,ios,old,samarkand,4,74
121939,2.1602369847200413,0,android,new,bukhara,4,72
678562,1.9666971565572486,0,ios,old,samarkand,3,58
85970,1.823678824607264,0,ios,new,samarkand,1,81
199054,2.4956724354888875,0,android,new,bukhara,1,79
478937,3.3419646516887918,0,android,old,bukhara,1,95
589990,2.692469048389569,0,ios,old,bukhara,1,81
744900,2.949014287397705,0,android,new,bukhara,5,89
316125,0.8375794326574602,1,android,new,tashkent,2,8
928076,3.1340227371688103,0,ios,old,samarkand,5,97
372524,3.1462009980712096,1,android,old,samarkand,5,94
216550,2.9263022948483584,0,ios,old,bukhara,3,73
914656,1.4233298765222622,0,android,new,samarkand,2,42
538274,2.06027562803665,0,ios,old,bukhara,5,27
39284,2.2343126742651807,0,ios,new,samarkand,3,81
973473,2.4293400813551105,0,ios,old,bukhara,2,50
625605,2.8944502119093825,0,ios,old,samarkand,3,96
654142,1.9330516074726807,1,ios,new,bukhara,4,69
351327,0.5035926928983165,0,ios,new,tashkent,5,11
16079,0.9704745519593317,0,ios,new,tashkent,3,42
424774,2.9607036200548436,0,android,old,samarkand,4,80
717441,1.6369497511631725,0,ios,old,bukhara,1,20
149777,2.264571544653573,0,ios,old,samarkand,2,61
284632,3.2934499242320223,0,android,old,samarkand,3,93
565336,1.7915034216569878,0,ios,old,samarkand,1,41
501556,2.549740185744448,0,android,new,samarkand,2,81
206616,2.250912267179496,0,ios,new,bukhara,5,74
514295,2.903398524543459,0,android,old,tashkent,2,86
624576,2.462224776182438,0,android,old,bukhara,4,17
624307,1.2281436558142023,0,android,new,samarkand,4,13
377784,3.5438286980571627,0,android,old,bukhara,4,76
626595,2.0875824785568438,0,ios,new,samarkand,2,76
899484,2.6185913817370015,1,ios,new,samarkand,4,89
691166,1.1530798441381815,0,android,new,samarkand,4,7
827916,2.1939829689358192,0,android,old,samarkand,2,52
717131,2.1873082943767876,0,android,old,samarkand,1,39
874357,0.8068317180500836,0,ios,new,tashkent,3,37
354132,3.202505604627912,0,android,new,bukhara,2,96
117646,1.6177289144952418,1,ios,old,tashkent,2,13
399915,1.551072224770559,0,android,new,bukhara,4,28
428223,2.1526188434172973,1,android,new,tashkent,1,92
780617,1.5957665414651079,0,ios,old,samarkand,5,10
334789,1.7636377077748195,0,ios,new,tashkent,3,71
244404,1.6477336236852032,0,ios,old,samarkand,5,21
859665,2.6968300677748,0,ios,new,bukhara,4,88
388186,2.8602665973154084,0,android,old,bukhara,1,61
141933,1.6467587765827896,0,android,new,samarkand,1,46
611810,2.7894984789834703,0,ios,old,samarkand,4,62
77884,2.868586222357619,0,android,old,bukhara,5,45
716941,1.9447618823732602,1,ios,old,tashkent,2,49
261000,1.4946692005978757,0,ios,old,samarkand,2,16
763782,1.7274344109771385,0,android,new,tashkent,1,54
499587,2.8307400155996345,0,ios,old,bukhara,2,79
487480,1.7918861701397637,1,ios,old,tashkent,3,41
46276,0.5575327065071546,0,android,new,samarkand,2,7
835564,3.373491216767199,0,android,old,samarkand,5,79
561667,2.572074444197664,0,android,old,tashkent,2,74
820824,2.4589817485153613,0,ios,new,bukhara,1,85
98356,2.170807595462871,0,ios,old,samarkand,4,20
327931,2.5743712603040185,0,android,old,samarkand,4,48
245420,2.7914495048630856,0,ios,old,samarkand,5,77
474895,1.3675182741227985,0,ios,old,tashkent,2,42
517092,2.2634169833222733,1,android,new,samarkand,2,83
913062,2.108609626987871,0,android,new,bukhara,1,79
179084,2.602066737990752,0,android,old,bukhara,5,17
766281,1.0929949045258047,0,android,new,bukhara,4,13
288633,2.0436590360328974,0,android,new,bukhara,4,19
658590,2.034819086332708,0,android,old,bukhara,1,22
661672,2.3991361748582016,0,android,new,bukhara,5,42
248533,2.8034597112921067,0,ios,old,tashkent,3,78
111886,2.5235013574476843,1,android,new,tashkent,5,73
551950,2.25272498981444,1,android,new,bukhara,4,63
592945,1.6180512881116786,0,android,new,tashkent,3,51
301638,1.9725453771647774,0,ios,new,tashkent,4,70
99489,1.9142694907779187,0,android,old,bukhara,5,7
645924,2.1819691210387373,0,ios,new,samarkand,2,89
817257,2.5731705825550444,0,android,new,bukhara,3,74
284979,3.077168367274946,0,android,old,samarkand,2,83
599619,1.1933388316695375,0,ios,old,samarkand,1,19
710807,2.500790637973419,0,android,old,samarkand,2,49
870130,2.5728952954621334,0,ios,old,samarkand,1,62
373310,2.120206021062569,0,android,new,samarkand,2,71
261152,0.7559922530796249,0,ios,new,samarkand,1,17
116781,2.2217051863270454,0,ios,old,tashkent,1,73
887126,2.3963545381987053,0,android,old,samarkand,5,41
964625,0.5848199189939769,0,ios,new,tashkent,2,36
114898,1.7235080104537204,1,ios,new,tashkent,5,57
612378,3.2386995272050556,0,android,old,bukhara,2,67
856786,1.2802315354776186,0,ios,new,tashkent,4,44
78224,2.470738373853321,1,android,old,samarkand,4,45
738068,0.7006551721361479,0,ios,new,samarkand,1,35
759894,2.666946632463911,0,android,old,samarkand,3,59
149617,3.525837813427645,0,ios,old,bukhara,3,95
299274,1.5584748638750472,0,android,old,tashkent,3,7
625918,3.219715920340624,0,ios,new,bukhara,5,96
52062,2.4602031598333203,0,android,new,samarkand,5,85
687541,2.3569534599176403,0,android,old,bukhara,2,36
919775,2.1214807325605816,1,android,old,bukhara,1,25
999225,2.4788941563193085,1,android,new,bukhara,5,47
984850,1.8716169438551558,0,ios,new,tashkent,4,71
970567,3.47377415571133,0,android,old,bukhara,2,85
82870,3.2952462133578373,0,android,old,tashkent,5,94
250103,3.2653946983758795,0,ios,old,samarkand,5,89
703675,1.6834377825867453,0,ios,old,samarkand,2,47
806238,1.5522531535352346,0,android,new,tashkent,4,44
362914,3.3788188521875404,0,android,old,samarkand,3,99
112672,2.3088153061606835,0,android,new,samarkand,4,71
301289,2.648994215474741,0,ios,old,samarkand,4,51
195063,1.9642538079113785,0,ios,old,bukhara,1,36
583575,3.206385857853847,1,ios,old,bukhara,4,83
985144,1.835109008553433,0,android,old,bukhara,1,11
920135,2.6088055877101723,0,android,new,bukhara,4,80
806098,2.3315257164389656,0,ios,new,samarkand,3,97
31471,2.1457487834646765,0,ios,new,tashkent,4,75
219643,1.6652239903764698,0,android,new,samarkand,1,51
887649,0.6161003918957613,0,ios,new,tashkent,4,7
917624,1.6584930152068416,1,android,new,bukhara,5,18
165478,2.006833931142506,0,android,old,samarkand,3,50
907174,2.733662920758559,0,ios,old,bukhara,2,65
406322,1.7531053823707705,0,android,old,bukhara,2,13
81230,0.7022781539788977,1,ios,new,tashkent,3,8
548358,2.435508331984847,0,ios,new,tashkent,5,97
700867,2.166236455673757,0,ios,new,bukhara,1,77
744143,2.9837371205662,0,ios,new,bukhara,4,91
310077,2.638646674366032,0,android,new,tashkent,5,79
874518,1.743421850309913,0,android,old,tashkent,1,10
911153,2.4152279092669735,0,android,old,samarkand,2,42
725184,2.0406360794060188,0,android,old,bukhara,1,28
526098,3.250950813373922,0,ios,old,tashkent,4,88
912155,2.7601549297319266,0,android,new,bukhara,3,93
483161,2.2385836776293564,0,ios,old,tashkent,4,60
857798,1.3856798118678693,0,ios,new,samarkand,1,64
757846,1.60386994425332,0,android,new,bukhara,3,28
845224,1.5277168938955614,0,ios,old,samarkand,3,7
754887,1.9972973910062881,0,ios,old,samarkand,3,48
668782,3.1970447720069317,1,ios,old,bukhara,5,75
581856,1.7874773468957992,1,ios,old,tashkent,5,19
141513,1.8594294894943377,0,android,new,tashkent,3,68
619432,2.15869625553861,1,android,old,samarkand,5,29
258125,2.2264241224391452,0,android,new,samarkand,5,55
742031,1.9924374258672128,0,ios,old,samarkand,5,52
230828,1.3300191051994499,1,ios,new,tashkent,3,36
435664,1.255799536147347,1,android,new,tashkent,5,20
441328,2.8435052747552736,0,android,old,tashkent,5,69
581364,2.3141263109612717,0,android,new,samarkand,4,79
753949,1.844598624380147,0,ios,old,samarkand,2,39
146761,2.7660763894991947,0,android,old,tashkent,2,77
829562,2.855512447956378,1,android,old,samarkand,2,64
724041,1.4808775251103325,0,android,new,tashkent,4,39
757006,2.690601532320263,0,android,new,bukhara,5,78
481016,0.6779404243518905,1,ios,new,bukhara,4,8
264705,1.3665034684014903,0,android,new,tashkent,1,59
618359,2.3452174922777065,0,ios,new,samarkand,2,89
252895,1.674320805486189,1,ios,old,tashkent,5,28
906963,2.1403064508223566,1,ios,new,samarkand,3,91
897469,2.689254425746697,0,ios,new,samarkand,5,98
331541,2.337636726629321,0,android,new,samarkand,3,77
125731,3.612123311487812,0,android,old,bukhara,4,95
301945,1.5217964861078168,0,android,new,samarkand,1,59
94347,1.855162536108055,0,ios,new,bukhara,3,36
429072,2.6615839162609833,0,android,new,tashkent,3,99
407663,1.9843857790335027,0,android,old,samarkand,1,47
686399,1.8857504485872036,0,android,old,tashkent,3,28
248259,1.9497163230048478,0,ios,new,tashkent,5,81
349697,1.7858792829371666,0,android,old,tashkent,1,25
830908,2.008333211759237,0,ios,new,samarkand,1,66
295827,3.18525901262191,0,android,old,tashkent,4,81
375237,3.145378655156793,0,android,old,tashkent,5,89
109916,1.3083324733057384,0,ios,new,samarkand,5,35
241628,2.7068011178484284,0,android,new,samarkand,1,79
543614,1.633232489964799,1,android,new,tashkent,1,70
911926,2.4994530155031502,0,android,old,tashkent,3,58
866443,0.8804815257133758,1,android,new,tashkent,2,19
149902,2.2453608318175196,0,ios,old,bukhara,5,21
62334,1.2205040900816848,0,android,new,bukhara,3,13
665213,2.223455865607813,1,ios,old,samarkand,4,48
767193,1.7474778769119226,0,ios,old,samarkand,3,30
764578,2.986701023741572,0,android,old,samarkand,1,71
389913,2.0712314943110224,0,android,old,bukhara,5,10
725395,2.063656733091346,0,android,old,samarkand,3,14
458106,2.024937524489677,0,android,new,samarkand,2,44
440858,0.817323770764147,0,ios,new,tashkent,4,18
599627,1.3509951431080938,0,android,new,samarkand,5,27
565433,3.452735751756257,0,android,old,bukhara,2,93
320113,2.872340887071779,0,ios,old,tashkent,1,84
813859,1.6870485412902205,0,ios,new,samarkand,2,67
362247,0.923121934872751,1,ios,new,bukhara,2,30
883682,1.3512087421604637,1,ios,new,tashkent,3,58
936228,1.289150618759889,0,ios,old,samarkand,2,8
851269,1.0704009339355225,0,ios,old,tashkent,2,7
11811,1.1408751416344542,0,android,new,samarkand,4,6
672073,3.341905106455572,1,ios,old,bukhara,4,78
839528,2.5314195890172426,0,ios,old,tashkent,4,68
922573,1.737115546348587,0,ios,old,tashkent,2,43
85912,2.71026023070554,0,ios,new,bukhara,4,72
614572,1.766641617490479,0,ios,new,tashkent,4,68
603202,1.36931428642112,0,ios,old,samarkand,2,21
791234,2.6408152908397318,1,ios,new,samarkand,5,90
977666,2.0597302098296972,0,ios,old,bukhara,4,23
489602,1.3544657247698861,0,ios,new,samarkand,4,33
721052,2.570500903771826,0,ios,old,tashkent,5,62
188660,1.7538372168622047,0,ios,new,tashkent,3,86
19714,2.0366647940752434,0,android,old,tashkent,1,57
247307,2.7513996706682806,1,android,old,samarkand,4,61
462321,2.4495865963706995,0,ios,old,tashkent,4,55
290366,1.7050296526662883,0,ios,old,samarkand,2,26
218118,1.188565681169481,0,ios,new,tashkent,1,42
366201,2.6968111938753285,0,ios,old,bukhara,2,73
714286,3.303927401903383,0,android,old,bukhara,4,74
392857,0.3199540087537387,0,ios,new,tashkent,2,18
991551,1.3079340237286583,1,android,new,tashkent,3,39
179434,1.748584276750347,0,android,old,tashkent,4,34
731569,2.186426984618923,0,ios,new,bukhara,4,69
762740,2.79966356431485,0,android,new,bukhara,1,91
866205,2.4781041764728613,0,android,old,tashkent,5,38
336553,1.4515476456161216,0,android,new,tashkent,3,32
227347,3.315155793672199,0,ios,old,tashkent,4,91
72335,1.5602616634580277,0,ios,old,samarkand,2,19
605598,1.9905006995228127,0,ios,new,tashkent,5,92
416939,2.236560051624612,0,android,new,samarkand,3,74
29618,1.3196331986889784,0,android,new,samarkand,4,14
512173,1.5093382990362278,0,android,new,tashkent,5,21
635168,3.1337686079259974,0,ios,old,tashkent,4,91
552724,1.3351022483741093,0,ios,new,bukhara,4,40
512452,2.2424459936409797,0,ios,old,bukhara,4,23
294408,1.7391511727298823,0,android,old,tashkent,1,20
724802,2.132246781149497,0,android,old,samarkand,4,34
708764,1.0942040745837116,0,ios,new,bukhara,5,9
164449,2.159358067447127,0,ios,old,samarkand,2,65
661872,3.0422644240659387,1,ios,old,tashkent,4,84
622806,2.6695865296077317,1,ios,old,tashkent,2,85
588493,2.5655522129306494,1,android,new,samarkand,5,64
189485,2.2824040152377036,0,android,new,samarkand,4,40
583242,2.281326331034286,0,android,new,bukhara,2,56
241394,1.6631244650383774,0,ios,new,samarkand,3,65
869268,3.183408321062496,0,android,old,bukhara,3,75
689773,1.5764194859887284,0,ios,old,tashkent,1,31
729599,0.894678755188147,0,ios,old,tashkent,4,6
494996,1.3544836027350287,0,ios,new,samarkand,1,61
27220,3.4925823711293513,0,android,old,tashkent,5,89
456089,0.9948440326889862,1,android,new,tashkent,1,22
286753,1.1460287012416186,0,ios,old,samarkand,1,9
165939,0.48135262079360036,0,ios,new,tashkent,3,10
607181,2.2993935103034318,0,ios,new,samarkand,2,99
470136,1.373211148154735,0,android,old,bukhara,1,10
639738,1.2484253431100596,0,ios,old,tashkent,3,11
92433,1.2303220575024927,0,android,new,bukhara,1,23
452904,1.939063780107,0,ios,old,tashkent,5,37
868132,3.708923802268948,0,android,old,bukhara,2,85
683114,2.256879524517267,1,ios,new,tashkent,4,73
972940,2.84095525936298,0,android,old,samarkand,4,45
700931,2.7916392808716894,0,android,old,bukhara,4,43
835205,2.559093955969065,0,android,old,bukhara,5,52
619178,1.8198340459582547,0,android,old,tashkent,4,13
11388,2.4848648096713135,0,ios,old,tashkent,1,85
894867,2.5589120079782037,0,ios,new,samarkand,5,91
100772,1.4918842537815995,0,android,old,samarkand,2,24
290229,1.3367096983169544,0,ios,new,samarkand,5,30
992131,2.462072146132767,0,ios,old,bukhara,5,38
622498,2.247783278365196,1,ios,old,tashkent,5,65
644610,2.272005076985132,0,ios,old,samarkand,3,49
282173,2.401486258452492,0,android,new,tashkent,2,98
196515,2.2394586284881086,0,ios,new,bukhara,4,57
69805,2.453907549316054,0,ios,old,bukhara,4,22
109728,3.14169294022745,0,ios,old,bukhara,3,92
385739,0.6626720509260657,0,ios,new,tashkent,2,27
953299,1.5923738383030344,0,android,new,tashkent,1,56
794656,1.3251192726826602,1,ios,old,tashkent,4,5
695733,1.8996330397080308,0,android,old,tashkent,4,13
919405,3.1949471981644253,0,android,new,bukhara,5,95
409057,1.8806340835266966,0,ios,new,bukhara,2,67
778448,0.38842980984648046,1,ios,new,samarkand,2,11
725938,1.5591945409675896,0,ios,new,bukhara,1,45
929515,2.347779110614882,0,ios,old,samarkand,4,63
941470,2.176188545986093,1,ios,new,samarkand,3,89
314036,1.4596323336868573,0,android,new,samarkand,3,36
18044,3.1174757679366127,0,android,old,bukhara,1,63
719079,2.2016956702773376,0,android,old,samarkand,3,36
227364,2.20972792720496,0,ios,old,samarkand,1,59
418318,0.5345711739290673,0,ios,new,tashkent,2,18
754762,1.5286546254673106,0,android,new,samarkand,2,29
833326,1.7068728680730052,0,android,old,samarkand,1,20
98055,2.4904526183047846,0,android,old,tashkent,3,43
319300,3.5585448799091175,0,android,old,bukhara,1,76
890090,1.9477660936735814,1,ios,old,tashkent,3,58
487919,2.1965166817711115,1,android,new,bukhara,4,53
560399,1.6039627394687572,0,android,old,samarkand,4,17
515313,1.553751569069244,1,android,old,samarkand,1,23
109984,1.5555910502328856,0,ios,old,tashkent,3,47
551241,3.0266026012248517,0,android,old,tashkent,3,80
307930,1.1752353847919252,0,ios,new,tashkent,4,16
777002,2.224513783943834,0,android,old,bukhara,3,41
508584,2.6564008132248427,0,android,old,tashkent,4,72
82180,2.4428192432572375,0,ios,old,tashkent,5,69
398681,1.8326134055772916,0,ios,new,samarkand,5,54
588365,3.400578442953778,0,android,old,bukhara,4,62
20120,1.2009864633651497,0,android,new,tashkent,1,29
564194,1.8256018872747364,0,ios,old,samarkand,3,30
643741,3.240387835543876,0,ios,old,bukhara,4,89
844331,1.5001188518972128,1,ios,new,tashkent,5,53
605888,1.8910549907538974,0,android,old,tashkent,5,16
76895,2.6687335549640543,0,ios,new,tashkent,5,88
773422,1.7390221958007217,0,android,old,samarkand,2,12
352316,2.249780077775987,0,android,new,bukhara,1,49
270517,2.1529664045566976,0,android,new,bukhara,5,56
548335,3.1162311667846407,0,ios,old,bukhara,5,64
319079,0.5883043956546629,0,ios,new,samarkand,4,13
495605,3.0607992908727777,0,ios,old,samarkand,1,97
215568,2.607433674548032,0,android,new,bukhara,5,61
651261,0.6349371087253374,0,ios,new,tashkent,5,6
187940,0.9911476144471527,0,android,new,samarkand,3,8
369189,2.086462147990731,0,android,old,samarkand,1,29
110851,0.9710133013976648,0,ios,new,samarkand,3,42
86376,2.2996496519934566,0,android,new,samarkand,3,80
549711,2.0009000028707895,0,android,new,samarkand,1,60
959625,1.5613041840746291,0,ios,old,samarkand,2,9
305554,1.7595382302905824,0,ios,new,samarkand,5,53
935553,0.8177128354198732,0,ios,new,tashkent,3,16
166289,1.4915364476114776,0,ios,new,bukhara,2,39
167628,2.95515108012466,0,ios,old,samarkand,2,91
948083,3.4703704656685863,0,android,old,bukhara,2,83
483606,2.672445196376093,0,android,old,bukhara,3,47
237831,1.9830257765398787,0,ios,old,bukhara,4,20
748539,2.7603529878980817,0,android,old,bukhara,5,46
264387,2.717667915153713,0,ios,old,tashkent,5,98
376973,2.790358742345158,0,ios,old,tashkent,2,86
477242,3.432963512866348,0,android,old,tashkent,4,93
283846,2.620129834693616,0,ios,old,tashkent,3,94
346135,1.4582186753151465,0,android,new,samarkand,3,52
150013,1.2705052611319412,0,ios,new,tashkent,4,57
389833,2.1623145658846266,0,ios,new,samarkand,5,72
622489,1.4974711913904595,0,ios,new,samarkand,5,45
714704,2.332866961897272,1,android,old,tashkent,5,24
530623,2.171111830815363,1,android,old,bukhara,3,29
88214,1.7921680786924024,0,android,new,tashkent,1,74
492084,2.098547226580659,0,ios,old,tashkent,3,64
569041,2.973705682978255,0,android,old,bukhara,2,53
392432,2.1381272693680944,1,ios,new,tashkent,3,91
629725,1.6213971198674035,0,android,new,tashkent,2,75
119909,1.6362638003605863,0,android,old,tashkent,4,23
515008,0.7286187650764443,0,android,new,tashkent,2,16
796004,2.897270269394158,1,android,old,tashkent,3,65
106664,3.041556989089441,0,ios,old,bukhara,1,83
43403,1.602344776956434,0,android,new,samarkand,3,34
209357,1.9246429290345235,1,android,new,samarkand,4,62
75593,2.854815095398009,0,android,new,bukhara,5,74
469938,2.173174595393067,0,android,new,samarkand,4,67
792443,1.541225437208914,0,android,new,samarkand,4,48
460637,2.50448036774325,0,android,old,tashkent,1,54
57243,1.228042111175075,0,ios,new,samarkand,4,34
387127,1.9731107483027228,0,ios,new,samarkand,5,54
552500,1.8035186422509462,0,ios,old,samarkand,1,37
698118,3.4139731348864677,1,android,old,samarkand,4,99
983051,2.485895472172627,0,ios,old,bukhara,2,42
310559,2.4366847162708356,0,android,new,bukhara,5,68
944977,2.6004986585062384,0,android,new,bukhara,3,73
234128,1.8387113941661162,0,ios,new,samarkand,3,57
267692,1.1532783657362324,1,ios,new,bukhara,5,23
55453,3.48429351689889,0,android,old,samarkand,4,97
477368,2.133771906623468,1,ios,old,tashkent,2,61
893835,2.442984602564577,0,ios,new,samarkand,1,81
194318,2.548056990172554,0,android,new,samarkand,3,77
814112,1.9982832974841744,0,android,new,tashkent,3,75
168672,2.821916946878867,0,ios,old,bukhara,5,46
539958,2.654210552331717,0,android,old,tashkent,3,74
817116,1.6079266023271672,0,ios,new,tashkent,4,73
405933,1.325874536437689,0,ios,new,tashkent,4,48
372091,1.4794125027358678,0,android,new,bukhara,4,26
409868,2.4002027234280043,0,android,old,samarkand,5,28
558038,1.1658522193723497,0,android,old,tashkent,1,27
72281,2.2625000994519056,0,ios,old,tashkent,1,61
740288,2.103822538645781,0,android,new,bukhara,3,50
258415,2.862297373233584,0,android,old,bukhara,3,53
588113,2.9134863351110716,0,android,new,samarkand,4,94
951665,1.5228293395556491,1,ios,old,tashkent,1,21
536236,3.460283788942726,1,android,old,bukhara,4,63
208754,2.5111727301958475,1,ios,old,tashkent,4,59
648436,1.060071143659572,0,ios,new,samarkand,4,24
833713,2.20916567224575,0,ios,new,bukhara,1,73
613286,1.9883378182899636,0,android,new,samarkand,5,67
908125,2.1601189009819657,0,android,old,bukhara,5,9
389870,1.779316739194766,0,android,new,samarkand,3,39
182212,3.086750474172937,0,android,new,bukhara,4,94
313718,1.3688152466533234,0,android,old,tashkent,2,12
331676,2.7696038193912322,0,android,new,bukhara,3,88
427325,2.1823797364832394,0,android,old,bukhara,5,20
831551,2.261569589416478,1,ios,new,tashkent,5,83
533164,1.5354327667527337,0,ios,new,samarkand,1,70
318776,2.395113579843059,0,android,new,bukhara,5,47
53309,4.022421023007183,0,android,old,bukhara,5,98
508691,2.2368387104081777,0,ios,old,samarkand,3,86
491555,2.4517552489800143,0,ios,old,bukhara,1,47
238342,2.3723196801843702,0,android,old,tashkent,5,41
726501,2.1624163775800147,0,ios,old,tashkent,3,71
252401,2.2458047347990897,1,ios,old,bukhara,4,41
753490,1.956688958458181,0,ios,new,bukhara,4,46
152919,2.6669370644152113,0,ios,old,samarkand,1,86
95209,2.7223540174332324,0,ios,new,bukhara,5,95
273149,2.481348106051538,1,ios,old,tashkent,5,68
156931,2.811242544254012,0,android,old,bukhara,1,48
588879,2.2671387031069727,0,android,new,bukhara,2,54
955696,2.438332304485387,0,android,new,samarkand,5,67
963124,1.8630125040770873,0,ios,old,bukhara,5,13
549617,2.3549705372570457,0,android,old,samarkand,1,60
388692,1.9025506346404728,1,android,new,bukhara,4,41
616329,1.2790229119647014,0,ios,new,tashkent,2,58
768445,1.6891095269076764,1,ios,new,bukhara,5,46
267055,0.6384695200918119,1,ios,new,samarkand,2,16
967313,1.4876762241008186,0,android,new,bukhara,2,14
113707,2.0469336919088934,0,android,old,samarkand,1,43
409604,2.4976916293680755,0,ios,old,bukhara,1,55
677903,3.213392487472994,0,android,old,tashkent,5,83
35306,1.6289411863358176,1,ios,new,samarkand,1,72
930943,1.6007198273473355,0,ios,old,tashkent,3,39
706562,2.8016234827565034,1,ios,old,samarkand,2,73
219310,1.3917589069810077,0,android,new,bukhara,2,31
478655,0.6197935066821754,0,ios,new,bukhara,1,20
219028,1.459107064152401,0,android,new,samarkand,5,13
365606,2.7670187146854466,0,android,old,samarkand,2,60
942734,1.7785729605396416,0,android,new,bukhara,5,17
105031,2.5587966854169255,0,ios,old,bukhara,4,24
330090,2.0944909899109647,0,ios,old,samarkand,4,54
910314,1.7434994309056893,0,ios,new,bukhara,5,20
682061,2.2308264187862954,0,android,new,bukhara,3,59
863204,0.5412312562622932,0,ios,new,tashkent,5,12
860227,2.1799806336645897,0,android,new,tashkent,5,61
662763,1.2800840182378286,0,ios,new,samarkand,3,39
932756,2.705369287241675,0,android,new,samarkand,1,83
878419,2.4586527240759426,1,ios,new,bukhara,5,84
767883,1.7865819445965265,0,android,old,bukhara,2,10
330732,2.8028021145913673,0,android,old,bukhara,3,31
41495,2.713361273251531,0,ios,old,bukhara,3,68
392162,2.4338415182157553,0,android,new,tashkent,1,93
766375,1.8495714988913998,0,ios,old,tashkent,3,44
235076,0.8896907014164314,0,android,new,tashkent,2,22
400804,1.0912824422541079,0,ios,new,samarkand,5,18
702632,1.2277344593108463,0,android,new,tashkent,4,14
741422,2.399216731066751,1,ios,new,samarkand,3,64
733250,0.99892731844223,0,ios,old,tashkent,3,6
936696,2.167098995544697,1,android,old,samarkand,5,7
884265,1.7206829625616737,0,ios,new,samarkand,2,50
438036,2.425073275719348,0,android,old,bukhara,1,37
204015,2.7242079168846614,0,ios,new,bukhara,3,87
194193,2.021324836354924,0,android,old,samarkand,4,52
253592,1.0985141510128187,0,ios,new,tashkent,2,45
517744,2.1008056211590613,0,ios,new,samarkand,4,63
769887,1.5726766544870743,0,android,new,tashkent,3,38
594948,1.9959314320649533,0,ios,old,samarkand,3,44
821359,1.464979435064064,0,ios,new,samarkand,4,51
360415,0.8167611070433707,1,android,new,tashkent,4,6
564116,2.076549586665991,0,android,old,bukhara,5,8
175160,2.9569752109951795,0,ios,old,samarkand,1,98
542737,1.005542807160405,0,ios,old,tashkent,5,12
720339,1.8909419002173897,0,android,old,samarkand,1,37
559385,0.8085785828734342,0,ios,new,bukhara,3,17
194197,2.4287077956237804,0,android,old,bukhara,1,37
286755,2.168033094895107,0,ios,new,bukhara,5,61
879180,1.0125781486891654,0,ios,old,tashkent,1,10
467948,0.5461410240060401,1,ios,new,bukhara,1,17
114590,2.7652038759324267,0,android,old,tashkent,1,96
879229,1.3695272746046887,0,ios,new,samarkand,3,65
253064,2.5761346889741517,0,ios,old,tashkent,2,77
702377,1.647001427898394,0,ios,old,samarkand,3,6
424306,1.3933970534987012,0,android,new,tashkent,3,45
547264,1.2238450854127885,0,ios,old,tashkent,2,6
315942,1.7409408588388828,0,ios,old,tashkent,4,21
896836,2.953762282256107,1,ios,old,samarkand,4,89
939986,2.8009238061304003,0,android,new,bukhara,4,90
120003,2.124389532750475,0,android,new,bukhara,4,46
861777,1.9081315171514426,0,android,old,bukhara,5,9
321373,2.217536351191363,1,ios,old,tashkent,4,30
687725,2.2661597931738298,1,ios,old,bukhara,3,31
136621,2.6639138733400856,1,android,old,tashkent,3,75
789499,2.8487327654351025,0,android,new,bukhara,1,88
373871,2.597273095924252,0,ios,old,samarkand,1,77
10721,2.1885751296167344,0,android,old,bukhara,5,14
684421,1.9617429446814794,0,ios,old,tashkent,1,68
161879,2.157505018286494,0,android,new,samarkand,4,68
433090,1.7343724586250464,0,android,new,bukhara,2,44
227146,2.2877603892285276,0,ios,new,bukhara,2,90
57768,1.6617094790058322,0,android,new,samarkand,3,31
852845,3.308625528199289,0,ios,old,bukhara,5,89
515553,2.5093560660471446,1,android,old,tashkent,3,72
47100,1.4533554193557827,0,android,new,bukhara,3,18
315181,2.080116325575071,0,ios,old,samarkand,4,40
765327,2.321603829147527,0,android,new,samarkand,4,86
400155,2.7462587748348377,0,ios,old,samarkand,4,70
848913,0.8965228992018236,1,ios,new,samarkand,4,10
345334,2.741642722767142,1,android,new,bukhara,3,82
564885,2.572026173103887,0,android,new,samarkand,3,83
864946,0.8712518162000914,0,ios,new,tashkent,4,21
55066,2.209408336778572,0,android,new,samarkand,5,57
783620,1.2774565414712078,0,android,new,bukhara,3,12
982941,2.7354545137335764,0,ios,old,samarkand,5,81
300407,2.9699695808425215,0,ios,old,tashkent,5,73
857451,2.003838338227649,1,ios,old,bukhara,2,28
484651,3.2951621166990095,0,android,old,bukhara,5,60
944068,1.732347109240157,0,ios,new,samarkand,5,37
313927,1.596847327613999,0,ios,new,bukhara,1,49
806593,1.785596330947626,0,android,old,samarkand,3,23
311720,2.367378360490467,0,android,old,bukhara,4,22
479028,1.2692753837059985,0,ios,new,tashkent,2,43
845283,3.2403770847967936,0,android,old,samarkand,5,98
88518,1.839844467502728,0,android,new,samarkand,4,57
332545,1.5795146862391203,0,ios,old,bukhara,5,7
747677,2.456088290367082,1,android,old,bukhara,4,40
376715,2.2855405573889205,0,android,old,tashkent,5,50
702066,3.3766524750860336,0,ios,old,bukhara,1,91
155581,2.6226279103453427,0,ios,old,samarkand,2,85
407488,2.4205947889250607,0,android,new,bukhara,4,66
396527,2.5510258693790697,0,android,new,samarkand,5,89
51325,1.1410784330962649,1,android,new,tashkent,3,12
701007,1.8497325504816071,0,android,old,samarkand,2,25
14729,1.7465490949097475,0,android,old,tashkent,1,52
987114,0.5638292958455037,0,ios,new,tashkent,4,16
649571,1.669369060310165,0,android,new,samarkand,2,49
65706,2.5527087469571152,0,ios,new,tashkent,5,97
398078,1.0750696084070945,1,android,new,bukhara,2,16
913740,2.649600563798005,0,android,new,samarkand,4,98
637214,2.377468140473738,0,ios,old,tashkent,4,58
42459,1.5906002037558649,0,ios,new,bukhara,3,41
614909,1.7316181671067947,0,android,new,tashkent,5,45
272277,2.4233309714117377,1,android,old,bukhara,4,27
525738,1.8217618423497912,1,android,new,samarkand,5,52
436521,1.8137216225453612,0,android,new,samarkand,4,46
762500,2.9733566374827873,0,ios,new,bukhara,2,85
851713,3.4920504140977453,0,ios,old,bukhara,5,87
226894,2.7309586710253835,0,android,new,bukhara,2,91
352262,2.6537966334756735,0,android,old,tashkent,5,54
178398,2.290741231335757,0,ios,old,tashkent,3,75
535678,1.4123768237432885,0,ios,old,tashkent,2,10
736360,1.1024962516476606,0,android,new,tashkent,3,21
988819,1.5157214728440813,0,ios,new,samarkand,5,40
983416,2.4982962385239147,0,ios,new,bukhara,1,99
855688,2.675003093377236,0,ios,old,tashkent,1,95
49434,0.9221985723261772,0,android,new,samarkand,1,18
868071,0.5047654204198351,0,ios,new,tashkent,4,10
738184,2.1303838258412022,0,ios,new,samarkand,5,84
736242,3.3905133781517334,0,android,old,tashkent,2,93
432328,3.343668662839412,0,ios,old,bukhara,3,87
317675,2.043073305759406,0,ios,old,tashkent,1,73
850224,3.2621672010095724,1,android,old,bukhara,5,69
62995,0.3403101855079049,0,ios,new,tashkent,1,5
600770,3.3957729848827998,0,android,old,samarkand,4,91
263381,1.8301958710989732,0,android,old,tashkent,5,21
396326,2.6203844507972884,0,ios,old,tashkent,5,54
146831,2.8789737030021496,0,android,old,bukhara,1,61
423580,2.3243202927393556,0,android,new,bukhara,5,46
841859,3.6084066381762008,0,android,old,bukhara,5,79
649143,2.4759521367788375,0,ios,new,tashkent,5,88
75411,2.576593266007782,0,ios,new,tashkent,5,91
449362,2.4558287749925922,0,android,old,bukhara,4,25
954100,1.6174976744791247,0,ios,old,samarkand,2,18
798990,1.149230728535395,1,android,new,tashkent,3,40
616089,3.081324996337885,0,android,old,tashkent,3,85
320159,3.524019053254917,0,android,old,samarkand,1,98
313276,2.6793725826332664,0,android,old,samarkand,4,55
15867,2.158182487039236,0,android,new,tashkent,4,64
839376,3.0779169536710613,0,ios,old,tashkent,2,81
578692,3.398722796554491,0,android,old,bukhara,1,85
507583,2.521684281417864,0,android,old,bukhara,5,20
932813,0.6559314585532174,0,ios,new,tashkent,1,8
806380,2.5055906756034423,0,android,old,samarkand,5,29
950770,2.1789008663445677,0,ios,new,samarkand,4,83
386257,1.3118615095527022,0,ios,new,bukhara,3,27
400684,1.9509783287921958,0,android,new,bukhara,2,34
810880,1.8608358504665874,0,android,new,tashkent,1,65
183308,2.553674328047367,0,android,new,bukhara,1,85
559958,3.3386156369751494,1,android,old,bukhara,2,72
279035,1.8704245364064618,0,ios,old,tashkent,3,43
753493,2.535046574668035,0,android,old,samarkand,2,55
551442,0.8365578217704954,0,ios,new,tashkent,2,31
856343,1.4653024694321952,0,ios,new,tashkent,1,55
319753,1.6911843913102003,0,android,new,bukhara,3,39
970769,1.818586187964729,0,android,new,bukhara,5,36
472345,1.6185776592826548,1,ios,new,bukhara,2,54
757929,0.7892017109426155,0,android,new,tashkent,2,11
465550,0.990196003756828,0,ios,old,tashkent,1,14
273737,2.1490379707945446,1,android,new,tashkent,1,92
543197,3.279235102182438,0,ios,old,bukhara,2,94
923510,2.791513355896347,0,ios,old,bukhara,5,38
624785,1.5179664451712684,0,ios,old,bukhara,1,7
171587,2.607767054838321,0,android,old,tashkent,2,57
585493,2.9078661087076454,1,android,old,samarkand,3,62
485975,1.0930083157088375,0,ios,new,tashkent,2,34
499091,0.9867997639825257,0,ios,new,tashkent,4,10
560385,2.248006759515602,0,android,old,tashkent,2,40
546279,2.180467953308976,0,ios,old,tashkent,4,33
136546,2.4663162468029585,0,android,old,tashkent,3,61
114760,1.396252602067833,0,ios,new,bukhara,1,44
349089,1.5314253987583453,0,ios,new,tashkent,2,81
283677,3.2470600147292643,0,android,old,samarkand,3,72
412575,1.6432826092251227,0,ios,old,samarkand,4,27
481345,3.0439990069575433,0,android,old,bukhara,3,62
33832,1.7745764570833005,0,android,new,bukhara,2,63
324512,1.8696762148470345,1,android,old,tashkent,4,31
33200,1.9999609739560422,0,android,old,tashkent,3,34
201176,0.6741126779748992,0,android,new,samarkand,2,23
330870,1.5393991559004243,0,android,new,samarkand,2,48
289588,1.6180513801603618,0,android,new,tashkent,4,42
736276,1.1389015668904001,0,ios,new,samarkand,4,50
703957,2.075215529408516,1,android,new,bukhara,3,47
987561,2.4168264000676722,0,android,new,tashkent,1,90
255283,2.9791668515781953,0,android,new,bukhara,5,73
777316,2.7956250927937374,0,android,new,bukhara,2,89
555379,1.157057630731119,0,android,new,tashkent,4,11
242203,2.202712900812312,0,android,old,bukhara,2,39
771317,1.9323749170705953,0,ios,old,samarkand,3,32
89931,2.360312142940022,0,android,old,tashkent,3,36
805269,1.6439999727035841,0,ios,new,samarkand,3,74
307100,1.74567803150758,0,android,new,bukhara,4,22
41413,1.8884996914728012,1,ios,new,samarkand,3,79
455817,1.2233879143427528,1,ios,old,tashkent,2,31
847253,1.9548543754701893,0,ios,old,samarkand,2,34
501586,0.9997578126732594,0,ios,new,bukhara,2,16
379320,1.9647207163431917,0,ios,old,bukhara,1,39
643957,3.1393965088636038,0,android,new,samarkand,5,98
489675,2.305159950152338,1,ios,new,samarkand,5,65
624761,2.5201849111668193,0,ios,old,bukhara,1,60
326779,2.540000587222853,0,ios,old,tashkent,3,76
207667,2.5146269613114938,0,android,new,samarkand,4,75
495034,3.615728856079723,0,ios,old,bukhara,5,93
294264,0.7263721766990834,0,ios,new,tashkent,2,15
710974,2.5186515683301085,0,android,new,tashkent,5,75
293198,2.097082401450703,0,ios,old,samarkand,5,37
409271,1.3228256536346281,1,android,new,samarkand,3,23
208949,1.5202284738760412,1,android,old,tashkent,1,34
95051,1.8001655625512174,0,ios,old,samarkand,4,10
350706,2.706407808845401,1,ios,old,tashkent,3,92
299153,0.7047772056303963,0,ios,new,tashkent,4,9
388963,2.254232338098007,0,android,old,samarkand,4,38
12522,0.8907507673749455,0,android,new,tashkent,4,9
180292,2.3912021788737468,0,ios,old,bukhara,2,62
332200,2.5505419636966242,0,android,new,samarkand,3,86
759953,2.1876176120757123,0,ios,new,bukhara,2,59
377772,3.080157969673499,0,android,old,bukhara,5,40
277424,3.618098055951404,0,android,old,tashkent,4,97
660933,1.9079707446981224,0,android,new,samarkand,1,67
423575,1.0840012180387761,0,ios,new,bukhara,3,12
688886,2.879612905368485,0,ios,new,bukhara,5,88
119889,1.7128084207642262,1,ios,new,bukhara,3,54
614885,1.5149722102481527,0,ios,new,bukhara,3,39
985713,0.3368551338529059,0,ios,new,samarkand,1,13
219808,2.3453720842761165,1,ios,old,tashkent,2,84
371189,2.798314470425734,0,ios,old,bukhara,5,48
977816,2.1447580791043257,1,ios,new,bukhara,5,61
624512,2.9670699181849987,0,android,old,tashkent,1,83
771098,1.4776196439493632,0,ios,new,tashkent,4,38
915398,2.325945709565504,0,android,old,tashkent,5,42
13048,1.7617522111448818,0,ios,old,tashkent,2,57
792677,1.8670979605231643,0,android,new,samarkand,3,55
633857,1.7451594187598303,0,ios,new,tashkent,1,88
635358,2.0499426975499855,0,ios,new,bukhara,2,92
856497,1.33315294835598,0,android,new,samarkand,3,14
433983,1.2348529738542717,0,ios,new,bukhara,4,23
547082,1.3390423161594627,0,ios,new,tashkent,5,57
129678,2.6936688393187858,0,ios,new,bukhara,1,97
14776,2.4732784866825392,0,ios,new,bukhara,2,88
207040,2.2313293471745395,0,android,old,tashkent,3,33
346142,1.1236567317365562,0,ios,new,samarkand,5,38
967437,2.1605147655358885,0,android,old,bukhara,2,21
828223,1.9015736929801852,0,android,old,tashkent,5,27
745127,1.0504490626211183,0,android,new,samarkand,1,31
931583,2.1531439719207195,0,android,new,samarkand,4,43
755598,2.7010981279077866,0,ios,old,bukhara,1,93
637425,1.2231426249474646,0,ios,old,samarkand,2,5
315372,1.734347039785114,0,ios,old,bukhara,5,19
195342,1.0847800194482324,0,ios,new,samarkand,5,5
184431,3.645854081297531,0,android,old,bukhara,2,79
166014,2.5028027013785863,0,android,new,tashkent,5,89
841024,1.794729532093006,0,android,new,tashkent,1,75
997453,1.2793747395539135,0,android,new,samarkand,4,22
954111,2.6425989884447043,0,ios,old,tashkent,4,83
65340,2.295953000256944,0,ios,old,tashkent,1,80
416678,0.5200438111085488,0,ios,new,samarkand,5,8
529929,3.1359184178992665,0,ios,old,bukhara,3,85
595849,3.3581871994902506,0,ios,old,bukhara,5,86
44057,2.474909447865459,1,ios,old,bukhara,5,44
41234,1.4403445215495467,0,ios,new,samarkand,4,57
162258,2.3862955413155653,0,ios,new,bukhara,3,89
501734,2.172837707707131,0,ios,old,samarkand,1,56
90394,2.6463183083510877,0,android,old,samarkand,2,50
321770,2.4937835755185964,0,ios,old,samarkand,4,51
278635,2.044031101182641,1,android,new,samarkand,1,66
784481,3.0601047934884233,1,android,old,tashkent,4,90
978442,2.8943315968838887,0,android,old,tashkent,4,86
75535,1.4295732449847587,0,android,new,samarkand,2,27
698388,2.898981530837239,0,ios,old,tashkent,4,94
31295,1.7107779897624442,1,ios,new,tashkent,3,79
131451,1.7051579843160705,0,android,new,tashkent,4,61
571320,2.564781807305521,0,ios,old,bukhara,1,48
544699,3.6364935222760706,0,android,old,bukhara,2,99
344785,1.1128590488117778,0,ios,old,samarkand,1,13
828462,2.3511127831879652,0,ios,old,bukhara,4,42
464401,3.9752145531219485,0,android,old,bukhara,5,99
185315,1.5720755149550856,0,android,new,tashkent,3,47
889007,1.3978005805482876,0,android,new,tashkent,1,40
658907,2.240655033586417,0,android,old,tashkent,1,54
574279,1.5664168422405873,0,android,new,samarkand,2,44
39273,3.0157502034053674,1,android,old,tashkent,5,82
231579,3.5572571991648068,0,ios,old,bukhara,5,90
108405,2.155546579126183,0,android,new,samarkand,4,75
771871,3.2604468078455184,0,android,old,bukhara,5,60
46817,1.3087203384326362,0,android,old,tashkent,1,15
524267,2.36938004995013,0,android,new,bukhara,1,70
331534,2.1110594198408537,0,ios,old,samarkand,4,55
708762,1.2934876308097532,0,ios,new,tashkent,4,61
850638,2.2795233038964646,0,android,new,tashkent,5,62
81361,1.0716876902282633,0,android,new,bukhara,1,5
26812,0.6052567286657691,1,android,new,tashkent,3,6
263774,1.756703277247079,0,android,new,bukhara,3,34
788038,1.793651647981909,0,android,new,samarkand,4,36
77639,2.2479498971431817,0,android,old,samarkand,1,48
665383,2.2069470178052577,1,ios,new,tashkent,4,87
84448,3.707088016221886,0,android,old,samarkand,2,93
960436,2.7638785317605685,0,android,old,bukhara,4,55
415548,1.7607505473897895,0,ios,new,bukhara,2,63
994772,1.9190886922854453,0,ios,new,tashkent,5,63
555511,0.7117999040404004,1,ios,new,samarkand,2,19
276382,1.716054779755074,0,ios,old,tashkent,4,54
607752,0.648409061303896,0,ios,new,samarkand,3,25
622304,2.245579544738832,1,ios,old,tashkent,1,68
349186,1.8375860840456935,1,android,new,bukhara,3,29
481131,3.049809684604982,0,android,old,bukhara,5,59
872130,1.3668426316100344,0,android,new,samarkand,2,31
220402,1.89853307729033,0,ios,old,tashkent,5,52
940790,2.77234521302414,0,ios,old,samarkand,4,71
132510,1.3264796880259937,0,ios,new,samarkand,3,44
604755,3.2048361798502647,0,android,old,samarkand,3,73
552766,1.833447096225402,1,ios,old,bukhara,1,34
800323,3.027765477829276,0,ios,new,bukhara,4,98
507135,1.5382109266403992,0,android,new,samarkand,4,34
14514,2.7143313653255836,0,android,old,bukhara,5,24
593483,2.0821747970658024,0,android,new,tashkent,4,71
785747,1.9255190151736539,0,ios,old,samarkand,4,24
303240,3.041330864992502,0,ios,new,bukhara,4,98
776140,1.801721725755509,0,android,old,samarkand,1,20
904630,1.6426760701139667,0,android,old,bukhara,3,13
853613,1.2789147712827833,0,android,new,tashkent,1,53
531723,2.0509253397115246,0,android,old,bukhara,3,14
683869,3.3143991256095675,0,android,old,bukhara,2,79
681222,1.689583873203257,0,ios,old,samarkand,4,17
447113,1.5472154892439118,0,android,old,samarkand,3,7
693561,2.7903683927235914,0,android,old,tashkent,1,91
989776,1.698268034124712,0,ios,old,tashkent,2,57
577865,2.4252863104524027,0,ios,old,bukhara,2,50
629013,2.0003602917606877,0,android,new,samarkand,3,62
417543,1.9862589868222083,0,ios,old,samarkand,1,47
767938,1.0725615870834628,0,android,new,bukhara,1,14
949715,1.9519773751223481,0,android,new,bukhara,3,50
173833,2.532710558429889,0,ios,new,samarkand,4,77
120289,2.109779609792241,0,android,old,samarkand,3,13
277423,1.7797432850881512,0,android,old,samarkand,2,28
362515,3.0000322472210987,0,android,old,bukhara,1,59
73979,1.7112009844166833,0,android,new,samarkand,4,43
978316,3.167559350249021,0,ios,old,tashkent,3,90
295308,2.185361356266795,0,android,new,samarkand,4,60
825508,3.513608790836825,0,ios,old,bukhara,5,78
137698,2.353853351477432,1,android,new,bukhara,3,51
745393,3.3577363546467005,0,android,old,samarkand,5,88
528039,0.5237177927276794,0,ios,new,tashkent,3,5
807915,2.3761173713951798,0,ios,old,tashkent,5,51
949326,1.7259614365286593,0,android,old,samarkand,1,28
514941,2.128265501736981,0,ios,new,bukhara,1,78
994084,3.484574666067144,0,ios,old,samarkand,4,98
31301,1.9299897655030132,0,ios,old,samarkand,1,60
601961,2.218549411545922,0,android,old,tashkent,3,23
612643,2.5308445465368745,0,android,new,tashkent,4,95
937598,1.2953312809903896,0,ios,new,samarkand,5,41
760850,3.7765198042483696,0,android,old,samarkand,5,94
221789,2.731143033374149,0,android,old,bukhara,2,57
646689,3.5293457873975758,0,android,old,bukhara,5,79
433108,2.7148061260103153,0,android,old,tashkent,1,90
663694,1.8150804549660946,0,android,old,tashkent,3,39
883526,2.9225449829679087,0,android,old,samarkand,2,73
735079,0.5317904250595998,0,ios,new,samarkand,3,11
468156,2.717093164480055,0,android,old,tashkent,2,80
317843,2.2919328530838,0,ios,old,bukhara,3,48
862798,0.6599071247165563,0,ios,new,samarkand,1,22
505544,2.2082698156589013,0,ios,old,samarkand,1,68
59386,2.924170479962671,0,ios,old,samarkand,1,96
20932,2.0741863889309653,0,ios,old,bukhara,3,22
878583,2.126362907775941,0,android,old,samarkand,3,33
783222,1.6576599128905438,0,ios,new,bukhara,1,55
715805,1.8849264705019373,0,android,old,samarkand,5,15
66022,2.374263782931799,0,android,new,samarkand,2,76
64123,1.679824204354021,0,ios,new,samarkand,1,66
537957,0.3774363219558717,0,ios,new,tashkent,2,12
533407,2.5005844323271127,0,android,old,bukhara,1,55
242485,2.5796753820315237,0,android,old,tashkent,4,60
392982,0.9503981497827461,0,ios,new,samarkand,2,8
462064,0.9595999966148936,1,ios,new,tashkent,4,15
864866,1.1698805811651074,1,ios,new,bukhara,4,17
802674,2.880024828392313,0,android,old,samarkand,3,77
786631,3.252982506011053,0,android,new,bukhara,5,99
847818,2.7798163546590104,0,android,new,bukhara,4,62
12601,2.6955661872060777,0,android,new,samarkand,2,79
998081,0.7904947775688662,1,android,new,bukhara,1,15
870539,2.4608599518638177,0,android,old,tashkent,3,43
925128,3.327562368536007,0,android,old,bukhara,2,80
130490,2.8340965812388577,1,ios,old,tashkent,4,91
134172,2.6293529144219647,0,android,old,samarkand,3,63
328941,1.356462762617831,0,ios,new,bukhara,1,23
387312,3.5154481170523244,0,android,old,bukhara,5,88
62383,1.996057937309004,0,android,new,bukhara,1,46
545384,3.2089269813716625,0,android,old,samarkand,5,77
405741,0.6278507741727318,0,ios,new,samarkand,2,17
436906,2.009845182312818,0,android,old,samarkand,1,41
873331,2.947707060228786,0,ios,old,samarkand,2,99
364721,1.5779763320323708,0,android,new,bukhara,4,20
757947,2.456779663497375,0,android,old,samarkand,3,47
143316,0.8899593546462566,0,android,new,tashkent,3,12
476371,2.9567605562493764,0,android,old,bukhara,3,55
719538,0.8035441790204778,0,ios,new,bukhara,4,7
661580,2.4087301696360996,0,ios,new,bukhara,3,83
213390,2.0457162423397923,0,android,new,tashkent,4,68
902622,2.3642934654582346,1,ios,old,bukhara,5,47
620046,2.170235965210176,0,android,new,bukhara,4,49
980854,3.031372501867774,0,ios,old,bukhara,3,86
277159,2.9952638867820296,0,android,old,bukhara,3,59
172456,2.1422680855518017,0,android,new,samarkand,1,67
36241,2.2116807137791623,0,android,old,samarkand,4,39
455677,1.6580333500891855,0,ios,old,samarkand,5,31
277794,3.524754829232532,0,android,old,bukhara,2,94
406126,3.300266802748366,0,android,old,samarkand,4,97
451595,1.1813636299875387,0,android,old,samarkand,1,10
950079,2.8280998830383344,0,android,old,tashkent,4,64
629910,3.0054917360296645,0,ios,old,samarkand,5,75
173034,1.0253854434838339,0,android,new,samarkand,3,13
502165,2.759783255035975,0,android,old,samarkand,2,66
242932,1.2291289662719513,0,ios,new,samarkand,3,39
170403,1.2579980702336822,0,ios,new,bukhara,2,27
647259,1.1358923221729644,1,ios,new,bukhara,2,10
147315,2.417465382920608,1,android,new,bukhara,3,70
676839,2.4454200860300994,0,android,new,bukhara,2,69
249550,2.084597746744335,0,android,old,samarkand,2,31
578335,2.346666060053307,0,android,new,samarkand,3,68
305740,2.573438562631961,0,android,new,samarkand,4,87
103628,2.174290892433643,0,android,old,tashkent,4,20
463594,1.9771505010720691,0,android,new,samarkand,5,60
744721,2.9864042379121303,0,android,new,tashkent,4,98
526876,3.0706985909193456,0,android,old,samarkand,4,68
284235,2.9300787609789936,0,android,old,samarkand,1,92
194650,2.67846634087339,0,ios,old,bukhara,5,55
771725,1.317439410819497,0,android,old,samarkand,2,5
70017,2.7542201120641083,0,android,old,samarkand,5,71
286534,3.1790171619624945,0,android,new,bukhara,3,89
957678,1.2530393945849287,0,ios,old,samarkand,1,12
701191,1.438047628866585,0,ios,old,tashkent,2,26
155299,1.3241477505369978,0,android,old,tashkent,1,15
200878,2.663071121200026,0,android,new,bukhara,1,94
582992,2.5071619651111634,0,ios,old,tashkent,4,50
749966,1.7712951631325962,0,ios,old,tashkent,2,38
288156,2.030695870001988,0,android,new,tashkent,1,89
979043,2.930222640438422,0,android,old,tashkent,3,55
469874,1.61287577783944,0,ios,new,tashkent,5,48
449512,2.6477133532035855,0,android,new,samarkand,2,90
767816,1.553003739502551,0,ios,old,bukhara,2,8
581118,1.254154749285757,0,android,new,bukhara,4,7
371387,2.201919212720722,0,android,old,tashkent,3,49
619880,1.952367200826219,1,android,new,bukhara,5,30
723762,2.6926857361522525,0,android,old,bukhara,5,31
502030,1.223057433448354,1,ios,old,bukhara,2,8
552422,2.2773176017424137,1,ios,new,samarkand,4,97
604208,2.623122511261015,0,android,new,bukhara,1,77
650356,0.8265302711575248,0,ios,new,samarkand,4,22
338106,1.3224265424529298,1,android,new,samarkand,4,18
232332,3.3088520566088935,0,ios,old,bukhara,2,99
692573,0.9556543262483865,0,android,new,samarkand,1,22
965999,1.7060219926960374,0,android,old,bukhara,4,12
785141,2.678370169308223,0,ios,old,samarkand,2,77
329481,2.1217431965569227,0,ios,new,bukhara,3,72
786930,3.4484921233874255,0,android,old,bukhara,4,82
95237,2.14363782887428,0,android,new,samarkand,1,76
858177,2.7156380642253177,0,ios,new,bukhara,4,80
134663,2.6833301981084356,1,android,new,bukhara,4,75
14485,2.1275418339568626,0,android,old,bukhara,2,27
48901,2.84991194053277,0,android,new,bukhara,2,87
68932,3.453803094156285,0,android,old,samarkand,2,86
154193,1.5239436272986884,0,ios,new,samarkand,2,46
507121,1.942085193472625,0,android,new,bukhara,2,34
937960,2.412414519023166,0,ios,new,bukhara,3,82
593925,2.9629344270940416,1,ios,old,samarkand,3,81
532078,3.5931068443064467,0,android,old,samarkand,4,92
555268,1.6381170596374313,0,ios,new,bukhara,1,40
71914,1.4152791629761268,0,ios,new,bukhara,1,38
758740,1.70157422903926,0,ios,old,bukhara,3,11
392928,1.0527795725792708,0,ios,old,tashkent,2,13
237326,3.1233929869778425,0,android,old,samarkand,1,89
526089,2.284637682365955,0,ios,new,tashkent,5,86
407295,2.5306752518874855,0,android,old,tashkent,1,67
789384,2.1957574607611408,0,ios,new,samarkand,2,93
171255,3.118871754237247,0,android,old,samarkand,4,91
963399,2.0379643142953925,0,android,old,samarkand,1,36
722001,1.5272407520278029,1,android,new,bukhara,5,13
906730,0.9959208958095375,0,android,new,tashkent,1,38
443826,3.0490351525786363,0,android,old,samarkand,5,58
751480,2.094592922225097,1,android,old,tashkent,2,46
295359,2.477761815210709,0,android,old,samarkand,5,49
562892,2.512755250237482,0,ios,old,bukhara,5,34
848368,2.4381660593038776,0,ios,old,bukhara,1,60
98332,1.9517885440182896,0,android,new,bukhara,1,57
288962,0.6689325059798572,0,ios,new,tashkent,5,12
889201,2.760473616627407,0,ios,old,bukhara,3,60
73155,2.8692061735439043,0,android,old,samarkand,2,70
61565,2.8870324543136947,0,ios,old,samarkand,1,98
561267,1.8270266547863372,0,android,old,tashkent,5,19
880113,1.1524331823729466,0,ios,new,samarkand,1,46
132927,2.356995477617668,0,ios,new,bukhara,2,98
244807,1.6327577680603913,0,ios,new,bukhara,1,57
784753,1.2039262089380331,0,ios,new,tashkent,1,55
41719,2.350759023999904,0,ios,old,samarkand,4,59
143368,1.482427429849626,0,ios,new,samarkand,4,54
263119,1.4704403825739505,0,android,new,tashkent,5,45
433852,0.3838795732854504,0,ios,new,tashkent,4,7
804091,3.0800778120769436,0,android,old,samarkand,3,82
818630,2.1203011952411988,0,android,new,samarkand,1,64
205711,2.107219977432343,0,android,old,bukhara,3,21
626939,1.0817734929289617,0,ios,new,samarkand,1,32
584476,1.1446585418695492,0,ios,new,tashkent,2,52
686728,2.57611849477109,0,ios,new,samarkand,4,97
322101,1.3849394462601692,0,ios,old,tashkent,3,24
728026,1.841822710316618,0,ios,new,bukhara,2,44
379978,2.1501780302997164,0,ios,old,tashkent,1,65
700600,2.6490023920529335,0,android,new,tashkent,4,93
746667,2.8651665753524367,0,android,old,samarkand,5,53
922212,2.3830771548420406,0,android,old,samarkand,4,58
56737,3.336453822900542,0,android,old,tashkent,3,90
760044,3.3853498660520036,0,ios,old,samarkand,5,90
748846,2.7759463150996435,0,ios,old,samarkand,1,95
40105,2.6236191543970775,1,android,old,samarkand,3,63
369150,1.443879629421665,0,ios,new,samarkand,5,40
160647,1.2611595357672543,0,ios,new,tashkent,1,67
979889,1.1727856503975902,0,ios,new,samarkand,4,39
771284,3.07167431539314,0,ios,old,bukhara,3,77
713515,2.2342980424453667,0,android,old,samarkand,3,32
984433,1.9821974930736965,0,android,new,samarkand,2,60
107774,2.3976341173682303,0,ios,old,tashkent,2,72
349487,1.4687860083379318,0,android,new,tashkent,3,32
250354,1.9683371689509461,0,ios,new,bukhara,4,48
190477,1.8156362560667567,0,android,new,samarkand,4,42
925692,1.7122256120723,0,ios,old,bukhara,2,6
119396,1.6677886103573591,0,ios,new,tashkent,3,76
397989,1.376675624704645,1,ios,new,tashkent,3,65
670033,2.7327288962306984,0,ios,old,bukhara,5,56
781833,1.1523406868467598,0,android,new,bukhara,2,8
500692,1.7042962193658575,0,android,new,bukhara,4,20
451276,3.0218664815165295,0,ios,old,samarkand,5,76
265330,1.376708360694335,0,ios,old,tashkent,2,21
711616,1.882845971234579,0,android,new,samarkand,2,85
104952,0.9652721864390877,0,android,new,samarkand,2,27
437420,1.7258777352129386,1,ios,new,bukhara,1,71
822843,1.0220465099212475,0,ios,new,bukhara,3,26
443515,3.3613615348138963,0,ios,old,tashkent,4,96
59520,2.046428539481511,0,ios,old,tashkent,2,68
883117,2.36308502418676,0,android,old,samarkand,1,65
514165,2.6069275918109307,0,android,old,bukhara,5,29
151031,2.1113698577057445,0,android,old,bukhara,1,20
769540,1.349671291525029,1,ios,old,samarkand,1,20
654542,1.6248800150178913,0,ios,new,tashkent,1,78
190196,3.252042108184322,0,ios,old,bukhara,5,84
181797,2.9721983007476727,0,android,old,bukhara,2,72
361581,2.7528026173747264,0,android,new,bukhara,1,96
395452,1.5803999087783056,0,ios,old,samarkand,3,26
604268,1.563865360552526,0,ios,old,tashkent,4,22
846855,1.894923533216034,0,ios,old,samarkand,2,42
245235,2.158871965453597,1,ios,old,bukhara,1,26
58872,1.53850754381663,0,ios,old,tashkent,2,22
918230,1.416044796331681,0,ios,old,bukhara,1,18
911413,1.375694459701075,0,android,new,samarkand,2,32
813511,0.609448222867754,0,ios,new,tashkent,2,25
285018,2.2993450060011797,0,ios,old,tashkent,5,54
20787,2.4502791763976437,1,android,old,tashkent,5,52
429233,1.5593675709983479,0,android,new,bukhara,5,15
541078,1.768608338280051,0,android,old,samarkand,4,5
360069,3.0298400755536616,1,android,old,tashkent,2,82
937771,1.757124931446385,0,ios,new,bukhara,3,75
959231,1.3617226674867762,0,ios,old,samarkand,1,10
807397,1.4544325713692878,0,android,new,tashkent,4,40
864258,3.4079686897521704,0,android,old,tashkent,2,96
185159,2.6667299951322145,0,android,new,samarkand,5,66
484150,0.4229509903567801,0,ios,new,tashkent,1,33
610607,1.7328960461631029,0,ios,old,samarkand,2,42
844919,1.2214184754162674,0,android,new,samarkand,1,32
47428,3.2605805509047867,0,ios,old,bukhara,3,78
473794,1.461101035913899,0,ios,old,tashkent,5,34
151551,1.3336348101984674,0,ios,old,tashkent,2,20
957761,2.835436331623487,0,android,old,samarkand,2,67
276135,2.4842856386416874,0,android,old,bukhara,1,35
650528,2.9024022630994346,0,android,new,samarkand,3,92
581974,2.499721895733871,0,android,new,samarkand,4,76
361140,1.388134032866409,1,android,new,samarkand,5,24
969923,2.002579654177087,1,ios,new,samarkand,5,65
456855,2.510699252763211,0,android,new,samarkand,1,90
278887,2.6744635373746344,0,android,old,tashkent,1,73
482410,1.2425800881861353,0,ios,new,samarkand,2,40
972397,1.228185115779196,0,android,old,tashkent,1,7
684595,2.47291516010768,0,ios,old,tashkent,2,89
467464,3.556272470139097,0,android,old,bukhara,3,79
956885,2.1169298591295314,0,ios,old,bukhara,1,56
342520,0.7854661510584504,0,ios,new,samarkand,1,24
445742,2.1532721825136614,0,android,old,samarkand,1,46
518412,2.137320128306414,0,ios,new,bukhara,1,68
71953,1.5434863360932953,0,ios,old,tashkent,2,35
291588,2.5226632139704344,0,android,new,samarkand,5,73
712457,3.831218835858698,0,android,old,bukhara,5,94
164480,1.257589242358092,1,ios,old,tashkent,2,17
625552,2.89944720666428,0,ios,old,bukhara,2,75
925581,1.7397660645620867,0,ios,new,bukhara,1,63
730656,2.6669864608759952,0,android,new,samarkand,5,88
465663,2.9769495016045604,0,ios,old,samarkand,4,83
430695,1.4853137514168206,0,android,new,tashkent,5,57
127007,2.8913045463693368,0,android,old,bukhara,4,54
269432,1.0695333485306764,0,ios,old,tashkent,1,10
547863,3.121783688685074,0,android,old,bukhara,4,75
280985,2.7892149135635504,0,android,new,bukhara,3,80
258696,2.180231298669758,0,android,new,bukhara,2,78
991993,3.167595892734521,0,android,old,samarkand,3,82
330069,1.1846378021324424,0,ios,new,tashkent,4,50
152542,2.970230176343421,0,android,new,bukhara,3,91
401436,2.033123299999737,0,android,new,bukhara,1,63
719423,3.5158880318511305,0,android,old,samarkand,4,92
74525,2.1669682686242377,0,android,new,samarkand,3,83
200509,3.1177255804133828,0,ios,old,samarkand,5,95
412223,3.4179194433256694,0,ios,old,bukhara,5,87
666130,3.2476381276614394,0,android,old,tashkent,2,99
611500,0.7568796698508746,0,ios,new,samarkand,5,24
414388,1.8733484054136098,0,android,old,tashkent,1,27
354749,1.6955455376867083,0,android,old,tashkent,5,9
688684,2.829301672044124,1,ios,old,samarkand,4,82
30955,1.4464853488455367,0,ios,new,tashkent,3,62
880873,0.9510732774805655,1,ios,new,tashkent,3,36
268899,1.1958797093916005,0,android,new,samarkand,5,5
876059,1.792234343327558,0,ios,old,tashkent,4,46
198886,1.6525770177095707,0,ios,new,bukhara,1,65
66616,3.4616355217577537,0,ios,old,samarkand,5,96
444721,2.564115997182576,0,android,old,samarkand,4,33
632879,1.5471676285615878,0,ios,new,samarkand,3,37
809625,1.8473793970851557,0,ios,old,bukhara,5,7
645509,2.603611037247339,0,android,new,bukhara,2,73
381828,2.4797166137585296,0,ios,new,samarkand,4,96
565014,2.403693721241436,0,android,new,samarkand,3,80
434344,2.5736650591886643,0,android,old,bukhara,1,48
434413,3.341346542343757,0,android,old,tashkent,5,95
18184,3.339298443420848,0,android,old,bukhara,2,84
331679,1.6911940517494657,0,android,old,tashkent,3,30
165810,2.9512032174290295,0,android,new,bukhara,5,85
386642,2.5338967716539513,0,android,old,samarkand,5,48
845175,1.4357624363544286,0,ios,new,bukhara,5,25
321550,2.2400588234770753,0,android,new,bukhara,5,60
426221,1.222831836788437,0,android,old,tashkent,4,9
343659,0.2644850907317612,0,ios,new,tashkent,1,9
994783,1.6259326416902404,0,android,new,bukhara,5,13
256760,2.615854759277947,0,android,new,bukhara,3,78
955263,2.607374231537818,0,android,old,tashkent,5,62
273269,2.763985552902953,1,ios,old,tashkent,5,69
634745,1.2148426870217937,0,ios,new,samarkand,3,35
838347,1.6801306738854316,0,android,new,samarkand,3,27
823084,2.4238093141589276,0,ios,new,bukhara,4,79
620810,2.6943354938916286,0,android,old,tashkent,3,82
642003,2.7416502462089536,1,android,new,tashkent,4,82
606977,2.317927196793627,1,ios,old,samarkand,5,62
391681,3.143004696641707,0,android,old,samarkand,4,71
636496,2.753475509939485,0,ios,old,samarkand,2,83
124585,1.8374704723722544,0,android,new,bukhara,5,13
32662,2.0963801303337304,0,ios,old,tashkent,1,52
492068,1.9615287103518855,0,ios,old,samarkand,1,62
233681,1.6581324506806643,0,ios,old,tashkent,4,15
397398,2.0156830804230124,0,android,new,samarkand,5,45
699292,2.454106215686803,0,android,old,tashkent,3,49
563443,3.0064610315469174,0,android,old,bukhara,2,60
145060,1.8048142301202987,0,ios,new,bukhara,1,58
224874,2.5909473156335054,0,android,old,bukhara,1,64
554363,1.4176996245901727,0,ios,new,bukhara,2,23
95432,1.5498995899864634,0,android,new,tashkent,1,69
327238,2.4540785937983953,0,android,new,bukhara,5,64
564322,2.9012809930298573,0,ios,new,bukhara,1,98
498325,2.0232909700760553,0,android,new,bukhara,1,61
803514,1.8146390038908207,0,android,new,samarkand,3,63
608248,2.64417467927601,1,ios,new,tashkent,4,99
432416,1.2380344312650877,1,android,new,tashkent,2,10
550817,2.391125954191923,0,android,new,bukhara,2,82
459835,1.5608100383101262,0,android,old,bukhara,2,5
991086,1.21098791975672,0,android,new,samarkand,1,15
803032,1.4528964847311607,0,ios,new,bukhara,5,14
972645,1.4009862465653569,0,ios,new,tashkent,3,49
112902,1.646397933717072,0,ios,new,samarkand,5,54
452912,2.1357600229080163,0,ios,old,tashkent,5,32
804402,2.9067037578025707,0,android,old,bukhara,4,50
896590,3.1551174940188194,1,ios,old,bukhara,2,74
377389,1.401677430391347,0,android,old,samarkand,3,15
679261,3.4665059571007473,1,android,old,tashkent,5,87
516078,3.3962547432412498,0,android,old,samarkand,3,88
40268,1.7465171753109088,0,ios,new,samarkand,1,70
123937,1.4589204849339936,0,ios,new,bukhara,1,42
938909,1.377672513721775,0,ios,new,tashkent,1,73
161678,2.229083304370583,0,ios,old,samarkand,5,43
17289,2.2425388751181266,0,ios,old,tashkent,3,74
846028,2.4023390132757054,1,ios,old,tashkent,5,64
783807,2.0577554808928467,0,android,old,bukhara,2,13
206645,2.4199410447003347,0,android,old,samarkand,3,52
873280,3.6133043301459984,0,android,old,bukhara,1,95
132600,2.567714716821931,0,android,old,tashkent,4,65
169061,2.269488897776683,0,android,new,samarkand,5,50
295227,1.645150645762124,0,ios,new,samarkand,1,62
320043,2.470299324032375,0,android,old,tashkent,1,70
97146,3.2708791265375865,0,android,old,bukhara,4,57
638206,1.5188306749049523,0,android,new,samarkand,3,33
883815,1.7954884943799811,0,android,new,samarkand,2,64
265473,2.762464016782023,0,ios,old,samarkand,1,80
531554,1.9456546786633149,0,android,new,bukhara,4,38
270113,2.0519181266607687,0,ios,new,tashkent,1,97
706753,3.0417551916810837,0,ios,old,tashkent,2,92
33218,2.8823555337613405,0,ios,old,samarkand,4,70
687309,1.5924973309771426,0,ios,old,samarkand,1,28
100096,2.839125631750552,0,android,old,samarkand,4,49
621729,2.087779663720088,0,ios,new,samarkand,1,87
238622,2.621431406141798,0,android,old,tashkent,5,76
67598,3.302209909069026,0,ios,old,bukhara,1,84
779933,2.4528183730587956,0,ios,old,samarkand,3,63
327160,2.7867323650537323,0,android,old,samarkand,5,38
27170,1.6002999920225855,0,android,new,bukhara,1,35
172464,1.745382368551409,0,android,old,samarkand,4,12
882094,2.83983831724571,1,android,old,tashkent,2,96
734932,1.6288724971108286,0,ios,old,tashkent,2,47
795104,3.447227647782566,0,android,old,samarkand,5,85
250907,2.4702730098609953,0,android,old,samarkand,1,64
516005,1.0139607814419747,0,android,new,tashkent,2,23
226825,2.2631916578847586,0,ios,old,tashkent,2,67
246686,1.4470266964899787,0,android,new,tashkent,1,61
651513,0.12803244071921605,0,ios,new,samarkand,1,7
653005,1.8064927402964925,0,android,old,samarkand,1,27
702780,1.5697553180020727,0,android,new,samarkand,4,19
601051,1.7571282014763159,0,android,new,tashkent,5,32
187037,1.8103343923019326,0,android,old,tashkent,5,7
195673,1.6026240888162442,0,android,new,bukhara,2,40
832844,1.4051337648224917,0,ios,new,tashkent,1,61
221619,1.4479461540043452,1,android,new,tashkent,2,56
529977,2.3810190083038343,1,ios,new,tashkent,4,91
947709,2.2343136833001807,0,android,new,bukhara,1,68
652846,3.113765255859532,0,android,old,bukhara,4,52
588976,2.9877170881526975,0,android,old,tashkent,1,99
586582,0.913675932753126,0,ios,new,tashkent,5,31
243797,2.6681909063284674,0,ios,new,bukhara,1,89
153982,1.4515831007823676,1,ios,new,tashkent,1,65
784367,2.7439076544551466,0,android,old,tashkent,2,61
487567,2.1103720361929947,0,ios,old,bukhara,3,29
148757,1.4169196663253345,0,ios,new,samarkand,3,61
352939,1.2889112528799667,0,android,new,samarkand,3,17
721197,2.1668452395967206,0,android,new,bukhara,1,48
148907,1.8261107914134038,0,ios,old,samarkand,3,44
870441,2.5202233351592715,0,android,old,bukhara,3,51
12938,2.8996525405807994,0,android,old,tashkent,1,84
255850,3.066921178101728,0,ios,old,samarkand,5,98
108332,3.542245691339304,0,ios,old,bukhara,3,91
970562,1.71491331478944,0,ios,old,tashkent,1,52
478327,1.6316283460029537,0,ios,old,bukhara,2,17
291548,0.6406268197949967,0,ios,new,bukhara,2,9
555456,2.5373555844361015,0,android,old,tashkent,2,69
153873,1.0483625889293238,0,ios,new,samarkand,2,25
110199,1.479171930083323,0,android,new,bukhara,4,10
427497,2.6079063498423807,1,ios,old,tashkent,1,85
47679,2.5228621702987306,0,ios,new,bukhara,5,61
632653,2.727913249002979,0,ios,new,samarkand,5,74
181991,2.1782789651813794,0,android,new,tashkent,1,85
121623,2.262012590272013,0,android,old,samarkand,2,24
255740,3.4627915651531307,0,android,old,samarkand,5,75
226260,1.5263606356043777,1,ios,new,bukhara,4,26
992549,2.39447901651871,0,android,old,bukhara,3,29
676592,1.7769262394898275,0,ios,new,tashkent,1,96
987132,2.8273164092014285,0,ios,old,samarkand,2,71
115009,2.709988505972262,1,android,old,samarkand,3,62
806786,2.004590461876608,0,ios,new,samarkand,5,52
563321,2.7936808202052714,1,android,old,bukhara,5,32
115897,2.4748829029441386,0,android,new,samarkand,5,83
596972,3.0261503174957105,0,android,old,bukhara,4,52
431070,2.494015713679746,0,android,old,bukhara,5,8
315828,3.4659463172941334,0,ios,old,bukhara,4,87
258306,2.8846495043221205,0,android,new,bukhara,5,75
88237,2.137211671427531,0,android,old,samarkand,2,22
35171,2.6548279319697246,0,android,old,samarkand,4,61
769335,1.2874336751749,0,android,new,bukhara,1,17
799325,2.4026129408059296,0,android,new,tashkent,2,98
75482,2.607613842215241,1,ios,old,bukhara,4,51
877677,1.5416642745629943,0,android,old,tashkent,3,8
818431,2.831251181373324,0,android,old,samarkand,4,52
33412,2.3085411372654434,0,ios,old,tashkent,3,70
706581,1.4410139708964733,0,ios,new,tashkent,5,45
299565,1.3215999406433294,0,ios,new,bukhara,2,21
238024,0.7132491853144676,0,ios,new,tashkent,1,30
656230,1.86482907293056,0,ios,old,bukhara,1,29
645051,1.053067509060347,0,android,new,tashkent,2,39
799002,2.3498088040724605,0,android,old,samarkand,5,36
14272,2.79211532398004,1,ios,old,tashkent,1,88
175416,0.8822863635324469,1,ios,new,tashkent,2,21
513332,2.4351299988467265,0,android,new,tashkent,3,85
155216,2.5440591210033863,0,android,old,tashkent,1,72
927138,2.8048033275038518,0,android,new,bukhara,3,92
160173,1.7747239935415182,0,android,old,tashkent,5,11
975290,1.29610701522513,0,ios,old,tashkent,4,11
429952,3.808413091316169,0,android,old,bukhara,3,94
854970,2.3252219226859974,0,ios,old,tashkent,5,39
192233,2.9638621538772068,0,ios,old,bukhara,2,85
896567,0.5096248662758005,0,ios,new,tashkent,1,11
591993,2.4904222462985635,0,android,new,samarkand,3,77
919582,1.9720252683824775,0,android,new,bukhara,5,34
812961,1.860448979419371,0,android,new,bukhara,2,25
942015,0.6411967629909285,0,ios,new,tashkent,2,14
509010,0.7875416701669374,0,ios,new,tashkent,3,22
948219,3.551813294366981,0,android,old,bukhara,2,86
956892,0.9929761704525957,0,ios,new,tashkent,3,62
492961,1.9296847970980202,0,android,new,bukhara,5,23
