customerID,gender,SeniorCitizen,Partner,Dependents,tenure,PhoneService,MultipleLines,InternetService,OnlineSecurity,OnlineBackup,DeviceProtection,TechSupport,StreamingTV,StreamingMovies,Contract,PaperlessBilling,PaymentMethod,MonthlyCharges,TotalCharges,Churn
C00000,Female,0,No,No,1,Yes,No,No,No internet service,No internet service,No internet service,No internet service,No internet service,No internet service,One year,Yes,Credit card (automatic),22.05,23.01,No
C00001,Male,1,No,No,0,Yes,Yes,No,No internet service,No internet service,No internet service,No internet service,No internet service,No internet service,Month-to-month,No,Bank transfer (automatic),23.01, ,Yes
C00002,Female,0,No,No,61,Yes,No,Fiber optic,Yes,No,No,Yes,No,No,Two year,Yes,Electronic check,74.22,4746.13,No
C00003,Female,0,Yes,No,9,No,No phone service,DSL,No,No,No,No,No,Yes,One year,Yes,Credit card (automatic),26.4,247.82,No
C00004,Male,1,Yes,No,61,Yes,Yes,Fiber optic,No,Yes,No,No,No,Yes,Two year,Yes,Electronic check,85.44,4635.11,No
C00005,Female,0,No,No,67,Yes,No,No,No internet service,No internet service,No internet service,No internet service,No internet service,No internet service,One year,No,Bank transfer (automatic),20.32,1313.8,No
C00006,Female,0,No,No,70,Yes,Yes,Fiber optic,No,No,Yes,No,No,No,Two year,Yes,Electronic check,80.08,5454.77,No
C00007,Female,0,No,No,14,No,No phone service,No,No internet service,No internet service,No internet service,No internet service,No internet service,No internet service,Month-to-month,No,Mailed check,18.0,251.27,No
C00008,Male,0,No,No,35,Yes,Yes,No,No internet service,No internet service,No internet service,No internet service,No internet service,No internet service,Month-to-month,Yes,Electronic check,23.98,788.8,Yes
C00009,Male,0,No,No,69,Yes,Yes,DSL,No,No,No,No,No,Yes,Month-to-month,Yes,Credit card (automatic),56.44,3437.86,Yes
C00010,Male,0,No,No,65,Yes,Yes,Fiber optic,No,Yes,No,Yes,No,Yes,Two year,Yes,Electronic check,94.7,5926.15,No
C00011,Female,1,No,No,26,No,No phone service,Fiber optic,Yes,Yes,Yes,Yes,Yes,No,Month-to-month,Yes,Bank transfer (automatic),69.26,1626.49,No
C00012,Female,0,No,No,12,Yes,No,Fiber optic,Yes,Yes,Yes,No,Yes,Yes,Month-to-month,No,Electronic check,91.59,946.82,Yes
C00013,Female,0,No,No,20,Yes,Yes,DSL,No,Yes,Yes,Yes,Yes,No,One year,Yes,Credit card (automatic),80.92,1537.58,No
C00014,Male,0,No,No,39,Yes,No,Fiber optic,Yes,Yes,No,No,No,Yes,Two year,No,Credit card (automatic),84.87,3203.21,No
C00015,Male,1,No,No,46,Yes,No,Fiber optic,No,Yes,No,Yes,Yes,Yes,Two year,Yes,Credit card (automatic),92.91,4459.95,No
C00016,Female,0,Yes,Yes,17,Yes,Yes,Fiber optic,No,Yes,No,Yes,No,Yes,Month-to-month,Yes,Bank transfer (automatic),95.64,1574.43,Yes
C00017,Male,0,Yes,No,63,Yes,Yes,No,No internet service,No internet service,No internet service,No internet service,No internet service,No internet service,Two year,Yes,Mailed check,23.72,1399.95,No
C00018,Female,0,Yes,Yes,40,Yes,Yes,Fiber optic,No,No,No,Yes,Yes,Yes,Month-to-month,Yes,Bank transfer (automatic),88.21,3153.4,No
C00019,Female,0,No,No,34,Yes,Yes,Fiber optic,No,No,No,No,No,No,Month-to-month,No,Electronic check,73.55,2149.62,Yes
C00020,Female,1,No,No,1,Yes,Yes,DSL,Yes,No,No,Yes,Yes,Yes,Month-to-month,Yes,Electronic check,78.47,72.58,Yes
C00021,Male,1,Yes,No,9,Yes,Yes,DSL,Yes,Yes,No,No,Yes,No,Month-to-month,Yes,Mailed check,69.99,569.0,No
C00022,Female,0,No,Yes,6,Yes,Yes,Fiber optic,No,No,No,Yes,No,Yes,Month-to-month,Yes,Mailed check,85.14,527.86,Yes
C00023,Female,0,Yes,No,2,Yes,Yes,Fiber optic,No,No,No,Yes,Yes,Yes,Month-to-month,Yes,Credit card (automatic),92.62,182.38,Yes
C00024,Female,0,No,No,1,Yes,Yes,Fiber optic,No,No,Yes,No,Yes,No,Month-to-month,Yes,Bank transfer (automatic),81.25,69.48,Yes
C00025,Male,0,Yes,Yes,14,Yes,No,No,No internet service,No internet service,No internet service,No internet service,No internet service,No internet service,Month-to-month,Yes,Credit card (automatic),22.29,274.67,Yes
C00026,Male,0,No,No,61,Yes,Yes,Fiber optic,No,Yes,No,Yes,Yes,Yes,Month-to-month,Yes,Electronic check,95.47,5710.21,No
C00027,Male,0,No,No,6,Yes,No,DSL,No,Yes,No,Yes,Yes,Yes,Month-to-month,Yes,Bank transfer (automatic),62.33,375.92,Yes
C00028,Male,0,No,No,21,Yes,No,Fiber optic,No,No,Yes,No,No,No,Two year,Yes,Mailed check,69.66,1438.78,No
C00029,Female,1,No,No,0,Yes,No,Fiber optic,Yes,No,No,No,Yes,Yes,Month-to-month,No,Electronic check,81.26, ,Yes
C00030,Female,0,Yes,No,5,Yes,Yes,Fiber optic,No,Yes,No,Yes,No,No,Month-to-month,No,Electronic check,82.32,430.9,No
C00031,Female,0,No,No,44,Yes,No,DSL,No,No,No,Yes,No,No,One year,No,Credit card (automatic),44.77,1703.84,No
C00032,Male,0,Yes,Yes,45,Yes,No,Fiber optic,No,Yes,No,No,No,No,One year,Yes,Electronic check,72.43,2789.68,No
C00033,Male,0,Yes,No,3,Yes,No,DSL,Yes,No,No,Yes,No,No,Month-to-month,Yes,Electronic check,57.03,174.07,Yes
C00034,Male,0,No,No,15,Yes,,Fiber optic,Yes,No,No,No,No,No,Month-to-month,Yes,Bank transfer (automatic),71.71,1077.82,Yes
C00035,Male,0,No,Yes,26,Yes,No,No,No internet service,No internet service,No internet service,No internet service,No internet service,No internet service,One year,No,Electronic check,18.0,424.82,No
C00036,Male,0,No,No,41,Yes,No,DSL,No,No,No,Yes,Yes,No,One year,No,Bank transfer (automatic),54.77,1995.45,No
C00037,Male,0,Yes,No,43,Yes,Yes,Fiber optic,No,No,No,No,No,Yes,Two year,Yes,Mailed check,78.82,3465.88,No
C00038,Male,1,No,No,72,No,No phone service,Fiber optic,No,Yes,No,No,No,No,Two year,Yes,Bank transfer (automatic),52.82,3770.63,Yes
C00039,Female,1,Yes,Yes,41,Yes,Yes,Fiber optic,Yes,No,Yes,No,No,No,One year,No,Mailed check,83.74,3383.29,No
C00040,Male,0,No,No,2,Yes,No,Fiber optic,Yes,Yes,Yes,Yes,No,Yes,Two year,Yes,Bank transfer (automatic),101.71,189.99,No
C00041,Female,0,No,No,2,Yes,Yes,Fiber optic,No,No,No,No,No,Yes,Month-to-month,Yes,Bank transfer (automatic),82.64,145.13,Yes
C00042,Female,0,No,No,55,Yes,No,No,No internet service,No internet service,No internet service,No internet service,No internet service,No internet service,Two year,Yes,Bank transfer (automatic),21.47,1215.68,No
C00043,Male,0,No,No,70,Yes,Yes,No,No internet service,No internet service,No internet service,No internet service,No internet service,No internet service,One year,No,Credit card (automatic),26.77,1820.56,No
C00044,Female,1,No,No,2,Yes,No,DSL,Yes,Yes,No,Yes,Yes,Yes,Month-to-month,No,Bank transfer (automatic),81.68,143.52,Yes
C00045,Female,1,Yes,No,3,No,No phone service,No,No internet service,No internet service,No internet service,No internet service,No internet service,No internet service,Month-to-month,No,Electronic check,18.0,54.57,Yes
C00046,Male,0,No,No,72,Yes,Yes,DSL,No,No,Yes,No,Yes,Yes,Two year,No,Bank transfer (automatic),72.81,4663.41,No
C00047,Male,0,No,No,31,Yes,Yes,DSL,Yes,No,No,No,Yes,No,Month-to-month,No,Electronic check,65.38,2079.54,Yes
C00048,Female,0,Yes,Yes,2,Yes,Yes,Fiber optic,No,Yes,No,Yes,Yes,No,Month-to-month,No,Mailed check,89.35,154.44,Yes
C00049,Male,0,Yes,Yes,11,Yes,No,No,No internet service,No internet service,No internet service,No internet service,No internet service,No internet service,One year,No,Electronic check,18.0,176.75,No
C00050,Male,1,Yes,No,53,No,No phone service,DSL,No,Yes,Yes,Yes,No,Yes,Month-to-month,Yes,Bank transfer (automatic),47.5,2620.27,No
C00051,Male,0,No,No,2,Yes,No,DSL,Yes,Yes,No,Yes,Yes,Yes,Two year,Yes,Mailed check,79.03,142.49,No
C00052,Female,0,No,No,55,Yes,No,DSL,No,No,No,Yes,No,Yes,Two year,Yes,Electronic check,54.56,2669.16,No
C00053,Female,0,No,No,72,Yes,Yes,Fiber optic,Yes,Yes,No,Yes,Yes,Yes,Two year,Yes,Bank transfer (automatic),95.25,7121.55,No
C00054,Female,0,Yes,Yes,26,Yes,No,Fiber optic,No,No,Yes,Yes,Yes,Yes,One year,Yes,Credit card (automatic),86.16,2093.57,No
C00055,Female,0,Yes,Yes,27,Yes,Yes,Fiber optic,No,No,Yes,No,No,Yes,Two year,Yes,Electronic check,83.64,2048.02,No
C00056,Male,1,No,No,72,Yes,Yes,DSL,No,No,No,No,No,Yes,Two year,No,Credit card (automatic),61.88,4018.97,No
C00057,Female,0,Yes,Yes,2,Yes,No,DSL,Yes,Yes,Yes,No,No,No,Month-to-month,Yes,Bank transfer (automatic),62.84,123.95,Yes
C00058,Male,0,Yes,No,1,Yes,Yes,Fiber optic,Yes,No,No,No,Yes,Yes,Month-to-month,No,Mailed check,94.77,93.82,Yes
C00059,Male,0,Yes,Yes,59,Yes,Yes,DSL,No,No,Yes,Yes,Yes,Yes,Two year,No,Bank transfer (automatic),81.89,4815.75,No
C00060,Female,0,Yes,No,7,Yes,Yes,DSL,No,Yes,Yes,No,Yes,No,One year,Yes,Credit card (automatic),68.34,417.26,No
C00061,Male,0,Yes,Yes,11,Yes,No,Fiber optic,Yes,Yes,Yes,Yes,No,No,Two year,Yes,Mailed check,87.36,1005.21,No
C00062,Female,0,No,No,11,Yes,No,Fiber optic,Yes,Yes,Yes,Yes,No,Yes,Month-to-month,No,Electronic check,97.18,925.25,Yes
C00063,Female,0,Yes,No,59,Yes,Yes,No,No internet service,No internet service,No internet service,No internet service,No internet service,No internet service,One year,Yes,Electronic check,26.59,1499.66,No
C00064,Female,0,Yes,Yes,34,Yes,Yes,DSL,Yes,No,No,Yes,No,Yes,Two year,Yes,Credit card (automatic),71.76,2423.57,No
C00065,Female,0,No,No,8,Yes,No,DSL,Yes,No,No,No,No,No,Month-to-month,Yes,Credit card (automatic),44.37,303.62,No
C00066,Female,0,No,Yes,30,Yes,Yes,No,No internet service,No internet service,No internet service,No internet service,No internet service,No internet service,Month-to-month,Yes,Bank transfer (automatic),30.23,851.85,No
C00067,Male,1,No,No,1,Yes,Yes,Fiber optic,No,No,Yes,No,Yes,Yes,Month-to-month,Yes,Credit card (automatic),83.36,82.54,Yes
C00068,Male,0,No,No,1,Yes,No,Fiber optic,No,No,Yes,No,Yes,Yes,Month-to-month,No,Credit card (automatic),80.52,72.04,Yes
C00069,Male,0,No,No,1,Yes,No,DSL,Yes,Yes,Yes,Yes,Yes,No,Month-to-month,Yes,Bank transfer (automatic),74.07,74.85,No
C00070,Male,0,No,No,23,Yes,Yes,Fiber optic,Yes,No,Yes,Yes,Yes,Yes,One year,Yes,Electronic check,97.09,2178.69,No
C00071,Male,0,No,Yes,51,Yes,Yes,No,No internet service,No internet service,No internet service,No internet service,No internet service,No internet service,Two year,No,Electronic check,26.77,1257.8,No
C00072,Female,0,Yes,No,12,Yes,Yes,Fiber optic,Yes,Yes,Yes,No,No,No,Month-to-month,Yes,Electronic check,86.85,920.32,Yes
C00073,Male,0,No,No,72,Yes,No,No,No internet service,No internet service,No internet service,No internet service,No internet service,No internet service,Month-to-month,No,Mailed check,21.31,1566.59,No
C00074,Male,0,Yes,Yes,0,Yes,Yes,Fiber optic,Yes,Yes,No,No,No,No,Month-to-month,Yes,Bank transfer (automatic),86.37, ,Yes
C00075,Male,0,Yes,Yes,42,Yes,No,Fiber optic,No,Yes,Yes,No,No,Yes,Two year,No,Credit card (automatic),84.64,3715.31,No
C00076,Male,0,Yes,Yes,20,No,No phone service,DSL,No,No,No,Yes,Yes,No,Two year,Yes,Credit card (automatic),34.04,663.44,No
C00077,Female,1,Yes,Yes,0,Yes,Yes,No,No internet service,No internet service,No internet service,No internet service,No internet service,No internet service,One year,No,Electronic check,25.35, ,Yes
C00078,Female,0,Yes,No,9,Yes,No,Fiber optic,No,No,No,Yes,No,Yes,Month-to-month,Yes,Bank transfer (automatic),78.68,618.78,Yes
C00079,Female,1,No,No,15,Yes,No,DSL,No,Yes,Yes,No,No,No,One year,Yes,Mailed check,58.04,767.43,Yes
C00080,Female,0,Yes,Yes,9,Yes,No,Fiber optic,Yes,No,Yes,No,No,Yes,Month-to-month,No,Credit card (automatic),84.1,730.43,Yes
C00081,Male,0,Yes,No,1,No,No phone service,No,No internet service,No internet service,No internet service,No internet service,No internet service,No internet service,One year,Yes,Electronic check,18.0,16.46,No
C00082,Female,0,Yes,Yes,1,Yes,Yes,Fiber optic,No,No,No,No,Yes,No,One year,Yes,Mailed check,78.52,67.2,No
C00083,Male,0,Yes,No,56,Yes,Yes,DSL,Yes,Yes,No,Yes,No,Yes,Two year,No,Mailed check,80.66,3886.5,No
C00084,Male,0,No,No,72,Yes,Yes,Fiber optic,Yes,No,No,Yes,No,Yes,Two year,Yes,Mailed check,91.19,5881.38,No
C00085,Male,0,Yes,Yes,60,Yes,Yes,Fiber optic,Yes,No,No,No,No,No,One year,No,Bank transfer (automatic),79.23,4384.1,No
C00086,Female,0,Yes,No,72,No,No phone service,Fiber optic,No,No,No,No,No,Yes,Two year,No,Bank transfer (automatic),47.12,3063.79,No
C00087,Male,0,Yes,Yes,68,Yes,No,No,No internet service,No internet service,No internet service,No internet service,No internet service,No internet service,Two year,Yes,Electronic check,19.77,1201.72,No
C00088,Male,0,Yes,No,0,Yes,No,Fiber optic,No,No,No,No,No,No,One year,Yes,Electronic check,60.78, ,Yes
C00089,Male,0,Yes,Yes,37,Yes,No,DSL,,Yes,Yes,Yes,Yes,Yes,One year,No,Mailed check,71.13,2452.86,No
C00090,Male,0,Yes,No,67,Yes,No,No,No internet service,No internet service,No internet service,No internet service,No internet service,No internet service,Two year,No,Bank transfer (automatic),18.51,1175.08,No
C00091,Female,0,No,No,3,No,No phone service,Fiber optic,No,Yes,No,No,No,Yes,Month-to-month,No,Credit card (automatic),55.96,146.15,Yes
C00092,Male,0,No,No,8,Yes,No,DSL,No,No,No,No,No,No,One year,Yes,Electronic check,44.49,363.24,Yes
C00093,Male,0,No,No,8,Yes,Yes,DSL,Yes,No,No,Yes,No,Yes,One year,No,Electronic check,75.34,554.48,No
C00094,Male,0,Yes,No,18,Yes,Yes,Fiber optic,Yes,No,Yes,No,No,Yes,Month-to-month,Yes,Credit card (automatic),83.12,1529.23,No
C00095,Female,0,Yes,Yes,0,No,No phone service,Fiber optic,No,No,No,Yes,Yes,Yes,Month-to-month,No,Mailed check,66.33, ,Yes
C00096,Male,0,No,No,72,Yes,No,Fiber optic,No,No,Yes,No,No,Yes,Two year,No,Electronic check,74.58,5049.48,No
C00097,Male,0,Yes,No,72,No,No phone service,DSL,No,No,No,No,Yes,No,Two year,Yes,Electronic check,28.96,2121.48,No
C00098,Male,0,No,No,2,Yes,Yes,DSL,Yes,No,Yes,No,No,No,Month-to-month,No,Mailed check,62.76,114.87,No
C00099,Female,0,No,No,4,Yes,No,DSL,Yes,No,No,No,Yes,No,One year,Yes,Credit card (automatic),56.79,231.56,No
C00100,Female,0,Yes,Yes,5,Yes,No,No,No internet service,No internet service,No internet service,No internet service,No internet service,No internet service,Two year,No,Mailed check,18.72,90.05,No
C00101,Female,0,Yes,Yes,62,Yes,No,DSL,Yes,No,Yes,No,Yes,No,Two year,Yes,Mailed check,63.42,4059.05,No
C00102,Male,0,No,No,25,Yes,Yes,Fiber optic,Yes,No,No,Yes,No,No,Month-to-month,Yes,Bank transfer (automatic),82.69,1866.62,No
C00103,Female,0,No,No,8,Yes,No,No,No internet service,No internet service,No internet service,No internet service,No internet service,No internet service,Month-to-month,Yes,Electronic check,21.56,176.39,Yes
C00104,Female,0,No,No,8,Yes,Yes,DSL,No,Yes,Yes,No,Yes,Yes,Month-to-month,Yes,Electronic check,75.33,581.45,Yes
C00105,Female,0,Yes,Yes,3,Yes,Yes,No,No internet service,No internet service,No internet service,No internet service,No internet service,No internet service,One year,Yes,Electronic check,28.28,87.89,Yes
C00106,Male,0,No,No,28,Yes,Yes,Fiber optic,No,Yes,No,Yes,No,No,Month-to-month,No,Mailed check,83.17,2211.29,No
C00107,Male,0,Yes,Yes,6,Yes,No,DSL,Yes,No,Yes,Yes,Yes,Yes,Month-to-month,No,Credit card (automatic),78.11,406.7,No
C00108,Male,0,Yes,No,3,Yes,Yes,No,No internet service,No internet service,No internet service,No internet service,No internet service,No internet service,Month-to-month,Yes,Mailed check,29.87,89.01,No
C00109,Female,0,No,No,67,Yes,Yes,No,No internet service,No internet service,No internet service,No internet service,No internet service,No internet service,Two year,Yes,Credit card (automatic),25.1,1675.86,No
C00110,Male,1,No,Yes,40,Yes,Yes,DSL,No,Yes,No,No,Yes,Yes,Two year,No,Bank transfer (automatic),71.07,2577.51,No
C00111,Male,0,Yes,No,61,Yes,No,No,No internet service,No internet service,No internet service,No internet service,No internet service,No internet service,Two year,Yes,Mailed check,21.15,1097.77,No
C00112,Male,0,Yes,Yes,30,Yes,No,Fiber optic,Yes,Yes,Yes,Yes,Yes,Yes,Month-to-month,No,Mailed check,98.69,2783.71,Yes
C00113,Female,0,Yes,No,44,Yes,No,No,,No internet service,No internet service,No internet service,No internet service,No internet service,One year,Yes,Electronic check,19.18,822.26,No
C00114,Male,0,Yes,No,72,No,No phone service,Fiber optic,No,Yes,Yes,No,Yes,Yes,One year,Yes,Credit card (automatic),60.81,4506.98,No
C00115,Female,1,Yes,Yes,11,Yes,No,No,No internet service,No internet service,No internet service,No internet service,No internet service,No internet service,Month-to-month,No,Credit card (automatic),21.71,206.62,No
C00116,Female,0,No,No,7,Yes,No,No,No internet service,No internet service,No internet service,No internet service,No internet service,No internet service,Month-to-month,No,Electronic check,18.16,108.62,No
C00117,Female,0,Yes,Yes,16,Yes,Yes,No,No internet service,No internet service,No internet service,No internet service,No internet service,No internet service,One year,No,Credit card (automatic),28.61,405.29,No
C00118,Male,0,No,No,0,Yes,Yes,DSL,Yes,No,Yes,No,No,No,Month-to-month,No,Electronic check,67.25, ,Yes
C00119,Female,0,Yes,No,16,No,No phone service,Fiber optic,Yes,Yes,No,Yes,Yes,No,Two year,Yes,Electronic check,65.69,987.85,Yes
C00120,Female,0,Yes,Yes,63,Yes,No,No,No internet service,No internet service,No internet service,No internet service,No internet service,No internet service,One year,Yes,Mailed check,22.69,1260.69,No
C00121,Female,0,Yes,Yes,5,Yes,No,No,No internet service,No internet service,No internet service,No internet service,No internet service,No internet service,Month-to-month,No,Electronic check,22.02,102.46,Yes
C00122,Male,1,No,No,72,No,No phone service,Fiber optic,No,Yes,Yes,No,No,Yes,Month-to-month,No,Electronic check,60.43,4179.43,No
C00123,Male,1,No,No,66,Yes,Yes,DSL,No,No,Yes,No,No,No,One year,No,Electronic check,57.32,3649.17,No
C00124,Male,0,No,No,42,Yes,No,No,No internet service,No internet service,No internet service,No internet service,No internet service,No internet service,One year,No,Mailed check,18.0,708.64,No
C00125,Male,1,No,No,6,Yes,No,DSL,Yes,No,Yes,Yes,No,Yes,One year,Yes,Mailed check,65.16,396.06,Yes
C00126,Male,0,Yes,No,43,Yes,No,Fiber optic,No,Yes,Yes,No,Yes,No,Two year,Yes,Credit card (automatic),83.55,3667.69,No
C00127,Male,0,No,No,15,Yes,No,Fiber optic,No,Yes,Yes,Yes,Yes,Yes,Month-to-month,No,Mailed check,99.72,1287.08,No
C00128,Male,1,No,No,52,Yes,No,No,No internet service,No internet service,No internet service,No internet service,No internet service,No internet service,Two year,No,Credit card (automatic),18.0,852.45,No
C00129,Female,0,Yes,Yes,5,Yes,Yes,Fiber optic,No,Yes,No,Yes,No,Yes,Month-to-month,No,Bank transfer (automatic),95.41,489.09,Yes
C00130,Male,0,No,No,3,Yes,No,Fiber optic,No,No,Yes,Yes,No,No,One year,Yes,Credit card (automatic),79.64,209.64,No
C00131,Female,0,No,No,12,Yes,No,No,No internet service,No internet service,No internet service,No internet service,No internet service,No internet service,Month-to-month,Yes,Mailed check,22.46,255.88,No
C00132,Female,0,No,No,1,Yes,No,DSL,No,Yes,No,No,No,No,Month-to-month,Yes,Electronic check,56.46,53.93,Yes
C00133,Male,0,No,No,72,Yes,Yes,Fiber optic,Yes,Yes,Yes,Yes,Yes,No,Two year,Yes,Credit card (automatic),96.87,6603.13,No
C00134,Female,0,No,No,44,Yes,No,No,No internet service,No internet service,No internet service,No internet service,No internet service,No internet service,One year,No,Bank transfer (automatic),19.71,757.04,No
C00135,Male,0,Yes,No,1,Yes,Yes,DSL,No,No,No,Yes,Yes,Yes,Month-to-month,Yes,Credit card (automatic),72.4,73.19,Yes
C00136,Female,0,No,Yes,14,Yes,No,Fiber optic,No,No,Yes,Yes,Yes,No,One year,No,Bank transfer (automatic),83.67,1100.6,No
C00137,Male,0,No,No,3,Yes,No,No,No internet service,No internet service,No internet service,No internet service,No internet service,No internet service,Month-to-month,Yes,Electronic check,20.51,63.49,Yes
C00138,Female,0,Yes,Yes,56,Yes,Yes,No,No internet service,No internet service,No internet service,No internet service,No internet service,No internet service,Two year,No,Bank transfer (automatic),25.5,1217.23,No
C00139,Male,0,No,No,45,Yes,Yes,DSL,Yes,No,No,Yes,Yes,Yes,Two year,No,Credit card (automatic),72.92,3010.85,No
C00140,Male,0,Yes,Yes,1,Yes,No,Fiber optic,No,No,No,No,No,Yes,Month-to-month,No,Bank transfer (automatic),68.55,61.65,Yes
C00141,Male,0,Yes,No,45,Yes,Yes,Fiber optic,No,Yes,Yes,No,Yes,No,Two year,No,Bank transfer (automatic),89.65,4217.19,No
C00142,Female,0,No,No,72,Yes,Yes,No,No internet service,No internet service,No internet service,No internet service,No internet service,No internet service,Two year,No,Electronic check,33.06,2138.95,No
C00143,Female,0,No,No,6,Yes,No,Fiber optic,Yes,Yes,No,Yes,No,No,Month-to-month,Yes,Credit card (automatic),82.16,456.75,Yes
C00144,Male,1,No,No,8,Yes,No,Fiber optic,No,Yes,No,No,No,Yes,Month-to-month,Yes,Electronic check,78.03,636.33,Yes
C00145,Male,0,No,Yes,7,Yes,No,No,No internet service,No internet service,No internet service,No internet service,No internet service,No internet service,Month-to-month,No,Bank transfer (automatic),21.41,130.96,No
C00146,Male,0,Yes,Yes,0,No,No phone service,Fiber optic,No,Yes,No,No,No,No,One year,Yes,Electronic check,46.69, ,No
C00147,Female,0,No,No,70,Yes,No,Fiber optic,No,Yes,No,Yes,No,No,One year,Yes,Electronic check,75.09,4728.07,No
C00148,Male,0,No,No,3,Yes,Yes,Fiber optic,Yes,No,Yes,No,Yes,No,Month-to-month,Yes,Credit card (automatic),89.89,261.49,Yes
C00149,Male,0,No,Yes,50,No,No phone service,Fiber optic,No,Yes,No,No,Yes,No,Month-to-month,Yes,Electronic check,58.4,2521.37,No
C00150,Female,0,Yes,No,2,Yes,No,DSL,No,No,No,No,Yes,Yes,Month-to-month,Yes,Mailed check,64.56,117.64,Yes
C00151,Female,0,Yes,No,2,Yes,No,Fiber optic,No,Yes,No,No,No,No,Month-to-month,No,Mailed check,73.15,133.56,Yes
C00152,Male,1,No,No,11,Yes,No,Fiber optic,No,Yes,No,Yes,Yes,Yes,Month-to-month,No,Bank transfer (automatic),85.3,879.7,Yes
C00153,Female,0,Yes,Yes,11,Yes,No,Fiber optic,Yes,No,No,No,No,No,Month-to-month,Yes,Credit card (automatic),68.87,656.05,Yes
C00154,Male,0,Yes,No,13,Yes,No,No,No internet service,No internet service,No internet service,No internet service,No internet service,No internet service,One year,Yes,Credit card (automatic),20.1,273.58,No
C00155,Female,0,No,No,64,Yes,Yes,Fiber optic,No,Yes,Yes,Yes,No,Yes,One year,Yes,Bank transfer (automatic),96.64,5460.57,No
C00156,Male,1,No,No,52,Yes,No,No,No internet service,No internet service,No internet service,No internet service,No internet service,No internet service,Two year,No,Bank transfer (automatic),18.0,856.35,No
C00157,Female,1,No,No,8,Yes,Yes,Fiber optic,Yes,No,Yes,No,Yes,Yes,Two year,Yes,Electronic check,87.14,689.12,No
C00158,Female,0,No,No,72,Yes,No,Fiber optic,No,No,No,No,Yes,Yes,Two year,Yes,Credit card (automatic),84.25,6280.39,No
C00159,Female,0,No,No,12,Yes,Yes,Fiber optic,No,Yes,Yes,No,Yes,Yes,One year,Yes,Electronic check,101.17,1121.48,Yes
C00160,Male,0,Yes,Yes,50,Yes,Yes,Fiber optic,No,Yes,Yes,No,Yes,No,Two year,Yes,Electronic check,94.29,4548.13,No
C00161,Female,0,No,No,17,Yes,Yes,DSL,No,No,Yes,Yes,No,Yes,One year,Yes,Credit card (automatic),74.28,1115.22,No
C00162,Male,0,No,No,62,Yes,No,Fiber optic,No,Yes,Yes,No,Yes,Yes,Two year,Yes,Electronic check,89.2,5217.44,No
C00163,Male,0,No,Yes,48,Yes,No,Fiber optic,Yes,No,Yes,No,Yes,No,Month-to-month,No,Electronic check,85.67,4029.72,Yes
C00164,Female,1,Yes,Yes,3,Yes,No,DSL,Yes,No,No,Yes,Yes,Yes,One year,Yes,Credit card (automatic),60.26,166.78,Yes
C00165,Male,0,Yes,Yes,50,Yes,No,No,No internet service,No internet service,No internet service,No internet service,No internet service,No internet service,One year,Yes,Electronic check,21.79,1068.49,No
C00166,Female,0,No,No,31,Yes,Yes,Fiber optic,No,No,Yes,Yes,Yes,No,Month-to-month,No,Bank transfer (automatic),92.84,2453.1,No
C00167,Female,0,No,No,3,Yes,Yes,Fiber optic,Yes,Yes,Yes,No,No,Yes,Month-to-month,No,Mailed check,89.84,239.01,Yes
C00168,Male,0,No,No,19,Yes,Yes,Fiber optic,Yes,No,Yes,No,Yes,Yes,Month-to-month,Yes,Credit card (automatic),92.86,1617.99,Yes
C00169,Female,0,No,No,22,Yes,Yes,Fiber optic,No,Yes,No,Yes,Yes,No,Month-to-month,Yes,Electronic check,88.93,1883.39,Yes
C00170,Male,0,No,No,8,Yes,No,No,No internet service,No internet service,No internet service,No internet service,No internet service,No internet service,Month-to-month,No,Electronic check,19.88,162.44,Yes
C00171,Female,0,Yes,No,66,Yes,No,DSL,No,No,Yes,Yes,No,Yes,Month-to-month,Yes,Electronic check,58.63,3473.89,No
C00172,Male,0,No,No,5,Yes,Yes,No,No internet service,No internet service,No internet service,No internet service,No internet service,No internet service,One year,No,Electronic check,23.69,101.34,No
C00173,Female,0,No,No,72,Yes,No,DSL,No,No,Yes,No,Yes,Yes,Two year,Yes,Bank transfer (automatic),59.76,3828.93,Yes
C00174,Male,0,Yes,Yes,1,Yes,No,DSL,No,No,No,No,Yes,Yes,Month-to-month,Yes,Electronic check,53.86,52.27,Yes
C00175,Male,0,Yes,No,5,Yes,Yes,DSL,No,Yes,No,No,No,No,Month-to-month,No,Mailed check,59.89,275.14,Yes
C00176,Male,0,No,Yes,16,Yes,No,Fiber optic,No,Yes,Yes,No,Yes,Yes,One year,No,Bank transfer (automatic),88.84,1271.55,Yes
C00177,Female,1,No,No,5,Yes,Yes,No,No internet service,No internet service,No internet service,No internet service,No internet service,No internet service,Month-to-month,Yes,Electronic check,31.3,161.37,Yes
C00178,Female,1,No,Yes,36,Yes,Yes,DSL,No,No,Yes,Yes,Yes,Yes,Two year,No,Credit card (automatic),74.62,2398.58,No
C00179,Female,0,Yes,No,59,Yes,Yes,Fiber optic,Yes,Yes,No,No,Yes,No,One year,Yes,Mailed check,97.31,5096.79,No
C00180,Female,0,Yes,No,41,Yes,Yes,Fiber optic,No,No,No,No,No,No,One year,Yes,Electronic check,78.12,3345.43,No
C00181,Female,0,No,Yes,15,Yes,,DSL,No,No,No,No,No,Yes,Month-to-month,No,Credit card (automatic),62.11,849.75,Yes
C00182,Female,0,No,No,68,Yes,Yes,Fiber optic,Yes,No,No,Yes,Yes,Yes,Two year,No,Electronic check,91.14,5682.85,No
C00183,Male,0,Yes,Yes,8,No,No phone service,No,No internet service,No internet service,No internet service,No internet service,No internet service,No internet service,Month-to-month,No,Bank transfer (automatic),18.0,131.67,No
C00184,Female,0,No,No,3,Yes,No,Fiber optic,No,Yes,No,No,No,Yes,Month-to-month,Yes,Electronic check,79.74,220.33,Yes
C00185,Female,0,Yes,Yes,72,Yes,Yes,Fiber optic,No,No,Yes,No,Yes,Yes,One year,Yes,Mailed check,92.83,6068.37,No
C00186,Male,0,Yes,No,0,Yes,Yes,DSL,No,No,No,No,Yes,Yes,Month-to-month,Yes,Mailed check,63.15, ,No
C00187,Male,0,Yes,No,43,Yes,No,Fiber optic,No,No,Yes,Yes,No,Yes,Two year,No,Credit card (automatic),92.16,3920.01,No
C00188,Female,0,No,No,47,Yes,No,DSL,No,Yes,No,No,No,Yes,Month-to-month,No,Mailed check,62.61,3054.65,No
C00189,Male,0,No,No,9,Yes,No,DSL,No,No,Yes,Yes,Yes,Yes,Month-to-month,No,Bank transfer (automatic),73.2,640.45,No
C00190,Female,0,Yes,No,21,Yes,No,DSL,No,No,No,No,No,Yes,Month-to-month,No,Credit card (automatic),52.35,986.76,No
C00191,Male,0,No,No,61,No,No phone service,DSL,Yes,Yes,No,No,No,No,Two year,No,Electronic check,38.51,2100.52,No
C00192,Male,0,No,No,59,Yes,Yes,No,No internet service,No internet service,No internet service,No internet service,No internet service,No internet service,Two year,No,Electronic check,30.96,1844.4,No
C00193,Female,0,No,No,65,Yes,No,Fiber optic,No,No,No,Yes,No,Yes,Two year,Yes,Bank transfer (automatic),82.1,4815.96,No
C00194,Male,0,No,No,3,Yes,Yes,DSL,No,No,No,No,Yes,No,One year,Yes,Electronic check,57.53,150.04,Yes
C00195,Male,1,No,No,57,Yes,No,Fiber optic,Yes,No,Yes,Yes,Yes,Yes,Month-to-month,Yes,Electronic check,95.65,4654.54,Yes
C00196,Female,0,Yes,Yes,10,Yes,Yes,Fiber optic,Yes,No,No,Yes,No,No,One year,No,Credit card (automatic),87.29,880.26,No
C00197,Female,1,Yes,No,23,Yes,,Fiber optic,No,No,Yes,Yes,No,No,Two year,No,Electronic check,75.28,1720.27,No
C00198,Male,0,No,No,0,Yes,No,Fiber optic,No,No,No,Yes,No,No,Month-to-month,Yes,Credit card (automatic),69.27, ,Yes
C00199,Male,0,No,No,0,Yes,Yes,DSL,Yes,Yes,Yes,No,No,Yes,Month-to-month,Yes,Electronic check,75.75, ,Yes
C00200,Female,0,No,Yes,9,Yes,No,Fiber optic,Yes,Yes,Yes,Yes,No,Yes,Month-to-month,Yes,Credit card (automatic),96.72,853.88,No
C00201,Female,0,No,Yes,1,Yes,Yes,Fiber optic,No,No,Yes,Yes,Yes,No,Month-to-month,No,Electronic check,86.7,86.09,Yes
C00202,Male,0,No,No,3,Yes,Yes,No,No internet service,No internet service,No internet service,No internet service,No internet service,No internet service,Month-to-month,No,Bank transfer (automatic),33.96,93.82,No
C00203,Male,1,No,No,55,Yes,Yes,Fiber optic,No,Yes,No,No,No,Yes,Month-to-month,Yes,Bank transfer (automatic),89.7,4636.85,Yes
C00204,Male,0,No,No,5,Yes,No,Fiber optic,No,Yes,Yes,Yes,No,No,Month-to-month,No,Bank transfer (automatic),78.76,360.86,Yes
C00205,Male,0,Yes,No,41,Yes,Yes,Fiber optic,No,No,Yes,Yes,Yes,No,Two year,Yes,Bank transfer (automatic),90.17,3470.04,No
C00206,Male,0,No,No,47,Yes,Yes,Fiber optic,No,Yes,No,No,Yes,Yes,Month-to-month,Yes,Credit card (automatic),89.25,3665.23,Yes
C00207,Female,0,No,No,68,Yes,Yes,Fiber optic,No,No,No,No,No,Yes,Two year,Yes,Electronic check,77.11,5365.94,No
C00208,Male,0,Yes,No,0,Yes,Yes,Fiber optic,No,Yes,No,Yes,No,No,Month-to-month,No,Bank transfer (automatic),80.84, ,Yes
C00209,Female,0,Yes,Yes,4,Yes,Yes,No,No internet service,No internet service,No internet service,No internet service,No internet service,No internet service,Month-to-month,No,Bank transfer (automatic),20.98,86.97,Yes
C00210,Female,0,No,No,4,Yes,No,Fiber optic,Yes,Yes,Yes,Yes,No,Yes,Month-to-month,Yes,Credit card (automatic),96.9,361.9,Yes
C00211,Female,0,No,No,27,No,No phone service,DSL,Yes,No,Yes,No,No,Yes,One year,Yes,Electronic check,43.94,1234.19,No
C00212,Male,0,Yes,Yes,5,Yes,No,Fiber optic,,Yes,No,Yes,Yes,Yes,Month-to-month,Yes,Electronic check,93.81,411.06,Yes
C00213,Female,0,Yes,Yes,42,Yes,No,DSL,No,Yes,No,Yes,No,No,Two year,No,Credit card (automatic),56.0,2132.26,No
C00214,Female,0,Yes,No,59,Yes,No,Fiber optic,No,Yes,No,No,Yes,No,One year,Yes,Electronic check,74.05,4156.31,No
C00215,Female,0,Yes,No,27,Yes,Yes,No,No internet service,No internet service,No internet service,No internet service,No internet service,No internet service,Month-to-month,No,Electronic check,20.81,516.9,Yes
C00216,Male,0,No,No,40,Yes,Yes,DSL,Yes,Yes,No,Yes,Yes,No,Month-to-month,No,Electronic check,80.94,3125.6,No
C00217,Male,0,No,No,9,No,No phone service,DSL,No,No,Yes,No,No,No,Month-to-month,Yes,Mailed check,33.02,274.31,No
C00218,Female,0,No,No,3,Yes,Yes,DSL,Yes,No,Yes,No,No,Yes,Month-to-month,Yes,Bank transfer (automatic),69.4,193.07,Yes
C00219,Male,0,Yes,Yes,10,No,No phone service,Fiber optic,No,No,Yes,No,Yes,Yes,Month-to-month,Yes,Credit card (automatic),63.78,556.27,No
C00220,Male,0,Yes,Yes,8,Yes,No,Fiber optic,Yes,Yes,No,No,No,Yes,Month-to-month,No,Mailed check,79.77,623.54,No
C00221,Male,0,Yes,Yes,20,Yes,No,Fiber optic,No,No,Yes,No,Yes,Yes,One year,Yes,Bank transfer (automatic),91.17,1581.91,No
C00222,Female,0,No,No,4,Yes,No,Fiber optic,Yes,Yes,No,No,Yes,Yes,Two year,No,Mailed check,87.18,365.36,No
C00223,Female,0,No,No,0,Yes,Yes,No,No internet service,No internet service,No internet service,No internet service,No internet service,No internet service,Month-to-month,No,Bank transfer (automatic),27.32, ,No
C00224,Male,0,Yes,No,1,Yes,No,No,No internet service,No internet service,No internet service,No internet service,No internet service,No internet service,Month-to-month,Yes,Electronic check,19.96,19.28,Yes
C00225,Female,0,No,Yes,9,Yes,Yes,DSL,No,Yes,No,No,No,No,Month-to-month,Yes,Mailed check,61.81,568.54,Yes
C00226,Male,0,Yes,No,18,Yes,No,Fiber optic,No,No,No,No,No,Yes,Month-to-month,No,Credit card (automatic),71.22,1168.53,Yes
C00227,Female,0,Yes,Yes,72,Yes,No,Fiber optic,No,No,No,No,No,Yes,Two year,Yes,Bank transfer (automatic),72.04,4541.8,No
C00228,Female,0,No,Yes,28,Yes,Yes,Fiber optic,No,Yes,No,No,No,Yes,Month-to-month,Yes,Mailed check,90.71,2608.97,No
C00229,Male,1,Yes,Yes,41,Yes,No,Fiber optic,No,Yes,Yes,No,Yes,Yes,Two year,Yes,Bank transfer (automatic),86.28,3302.52,No
C00230,Male,0,No,Yes,3,Yes,No,Fiber optic,No,Yes,Yes,Yes,Yes,Yes,Month-to-month,Yes,Electronic check,92.09,263.37,Yes
C00231,Male,0,Yes,Yes,0,Yes,No,DSL,Yes,Yes,No,No,Yes,No,One year,Yes,Bank transfer (automatic),65.59, ,No
C00232,Female,0,No,No,0,Yes,Yes,DSL,No,No,Yes,No,Yes,No,Month-to-month,No,Electronic check,60.89, ,Yes
C00233,Female,0,Yes,Yes,34,Yes,No,Fiber optic,Yes,No,No,No,No,No,Month-to-month,No,Bank transfer (automatic),69.76,2159.06,No
C00234,Female,0,Yes,No,71,Yes,No,DSL,No,No,Yes,No,No,No,One year,No,Electronic check,56.94,4230.92,No
C00235,Female,0,Yes,No,0,Yes,Yes,Fiber optic,Yes,No,No,Yes,Yes,Yes,Month-to-month,No,Mailed check,95.09, ,No
C00236,Male,0,No,No,10,Yes,Yes,DSL,Yes,Yes,No,No,No,Yes,One year,Yes,Electronic check,70.83,616.18,Yes
C00237,Female,0,No,No,51,Yes,Yes,No,No internet service,No internet service,No internet service,No internet service,No internet service,No internet service,Two year,Yes,Credit card (automatic),30.57,1611.22,No
C00238,Male,0,No,No,6,Yes,Yes,Fiber optic,No,Yes,Yes,No,No,No,Month-to-month,No,Credit card (automatic),86.7,502.23,No
C00239,Male,1,Yes,No,34,Yes,No,DSL,No,No,No,Yes,Yes,No,One year,Yes,Bank transfer (automatic),58.43,1775.92,No
C00240,Female,0,Yes,Yes,72,Yes,No,No,No internet service,No internet service,No internet service,No internet service,No internet service,No internet service,One year,Yes,Electronic check,21.54,1475.11,No
C00241,Female,0,Yes,No,0,Yes,No,DSL,No,Yes,Yes,Yes,Yes,No,Month-to-month,No,Mailed check,67.75, ,No
C00242,Male,0,No,No,2,Yes,Yes,No,No internet service,No internet service,No internet service,No internet service,No internet service,No internet service,One year,Yes,Credit card (automatic),22.47,42.36,No
C00243,Female,0,Yes,Yes,42,Yes,No,No,No internet service,No internet service,No internet service,No internet service,No internet service,No internet service,Month-to-month,Yes,Bank transfer (automatic),25.66,1095.78,No
C00244,Female,0,Yes,No,2,Yes,Yes,Fiber optic,No,Yes,Yes,No,Yes,No,Month-to-month,Yes,Electronic check,90.72,163.76,Yes
C00245,Female,1,No,No,62,Yes,Yes,No,No internet service,No internet service,No internet service,No internet service,No internet service,No internet service,Two year,Yes,Electronic check,34.08,1831.93,No
C00246,Female,1,No,No,4,Yes,No,No,No internet service,No internet service,No internet service,No internet service,No internet service,No internet service,Month-to-month,Yes,Bank transfer (automatic),18.48,72.47,No
C00247,Male,0,Yes,No,4,Yes,No,Fiber optic,Yes,No,No,No,No,No,Month-to-month,No,Bank transfer (automatic),77.32,295.41,Yes
C00248,Male,0,Yes,Yes,32,Yes,No,DSL,No,No,No,Yes,No,No,Month-to-month,Yes,Electronic check,50.22,1399.43,Yes
C00249,Male,0,Yes,No,8,Yes,No,DSL,No,Yes,Yes,No,No,Yes,Month-to-month,No,Electronic check,62.19,478.56,No
C00250,Female,0,No,No,62,No,No phone service,DSL,No,No,Yes,No,No,No,Two year,Yes,Electronic check,29.84,1773.8,No
C00251,Female,0,Yes,No,50,Yes,Yes,Fiber optic,Yes,Yes,No,Yes,Yes,Yes,Two year,No,Mailed check,108.33,4609.48,No
C00252,Male,1,No,No,47,Yes,No,DSL,No,No,No,No,Yes,Yes,Two year,No,Electronic check,53.38,2226.86,No
C00253,Male,0,Yes,Yes,33,Yes,Yes,Fiber optic,No,No,No,No,No,No,One year,Yes,Mailed check,71.1,2248.65,No
C00254,Male,0,No,No,58,Yes,,DSL,Yes,No,No,No,No,Yes,Two year,No,Credit card (automatic),73.76,4442.3,No
C00255,Female,0,No,Yes,12,Yes,No,No,No internet service,No internet service,No internet service,No internet service,No internet service,No internet service,One year,Yes,Credit card (automatic),19.3,221.87,No
C00256,Female,0,Yes,Yes,40,Yes,Yes,DSL,No,No,No,No,Yes,No,Month-to-month,No,Electronic check,62.66,2161.49,No
C00257,Male,1,No,No,36,No,No phone service,Fiber optic,Yes,Yes,No,No,No,No,One year,Yes,Bank transfer (automatic),61.63,1891.1,Yes
C00258,Male,0,Yes,Yes,46,Yes,Yes,DSL,No,Yes,No,Yes,No,No,One year,No,Bank transfer (automatic),64.29,2986.27,No
C00259,Female,0,No,No,12,Yes,No,Fiber optic,No,No,No,No,Yes,Yes,Two year,No,Bank transfer (automatic),80.01,833.16,Yes
C00260,Male,1,No,No,9,Yes,No,DSL,No,Yes,No,No,Yes,No,Month-to-month,No,Credit card (automatic),60.23,484.91,Yes
C00261,Female,0,No,No,4,Yes,Yes,Fiber optic,No,Yes,Yes,No,Yes,No,One year,Yes,Credit card (automatic),85.93,337.47,No
C00262,Male,0,Yes,Yes,26,Yes,,DSL,No,No,No,No,Yes,No,Month-to-month,No,Bank transfer (automatic),57.8,1562.22,Yes
C00263,Male,0,Yes,Yes,6,Yes,No,Fiber optic,No,Yes,No,Yes,No,Yes,Month-to-month,Yes,Bank transfer (automatic),80.78,427.69,No
C00264,Female,0,No,No,2,Yes,Yes,Fiber optic,No,No,No,Yes,Yes,Yes,Two year,Yes,Electronic check,88.96,168.06,No
C00265,Male,0,No,No,50,Yes,Yes,No,No internet service,No internet service,No internet service,No internet service,No internet service,No internet service,One year,Yes,Electronic check,35.54,1750.79,No
C00266,Male,0,No,No,3,Yes,Yes,DSL,No,Yes,No,No,Yes,No,Month-to-month,Yes,Electronic check,64.42,166.46,Yes
C00267,Male,0,No,No,72,Yes,Yes,DSL,No,Yes,Yes,No,No,Yes,Month-to-month,No,Electronic check,70.99,4777.88,No
C00268,Male,1,No,No,7,No,No phone service,No,No internet service,No internet service,No internet service,No internet service,No internet service,No internet service,One year,No,Electronic check,18.0,117.32,No
C00269,Male,0,No,No,19,Yes,Yes,Fiber optic,No,Yes,Yes,Yes,No,No,Month-to-month,Yes,Credit card (automatic),92.38,1560.31,No
C00270,Male,1,No,No,15,Yes,Yes,Fiber optic,No,Yes,No,No,Yes,Yes,Two year,No,Electronic check,90.5,1182.58,No
C00271,Male,1,No,No,18,Yes,No,DSL,No,Yes,Yes,No,Yes,Yes,Month-to-month,Yes,Electronic check,66.73,1258.48,No
C00272,Male,0,No,No,45,Yes,Yes,Fiber optic,No,No,No,Yes,No,No,Month-to-month,Yes,Mailed check,75.96,3097.93,No
C00273,Female,0,No,No,46,Yes,Yes,Fiber optic,Yes,Yes,Yes,No,Yes,Yes,Two year,No,Mailed check,107.55,4941.57,No
C00274,Female,0,Yes,Yes,9,Yes,No,No,No internet service,No internet service,No internet service,No internet service,No internet service,No internet service,Month-to-month,Yes,Credit card (automatic),18.12,152.76,No
C00275,Male,0,No,No,39,Yes,No,Fiber optic,No,No,Yes,No,No,No,One year,Yes,Mailed check,70.23,2656.94,No
C00276,Male,0,No,Yes,8,Yes,No,Fiber optic,Yes,Yes,Yes,No,Yes,Yes,Month-to-month,Yes,Electronic check,92.47,654.66,Yes
C00277,Male,0,Yes,Yes,72,Yes,Yes,DSL,Yes,No,Yes,No,Yes,No,One year,Yes,Mailed check,68.26,4640.37,No
C00278,Female,0,No,No,39,Yes,Yes,DSL,No,No,Yes,Yes,No,Yes,One year,Yes,Credit card (automatic),68.31,2749.47,No
C00279,Female,0,Yes,No,54,Yes,No,DSL,No,No,Yes,Yes,Yes,Yes,Month-to-month,Yes,Credit card (automatic),70.75,3600.67,No
C00280,Male,0,Yes,No,47,Yes,No,Fiber optic,No,Yes,Yes,No,Yes,Yes,Two year,No,Mailed check,91.42,4502.9,No
C00281,Male,0,Yes,No,54,Yes,Yes,Fiber optic,No,Yes,No,No,No,No,Month-to-month,Yes,Mailed check,75.34,3963.34,No
C00282,Male,0,No,No,10,Yes,No,Fiber optic,No,Yes,No,No,Yes,Yes,One year,No,Electronic check,82.63,802.81,No
C00283,Male,0,No,Yes,23,No,No phone service,No,No internet service,No internet service,No internet service,No internet service,No internet service,No internet service,One year,No,Electronic check,18.0,396.86,No
C00284,Female,1,No,No,42,Yes,No,DSL,Yes,Yes,Yes,No,No,Yes,One year,No,Mailed check,73.75,2787.45,No
C00285,Male,1,Yes,Yes,61,Yes,Yes,No,No internet service,No internet service,No internet service,No internet service,No internet service,No internet service,Two year,Yes,Mailed check,25.51,1562.65,No
C00286,Male,0,No,No,0,Yes,No,No,No internet service,No internet service,No internet service,No internet service,No internet service,No internet service,Month-to-month,Yes,Mailed check,21.93, ,No
C00287,Male,0,Yes,No,6,Yes,No,Fiber optic,Yes,No,Yes,Yes,No,No,Month-to-month,No,Electronic check,82.05,426.56,Yes
C00288,Female,0,Yes,Yes,16,Yes,No,Fiber optic,No,Yes,No,Yes,No,No,Month-to-month,Yes,Bank transfer (automatic),80.78,1248.16,No
C00289,Male,0,Yes,No,3,Yes,No,No,No internet service,No internet service,No internet service,No internet service,No internet service,No internet service,Month-to-month,No,Bank transfer (automatic),18.0,54.42,Yes
C00290,Female,0,No,No,12,No,,No,No internet service,No internet service,No internet service,No internet service,No internet service,No internet service,Month-to-month,No,Mailed check,18.0,201.08,No
C00291,Male,0,Yes,No,7,Yes,No,Fiber optic,No,No,No,No,Yes,Yes,Month-to-month,No,Electronic check,75.58,512.2,Yes
C00292,Female,0,No,Yes,9,Yes,No,Fiber optic,No,Yes,Yes,No,Yes,Yes,Month-to-month,No,Electronic check,97.85,853.21,Yes
C00293,Male,0,No,Yes,57,Yes,No,Fiber optic,Yes,No,No,No,No,No,Two year,Yes,Mailed check,69.87,3399.27,No
C00294,Female,0,Yes,No,10,Yes,No,DSL,No,No,Yes,No,No,No,Month-to-month,No,Mailed check,50.98,452.23,No
C00295,Female,1,No,No,14,Yes,No,DSL,Yes,Yes,No,Yes,No,No,One year,Yes,Mailed check,56.48,689.54,No
C00296,Female,0,Yes,Yes,14,Yes,Yes,Fiber optic,No,No,No,No,Yes,No,One year,Yes,Electronic check,78.22,971.53,Yes
C00297,Female,0,Yes,Yes,8,Yes,No,Fiber optic,No,No,Yes,No,Yes,Yes,Month-to-month,Yes,Electronic check,80.99,571.44,Yes
C00298,Female,1,Yes,No,36,Yes,Yes,Fiber optic,,No,No,No,Yes,No,Month-to-month,Yes,Bank transfer (automatic),78.67,2662.53,Yes
C00299,Female,0,No,No,61,Yes,Yes,No,No internet service,No internet service,No internet service,No internet service,No internet service,No internet service,One year,Yes,Credit card (automatic),19.64,1172.88,No
C00300,Female,0,No,Yes,42,Yes,No,No,No internet service,No internet service,No internet service,No internet service,No internet service,No internet service,Two year,Yes,Electronic check,19.41,697.92,No
C00301,Male,0,No,No,17,Yes,No,DSL,No,No,Yes,Yes,No,No,One year,No,Bank transfer (automatic),54.42,941.68,No
C00302,Female,1,No,No,52,Yes,Yes,DSL,Yes,Yes,Yes,No,Yes,Yes,Month-to-month,Yes,Electronic check,80.1,3684.89,No
C00303,Female,0,Yes,No,29,Yes,No,Fiber optic,No,No,No,Yes,Yes,Yes,One year,No,Electronic check,83.98,2260.31,No
C00304,Female,0,No,No,3,Yes,Yes,Fiber optic,Yes,No,Yes,Yes,Yes,Yes,Month-to-month,No,Electronic check,98.85,297.26,Yes
C00305,Male,0,Yes,Yes,66,No,No phone service,No,No internet service,No internet service,No internet service,No internet service,No internet service,No internet service,Two year,Yes,Electronic check,18.0,1206.4,No
C00306,Male,0,Yes,No,4,No,No phone service,Fiber optic,Yes,No,No,No,No,Yes,Month-to-month,No,Bank transfer (automatic),54.82,197.61,Yes
C00307,Female,0,No,No,6,Yes,Yes,DSL,Yes,No,Yes,No,No,Yes,One year,Yes,Electronic check,66.68,366.78,No
C00308,Male,0,Yes,No,38,No,No phone service,DSL,No,No,Yes,Yes,Yes,No,One year,Yes,Bank transfer (automatic),40.49,1572.33,No
C00309,Male,0,Yes,Yes,2,Yes,Yes,Fiber optic,Yes,Yes,Yes,No,Yes,No,Month-to-month,Yes,Electronic check,94.74,197.99,Yes
C00310,Male,0,Yes,No,51,Yes,Yes,DSL,No,No,Yes,No,No,Yes,Two year,Yes,Credit card (automatic),72.75,3265.97,No
C00311,Male,0,Yes,No,39,Yes,Yes,DSL,No,No,No,Yes,Yes,Yes,Two year,No,Mailed check,71.23,2704.56,No
C00312,Male,0,No,No,1,Yes,Yes,DSL,Yes,No,No,No,Yes,Yes,Month-to-month,No,Bank transfer (automatic),74.74,64.46,Yes
C00313,Male,0,Yes,Yes,0,Yes,No,Fiber optic,Yes,No,Yes,Yes,Yes,No,Month-to-month,Yes,Mailed check,97.01, ,Yes
C00314,Male,0,No,No,20,Yes,No,Fiber optic,No,Yes,No,No,Yes,No,Month-to-month,No,Mailed check,73.25,1376.59,Yes
C00315,Male,0,Yes,No,38,Yes,No,DSL,No,Yes,No,Yes,No,Yes,One year,Yes,Electronic check,62.03,2380.29,No
C00316,Male,1,No,No,72,Yes,Yes,Fiber optic,No,Yes,Yes,No,Yes,No,Two year,Yes,Electronic check,93.25,5934.81,No
C00317,Female,1,No,No,40,Yes,Yes,Fiber optic,No,No,Yes,Yes,No,No,Two year,Yes,Bank transfer (automatic),86.73,3346.28,Yes
C00318,Male,0,No,No,55,Yes,Yes,No,No internet service,No internet service,No internet service,No internet service,No internet service,No internet service,One year,Yes,Mailed check,29.14,1472.16,No
C00319,Female,0,No,No,0,Yes,Yes,DSL,No,No,Yes,Yes,No,Yes,Month-to-month,No,Credit card (automatic),73.75, ,Yes
C00320,Female,0,No,No,11,Yes,No,DSL,Yes,Yes,Yes,Yes,Yes,Yes,Month-to-month,Yes,Bank transfer (automatic),84.76,841.78,No
C00321,Male,0,No,No,6,Yes,Yes,No,No internet service,No internet service,No internet service,No internet service,No internet service,No internet service,Month-to-month,Yes,Electronic check,25.2,142.55,Yes
C00322,Male,0,No,No,58,Yes,Yes,Fiber optic,No,No,No,No,No,No,Two year,Yes,Bank transfer (automatic),70.63,3930.38,No
C00323,Female,1,Yes,Yes,69,Yes,No,No,No internet service,No internet service,No internet service,No internet service,No internet service,No internet service,Two year,No,Electronic check,21.38,1410.94,No
C00324,Female,0,Yes,Yes,5,Yes,No,Fiber optic,Yes,Yes,No,No,No,Yes,Month-to-month,Yes,Credit card (automatic),87.38,386.62,Yes
C00325,Female,0,No,No,16,Yes,No,DSL,Yes,Yes,No,No,Yes,No,One year,No,Mailed check,59.2,892.02,No
C00326,Female,1,Yes,No,1,Yes,No,Fiber optic,Yes,No,Yes,No,Yes,Yes,Month-to-month,No,Mailed check,85.13,82.9,Yes
C00327,Female,0,Yes,No,7,Yes,Yes,DSL,Yes,Yes,Yes,No,Yes,Yes,Month-to-month,No,Electronic check,75.15,489.87,Yes
C00328,Female,0,No,No,51,Yes,No,Fiber optic,Yes,No,No,No,No,No,One year,Yes,Electronic check,69.29,3096.8,No
C00329,Male,0,Yes,Yes,17,Yes,No,DSL,No,No,Yes,Yes,No,Yes,One year,No,Bank transfer (automatic),65.31,1138.7,No
C00330,Female,0,Yes,No,41,Yes,No,No,No internet service,No internet service,No internet service,No internet service,No internet service,No internet service,Month-to-month,Yes,Mailed check,18.0,673.39,No
C00331,Male,1,No,Yes,48,Yes,No,Fiber optic,No,No,Yes,No,Yes,No,One year,Yes,Electronic check,74.19,3237.43,No
C00332,Female,0,Yes,No,64,Yes,No,Fiber optic,No,No,Yes,No,Yes,Yes,One year,Yes,Mailed check,86.5,4888.75,No
C00333,Female,0,Yes,No,3,Yes,Yes,Fiber optic,Yes,No,No,No,No,Yes,One year,Yes,Electronic check,92.46,246.52,Yes
C00334,Male,0,Yes,No,41,Yes,No,No,No internet service,No internet service,No internet service,No internet service,No internet service,No internet service,Two year,Yes,Bank transfer (automatic),18.0,647.71,No
C00335,Female,1,Yes,No,29,Yes,Yes,No,No internet service,No internet service,No internet service,No internet service,No internet service,No internet service,Month-to-month,Yes,Mailed check,26.21,715.66,No
C00336,Male,0,Yes,No,1,Yes,No,No,No internet service,No internet service,No internet service,No internet service,No internet service,No internet service,Month-to-month,No,Electronic check,18.0,16.34,Yes
C00337,Female,0,No,No,15,Yes,No,No,No internet service,No internet service,No internet service,No internet service,No internet service,No internet service,Month-to-month,No,Mailed check,21.0,271.24,Yes
C00338,Male,0,Yes,No,15,Yes,No,Fiber optic,,No,Yes,No,Yes,Yes,One year,Yes,Credit card (automatic),81.1,1135.04,No
C00339,Female,1,No,No,12,Yes,No,DSL,No,No,Yes,No,No,Yes,One year,Yes,Bank transfer (automatic),60.62,698.72,No
C00340,Male,0,No,No,50,Yes,Yes,DSL,Yes,Yes,No,No,No,No,Two year,Yes,Bank transfer (automatic),64.32,3141.5,No
C00341,Female,0,Yes,Yes,31,Yes,Yes,No,No internet service,No internet service,No internet service,No internet service,No internet service,No internet service,One year,No,Credit card (automatic),26.93,848.2,No
C00342,Female,1,No,No,6,No,No phone service,No,No internet service,No internet service,No internet service,No internet service,No internet service,No internet service,One year,Yes,Bank transfer (automatic),18.0,96.26,Yes
C00343,Female,0,Yes,No,65,No,No phone service,DSL,No,Yes,Yes,No,No,Yes,One year,Yes,Mailed check,45.32,2809.81,No
C00344,Female,0,Yes,No,21,Yes,No,DSL,No,No,Yes,Yes,No,No,Two year,No,Credit card (automatic),56.64,1142.74,No
C00345,Female,0,Yes,No,68,Yes,No,Fiber optic,No,Yes,No,No,No,Yes,One year,No,Electronic check,83.62,5010.35,No
C00346,Female,0,Yes,No,1,Yes,Yes,Fiber optic,No,No,No,No,Yes,Yes,Month-to-month,No,Bank transfer (automatic),88.17,90.59,Yes
C00347,Male,0,No,No,2,No,No phone service,Fiber optic,Yes,Yes,Yes,No,Yes,No,Month-to-month,Yes,Credit card (automatic),70.65,123.65,Yes
C00348,Female,0,No,No,0,Yes,Yes,No,No internet service,No internet service,No internet service,No internet service,No internet service,No internet service,One year,No,Electronic check,24.5, ,Yes
C00349,Male,0,No,No,1,Yes,No,Fiber optic,No,Yes,No,No,No,Yes,Month-to-month,Yes,Credit card (automatic),76.89,74.31,No
C00350,Female,0,Yes,Yes,67,Yes,No,Fiber optic,Yes,No,No,No,Yes,No,Two year,No,Electronic check,75.41,4728.51,No
C00351,Male,0,No,No,23,Yes,Yes,Fiber optic,No,Yes,No,No,No,No,One year,No,Electronic check,82.72,1915.98,No
C00352,Female,1,No,No,68,Yes,No,Fiber optic,No,No,No,Yes,No,No,Two year,Yes,Credit card (automatic),74.27,5085.82,No
C00353,Female,0,Yes,No,4,Yes,Yes,Fiber optic,Yes,Yes,Yes,No,Yes,No,Month-to-month,No,Electronic check,97.55,385.74,Yes
C00354,Male,0,No,Yes,69,No,No phone service,Fiber optic,Yes,Yes,No,No,Yes,No,Two year,Yes,Electronic check,62.37,4461.88,No
C00355,Female,0,No,Yes,50,Yes,No,No,No internet service,No internet service,No internet service,No internet service,No internet service,No internet service,One year,Yes,Bank transfer (automatic),21.07,1084.04,No
C00356,Female,0,Yes,No,13,Yes,No,No,No internet service,No internet service,No internet service,No internet service,No internet service,No internet service,Two year,Yes,Credit card (automatic),21.97,265.89,No
C00357,Female,0,No,No,5,Yes,No,Fiber optic,No,No,Yes,Yes,No,Yes,One year,Yes,Credit card (automatic),80.03,342.73,No
C00358,Male,0,Yes,Yes,2,Yes,No,DSL,No,No,No,Yes,Yes,Yes,Month-to-month,No,Electronic check,66.35,113.29,No
C00359,Female,0,Yes,Yes,32,Yes,Yes,No,No internet service,No internet service,No internet service,No internet service,No internet service,No internet service,One year,No,Bank transfer (automatic),30.55,938.93,No
C00360,Female,0,Yes,Yes,3,Yes,No,Fiber optic,Yes,Yes,No,No,No,Yes,Month-to-month,Yes,Electronic check,83.0,256.74,Yes
C00361,Male,0,Yes,No,5,Yes,No,Fiber optic,Yes,No,Yes,No,No,No,Month-to-month,Yes,Bank transfer (automatic),77.31,405.19,No
C00362,Male,1,No,No,58,Yes,No,Fiber optic,Yes,Yes,Yes,Yes,No,Yes,One year,No,Credit card (automatic),102.21,5587.98,No
C00363,Male,0,No,No,43,Yes,No,Fiber optic,No,Yes,No,Yes,No,No,Two year,No,Electronic check,77.5,3046.85,No
C00364,Female,0,Yes,No,4,Yes,No,No,No internet service,No internet service,No internet service,No internet service,No internet service,No internet service,Month-to-month,No,Mailed check,23.17,92.33,Yes
C00365,Male,0,No,No,58,Yes,No,DSL,Yes,No,No,Yes,No,Yes,One year,Yes,Electronic check,65.15,3580.93,No
C00366,Female,0,No,No,2,Yes,No,Fiber optic,No,Yes,No,Yes,Yes,No,Month-to-month,Yes,Electronic check,82.43,157.55,Yes
C00367,Female,0,No,No,61,Yes,No,No,No internet service,No internet service,No internet service,No internet service,No internet service,No internet service,Month-to-month,Yes,Credit card (automatic),23.39,1277.81,No
C00368,Male,1,No,No,10,Yes,No,DSL,No,Yes,No,Yes,Yes,Yes,Month-to-month,Yes,Electronic check,73.36,702.34,Yes
C00369,Female,1,No,No,1,Yes,No,Fiber optic,Yes,No,No,No,Yes,Yes,Month-to-month,Yes,Bank transfer (automatic),84.77,74.78,Yes
C00370,Female,0,No,No,0,Yes,Yes,Fiber optic,Yes,Yes,No,No,No,Yes,Month-to-month,Yes,Electronic check,84.15, ,Yes
C00371,Male,1,Yes,No,13,Yes,No,Fiber optic,No,No,No,No,Yes,No,Month-to-month,Yes,Mailed check,68.17,776.12,Yes
C00372,Male,0,No,No,40,Yes,Yes,DSL,No,Yes,No,No,Yes,Yes,Two year,Yes,Credit card (automatic),67.48,2297.24,Yes
C00373,Male,0,Yes,Yes,71,Yes,No,DSL,No,Yes,No,No,No,Yes,Two year,Yes,Electronic check,54.17,3480.02,No
C00374,Male,0,Yes,Yes,0,Yes,No,Fiber optic,Yes,Yes,Yes,Yes,Yes,No,Month-to-month,Yes,Electronic check,91.78, ,Yes
C00375,Male,0,Yes,No,52,Yes,No,Fiber optic,No,No,No,No,No,Yes,One year,Yes,Electronic check,67.64,3473.82,No
C00376,Female,0,Yes,No,72,No,No phone service,No,No internet service,No internet service,No internet service,No internet service,No internet service,No internet service,Two year,Yes,Mailed check,18.0,1301.94,No
C00377,Male,1,No,No,26,Yes,No,DSL,No,Yes,Yes,No,Yes,No,One year,No,Credit card (automatic),69.63,1541.25,Yes
C00378,Male,0,No,No,32,Yes,Yes,DSL,Yes,No,No,No,Yes,Yes,Month-to-month,Yes,Electronic check,75.33,2503.37,Yes
C00379,Female,0,Yes,No,46,Yes,Yes,Fiber optic,No,No,Yes,No,Yes,No,Month-to-month,Yes,Electronic check,81.58,3525.95,Yes
C00380,Female,0,No,No,4,Yes,No,DSL,Yes,Yes,Yes,Yes,Yes,No,Month-to-month,Yes,Electronic check,74.56,292.67,Yes
C00381,Female,0,Yes,No,9,Yes,No,DSL,No,No,No,No,No,Yes,One year,No,Electronic check,53.43,498.32,No
C00382,Female,1,No,No,1,Yes,No,Fiber optic,No,Yes,Yes,Yes,Yes,No,Month-to-month,Yes,Electronic check,95.56,88.68,Yes
C00383,Male,0,Yes,Yes,17,No,No phone service,Fiber optic,No,Yes,No,Yes,Yes,Yes,One year,No,Mailed check,71.86,1184.74,No
C00384,Male,0,Yes,Yes,2,Yes,Yes,DSL,Yes,Yes,No,Yes,Yes,Yes,Month-to-month,No,Electronic check,88.21,167.35,Yes
C00385,Female,0,No,No,7,Yes,No,No,No internet service,No internet service,No internet service,No internet service,No internet service,No internet service,Month-to-month,Yes,Electronic check,21.73,154.09,Yes
C00386,Female,0,No,No,6,No,No phone service,DSL,No,No,No,No,No,No,Month-to-month,Yes,Mailed check,27.84,153.68,No
C00387,Female,0,Yes,No,67,No,No phone service,DSL,No,No,No,No,No,No,One year,No,Electronic check,24.39,1634.22,No
C00388,Male,0,Yes,No,25,Yes,No,DSL,Yes,No,Yes,Yes,Yes,Yes,Month-to-month,No,Credit card (automatic),77.54,1655.53,No
C00389,Female,0,Yes,Yes,24,Yes,No,No,No internet service,No internet service,No internet service,No internet service,No internet service,No internet service,Month-to-month,No,Mailed check,18.0,417.67,No
C00390,Female,0,No,No,2,Yes,Yes,DSL,No,No,No,Yes,Yes,Yes,One year,No,Mailed check,64.35,121.7,No
C00391,Male,0,Yes,No,72,Yes,Yes,Fiber optic,Yes,No,Yes,Yes,No,Yes,Two year,Yes,Credit card (automatic),94.0,6849.68,No
C00392,Female,0,Yes,Yes,0,Yes,No,DSL,No,Yes,No,No,No,No,Month-to-month,No,Electronic check,53.38, ,No
C00393,Female,0,No,Yes,14,Yes,No,Fiber optic,Yes,Yes,Yes,Yes,No,Yes,Month-to-month,No,Mailed check,90.34,1218.9,No
C00394,Male,1,No,No,47,Yes,Yes,DSL,No,Yes,Yes,No,Yes,No,Two year,No,Mailed check,69.69,2970.55,No
C00395,Male,1,Yes,Yes,9,Yes,No,DSL,No,No,No,No,Yes,No,Two year,Yes,Electronic check,53.61,418.61,No
C00396,Female,0,No,Yes,46,Yes,Yes,Fiber optic,No,No,Yes,No,Yes,No,Two year,Yes,Mailed check,81.28,3876.16,No
C00397,Male,0,Yes,Yes,72,Yes,Yes,Fiber optic,Yes,No,No,No,No,Yes,Two year,Yes,Bank transfer (automatic),83.63,5667.97,No
C00398,Male,1,Yes,No,2,Yes,Yes,Fiber optic,No,Yes,No,No,Yes,Yes,Month-to-month,No,Credit card (automatic),91.27,184.31,No
C00399,Male,0,No,Yes,0,Yes,No,Fiber optic,No,No,No,Yes,No,Yes,Two year,No,Bank transfer (automatic),82.25, ,No
C00400,Male,0,Yes,No,11,Yes,No,No,No internet service,No internet service,No internet service,No internet service,No internet service,No internet service,Month-to-month,Yes,Electronic check,21.34,226.09,Yes
C00401,Female,0,Yes,No,1,Yes,No,DSL,No,No,No,No,Yes,No,Month-to-month,Yes,Mailed check,49.74,43.42,Yes
C00402,Female,0,No,No,11,Yes,Yes,Fiber optic,Yes,No,No,Yes,Yes,Yes,Month-to-month,No,Electronic check,94.13,893.49,Yes
C00403,Male,0,No,No,5,Yes,Yes,DSL,No,No,Yes,No,Yes,Yes,Month-to-month,Yes,Mailed check,66.39,310.31,No
C00404,Female,0,No,Yes,22,Yes,No,Fiber optic,Yes,Yes,No,No,No,No,One year,No,Credit card (automatic),82.48,1581.24,No
C00405,Female,0,No,Yes,8,No,No phone service,Fiber optic,Yes,No,Yes,No,Yes,No,Month-to-month,Yes,Credit card (automatic),63.34,514.34,No
C00406,Male,1,Yes,No,30,Yes,No,Fiber optic,No,No,No,No,No,No,Two year,Yes,Mailed check,64.0,1726.1,No
C00407,Female,0,No,No,2,Yes,No,Fiber optic,Yes,Yes,No,Yes,No,No,Month-to-month,Yes,Credit card (automatic),84.07,161.38,No
C00408,Male,0,Yes,Yes,43,Yes,Yes,DSL,No,No,No,No,No,Yes,One year,No,Electronic check,59.39,2483.65,No
C00409,Female,0,No,No,8,No,No phone service,No,No internet service,No internet service,No internet service,No internet service,No internet service,No internet service,One year,Yes,Credit card (automatic),18.0,149.22,No
C00410,Female,0,Yes,No,5,Yes,No,DSL,No,No,Yes,Yes,Yes,Yes,Month-to-month,No,Bank transfer (automatic),66.56,315.04,No
C00411,Female,0,Yes,No,6,Yes,Yes,DSL,Yes,No,No,No,Yes,No,Month-to-month,Yes,Credit card (automatic),62.58,388.61,No
C00412,Male,0,Yes,No,7,Yes,No,No,No internet service,No internet service,No internet service,No internet service,No internet service,No internet service,Month-to-month,Yes,Mailed check,21.15,140.55,Yes
C00413,Female,0,No,No,11,Yes,No,Fiber optic,No,No,Yes,No,No,Yes,One year,Yes,Bank transfer (automatic),73.25,755.45,No
C00414,Male,0,Yes,No,5,No,No phone service,No,No internet service,No internet service,No internet service,No internet service,No internet service,No internet service,One year,Yes,Credit card (automatic),18.0,94.12,No
C00415,Male,0,No,No,3,Yes,No,DSL,No,No,No,No,Yes,Yes,One year,Yes,Bank transfer (automatic),54.47,146.92,No
C00416,Male,0,No,No,1,No,No phone service,DSL,No,No,Yes,Yes,No,No,Month-to-month,Yes,Electronic check,34.51,32.62,Yes
C00417,Female,1,No,No,51,Yes,Yes,Fiber optic,No,No,Yes,No,No,No,Two year,Yes,Bank transfer (automatic),78.29,4045.25,Yes
C00418,Male,0,Yes,Yes,2,No,No phone service,DSL,No,No,No,No,No,Yes,Month-to-month,Yes,Electronic check,31.06,56.46,No
C00419,Female,0,Yes,No,8,Yes,No,Fiber optic,Yes,No,No,Yes,Yes,Yes,Month-to-month,No,Electronic check,91.65,694.26,No
C00420,Female,0,No,No,2,Yes,No,DSL,Yes,Yes,No,No,Yes,Yes,Month-to-month,Yes,Electronic check,67.12,138.12,Yes
C00421,Male,0,No,No,6,Yes,No,DSL,Yes,No,No,No,Yes,No,One year,Yes,Electronic check,67.29,347.54,No
C00422,Male,0,Yes,Yes,13,No,No phone service,Fiber optic,No,Yes,Yes,No,Yes,No,Month-to-month,No,Mailed check,63.51,791.52,No
C00423,Male,0,No,No,0,Yes,No,DSL,No,Yes,No,No,Yes,Yes,Two year,Yes,Bank transfer (automatic),63.45, ,No
C00424,Female,0,Yes,Yes,14,Yes,Yes,DSL,No,No,No,Yes,No,No,One year,No,Bank transfer (automatic),61.39,840.13,No
C00425,Female,0,Yes,No,22,Yes,No,DSL,No,No,Yes,No,Yes,Yes,Month-to-month,No,Mailed check,66.73,1377.8,Yes
C00426,Male,1,Yes,Yes,0,Yes,No,DSL,Yes,No,No,No,Yes,Yes,Month-to-month,No,Credit card (automatic),64.76, ,No
C00427,Female,0,Yes,No,28,Yes,No,Fiber optic,No,Yes,Yes,No,Yes,No,Month-to-month,Yes,Electronic check,82.96,2370.86,Yes
C00428,Male,0,Yes,No,62,Yes,Yes,Fiber optic,Yes,Yes,No,No,No,Yes,Two year,No,Electronic check,95.6,5700.15,No
C00429,Female,1,No,Yes,7,Yes,Yes,Fiber optic,No,No,Yes,No,Yes,Yes,Month-to-month,Yes,Bank transfer (automatic),95.02,660.37,Yes
C00430,Female,0,Yes,No,0,Yes,Yes,Fiber optic,Yes,Yes,No,No,No,No,One year,Yes,Bank transfer (automatic),85.21, ,No
C00431,Female,0,No,No,14,Yes,No,DSL,No,No,No,Yes,No,No,One year,Yes,Electronic check,50.2,624.71,No
C00432,Female,0,No,Yes,10,Yes,Yes,DSL,No,No,No,No,No,Yes,One year,No,Credit card (automatic),61.19,639.06,No
C00433,Female,0,No,No,13,Yes,No,No,No internet service,No internet service,No internet service,No internet service,No internet service,No internet service,Month-to-month,No,Credit card (automatic),18.95,224.15,Yes
C00434,Male,0,Yes,Yes,56,Yes,Yes,DSL,No,Yes,No,Yes,No,No,Two year,Yes,Electronic check,68.9,3295.95,No
C00435,Male,0,No,No,41,No,No phone service,No,No internet service,No internet service,No internet service,No internet service,No internet service,No internet service,Two year,Yes,Mailed check,18.0,703.07,No
C00436,Male,0,Yes,No,4,Yes,No,DSL,No,Yes,Yes,No,Yes,No,Month-to-month,Yes,Electronic check,59.85,245.25,Yes
C00437,Male,0,No,Yes,9,Yes,Yes,Fiber optic,No,No,No,Yes,No,No,Month-to-month,No,Electronic check,78.22,640.73,Yes
C00438,Female,0,Yes,Yes,70,Yes,No,Fiber optic,Yes,No,Yes,No,Yes,No,Two year,Yes,Credit card (automatic),78.54,4755.72,No
C00439,Female,1,No,No,6,Yes,Yes,Fiber optic,No,No,No,No,Yes,No,One year,No,Bank transfer (automatic),79.99,435.22,Yes
C00440,Female,1,Yes,Yes,6,Yes,No,Fiber optic,Yes,No,No,No,No,Yes,One year,No,Electronic check,76.26,434.63,Yes
C00441,Male,0,No,No,15,Yes,No,No,No internet service,No internet service,No internet service,No internet service,No internet service,No internet service,Month-to-month,Yes,Electronic check,21.17,317.48,Yes
C00442,Female,0,Yes,Yes,3,Yes,Yes,Fiber optic,Yes,Yes,No,Yes,No,No,One year,Yes,Mailed check,85.57,244.21,Yes
C00443,Male,0,Yes,No,6,Yes,Yes,Fiber optic,Yes,No,Yes,No,Yes,Yes,Month-to-month,Yes,Mailed check,95.72,579.31,Yes
C00444,Male,0,No,No,13,Yes,No,No,No internet service,No internet service,No internet service,No internet service,No internet service,No internet service,One year,No,Credit card (automatic),21.44,261.95,No
C00445,Female,0,Yes,No,5,Yes,No,DSL,No,No,No,No,No,Yes,Month-to-month,Yes,Credit card (automatic),53.44,239.04,Yes
C00446,Female,0,No,No,19,Yes,No,Fiber optic,Yes,No,Yes,Yes,No,Yes,Month-to-month,Yes,Credit card (automatic),93.2,1612.02,Yes
C00447,Female,0,No,No,61,Yes,Yes,No,No internet service,No internet service,No internet service,No internet service,No internet service,No internet service,One year,Yes,Credit card (automatic),26.62,1472.63,No
C00448,Male,0,No,No,60,Yes,No,No,No internet service,No internet service,No internet service,No internet service,No internet service,No internet service,Two year,No,Bank transfer (automatic),20.79,1305.45,No
C00449,Female,0,No,No,4,Yes,Yes,DSL,Yes,Yes,Yes,No,Yes,No,Month-to-month,Yes,Bank transfer (automatic),73.57,308.57,Yes
C00450,Male,0,No,Yes,35,Yes,Yes,No,No internet service,No internet service,No internet service,No internet service,No internet service,No internet service,One year,Yes,Mailed check,27.02,927.84,No
C00451,Female,0,No,Yes,48,Yes,No,DSL,No,Yes,No,Yes,No,No,Month-to-month,No,Credit card (automatic),56.57,2807.33,No
C00452,Female,0,Yes,No,5,Yes,No,Fiber optic,No,Yes,Yes,Yes,No,Yes,Month-to-month,Yes,Electronic check,86.93,449.69,Yes
C00453,Male,0,No,No,6,Yes,Yes,Fiber optic,Yes,No,No,No,No,Yes,Month-to-month,Yes,Credit card (automatic),85.16,520.34,Yes
C00454,Male,1,No,No,13,Yes,Yes,Fiber optic,Yes,Yes,No,Yes,Yes,No,Two year,Yes,Mailed check,96.71,1216.41,No
C00455,Male,0,Yes,No,1,No,No phone service,Fiber optic,No,Yes,No,No,Yes,Yes,Month-to-month,No,Bank transfer (automatic),66.19,58.67,No
C00456,Female,0,Yes,No,3,Yes,No,DSL,No,No,No,No,No,No,Month-to-month,No,Mailed check,44.02,117.5,Yes
C00457,Male,0,Yes,No,72,Yes,No,Fiber optic,No,No,Yes,No,Yes,No,Two year,No,Mailed check,74.06,4866.83,No
C00458,Female,0,No,No,5,Yes,No,DSL,No,Yes,Yes,Yes,No,No,One year,Yes,Credit card (automatic),58.84,285.85,No
C00459,Female,0,Yes,Yes,51,Yes,No,DSL,Yes,No,No,No,No,Yes,Two year,Yes,Electronic check,65.63,3465.27,No
C00460,Female,0,No,Yes,12,Yes,Yes,Fiber optic,Yes,Yes,No,No,No,Yes,One year,No,Electronic check,84.83,1011.47,No
C00461,Male,0,No,No,51,Yes,No,Fiber optic,Yes,No,No,No,No,Yes,One year,No,Mailed check,80.02,3903.92,No
C00462,Female,0,No,No,67,Yes,No,Fiber optic,Yes,Yes,Yes,No,Yes,Yes,Two year,Yes,Electronic check,100.63,6262.77,No
C00463,Male,1,Yes,No,64,Yes,No,Fiber optic,,No,Yes,Yes,No,No,Two year,No,Mailed check,79.81,5033.97,No
C00464,Female,1,No,Yes,3,Yes,No,DSL,Yes,Yes,No,No,Yes,Yes,Two year,No,Electronic check,71.62,196.11,No
C00465,Female,0,No,No,44,Yes,No,No,No internet service,No internet service,No internet service,No internet service,No internet service,No internet service,Month-to-month,No,Bank transfer (automatic),22.23,983.56,No
C00466,Female,0,Yes,No,17,No,No phone service,Fiber optic,No,No,No,No,Yes,No,Month-to-month,Yes,Mailed check,49.82,858.37,Yes
C00467,Female,0,Yes,No,42,Yes,Yes,DSL,Yes,No,Yes,No,No,No,Two year,Yes,Electronic check,68.29,2992.53,No
C00468,Male,0,Yes,No,7,Yes,Yes,DSL,Yes,Yes,Yes,Yes,No,No,One year,Yes,Mailed check,71.86,471.87,No
C00469,Female,0,No,Yes,66,Yes,No,No,No internet service,No internet service,No internet service,No internet service,No internet service,No internet service,Two year,No,Electronic check,21.0,1416.57,No
C00470,Male,0,Yes,Yes,44,No,No phone service,Fiber optic,No,Yes,No,No,No,No,Month-to-month,Yes,Credit card (automatic),53.43,2397.39,No
C00471,Male,0,Yes,No,45,Yes,No,DSL,Yes,Yes,No,No,Yes,Yes,Two year,No,Mailed check,66.61,2866.14,No
C00472,Male,0,Yes,No,55,Yes,Yes,No,No internet service,No internet service,No internet service,No internet service,No internet service,No internet service,One year,No,Electronic check,29.69,1515.41,No
C00473,Male,0,Yes,Yes,32,Yes,No,Fiber optic,No,Yes,No,Yes,Yes,No,Month-to-month,Yes,Electronic check,86.52,2688.6,Yes
C00474,Male,0,Yes,No,4,Yes,No,Fiber optic,No,Yes,No,No,No,No,Month-to-month,No,Credit card (automatic),68.63,239.33,Yes
C00475,Male,0,No,Yes,17,No,No phone service,DSL,Yes,Yes,Yes,No,No,Yes,Month-to-month,Yes,Electronic check,49.19,847.55,No
C00476,Male,0,Yes,No,38,Yes,Yes,Fiber optic,Yes,Yes,Yes,Yes,No,No,Two year,Yes,Credit card (automatic),94.27,3549.82,No
C00477,Female,0,No,Yes,0,Yes,Yes,DSL,No,No,No,No,No,No,Month-to-month,Yes,Mailed check,54.82, ,Yes
C00478,Female,0,Yes,No,58,Yes,No,DSL,No,Yes,No,No,Yes,No,Two year,Yes,Mailed check,56.72,2934.76,No
C00479,Male,1,No,Yes,54,Yes,No,No,No internet service,No internet service,No internet service,No internet service,No internet service,No internet service,Month-to-month,No,Bank transfer (automatic),20.29,1037.57,No
C00480,Male,0,No,No,56,Yes,No,DSL,No,Yes,No,No,Yes,Yes,One year,Yes,Electronic check,62.73,3426.31,Yes
C00481,Male,1,No,No,24,Yes,Yes,DSL,No,No,Yes,No,No,Yes,Two year,No,Electronic check,60.04,1400.65,No
C00482,Female,0,No,No,36,Yes,No,Fiber optic,Yes,Yes,No,Yes,Yes,Yes,Two year,Yes,Bank transfer (automatic),97.07,3045.23,Yes
C00483,Male,0,Yes,Yes,7,Yes,Yes,Fiber optic,No,No,Yes,No,Yes,Yes,Month-to-month,Yes,Credit card (automatic),88.3,588.43,Yes
C00484,Male,0,Yes,No,9,Yes,No,DSL,Yes,No,No,No,Yes,Yes,Month-to-month,No,Bank transfer (automatic),59.89,471.84,No
C00485,Male,0,No,No,72,Yes,No,DSL,Yes,Yes,No,Yes,No,No,Month-to-month,Yes,Electronic check,72.43,5026.85,No
C00486,Male,0,Yes,No,1,Yes,No,DSL,Yes,No,Yes,Yes,No,Yes,Month-to-month,Yes,Credit card (automatic),68.87,66.33,No
C00487,Male,0,No,No,13,No,No phone service,No,No internet service,No internet service,No internet service,No internet service,No internet service,No internet service,Month-to-month,Yes,Credit card (automatic),18.0,220.97,No
C00488,Female,0,Yes,Yes,0,No,No phone service,Fiber optic,No,No,Yes,No,Yes,No,One year,No,Credit card (automatic),56.3, ,Yes
C00489,Female,0,Yes,No,65,Yes,No,Fiber optic,Yes,No,Yes,Yes,No,Yes,Month-to-month,No,Mailed check,88.4,5653.69,Yes
C00490,Female,1,No,No,61,Yes,No,Fiber optic,No,Yes,Yes,Yes,Yes,No,Two year,Yes,Mailed check,91.84,5294.0,No
C00491,Female,1,No,No,14,Yes,No,No,No internet service,No internet service,No internet service,No internet service,No internet service,No internet service,One year,Yes,Electronic check,25.15,299.36,No
C00492,Female,0,No,No,2,Yes,No,DSL,No,Yes,No,No,No,No,Month-to-month,Yes,Electronic check,48.12,82.38,Yes
C00493,Male,0,No,No,54,Yes,Yes,No,No internet service,No internet service,No internet service,No internet service,No internet service,No internet service,Two year,Yes,Bank transfer (automatic),27.13,1497.12,No
C00494,Female,1,Yes,Yes,57,Yes,Yes,DSL,No,Yes,Yes,Yes,No,Yes,One year,Yes,Mailed check,73.68,3638.56,No
C00495,Female,0,No,No,5,Yes,No,No,No internet service,No internet service,No internet service,No internet service,No internet service,No internet service,Month-to-month,Yes,Electronic check,18.0,77.84,No
C00496,Male,0,No,No,2,Yes,Yes,Fiber optic,Yes,No,Yes,No,Yes,No,One year,Yes,Electronic check,92.3,175.01,Yes
C00497,Female,0,Yes,Yes,37,No,No phone service,Fiber optic,Yes,Yes,No,No,No,No,One year,Yes,Bank transfer (automatic),58.39,2043.81,No
C00498,Male,0,Yes,No,18,Yes,Yes,Fiber optic,No,No,No,Yes,Yes,No,Month-to-month,No,Bank transfer (automatic),83.38,1423.55,No
C00499,Female,0,No,No,72,No,No phone service,Fiber optic,No,Yes,Yes,No,No,Yes,Two year,Yes,Electronic check,62.91,4729.59,No
C00500,Female,0,Yes,Yes,7,Yes,No,Fiber optic,Yes,No,No,No,No,No,Month-to-month,No,Credit card (automatic),69.78,473.06,Yes
C00501,Female,0,No,No,52,Yes,Yes,DSL,No,Yes,No,Yes,Yes,No,Two year,Yes,Electronic check,66.16,3469.22,No
C00502,Female,0,Yes,No,5,Yes,No,Fiber optic,No,Yes,Yes,Yes,Yes,No,Month-to-month,Yes,Mailed check,96.25,420.19,No
C00503,Male,0,No,No,51,Yes,No,DSL,No,Yes,Yes,Yes,No,No,One year,No,Credit card (automatic),67.68,2939.18,No
C00504,Female,0,No,No,2,Yes,No,No,No internet service,No internet service,No internet service,No internet service,No internet service,No internet service,Month-to-month,Yes,Electronic check,19.65,35.13,Yes
C00505,Female,0,No,Yes,44,Yes,Yes,DSL,Yes,No,No,Yes,No,No,One year,Yes,Electronic check,70.42,2743.3,No
C00506,Male,1,No,No,7,No,No phone service,Fiber optic,No,Yes,No,No,Yes,Yes,Two year,No,Bank transfer (automatic),62.07,448.21,No
C00507,Female,1,Yes,No,64,Yes,No,No,No internet service,No internet service,No internet service,No internet service,No internet service,No internet service,One year,No,Credit card (automatic),18.0,1178.3,No
C00508,Male,0,No,No,1,Yes,Yes,Fiber optic,Yes,No,Yes,No,No,No,Month-to-month,Yes,Mailed check,89.42,80.37,No
C00509,Male,0,No,No,61,Yes,No,Fiber optic,Yes,No,Yes,No,Yes,Yes,One year,Yes,Credit card (automatic),89.79,5537.75,No
C00510,Male,0,No,No,48,Yes,No,Fiber optic,No,Yes,No,No,Yes,Yes,Month-to-month,Yes,Credit card (automatic),84.67,3557.16,No
C00511,Female,0,No,No,51,Yes,No,Fiber optic,Yes,No,No,Yes,Yes,Yes,One year,Yes,Electronic check,86.11,4310.22,No
C00512,Male,0,No,No,30,Yes,Yes,DSL,Yes,No,Yes,No,Yes,Yes,One year,No,Bank transfer (automatic),75.8,2127.83,No
C00513,Male,0,No,No,10,Yes,Yes,Fiber optic,No,No,No,No,Yes,No,Month-to-month,Yes,Bank transfer (automatic),79.89,737.05,Yes
C00514,Male,0,No,No,40,Yes,No,No,No internet service,No internet service,No internet service,No internet service,No internet service,No internet service,One year,No,Credit card (automatic),18.0,615.31,No
C00515,Male,0,No,No,46,Yes,No,Fiber optic,No,No,No,Yes,Yes,Yes,Two year,Yes,Credit card (automatic),86.69,3733.46,No
C00516,Male,1,No,No,55,Yes,Yes,No,No internet service,No internet service,No internet service,No internet service,No internet service,No internet service,One year,Yes,Electronic check,33.5,1637.42,Yes
C00517,Female,0,Yes,No,0,Yes,Yes,No,No internet service,No internet service,No internet service,No internet service,No internet service,No internet service,One year,Yes,Electronic check,25.23, ,No
C00518,Male,0,Yes,Yes,34,Yes,No,Fiber optic,No,Yes,Yes,Yes,Yes,No,Month-to-month,Yes,Electronic check,88.33,2960.15,No
C00519,Female,0,No,No,6,Yes,No,Fiber optic,Yes,Yes,No,Yes,No,No,Month-to-month,No,Bank transfer (automatic),78.26,487.87,No
C00520,Female,0,Yes,No,72,Yes,,Fiber optic,No,Yes,No,No,Yes,Yes,One year,No,Credit card (automatic),87.65,5803.86,No
C00521,Male,0,Yes,No,26,No,No phone service,DSL,No,Yes,No,No,Yes,No,One year,Yes,Mailed check,41.44,946.82,No
C00522,Male,0,Yes,No,22,Yes,No,DSL,No,No,Yes,No,Yes,Yes,Two year,No,Electronic check,62.52,1224.21,No
C00523,Female,0,No,No,72,Yes,Yes,DSL,No,No,Yes,Yes,No,No,Two year,Yes,Credit card (automatic),61.92,4620.11,No
C00524,Male,0,No,No,5,Yes,No,Fiber optic,Yes,No,Yes,Yes,No,No,Month-to-month,No,Credit card (automatic),81.37,378.52,Yes
C00525,Male,0,No,No,7,Yes,No,Fiber optic,Yes,No,Yes,No,No,Yes,Month-to-month,No,Electronic check,84.71,550.56,Yes
C00526,Female,0,No,No,5,Yes,No,DSL,No,Yes,Yes,Yes,No,Yes,Month-to-month,Yes,Mailed check,69.92,341.24,Yes
C00527,Female,0,No,No,48,Yes,Yes,DSL,No,No,No,Yes,Yes,No,Month-to-month,No,Mailed check,68.45,3446.21,No
C00528,Female,0,Yes,No,45,Yes,No,Fiber optic,Yes,No,Yes,Yes,No,Yes,Two year,Yes,Electronic check,97.06,3981.65,No
C00529,Male,0,Yes,No,57,Yes,No,Fiber optic,No,Yes,Yes,No,Yes,Yes,Two year,Yes,Bank transfer (automatic),83.66,4892.46,No
C00530,Female,0,Yes,No,38,Yes,No,Fiber optic,No,No,Yes,No,Yes,No,Month-to-month,No,Electronic check,80.37,2749.22,No
C00531,Female,0,Yes,Yes,3,Yes,Yes,DSL,Yes,No,No,No,No,No,Month-to-month,Yes,Credit card (automatic),54.3,155.55,Yes
C00532,Male,0,No,No,33,Yes,Yes,Fiber optic,No,Yes,Yes,Yes,No,Yes,Two year,No,Bank transfer (automatic),95.08,3033.84,Yes
C00533,Female,0,Yes,Yes,32,Yes,Yes,DSL,No,Yes,No,No,No,No,One year,Yes,Mailed check,62.8,1832.76,No
C00534,Male,0,No,No,33,Yes,No,No,No internet service,No internet service,No internet service,No internet service,No internet service,No internet service,One year,Yes,Bank transfer (automatic),25.55,824.7,No
C00535,Male,1,No,No,22,Yes,Yes,No,No internet service,No internet service,No internet service,No internet service,No internet service,No internet service,Month-to-month,Yes,Electronic check,26.5,593.44,No
C00536,Female,0,Yes,Yes,0,Yes,No,DSL,No,Yes,Yes,Yes,No,Yes,Month-to-month,Yes,Credit card (automatic),64.44, ,Yes
C00537,Male,0,No,No,61,Yes,No,DSL,Yes,No,No,Yes,No,Yes,One year,No,Credit card (automatic),67.94,4170.57,No
C00538,Male,0,No,Yes,44,Yes,No,DSL,No,Yes,Yes,Yes,No,No,Two year,Yes,Bank transfer (automatic),67.85,2830.2,No
C00539,Female,0,No,Yes,10,Yes,No,DSL,Yes,No,Yes,Yes,Yes,Yes,Month-to-month,Yes,Electronic check,73.91,676.44,Yes
C00540,Female,1,No,No,56,Yes,No,Fiber optic,No,No,Yes,Yes,No,Yes,One year,No,Credit card (automatic),85.03,4907.37,No
C00541,Female,0,No,No,45,Yes,No,DSL,No,Yes,No,No,Yes,Yes,Two year,No,Bank transfer (automatic),64.41,2683.85,No
C00542,Female,0,No,Yes,7,Yes,No,DSL,No,Yes,Yes,No,Yes,Yes,Month-to-month,Yes,Electronic check,68.33,501.12,Yes
C00543,Female,1,No,Yes,20,Yes,Yes,Fiber optic,No,Yes,No,No,Yes,Yes,One year,Yes,Bank transfer (automatic),97.51,1821.97,No
C00544,Male,0,Yes,Yes,25,Yes,Yes,No,No internet service,No internet service,No internet service,No internet service,No internet service,No internet service,One year,No,Electronic check,30.49,674.36,No
C00545,Male,0,No,Yes,9,Yes,Yes,DSL,Yes,Yes,No,No,No,No,Month-to-month,Yes,Electronic check,67.15,588.02,Yes
C00546,Male,0,Yes,No,33,Yes,No,DSL,No,No,No,Yes,No,Yes,One year,No,Mailed check,54.35,1577.24,No
C00547,Male,0,Yes,No,48,Yes,Yes,DSL,Yes,No,Yes,No,Yes,Yes,One year,Yes,Credit card (automatic),74.34,3215.61,No
C00548,Female,0,Yes,Yes,20,Yes,No,DSL,Yes,Yes,No,Yes,Yes,Yes,One year,Yes,Bank transfer (automatic),71.82,1270.11,No
C00549,Male,0,Yes,No,70,No,No phone service,DSL,Yes,Yes,No,Yes,No,Yes,Two year,Yes,Electronic check,47.57,3298.59,No
C00550,Male,1,Yes,Yes,10,Yes,No,No,No internet service,No internet service,No internet service,No internet service,No internet service,No internet service,Month-to-month,Yes,Electronic check,21.49,215.81,No
C00551,Male,0,Yes,No,10,No,No phone service,No,No internet service,No internet service,No internet service,No internet service,No internet service,No internet service,Month-to-month,Yes,Mailed check,18.0,157.29,Yes
C00552,Male,0,Yes,No,22,Yes,No,DSL,No,No,No,Yes,Yes,No,Month-to-month,No,Mailed check,56.66,1246.92,Yes
C00553,Female,0,No,Yes,72,Yes,Yes,DSL,Yes,Yes,Yes,No,No,Yes,Two year,No,Credit card (automatic),71.33,4582.69,No
C00554,Male,0,No,No,35,Yes,Yes,DSL,No,Yes,No,No,No,Yes,Month-to-month,No,Credit card (automatic),67.63,2052.49,No
C00555,Male,1,No,No,68,Yes,No,DSL,No,No,No,No,No,No,One year,Yes,Mailed check,42.16,2687.3,No
C00556,Male,0,Yes,Yes,2,Yes,No,No,No internet service,No internet service,No internet service,No internet service,No internet service,No internet service,Month-to-month,Yes,Bank transfer (automatic),20.91,36.29,Yes
C00557,Male,0,No,Yes,53,No,No phone service,Fiber optic,Yes,Yes,No,Yes,No,Yes,Two year,Yes,Credit card (automatic),65.67,3588.01,No
C00558,Female,1,Yes,No,2,Yes,No,DSL,No,No,No,No,Yes,Yes,Month-to-month,Yes,Mailed check,56.97,118.8,Yes
C00559,Male,1,Yes,No,31,Yes,No,DSL,No,Yes,No,No,No,No,Two year,No,Bank transfer (automatic),52.82,1453.61,No
C00560,Male,1,No,No,47,Yes,Yes,DSL,No,Yes,Yes,No,No,No,Two year,Yes,Electronic check,71.09,3304.03,Yes
C00561,Male,0,No,No,38,Yes,Yes,DSL,Yes,No,Yes,No,Yes,No,Two year,Yes,Electronic check,68.93,2347.57,No
C00562,Female,0,No,Yes,57,Yes,No,Fiber optic,Yes,Yes,No,Yes,Yes,No,Two year,No,Bank transfer (automatic),89.41,4521.68,No
C00563,Female,0,No,No,72,Yes,No,Fiber optic,Yes,Yes,No,No,Yes,No,Two year,Yes,Credit card (automatic),82.57,5973.34,No
C00564,Female,0,No,No,26,Yes,Yes,DSL,No,No,Yes,No,No,No,Month-to-month,Yes,Electronic check,62.2,1690.89,No
C00565,Female,1,No,No,1,Yes,No,DSL,No,Yes,No,No,No,No,Month-to-month,Yes,Bank transfer (automatic),47.87,43.95,Yes
C00566,Female,0,No,No,0,Yes,Yes,No,No internet service,No internet service,No internet service,No internet service,No internet service,No internet service,Month-to-month,No,Mailed check,24.68, ,No
C00567,Male,0,Yes,No,54,Yes,Yes,Fiber optic,No,Yes,Yes,No,No,Yes,One year,No,Bank transfer (automatic),91.72,4440.49,No
C00568,Male,1,Yes,No,5,Yes,Yes,DSL,No,No,No,No,Yes,No,Month-to-month,No,Electronic check,58.57,258.79,Yes
C00569,Female,1,No,No,9,Yes,Yes,Fiber optic,Yes,No,Yes,No,Yes,No,Month-to-month,Yes,Credit card (automatic),92.03,865.05,Yes
C00570,Male,0,No,No,5,Yes,No,No,,No internet service,No internet service,No internet service,No internet service,No internet service,Month-to-month,Yes,Mailed check,18.0,80.52,Yes
C00571,Female,1,Yes,Yes,27,Yes,Yes,DSL,Yes,No,No,Yes,No,No,One year,No,Electronic check,64.51,1655.71,No
C00572,Male,0,Yes,No,49,Yes,Yes,Fiber optic,No,No,No,No,Yes,Yes,Two year,Yes,Electronic check,83.84,4024.38,No
C00573,Female,0,Yes,Yes,1,Yes,Yes,No,No internet service,No internet service,No internet service,No internet service,No internet service,No internet service,One year,Yes,Credit card (automatic),24.53,25.34,No
C00574,Female,0,Yes,No,3,Yes,Yes,Fiber optic,Yes,No,Yes,No,No,No,Month-to-month,No,Bank transfer (automatic),85.64,269.21,No
C00575,Male,1,Yes,Yes,10,Yes,No,No,No internet service,No internet service,No internet service,No internet service,No internet service,No internet service,Month-to-month,Yes,Electronic check,20.16,172.69,Yes
C00576,Female,1,No,No,60,Yes,No,Fiber optic,No,No,Yes,Yes,Yes,No,Two year,No,Mailed check,85.91,4721.19,No
C00577,Female,0,Yes,No,7,Yes,No,DSL,No,Yes,Yes,No,No,Yes,Month-to-month,Yes,Credit card (automatic),65.08,462.83,Yes
C00578,Female,0,Yes,No,18,Yes,Yes,Fiber optic,No,Yes,No,No,No,Yes,Month-to-month,Yes,Mailed check,83.15,1368.21,Yes
C00579,Male,0,Yes,Yes,15,Yes,Yes,DSL,Yes,No,Yes,No,Yes,No,Month-to-month,Yes,Mailed check,76.23,1025.33,Yes
C00580,Male,0,No,No,7,Yes,No,DSL,No,Yes,Yes,No,Yes,No,Month-to-month,Yes,Electronic check,65.28,412.04,Yes
C00581,Female,1,Yes,No,66,No,No phone service,Fiber optic,No,No,Yes,Yes,Yes,No,Two year,No,Credit card (automatic),71.53,4305.87,No
C00582,Male,0,Yes,No,13,No,No phone service,Fiber optic,No,Yes,Yes,No,No,No,Month-to-month,Yes,Mailed check,54.49,712.2,No
C00583,Male,0,No,No,2,Yes,,DSL,No,Yes,Yes,No,No,No,Month-to-month,Yes,Credit card (automatic),57.29,103.72,Yes
C00584,Female,0,No,Yes,44,Yes,Yes,No,No internet service,No internet service,No internet service,No internet service,No internet service,No internet service,Two year,No,Electronic check,26.39,1188.96,No
C00585,Female,0,Yes,Yes,36,Yes,Yes,DSL,No,No,No,Yes,No,Yes,Two year,Yes,Electronic check,61.62,1943.03,No
C00586,Male,0,No,No,17,Yes,No,DSL,Yes,Yes,No,No,Yes,No,Month-to-month,Yes,Mailed check,63.8,1086.63,No
C00587,Male,1,Yes,Yes,14,No,No phone service,Fiber optic,Yes,No,Yes,No,No,Yes,One year,Yes,Electronic check,62.09,797.49,No
C00588,Male,0,No,No,8,Yes,Yes,Fiber optic,No,No,No,No,No,Yes,Month-to-month,No,Bank transfer (automatic),78.72,576.58,No
C00589,Male,0,Yes,No,53,Yes,Yes,Fiber optic,No,Yes,No,Yes,Yes,No,Two year,Yes,Electronic check,92.47,5098.45,No
C00590,Female,0,No,No,1,Yes,No,Fiber optic,Yes,Yes,No,Yes,No,No,One year,No,Electronic check,82.93,78.76,No
C00591,Male,1,No,No,3,Yes,Yes,No,No internet service,No internet service,No internet service,No internet service,No internet service,No internet service,Month-to-month,Yes,Bank transfer (automatic),29.27,89.66,Yes
C00592,Male,0,No,Yes,71,Yes,Yes,DSL,Yes,No,No,Yes,No,Yes,Two year,No,Electronic check,74.32,4917.2,No
C00593,Female,0,No,No,48,No,No phone service,Fiber optic,No,No,Yes,No,Yes,No,Month-to-month,Yes,Electronic check,55.0,2421.12,No
C00594,Male,0,Yes,No,3,Yes,No,Fiber optic,No,No,No,No,No,No,Month-to-month,No,Bank transfer (automatic),61.58,167.15,No
C00595,Male,1,No,No,72,Yes,Yes,No,No internet service,No internet service,No internet service,No internet service,No internet service,No internet service,Month-to-month,Yes,Mailed check,26.32,1875.33,No
C00596,Female,0,Yes,No,54,Yes,No,Fiber optic,No,No,No,No,No,No,One year,Yes,Electronic check,62.24,3142.1,No
C00597,Female,0,Yes,Yes,25,Yes,Yes,DSL,Yes,Yes,No,No,No,No,Month-to-month,Yes,Credit card (automatic),67.66,1640.51,No
C00598,Female,0,No,No,1,No,No phone service,Fiber optic,No,Yes,Yes,No,Yes,No,Month-to-month,No,Mailed check,64.98,59.04,Yes
C00599,Female,0,No,No,19,Yes,No,Fiber optic,No,Yes,Yes,Yes,Yes,Yes,Month-to-month,Yes,Bank transfer (automatic),88.13,1448.01,Yes
C00600,Male,1,No,No,7,Yes,Yes,Fiber optic,No,Yes,No,Yes,No,Yes,Month-to-month,No,Electronic check,82.81,509.79,Yes
C00601,Female,1,No,No,2,Yes,Yes,DSL,No,Yes,No,Yes,No,Yes,One year,Yes,Mailed check,74.93,130.02,Yes
C00602,Female,0,No,No,72,Yes,Yes,No,No internet service,No internet service,No internet service,No internet service,No internet service,No internet service,Two year,Yes,Credit card (automatic),27.02,1834.81,No
C00603,Female,0,No,No,19,Yes,No,No,No internet service,No internet service,No internet service,No internet service,No internet service,No internet service,One year,Yes,Credit card (automatic),18.0,343.39,No
C00604,Female,1,No,No,1,Yes,No,No,No internet service,No internet service,No internet service,No internet service,No internet service,No internet service,One year,Yes,Electronic check,27.81,25.28,Yes
C00605,Female,1,No,No,27,Yes,No,No,No internet service,No internet service,No internet service,No internet service,No internet service,No internet service,One year,No,Electronic check,18.83,465.05,No
C00606,Female,0,Yes,No,13,Yes,No,DSL,Yes,Yes,Yes,No,No,No,Month-to-month,Yes,Bank transfer (automatic),68.0,863.26,Yes
C00607,Male,0,No,No,0,Yes,No,No,No internet service,No internet service,No internet service,No internet service,No internet service,No internet service,One year,Yes,Bank transfer (automatic),20.04, ,No
C00608,Female,0,No,No,2,Yes,No,Fiber optic,No,No,No,No,Yes,No,Month-to-month,No,Electronic check,69.27,122.99,Yes
C00609,Male,1,No,No,57,Yes,No,Fiber optic,Yes,Yes,Yes,Yes,No,Yes,One year,Yes,Credit card (automatic),97.53,5571.66,No
C00610,Female,0,Yes,Yes,35,Yes,No,Fiber optic,No,Yes,Yes,No,No,No,Two year,Yes,Credit card (automatic),77.22,2544.79,No
C00611,Female,0,Yes,Yes,0,Yes,Yes,DSL,Yes,Yes,No,No,Yes,Yes,Month-to-month,Yes,Mailed check,78.84, ,No
C00612,Female,0,Yes,No,0,Yes,No,Fiber optic,No,No,No,No,No,Yes,Month-to-month,Yes,Credit card (automatic),73.96, ,Yes
C00613,Female,0,Yes,Yes,47,Yes,No,DSL,No,No,Yes,Yes,No,Yes,Two year,Yes,Electronic check,62.57,2665.72,No
C00614,Male,0,No,No,1,Yes,Yes,No,No internet service,No internet service,No internet service,No internet service,No internet service,No internet service,Month-to-month,No,Bank transfer (automatic),28.0,27.38,Yes
C00615,Female,0,Yes,Yes,62,Yes,,Fiber optic,No,No,Yes,No,No,Yes,One year,Yes,Mailed check,75.36,3980.05,No
C00616,Female,0,Yes,Yes,48,Yes,Yes,Fiber optic,No,Yes,Yes,No,Yes,No,Two year,Yes,Credit card (automatic),92.04,4426.44,No
C00617,Male,0,No,No,13,Yes,Yes,DSL,,No,No,Yes,Yes,Yes,Two year,Yes,Credit card (automatic),85.39,1026.94,No
C00618,Male,0,Yes,No,46,Yes,Yes,DSL,No,Yes,No,No,Yes,Yes,Two year,Yes,Bank transfer (automatic),70.46,2892.54,No
C00619,Male,1,Yes,Yes,0,No,No phone service,DSL,Yes,Yes,Yes,Yes,Yes,No,Month-to-month,Yes,Electronic check,56.48, ,Yes
C00620,Female,0,No,No,46,Yes,Yes,DSL,No,No,No,No,No,No,Two year,Yes,Electronic check,49.13,2019.68,No
C00621,Male,0,No,Yes,7,Yes,Yes,Fiber optic,Yes,Yes,Yes,No,No,Yes,Month-to-month,Yes,Credit card (automatic),94.49,594.13,No
C00622,Female,0,No,Yes,26,Yes,Yes,Fiber optic,No,No,No,No,No,No,One year,Yes,Mailed check,72.06,1725.8,No
C00623,Male,0,No,No,8,Yes,No,No,No internet service,No internet service,No internet service,No internet service,No internet service,No internet service,Month-to-month,No,Electronic check,24.09,175.54,No
C00624,Female,0,No,No,15,Yes,No,Fiber optic,No,Yes,Yes,Yes,Yes,Yes,One year,No,Bank transfer (automatic),88.87,1170.28,Yes
C00625,Male,0,Yes,Yes,2,No,No phone service,Fiber optic,No,No,No,No,Yes,Yes,Month-to-month,No,Credit card (automatic),61.96,114.59,Yes
C00626,Female,1,No,No,3,Yes,No,DSL,No,No,No,No,Yes,No,One year,No,Mailed check,49.32,141.75,Yes
C00627,Male,1,No,No,49,Yes,No,No,No internet service,No internet service,No internet service,No internet service,No internet service,No internet service,Two year,No,Credit card (automatic),23.23,982.83,No
C00628,Female,0,No,No,2,No,No phone service,DSL,Yes,Yes,No,No,Yes,Yes,Month-to-month,Yes,Bank transfer (automatic),54.66,113.79,Yes
C00629,Female,0,Yes,Yes,23,Yes,No,Fiber optic,No,No,No,Yes,No,Yes,Month-to-month,No,Mailed check,76.06,1758.73,Yes
C00630,Female,0,Yes,Yes,16,Yes,No,Fiber optic,Yes,Yes,No,No,No,No,Month-to-month,Yes,Electronic check,83.74,1175.7,Yes
C00631,Female,0,Yes,Yes,40,No,No phone service,DSL,,No,No,Yes,No,Yes,Two year,Yes,Mailed check,41.65,1479.99,No
C00632,Male,1,No,No,64,Yes,No,Fiber optic,Yes,No,No,No,No,Yes,Two year,Yes,Credit card (automatic),73.58,4228.42,No
C00633,Male,0,No,No,11,No,No phone service,No,No internet service,No internet service,No internet service,No internet service,No internet service,No internet service,Month-to-month,No,Mailed check,18.0,169.19,No
C00634,Male,0,Yes,Yes,0,Yes,No,Fiber optic,No,No,Yes,No,Yes,Yes,Month-to-month,No,Mailed check,83.93, ,Yes
C00635,Male,0,No,No,50,Yes,No,Fiber optic,Yes,No,Yes,No,No,Yes,One year,Yes,Electronic check,83.08,3811.74,No
C00636,Female,0,No,Yes,67,Yes,Yes,Fiber optic,No,No,No,Yes,No,Yes,One year,Yes,Electronic check,87.27,5950.86,No
C00637,Female,1,No,No,9,Yes,No,DSL,No,No,Yes,No,No,Yes,Month-to-month,No,Mailed check,58.34,470.34,No
C00638,Female,0,Yes,No,4,Yes,No,DSL,Yes,Yes,No,No,Yes,Yes,Month-to-month,Yes,Credit card (automatic),62.61,261.4,Yes
C00639,Female,0,No,No,9,Yes,No,No,No internet service,No internet service,No internet service,No internet service,No internet service,No internet service,Month-to-month,No,Electronic check,18.42,164.29,No
C00640,Female,0,No,No,8,Yes,Yes,Fiber optic,Yes,No,Yes,No,Yes,Yes,Month-to-month,Yes,Credit card (automatic),90.1,634.21,No
C00641,Female,1,No,No,65,Yes,Yes,DSL,No,Yes,Yes,Yes,Yes,Yes,Two year,Yes,Bank transfer (automatic),84.36,5363.47,No
C00642,Male,0,No,No,50,Yes,No,Fiber optic,No,No,No,No,Yes,No,Two year,Yes,Electronic check,72.93,3740.27,No
C00643,Male,0,No,No,64,Yes,No,Fiber optic,No,No,Yes,Yes,Yes,No,Month-to-month,Yes,Bank transfer (automatic),78.85,4855.17,Yes
C00644,Female,0,Yes,Yes,6,Yes,Yes,DSL,No,Yes,Yes,No,No,Yes,Month-to-month,Yes,Credit card (automatic),70.54,437.62,Yes
C00645,Female,0,No,No,2,Yes,Yes,DSL,Yes,Yes,Yes,Yes,Yes,No,Month-to-month,Yes,Credit card (automatic),87.91,150.24,Yes
C00646,Male,0,Yes,No,35,No,No phone service,Fiber optic,Yes,Yes,No,No,Yes,Yes,Month-to-month,Yes,Bank transfer (automatic),63.06,2164.69,Yes
C00647,Female,0,No,Yes,11,Yes,,No,No internet service,No internet service,No internet service,No internet service,No internet service,No internet service,Month-to-month,Yes,Credit card (automatic),33.07,310.72,Yes
C00648,Female,0,No,No,27,No,No phone service,DSL,No,No,Yes,Yes,Yes,No,Month-to-month,Yes,Mailed check,44.29,1037.47,Yes
C00649,Male,0,No,No,5,Yes,Yes,Fiber optic,No,Yes,No,No,Yes,No,One year,Yes,Bank transfer (automatic),79.54,371.78,Yes
C00650,Male,0,No,No,36,Yes,No,Fiber optic,No,Yes,Yes,Yes,Yes,No,Month-to-month,No,Mailed check,87.88,2810.82,Yes
C00651,Female,0,Yes,No,16,Yes,No,DSL,Yes,Yes,Yes,Yes,No,No,Two year,No,Credit card (automatic),68.23,993.55,No
C00652,Female,0,Yes,Yes,27,No,No phone service,No,No internet service,No internet service,No internet service,No internet service,No internet service,No internet service,One year,Yes,Electronic check,18.0,443.91,Yes
C00653,Male,0,No,No,3,Yes,Yes,Fiber optic,No,No,No,No,No,Yes,One year,Yes,Electronic check,77.24,224.22,Yes
C00654,Female,0,Yes,Yes,18,No,No phone service,Fiber optic,No,Yes,No,Yes,Yes,No,Two year,Yes,Mailed check,68.9,1204.2,No
C00655,Male,0,Yes,Yes,31,Yes,Yes,DSL,No,Yes,No,No,No,No,Month-to-month,Yes,Mailed check,62.72,1909.78,No
C00656,Female,0,No,Yes,12,Yes,Yes,DSL,No,No,No,No,No,No,One year,No,Credit card (automatic),49.36,559.3,No
C00657,Male,0,Yes,No,20,Yes,No,No,No internet service,No internet service,No internet service,No internet service,No internet service,No internet service,Month-to-month,No,Mailed check,20.1,351.12,No
C00658,Female,0,Yes,No,9,Yes,No,DSL,No,Yes,Yes,No,No,No,Month-to-month,Yes,Electronic check,62.88,528.82,No
C00659,Male,0,Yes,No,44,Yes,Yes,Fiber optic,Yes,No,No,No,No,No,Two year,Yes,Bank transfer (automatic),73.84,3091.46,No
C00660,Male,0,No,No,11,Yes,No,Fiber optic,Yes,Yes,No,Yes,Yes,No,Month-to-month,Yes,Electronic check,84.9,851.61,Yes
C00661,Female,1,No,No,13,Yes,No,DSL,No,Yes,No,No,No,Yes,Two year,No,Mailed check,54.76,741.1,No
C00662,Male,0,No,No,16,Yes,No,Fiber optic,No,Yes,Yes,No,Yes,No,One year,No,Electronic check,81.12,1182.45,No
C00663,Male,1,No,No,57,Yes,No,Fiber optic,No,No,No,No,Yes,No,Two year,No,Mailed check,68.93,3463.33,No
C00664,Male,0,Yes,Yes,22,Yes,No,No,No internet service,No internet service,No internet service,No internet service,No internet service,No internet service,One year,No,Credit card (automatic),18.0,345.26,No
C00665,Female,0,Yes,Yes,36,Yes,No,DSL,No,No,Yes,No,No,Yes,Two year,Yes,Mailed check,58.51,1838.24,No
C00666,Female,0,Yes,No,0,Yes,No,DSL,No,No,No,Yes,No,No,Month-to-month,Yes,Electronic check,49.8, ,Yes
C00667,Female,0,No,No,2,Yes,No,DSL,No,Yes,Yes,Yes,No,No,Month-to-month,No,Bank transfer (automatic),59.72,103.37,No
C00668,Male,0,Yes,Yes,58,Yes,No,DSL,Yes,No,Yes,Yes,Yes,Yes,Month-to-month,Yes,Bank transfer (automatic),81.46,4341.26,No
C00669,Male,0,Yes,No,7,Yes,Yes,No,No internet service,No internet service,No internet service,No internet service,No internet service,No internet service,Month-to-month,No,Credit card (automatic),29.19,184.47,No
C00670,Male,1,No,No,63,Yes,No,Fiber optic,Yes,No,Yes,No,No,Yes,One year,Yes,Electronic check,84.99,5027.35,No
C00671,Female,0,Yes,Yes,57,Yes,Yes,DSL,No,No,Yes,Yes,Yes,No,One year,Yes,Mailed check,64.29,3377.64,No
C00672,Female,1,No,No,43,Yes,No,DSL,Yes,Yes,Yes,No,Yes,No,Month-to-month,Yes,Bank transfer (automatic),72.14,2844.35,No
C00673,Female,0,Yes,Yes,5,Yes,Yes,Fiber optic,No,No,Yes,Yes,Yes,Yes,Month-to-month,No,Bank transfer (automatic),99.13,478.48,Yes
C00674,Female,0,No,No,22,Yes,No,DSL,No,No,No,Yes,Yes,Yes,One year,No,Bank transfer (automatic),62.1,1324.7,No
C00675,Male,0,Yes,No,1,Yes,No,DSL,No,Yes,Yes,Yes,No,Yes,One year,Yes,Bank transfer (automatic),64.39,65.78,No
C00676,Female,0,No,No,46,Yes,,Fiber optic,Yes,Yes,No,No,No,Yes,Two year,No,Mailed check,79.41,3194.28,No
C00677,Male,1,No,Yes,72,Yes,Yes,Fiber optic,No,No,No,Yes,No,Yes,Two year,No,Credit card (automatic),84.4,5800.82,No
C00678,Male,1,Yes,Yes,4,Yes,Yes,DSL,No,Yes,Yes,No,Yes,Yes,One year,No,Credit card (automatic),79.66,282.45,No
C00679,Male,1,No,No,5,Yes,Yes,Fiber optic,Yes,No,No,Yes,Yes,No,One year,Yes,Bank transfer (automatic),91.21,476.33,Yes
C00680,Male,1,No,No,48,Yes,No,Fiber optic,Yes,Yes,No,Yes,Yes,Yes,Month-to-month,Yes,Electronic check,102.45,4942.21,No
C00681,Male,0,No,No,3,Yes,Yes,Fiber optic,No,Yes,No,Yes,Yes,No,Month-to-month,No,Credit card (automatic),85.06,266.55,Yes
C00682,Male,0,No,No,56,Yes,Yes,DSL,No,No,Yes,No,No,No,One year,Yes,Electronic check,56.24,2752.26,No
C00683,Male,1,No,No,22,Yes,Yes,No,No internet service,No internet service,No internet service,No internet service,No internet service,No internet service,Month-to-month,Yes,Credit card (automatic),22.07,480.47,No
C00684,Female,0,Yes,Yes,17,Yes,No,Fiber optic,Yes,Yes,Yes,No,No,Yes,Two year,Yes,Bank transfer (automatic),95.33,1655.98,No
C00685,Male,0,No,No,0,Yes,Yes,Fiber optic,No,No,No,No,Yes,Yes,Month-to-month,No,Electronic check,88.81, ,Yes
C00686,Male,0,Yes,No,1,Yes,Yes,Fiber optic,Yes,No,Yes,No,Yes,No,One year,Yes,Electronic check,94.66,90.83,Yes
C00687,Female,0,No,No,72,Yes,No,Fiber optic,No,No,Yes,Yes,Yes,Yes,One year,No,Credit card (automatic),91.28,6172.25,No
C00688,Female,0,No,No,61,Yes,No,No,No internet service,No internet service,No internet service,No internet service,No internet service,No internet service,Two year,No,Mailed check,19.74,1156.1,No
C00689,Female,0,No,No,46,No,No phone service,Fiber optic,No,Yes,Yes,No,Yes,No,Month-to-month,Yes,Mailed check,63.13,2690.77,No
C00690,Male,0,No,Yes,55,Yes,No,DSL,No,No,Yes,No,No,No,One year,No,Electronic check,50.62,2452.19,No
C00691,Female,0,Yes,No,20,Yes,Yes,DSL,No,No,Yes,Yes,Yes,No,Two year,Yes,Electronic check,70.33,1418.77,No
C00692,Male,0,No,No,60,Yes,No,Fiber optic,No,Yes,Yes,Yes,Yes,Yes,One year,No,Electronic check,95.71,4931.84,No
C00693,Male,0,Yes,No,1,Yes,Yes,DSL,No,No,Yes,No,Yes,Yes,Month-to-month,No,Electronic check,73.92,63.98,Yes
C00694,Female,0,No,No,3,Yes,No,Fiber optic,No,Yes,Yes,Yes,Yes,No,Month-to-month,No,Bank transfer (automatic),93.8,251.24,Yes
C00695,Female,0,No,No,23,Yes,No,Fiber optic,Yes,Yes,Yes,No,Yes,No,Two year,Yes,Bank transfer (automatic),91.82,2082.77,No
C00696,Female,0,Yes,Yes,9,Yes,No,DSL,Yes,No,No,No,Yes,No,Month-to-month,Yes,Bank transfer (automatic),59.63,501.4,Yes
C00697,Female,0,No,No,44,No,No phone service,No,No internet service,No internet service,No internet service,No internet service,No internet service,No internet service,Two year,Yes,Bank transfer (automatic),18.0,728.45,No
C00698,Female,0,Yes,No,51,Yes,Yes,No,No internet service,No internet service,No internet service,No internet service,No internet service,No internet service,Two year,Yes,Mailed check,30.3,1425.23,No
C00699,Male,0,No,No,5,Yes,Yes,Fiber optic,Yes,Yes,No,No,No,Yes,Month-to-month,Yes,Credit card (automatic),96.16,461.68,Yes
C00700,Male,0,No,No,72,Yes,No,Fiber optic,Yes,Yes,No,No,No,No,Two year,No,Electronic check,78.03,5814.43,No
C00701,Male,0,No,No,50,Yes,Yes,DSL,No,Yes,No,No,Yes,Yes,Two year,No,Mailed check,69.69,3120.46,No
C00702,Male,0,No,No,72,Yes,No,No,No internet service,No internet service,No internet service,No internet service,No internet service,No internet service,Two year,No,Credit card (automatic),19.89,1294.62,No
C00703,Female,0,Yes,No,4,Yes,Yes,DSL,Yes,No,No,No,No,Yes,Month-to-month,Yes,Mailed check,65.24,228.2,No
C00704,Male,0,Yes,Yes,3,Yes,No,Fiber optic,No,No,No,No,No,Yes,One year,No,Mailed check,66.7,185.36,Yes
C00705,Female,0,Yes,Yes,37,Yes,Yes,Fiber optic,No,No,Yes,No,No,No,One year,No,Bank transfer (automatic),79.46,2922.36,No
C00706,Female,0,Yes,No,53,Yes,,Fiber optic,No,No,Yes,No,No,Yes,Month-to-month,No,Credit card (automatic),77.54,3675.89,No
C00707,Female,0,Yes,No,47,Yes,No,DSL,Yes,Yes,Yes,No,Yes,No,Two year,Yes,Electronic check,65.28,2732.4,No
C00708,Male,0,No,No,46,Yes,Yes,Fiber optic,Yes,No,Yes,No,Yes,No,Two year,No,Electronic check,84.21,3319.83,No
C00709,Male,0,No,No,65,Yes,Yes,Fiber optic,No,No,No,No,Yes,No,Two year,No,Electronic check,78.53,4806.53,No
C00710,Female,0,Yes,No,20,Yes,Yes,DSL,No,Yes,No,No,Yes,Yes,Two year,Yes,Bank transfer (automatic),70.84,1218.56,No
C00711,Female,0,No,No,59,Yes,Yes,No,No internet service,No internet service,No internet service,No internet service,No internet service,No internet service,One year,No,Electronic check,21.88,1340.52,No
C00712,Female,0,No,No,58,Yes,No,Fiber optic,No,No,No,Yes,No,Yes,Two year,No,Electronic check,77.17,4207.76,No
C00713,Female,0,Yes,Yes,3,Yes,Yes,Fiber optic,No,Yes,No,Yes,Yes,No,Month-to-month,Yes,Electronic check,90.13,239.31,No
C00714,Female,0,No,No,0,Yes,No,DSL,Yes,No,Yes,Yes,Yes,Yes,Month-to-month,Yes,Mailed check,78.63, ,Yes
C00715,Male,0,Yes,No,3,Yes,Yes,DSL,Yes,Yes,No,Yes,No,Yes,Month-to-month,No,Credit card (automatic),76.37,229.89,Yes
C00716,Female,0,No,No,12,Yes,No,DSL,No,Yes,Yes,Yes,No,Yes,Month-to-month,No,Electronic check,65.27,743.78,Yes
C00717,Male,0,No,No,72,Yes,No,Fiber optic,Yes,No,Yes,Yes,Yes,No,Two year,No,Credit card (automatic),89.57,6611.05,No
C00718,Female,0,Yes,No,7,Yes,Yes,DSL,Yes,No,No,Yes,Yes,Yes,Month-to-month,No,Electronic check,81.46,528.59,No
C00719,Female,0,Yes,No,3,Yes,No,No,No internet service,No internet service,No internet service,No internet service,No internet service,No internet service,Month-to-month,Yes,Electronic check,25.75,73.27,Yes
C00720,Female,0,No,No,14,Yes,Yes,DSL,No,No,Yes,No,Yes,Yes,One year,Yes,Credit card (automatic),71.67,902.34,No
C00721,Male,1,Yes,Yes,1,Yes,No,DSL,Yes,Yes,No,Yes,Yes,Yes,Month-to-month,Yes,Credit card (automatic),79.61,83.58,Yes
C00722,Male,0,No,No,27,Yes,No,No,No internet service,No internet service,No internet service,No internet service,No internet service,No internet service,Month-to-month,Yes,Mailed check,21.5,592.64,No
C00723,Female,0,No,No,12,Yes,Yes,No,No internet service,No internet service,No internet service,No internet service,No internet service,No internet service,Month-to-month,No,Bank transfer (automatic),23.56,296.55,No
C00724,Male,1,Yes,Yes,58,Yes,No,No,No internet service,No internet service,No internet service,No internet service,No internet service,No internet service,Two year,No,Electronic check,18.88,1147.71,No
C00725,Male,0,No,Yes,32,Yes,Yes,DSL,Yes,No,Yes,Yes,No,No,Month-to-month,No,Electronic check,67.88,2261.66,Yes
C00726,Male,0,No,No,5,Yes,No,DSL,No,No,No,No,No,No,Month-to-month,No,Bank transfer (automatic),44.83,212.37,Yes
C00727,Male,0,Yes,No,66,Yes,No,Fiber optic,No,No,Yes,No,Yes,No,One year,Yes,Electronic check,79.19,5194.42,No
C00728,Male,0,No,No,66,Yes,,No,No internet service,No internet service,No internet service,No internet service,No internet service,No internet service,Two year,Yes,Electronic check,26.05,1495.92,No
C00729,Female,0,Yes,Yes,33,Yes,Yes,Fiber optic,No,No,Yes,Yes,No,Yes,Two year,Yes,Bank transfer (automatic),90.89,2812.07,No
C00730,Male,0,No,No,46,Yes,No,No,No internet service,No internet service,No internet service,No internet service,No internet service,No internet service,Two year,Yes,Credit card (automatic),18.0,849.65,No
C00731,Male,0,Yes,No,5,Yes,No,Fiber optic,No,Yes,Yes,No,No,Yes,Month-to-month,No,Electronic check,85.58,401.18,Yes
C00732,Male,0,Yes,No,20,Yes,No,Fiber optic,Yes,No,Yes,No,Yes,Yes,One year,No,Electronic check,91.74,1657.44,No
C00733,Male,0,No,Yes,2,Yes,No,Fiber optic,Yes,No,No,No,Yes,Yes,One year,No,Electronic check,84.51,165.35,Yes
C00734,Male,0,No,No,71,Yes,Yes,DSL,No,Yes,No,Yes,No,Yes,Month-to-month,Yes,Mailed check,60.91,4290.82,No
C00735,Female,0,Yes,No,1,Yes,No,DSL,No,Yes,Yes,No,Yes,Yes,Month-to-month,Yes,Electronic check,65.2,58.56,Yes
C00736,Male,0,No,Yes,72,Yes,Yes,DSL,Yes,Yes,No,Yes,Yes,No,Two year,Yes,Credit card (automatic),78.33,5200.05,No
C00737,Male,0,Yes,Yes,11,Yes,Yes,DSL,No,No,No,Yes,Yes,No,Month-to-month,No,Electronic check,63.99,652.83,No
C00738,Male,0,Yes,Yes,34,No,No phone service,DSL,No,No,Yes,No,No,Yes,Month-to-month,Yes,Credit card (automatic),34.69,1189.45,No
C00739,Male,0,No,No,21,Yes,No,Fiber optic,No,No,No,Yes,No,Yes,Month-to-month,Yes,Mailed check,78.97,1487.06,No
C00740,Male,0,No,No,1,Yes,No,No,No internet service,No internet service,No internet service,No internet service,No internet service,No internet service,Month-to-month,Yes,Electronic check,19.16,19.62,Yes
C00741,Male,0,Yes,No,9,Yes,,DSL,Yes,No,Yes,Yes,Yes,Yes,Two year,Yes,Electronic check,82.18,656.87,No
C00742,Female,0,No,Yes,21,Yes,No,Fiber optic,No,Yes,Yes,No,No,Yes,Month-to-month,No,Credit card (automatic),87.71,1839.97,Yes
C00743,Male,1,No,No,65,Yes,Yes,Fiber optic,Yes,No,Yes,No,Yes,Yes,One year,Yes,Bank transfer (automatic),97.21,5822.71,No
C00744,Female,0,No,No,7,Yes,Yes,DSL,No,No,No,Yes,Yes,No,Month-to-month,No,Bank transfer (automatic),66.38,430.01,Yes
C00745,Male,0,No,No,52,Yes,Yes,Fiber optic,No,No,No,Yes,No,Yes,One year,Yes,Electronic check,89.94,4799.6,No
C00746,Male,0,Yes,No,42,Yes,No,DSL,Yes,No,No,No,Yes,Yes,Two year,Yes,Bank transfer (automatic),61.35,2374.34,No
C00747,Male,0,Yes,No,7,Yes,No,Fiber optic,No,No,No,No,Yes,Yes,Month-to-month,Yes,Electronic check,76.03,521.72,Yes
C00748,Female,0,No,No,19,Yes,No,No,No internet service,No internet service,No internet service,No internet service,No internet service,No internet service,One year,No,Electronic check,18.0,303.21,No
C00749,Female,0,No,No,11,Yes,,Fiber optic,No,Yes,No,Yes,No,No,Month-to-month,No,Electronic check,84.75,960.19,Yes
C00750,Male,1,Yes,No,31,Yes,No,Fiber optic,No,No,No,No,No,No,Month-to-month,Yes,Bank transfer (automatic),61.97,1997.8,Yes
C00751,Male,0,Yes,No,47,Yes,No,Fiber optic,No,No,No,Yes,No,Yes,One year,No,Credit card (automatic),76.78,3359.48,No
C00752,Male,1,Yes,No,51,Yes,No,No,No internet service,No internet service,No internet service,No internet service,No internet service,No internet service,Two year,Yes,Bank transfer (automatic),22.55,1086.83,No
C00753,Male,1,No,Yes,4,Yes,Yes,Fiber optic,Yes,No,No,No,Yes,Yes,One year,Yes,Electronic check,89.68,319.53,Yes
C00754,Female,0,No,No,29,Yes,No,DSL,No,No,Yes,No,Yes,No,Month-to-month,No,Electronic check,58.01,1702.29,No
C00755,Male,1,No,No,26,Yes,Yes,DSL,Yes,No,Yes,Yes,No,Yes,Two year,No,Electronic check,78.95,1857.71,No
C00756,Male,0,Yes,No,0,Yes,No,DSL,,No,Yes,No,Yes,No,One year,Yes,Mailed check,63.14, ,Yes
C00757,Female,0,No,No,49,No,No phone service,DSL,No,Yes,Yes,No,Yes,Yes,Two year,Yes,Electronic check,50.79,2239.55,No
C00758,Male,0,Yes,No,8,Yes,No,Fiber optic,Yes,No,No,No,No,Yes,One year,No,Electronic check,84.1,595.87,Yes
C00759,Male,0,Yes,No,54,Yes,No,Fiber optic,No,No,Yes,No,No,No,Two year,No,Bank transfer (automatic),75.29,4255.9,No
C00760,Female,0,Yes,Yes,6,Yes,No,Fiber optic,No,No,No,Yes,Yes,No,Month-to-month,No,Credit card (automatic),80.58,475.62,Yes
C00761,Male,1,No,No,46,Yes,Yes,DSL,No,Yes,Yes,No,No,Yes,One year,Yes,Mailed check,72.58,3116.18,No
C00762,Male,0,No,No,3,Yes,Yes,No,No internet service,No internet service,No internet service,No internet service,No internet service,No internet service,Two year,No,Bank transfer (automatic),36.96,102.7,No
C00763,Male,0,Yes,Yes,14,Yes,No,DSL,No,No,Yes,No,Yes,Yes,One year,No,Electronic check,62.53,837.5,Yes
C00764,Female,0,Yes,No,8,Yes,No,Fiber optic,No,No,Yes,Yes,Yes,No,Month-to-month,Yes,Electronic check,84.81,673.15,Yes
C00765,Male,0,No,No,29,Yes,No,Fiber optic,No,Yes,No,No,No,No,Month-to-month,Yes,Electronic check,71.53,1898.3,Yes
C00766,Male,0,Yes,Yes,11,Yes,Yes,Fiber optic,No,Yes,Yes,No,Yes,Yes,Month-to-month,No,Electronic check,92.38,957.06,Yes
C00767,Male,0,Yes,Yes,17,Yes,No,DSL,Yes,No,Yes,No,No,Yes,Two year,Yes,Bank transfer (automatic),55.6,919.12,No
C00768,Male,1,Yes,No,55,Yes,No,Fiber optic,Yes,No,No,Yes,No,No,One year,Yes,Mailed check,75.86,3999.79,No
C00769,Female,0,Yes,No,1,Yes,No,No,No internet service,No internet service,No internet service,No internet service,No internet service,No internet service,Month-to-month,Yes,Mailed check,18.0,18.31,Yes
C00770,Male,0,Yes,No,4,Yes,No,No,No internet service,No internet service,No internet service,No internet service,No internet service,No internet service,Month-to-month,No,Electronic check,18.2,75.56,Yes
C00771,Female,0,No,No,15,Yes,Yes,DSL,No,Yes,No,No,No,Yes,Two year,Yes,Bank transfer (automatic),66.09,961.07,No
C00772,Female,0,Yes,Yes,52,Yes,,DSL,Yes,No,No,No,Yes,Yes,One year,No,Mailed check,65.43,3422.23,No
C00773,Female,1,Yes,Yes,2,Yes,No,No,No internet service,No internet service,No internet service,No internet service,No internet service,No internet service,One year,Yes,Bank transfer (automatic),18.0,37.43,No
C00774,Male,0,No,No,53,Yes,Yes,DSL,No,No,Yes,No,No,No,One year,Yes,Mailed check,55.44,2878.46,No
C00775,Female,0,Yes,Yes,5,Yes,No,Fiber optic,No,Yes,No,No,No,Yes,One year,Yes,Mailed check,79.55,376.88,No
C00776,Female,0,No,Yes,47,Yes,Yes,No,No internet service,No internet service,No internet service,No internet service,No internet service,No internet service,One year,Yes,Electronic check,27.03,1103.53,No
C00777,Male,1,Yes,No,21,Yes,No,DSL,No,No,Yes,Yes,No,No,Two year,No,Bank transfer (automatic),65.19,1423.84,No
C00778,Female,0,No,No,9,Yes,Yes,DSL,Yes,No,No,No,No,No,Month-to-month,Yes,Mailed check,56.13,524.62,No
C00779,Female,0,Yes,Yes,46,No,No phone service,Fiber optic,No,Yes,No,Yes,Yes,No,Month-to-month,Yes,Electronic check,69.1,2860.43,Yes
C00780,Male,0,No,No,50,Yes,No,DSL,Yes,Yes,No,No,No,No,One year,Yes,Electronic check,56.05,2423.16,No
C00781,Female,0,No,No,50,Yes,,Fiber optic,Yes,No,No,Yes,Yes,No,Two year,Yes,Electronic check,76.4,3701.57,No
C00782,Male,0,No,No,12,Yes,No,DSL,No,No,No,Yes,Yes,No,One year,Yes,Credit card (automatic),61.23,748.6,Yes
C00783,Female,0,No,No,70,Yes,Yes,Fiber optic,Yes,No,Yes,Yes,Yes,Yes,One year,Yes,Mailed check,100.17,6696.14,No
C00784,Female,0,Yes,No,49,Yes,Yes,DSL,No,No,No,No,Yes,No,Month-to-month,No,Mailed check,57.5,2795.57,No
C00785,Male,1,No,No,13,Yes,No,DSL,Yes,No,Yes,Yes,Yes,Yes,Two year,Yes,Electronic check,76.3,877.09,No
C00786,Female,0,No,No,66,Yes,No,Fiber optic,Yes,No,No,No,No,No,Two year,Yes,Credit card (automatic),74.05,4167.83,No
C00787,Male,1,No,No,72,Yes,No,DSL,Yes,No,No,No,Yes,Yes,Two year,Yes,Mailed check,65.5,4148.5,No
C00788,Female,0,Yes,No,70,Yes,No,No,No internet service,No internet service,No internet service,No internet service,No internet service,No internet service,One year,No,Electronic check,19.13,1385.66,No
C00789,Female,0,No,No,72,No,No phone service,DSL,No,Yes,No,No,Yes,Yes,One year,No,Electronic check,39.4,2553.44,No
C00790,Male,0,No,No,58,Yes,No,DSL,No,No,No,Yes,No,Yes,One year,Yes,Electronic check,58.9,3085.2,No
C00791,Male,0,No,No,6,Yes,Yes,Fiber optic,No,No,Yes,No,No,Yes,Month-to-month,Yes,Electronic check,78.22,477.06,Yes
C00792,Male,0,No,No,71,Yes,,Fiber optic,No,Yes,No,Yes,No,Yes,Two year,No,Mailed check,89.56,5795.63,No
C00793,Male,0,No,No,4,Yes,No,No,No internet service,No internet service,No internet service,No internet service,No internet service,No internet service,Month-to-month,Yes,Mailed check,18.78,73.35,No
C00794,Male,0,Yes,Yes,0,Yes,Yes,DSL,No,No,Yes,No,Yes,No,Month-to-month,No,Credit card (automatic),58.79, ,Yes
C00795,Male,0,No,No,0,Yes,Yes,Fiber optic,Yes,No,Yes,Yes,No,No,Month-to-month,Yes,Electronic check,95.27, ,Yes
C00796,Male,0,Yes,No,49,Yes,No,DSL,No,No,Yes,No,No,No,One year,Yes,Mailed check,53.72,2474.97,No
C00797,Male,1,Yes,No,57,Yes,No,Fiber optic,No,No,No,Yes,Yes,No,Two year,No,Electronic check,72.45,3743.85,No
C00798,Female,0,No,Yes,57,Yes,No,Fiber optic,Yes,No,Yes,Yes,No,Yes,Two year,Yes,Credit card (automatic),90.81,4453.53,No
C00799,Female,0,No,No,0,Yes,No,DSL,No,Yes,Yes,No,No,No,One year,No,Credit card (automatic),54.84, ,No
C00800,Female,0,Yes,No,10,No,No phone service,Fiber optic,No,Yes,No,No,Yes,Yes,Month-to-month,No,Electronic check,57.85,570.52,Yes
C00801,Male,0,No,No,5,Yes,No,Fiber optic,No,No,Yes,Yes,Yes,No,One year,No,Bank transfer (automatic),77.9,366.36,No
C00802,Female,0,Yes,No,42,Yes,Yes,No,No internet service,No internet service,No internet service,No internet service,No internet service,No internet service,Two year,Yes,Electronic check,32.27,1402.14,No
C00803,Female,0,Yes,Yes,55,Yes,,DSL,No,Yes,No,No,Yes,No,Two year,No,Bank transfer (automatic),59.63,3394.26,No
C00804,Male,0,No,No,33,Yes,Yes,DSL,No,No,No,No,No,No,Month-to-month,No,Credit card (automatic),52.28,1609.64,No
C00805,Male,0,No,No,53,Yes,Yes,Fiber optic,No,Yes,Yes,No,Yes,Yes,One year,Yes,Electronic check,96.2,4794.97,No
C00806,Female,0,Yes,Yes,72,Yes,Yes,DSL,No,No,Yes,Yes,No,Yes,Two year,No,Credit card (automatic),72.31,4831.83,No
C00807,Male,0,Yes,No,9,Yes,No,Fiber optic,Yes,Yes,No,Yes,No,No,One year,No,Credit card (automatic),77.8,630.87,No
C00808,Female,1,No,No,0,Yes,Yes,Fiber optic,No,No,No,No,No,No,Month-to-month,Yes,Mailed check,69.01, ,Yes
C00809,Female,0,Yes,Yes,72,Yes,No,DSL,No,No,No,Yes,No,Yes,Two year,No,Electronic check,52.91,3261.79,No
C00810,Male,0,No,No,46,Yes,No,Fiber optic,Yes,No,No,No,No,No,Two year,No,Mailed check,71.52,3024.02,No
C00811,Male,0,Yes,Yes,1,No,No phone service,DSL,No,Yes,Yes,No,No,Yes,One year,Yes,Mailed check,39.84,38.9,No
C00812,Female,0,No,No,50,Yes,No,Fiber optic,No,Yes,No,No,No,No,One year,Yes,Credit card (automatic),70.98,3519.69,No
C00813,Female,0,Yes,No,39,Yes,No,Fiber optic,No,No,No,No,Yes,No,Two year,No,Mailed check,71.19,2393.04,No
C00814,Male,0,Yes,No,40,Yes,Yes,No,No internet service,No internet service,No internet service,No internet service,No internet service,No internet service,Two year,Yes,Electronic check,27.21,1111.66,No
C00815,Female,0,Yes,No,18,Yes,Yes,DSL,No,Yes,Yes,Yes,Yes,No,Month-to-month,Yes,Mailed check,75.57,1299.05,No
C00816,Female,0,No,No,54,Yes,No,Fiber optic,No,No,Yes,No,No,No,Two year,No,Mailed check,67.41,3311.91,No
C00817,Female,0,No,No,54,Yes,Yes,Fiber optic,Yes,No,No,No,Yes,No,One year,Yes,Bank transfer (automatic),92.01,4391.26,No
C00818,Female,1,No,No,2,Yes,No,Fiber optic,No,Yes,Yes,Yes,Yes,Yes,Month-to-month,No,Electronic check,98.79,174.58,Yes
C00819,Male,0,Yes,No,3,Yes,No,Fiber optic,No,No,Yes,No,No,No,One year,No,Electronic check,80.41,236.68,Yes
C00820,Male,0,Yes,Yes,1,Yes,No,Fiber optic,No,No,No,No,Yes,No,Month-to-month,Yes,Mailed check,65.13,67.02,Yes
C00821,Female,0,No,No,55,Yes,No,DSL,No,No,No,No,No,Yes,Month-to-month,Yes,Bank transfer (automatic),55.71,2731.54,No
C00822,Male,0,Yes,Yes,56,Yes,No,Fiber optic,,No,Yes,No,No,No,Two year,Yes,Electronic check,75.79,3928.18,No
C00823,Female,0,No,No,60,No,No phone service,Fiber optic,No,Yes,No,Yes,Yes,Yes,Two year,No,Mailed check,65.03,3724.14,No
C00824,Female,1,No,Yes,15,Yes,Yes,Fiber optic,No,Yes,Yes,No,No,No,Two year,Yes,Bank transfer (automatic),86.36,1292.67,No
C00825,Male,0,No,No,65,Yes,Yes,No,No internet service,No internet service,No internet service,No internet service,No internet service,No internet service,One year,No,Bank transfer (automatic),28.95,1760.22,No
C00826,Female,0,No,Yes,62,Yes,No,DSL,No,Yes,Yes,No,Yes,Yes,Two year,Yes,Electronic check,71.33,4590.83,No
C00827,Male,0,Yes,Yes,66,Yes,No,DSL,No,No,No,Yes,No,Yes,Month-to-month,Yes,Electronic check,50.88,3309.84,No
C00828,Female,0,Yes,No,9,No,No phone service,DSL,No,No,No,No,No,Yes,Month-to-month,No,Mailed check,31.56,261.04,No
C00829,Male,0,No,No,59,Yes,No,DSL,No,Yes,Yes,Yes,No,No,One year,No,Electronic check,68.44,3718.25,No
C00830,Female,1,No,Yes,9,Yes,No,DSL,No,No,No,No,No,No,Month-to-month,No,Credit card (automatic),48.36,449.65,No
C00831,Female,0,No,No,71,Yes,No,DSL,No,No,Yes,No,No,Yes,Two year,No,Bank transfer (automatic),57.79,3933.26,No
C00832,Male,0,No,No,72,Yes,Yes,No,No internet service,No internet service,No internet service,No internet service,No internet service,No internet service,Month-to-month,Yes,Electronic check,29.0,1900.51,No
C00833,Female,0,Yes,Yes,22,Yes,Yes,DSL,No,No,No,No,No,No,Two year,No,Mailed check,54.49,1245.05,No
C00834,Female,0,No,No,14,Yes,No,No,No internet service,No internet service,No internet service,No internet service,No internet service,No internet service,Two year,Yes,Mailed check,21.32,279.29,No
C00835,Female,0,Yes,No,64,Yes,No,Fiber optic,No,Yes,No,Yes,No,Yes,Month-to-month,No,Electronic check,83.79,5043.08,Yes
C00836,Female,0,No,No,12,No,No phone service,Fiber optic,Yes,Yes,Yes,No,No,No,Two year,Yes,Credit card (automatic),59.55,742.81,No
C00837,Female,0,Yes,No,1,Yes,Yes,Fiber optic,No,Yes,Yes,No,Yes,Yes,Month-to-month,No,Electronic check,97.85,100.45,Yes
C00838,Male,0,No,No,0,Yes,No,Fiber optic,No,No,Yes,No,Yes,Yes,Month-to-month,Yes,Credit card (automatic),82.5, ,Yes
C00839,Female,0,Yes,No,1,No,No phone service,Fiber optic,No,Yes,Yes,No,No,No,Month-to-month,Yes,Bank transfer (automatic),57.02,58.52,No
C00840,Male,1,Yes,No,7,Yes,Yes,Fiber optic,No,No,No,No,Yes,Yes,Month-to-month,No,Bank transfer (automatic),84.68,603.17,No
C00841,Female,0,Yes,No,3,Yes,Yes,No,No internet service,No internet service,No internet service,No internet service,No internet service,No internet service,Month-to-month,Yes,Bank transfer (automatic),28.85,78.05,Yes
C00842,Female,0,Yes,No,3,Yes,No,Fiber optic,No,No,No,Yes,Yes,Yes,Month-to-month,Yes,Credit card (automatic),83.51,217.61,Yes
C00843,Male,0,No,No,7,Yes,Yes,Fiber optic,No,Yes,Yes,Yes,No,Yes,Month-to-month,Yes,Mailed check,99.18,592.71,Yes
C00844,Male,0,Yes,No,49,Yes,Yes,No,No internet service,No internet service,No internet service,No internet service,No internet service,No internet service,Month-to-month,No,Electronic check,27.41,1345.49,No
C00845,Female,0,Yes,No,4,Yes,Yes,Fiber optic,Yes,No,No,No,No,No,Month-to-month,No,Bank transfer (automatic),76.15,315.03,Yes
C00846,Male,0,Yes,Yes,12,Yes,No,Fiber optic,No,Yes,Yes,No,Yes,No,Month-to-month,Yes,Electronic check,82.35,907.02,Yes
C00847,Female,0,Yes,Yes,39,Yes,No,No,No internet service,No internet service,No internet service,No internet service,No internet service,No internet service,Two year,No,Electronic check,20.75,708.49,No
C00848,Male,0,Yes,Yes,62,Yes,No,Fiber optic,No,Yes,No,No,No,No,Two year,Yes,Electronic check,70.77,3734.64,No
C00849,Female,0,Yes,Yes,17,No,No phone service,Fiber optic,No,No,Yes,Yes,No,No,Month-to-month,No,Credit card (automatic),60.65,961.07,Yes
C00850,Male,0,No,No,70,Yes,No,Fiber optic,No,No,Yes,No,Yes,No,Two year,Yes,Electronic check,77.45,5072.73,No
C00851,Male,0,No,No,7,Yes,No,Fiber optic,No,No,No,No,No,No,Month-to-month,No,Electronic check,63.48,454.38,No
C00852,Female,0,No,Yes,56,Yes,Yes,DSL,No,No,No,No,No,No,Two year,No,Bank transfer (automatic),51.58,2650.15,No
C00853,Female,0,Yes,Yes,2,Yes,No,Fiber optic,No,No,No,Yes,No,Yes,Month-to-month,Yes,Electronic check,75.29,132.67,Yes
C00854,Male,0,No,No,47,Yes,No,No,No internet service,No internet service,No internet service,No internet service,No internet service,No internet service,Month-to-month,Yes,Electronic check,18.0,746.99,Yes
C00855,Male,0,No,No,72,Yes,,Fiber optic,No,No,Yes,Yes,No,Yes,Two year,No,Bank transfer (automatic),92.45,5873.17,No
C00856,Female,0,No,No,3,Yes,No,No,No internet service,No internet service,No internet service,No internet service,No internet service,No internet service,One year,Yes,Electronic check,21.16,56.6,Yes
C00857,Female,0,Yes,Yes,2,Yes,No,No,No internet service,No internet service,No internet service,No internet service,No internet service,No internet service,Month-to-month,No,Bank transfer (automatic),20.17,35.6,Yes
C00858,Male,1,Yes,Yes,12,Yes,No,Fiber optic,Yes,Yes,Yes,Yes,Yes,No,Month-to-month,Yes,Bank transfer (automatic),97.25,1217.85,Yes
C00859,Female,0,Yes,No,24,Yes,Yes,DSL,No,Yes,No,Yes,No,No,One year,Yes,Mailed check,59.37,1369.81,No
C00860,Female,0,Yes,No,42,Yes,No,Fiber optic,No,No,No,Yes,No,No,One year,No,Mailed check,71.65,2770.24,Yes
C00861,Female,0,No,No,51,Yes,No,No,No internet service,No internet service,No internet service,No internet service,No internet service,No internet service,Two year,Yes,Credit card (automatic),18.0,847.66,No
C00862,Female,0,Yes,Yes,9,No,No phone service,Fiber optic,Yes,No,No,Yes,Yes,No,Month-to-month,Yes,Mailed check,61.85,577.64,Yes
C00863,Female,0,Yes,Yes,13,Yes,No,DSL,Yes,No,No,No,No,No,Month-to-month,Yes,Mailed check,55.55,714.99,No
C00864,Male,0,Yes,No,15,Yes,No,DSL,No,No,Yes,No,Yes,No,Month-to-month,No,Electronic check,55.67,800.68,Yes
C00865,Female,0,Yes,Yes,19,Yes,Yes,Fiber optic,,Yes,Yes,Yes,Yes,Yes,Month-to-month,Yes,Electronic check,96.59,1612.11,No
C00866,Female,0,Yes,No,52,Yes,Yes,Fiber optic,No,No,No,No,No,Yes,Two year,No,Credit card (automatic),75.73,3688.67,No
C00867,Female,0,Yes,No,6,Yes,No,Fiber optic,No,No,No,No,No,Yes,Month-to-month,Yes,Bank transfer (automatic),75.31,470.7,Yes
C00868,Male,0,No,No,13,Yes,No,Fiber optic,Yes,Yes,No,Yes,Yes,No,Month-to-month,Yes,Credit card (automatic),89.99,1198.41,No
C00869,Male,0,Yes,No,9,Yes,No,Fiber optic,No,Yes,Yes,No,Yes,No,Month-to-month,No,Electronic check,85.31,713.36,Yes
C00870,Female,0,No,No,70,Yes,Yes,DSL,No,Yes,No,No,No,Yes,One year,Yes,Bank transfer (automatic),63.8,4048.6,No
C00871,Male,0,No,No,1,Yes,No,Fiber optic,No,Yes,Yes,Yes,Yes,Yes,Month-to-month,Yes,Credit card (automatic),92.2,96.41,Yes
C00872,Female,0,No,No,38,Yes,No,Fiber optic,No,Yes,No,Yes,Yes,Yes,Two year,No,Mailed check,89.49,3330.94,No
C00873,Male,0,No,No,38,Yes,No,Fiber optic,No,No,No,Yes,Yes,Yes,Month-to-month,No,Electronic check,91.47,3077.77,No
C00874,Female,0,Yes,Yes,5,Yes,No,Fiber optic,Yes,Yes,No,No,No,No,One year,Yes,Bank transfer (automatic),85.4,446.37,Yes
C00875,Female,0,No,No,60,Yes,Yes,Fiber optic,Yes,No,Yes,No,No,No,Two year,No,Electronic check,83.91,4538.95,No
C00876,Male,0,No,No,8,Yes,No,Fiber optic,No,No,No,Yes,No,No,Two year,No,Electronic check,71.77,498.71,No
C00877,Male,0,Yes,Yes,63,Yes,No,Fiber optic,No,Yes,No,No,No,No,Two year,Yes,Credit card (automatic),74.63,4228.18,No
C00878,Female,1,Yes,No,2,Yes,Yes,Fiber optic,No,No,Yes,No,No,No,Month-to-month,Yes,Credit card (automatic),80.37,161.52,Yes
C00879,Female,1,No,No,0,Yes,No,No,No internet service,No internet service,No internet service,No internet service,No internet service,No internet service,Month-to-month,Yes,Mailed check,18.86, ,Yes
C00880,Male,0,Yes,No,19,Yes,Yes,Fiber optic,No,No,No,Yes,No,Yes,Two year,Yes,Credit card (automatic),84.75,1537.73,No
C00881,Female,0,No,No,0,Yes,No,Fiber optic,No,No,Yes,No,No,Yes,Month-to-month,Yes,Electronic check,74.57, ,Yes
C00882,Female,0,Yes,No,56,Yes,Yes,Fiber optic,No,Yes,No,No,No,Yes,One year,No,Credit card (automatic),81.98,4818.79,No
C00883,Male,0,Yes,No,55,Yes,No,Fiber optic,No,Yes,Yes,No,Yes,No,Two year,Yes,Electronic check,80.62,4458.24,No
C00884,Male,0,No,No,54,Yes,Yes,No,No internet service,No internet service,No internet service,No internet service,No internet service,No internet service,Two year,Yes,Bank transfer (automatic),28.43,1439.46,No
C00885,Male,0,No,No,3,Yes,No,DSL,No,No,Yes,Yes,No,Yes,Month-to-month,Yes,Electronic check,61.5,161.19,Yes
C00886,Male,0,No,No,15,Yes,Yes,DSL,No,No,Yes,Yes,No,Yes,One year,No,Bank transfer (automatic),68.89,1046.73,No
C00887,Male,0,No,No,1,Yes,Yes,DSL,Yes,No,No,No,Yes,No,Month-to-month,Yes,Credit card (automatic),66.09,67.27,No
C00888,Male,0,No,No,48,Yes,Yes,Fiber optic,Yes,No,No,No,No,No,Two year,Yes,Credit card (automatic),76.76,3613.04,No
C00889,Female,0,Yes,No,0,Yes,Yes,Fiber optic,No,Yes,Yes,No,No,Yes,One year,No,Credit card (automatic),89.05, ,Yes
C00890,Male,0,No,Yes,7,Yes,No,DSL,No,No,Yes,Yes,No,No,Month-to-month,Yes,Credit card (automatic),62.67,386.02,Yes
C00891,Female,1,Yes,No,14,Yes,No,No,No internet service,No internet service,No internet service,No internet service,No internet service,No internet service,Month-to-month,Yes,Credit card (automatic),22.91,309.44,Yes
C00892,Male,0,Yes,No,6,Yes,No,Fiber optic,No,Yes,No,No,No,Yes,Two year,No,Electronic check,77.51,441.81,Yes
C00893,Male,0,No,Yes,1,Yes,No,No,No internet service,No internet service,No internet service,No internet service,No internet service,No internet service,Month-to-month,No,Bank transfer (automatic),18.0,15.89,No
C00894,Female,0,Yes,No,13,Yes,No,Fiber optic,No,No,No,Yes,Yes,No,One year,No,Credit card (automatic),76.16,1010.18,Yes
C00895,Female,0,No,No,9,Yes,No,Fiber optic,Yes,No,No,No,No,No,Month-to-month,Yes,Mailed check,71.17,629.58,Yes
C00896,Male,0,Yes,Yes,4,Yes,Yes,No,No internet service,No internet service,No internet service,No internet service,No internet service,No internet service,Month-to-month,Yes,Electronic check,27.29,111.3,Yes
C00897,Male,0,Yes,No,11,Yes,No,No,No internet service,No internet service,No internet service,No internet service,No internet service,No internet service,Month-to-month,Yes,Bank transfer (automatic),18.48,202.0,No
C00898,Male,1,Yes,No,28,Yes,Yes,Fiber optic,No,No,No,Yes,No,Yes,One year,Yes,Credit card (automatic),83.45,2005.32,Yes
C00899,Female,0,No,No,23,Yes,,DSL,Yes,No,No,Yes,Yes,No,Month-to-month,No,Electronic check,65.19,1380.41,Yes
C00900,Male,0,No,Yes,28,Yes,No,DSL,No,Yes,Yes,No,No,Yes,Month-to-month,No,Mailed check,60.1,1569.26,No
C00901,Male,0,Yes,Yes,8,Yes,No,DSL,Yes,No,No,No,Yes,Yes,Month-to-month,Yes,Electronic check,60.36,477.94,No
C00902,Male,1,Yes,No,1,Yes,Yes,DSL,Yes,Yes,Yes,No,Yes,Yes,Month-to-month,No,Bank transfer (automatic),84.82,78.46,Yes
C00903,Male,0,Yes,No,7,Yes,No,Fiber optic,Yes,Yes,Yes,Yes,Yes,No,Month-to-month,Yes,Electronic check,105.11,665.76,Yes
C00904,Female,1,Yes,Yes,70,Yes,Yes,Fiber optic,Yes,No,Yes,No,Yes,No,Two year,Yes,Bank transfer (automatic),85.31,5356.84,No
C00905,Female,0,No,No,0,Yes,No,Fiber optic,Yes,Yes,Yes,No,Yes,No,One year,Yes,Electronic check,90.96, ,Yes
C00906,Male,0,No,No,72,Yes,Yes,No,No internet service,No internet service,No internet service,No internet service,No internet service,No internet service,Month-to-month,No,Bank transfer (automatic),30.23,1937.64,No
C00907,Male,0,Yes,No,72,Yes,No,Fiber optic,Yes,No,No,Yes,No,Yes,Month-to-month,No,Credit card (automatic),82.74,5607.31,No
C00908,Male,0,Yes,No,64,Yes,Yes,No,No internet service,No internet service,No internet service,No internet service,No internet service,No internet service,Two year,No,Credit card (automatic),24.57,1604.9,No
C00909,Male,0,No,Yes,51,Yes,Yes,No,No internet service,No internet service,No internet service,No internet service,No internet service,No internet service,Two year,No,Bank transfer (automatic),26.7,1222.59,No
C00910,Female,1,Yes,No,9,Yes,Yes,Fiber optic,No,No,Yes,No,No,Yes,Month-to-month,Yes,Electronic check,83.89,766.2,Yes
C00911,Female,0,Yes,No,0,Yes,Yes,No,No internet service,No internet service,No internet service,No internet service,No internet service,No internet service,One year,No,Electronic check,24.73, ,No
C00912,Female,0,No,No,33,Yes,Yes,No,No internet service,No internet service,No internet service,No internet service,No internet service,No internet service,One year,No,Bank transfer (automatic),27.01,862.91,Yes
C00913,Female,1,No,No,39,Yes,Yes,Fiber optic,No,Yes,No,No,No,Yes,One year,No,Mailed check,82.41,3346.3,Yes
C00914,Female,1,Yes,Yes,63,No,No phone service,Fiber optic,No,No,No,No,No,No,Two year,No,Bank transfer (automatic),41.89,2442.51,No
C00915,Female,1,Yes,Yes,72,Yes,,Fiber optic,Yes,No,No,No,Yes,No,Two year,Yes,Credit card (automatic),79.38,5284.35,No
C00916,Male,1,No,No,72,Yes,No,Fiber optic,No,Yes,No,Yes,No,Yes,One year,Yes,Bank transfer (automatic),81.05,5200.79,No
C00917,Male,0,Yes,No,43,Yes,Yes,No,No internet service,No internet service,No internet service,No internet service,No internet service,No internet service,One year,Yes,Electronic check,29.66,1278.31,No
C00918,Male,1,No,No,41,Yes,Yes,DSL,Yes,Yes,No,Yes,No,No,One year,Yes,Bank transfer (automatic),72.23,2642.49,No
C00919,Female,0,Yes,No,3,No,No phone service,Fiber optic,No,Yes,Yes,No,No,No,Month-to-month,Yes,Bank transfer (automatic),53.72,157.35,Yes
C00920,Male,0,Yes,Yes,5,Yes,Yes,No,No internet service,No internet service,No internet service,No internet service,No internet service,No internet service,Month-to-month,Yes,Electronic check,22.05,100.84,Yes
C00921,Female,0,No,No,53,Yes,No,Fiber optic,No,No,No,No,Yes,Yes,One year,Yes,Mailed check,76.35,3899.35,No
C00922,Female,0,Yes,No,72,Yes,Yes,DSL,Yes,No,Yes,No,No,Yes,Month-to-month,Yes,Electronic check,71.11,5133.09,No
C00923,Female,0,Yes,No,14,Yes,Yes,Fiber optic,,Yes,No,No,Yes,No,One year,Yes,Bank transfer (automatic),91.21,1296.86,No
C00924,Male,1,Yes,No,44,Yes,No,DSL,No,No,Yes,No,Yes,Yes,Month-to-month,No,Electronic check,65.01,2802.46,Yes
C00925,Male,0,No,Yes,37,No,No phone service,Fiber optic,No,Yes,Yes,Yes,No,No,Two year,No,Electronic check,68.32,2431.51,No
C00926,Male,0,Yes,Yes,8,Yes,No,No,No internet service,No internet service,No internet service,No internet service,No internet service,No internet service,Month-to-month,Yes,Mailed check,19.19,136.58,Yes
C00927,Female,0,No,No,0,Yes,No,Fiber optic,No,Yes,Yes,No,Yes,Yes,Month-to-month,Yes,Bank transfer (automatic),86.96, ,Yes
C00928,Female,0,Yes,No,67,Yes,No,No,No internet service,No internet service,No internet service,No internet service,No internet service,No internet service,One year,Yes,Bank transfer (automatic),23.48,1632.55,No
C00929,Female,0,Yes,No,58,Yes,No,DSL,No,No,No,Yes,Yes,Yes,Month-to-month,Yes,Credit card (automatic),68.16,4040.22,No
C00930,Male,0,Yes,Yes,3,Yes,Yes,Fiber optic,No,No,No,No,No,No,Month-to-month,No,Electronic check,75.83,207.9,Yes
C00931,Male,0,Yes,No,44,No,No phone service,Fiber optic,Yes,No,Yes,No,Yes,No,Month-to-month,No,Mailed check,65.05,2860.16,No
C00932,Male,0,No,No,6,Yes,No,DSL,Yes,Yes,No,No,Yes,Yes,Month-to-month,No,Bank transfer (automatic),71.84,390.87,Yes
C00933,Female,0,Yes,Yes,36,Yes,Yes,No,No internet service,No internet service,No internet service,No internet service,No internet service,No internet service,Month-to-month,No,Electronic check,29.98,1118.67,No
C00934,Female,0,No,No,5,Yes,Yes,DSL,Yes,No,No,Yes,Yes,No,Month-to-month,Yes,Mailed check,71.58,348.97,Yes
C00935,Male,0,Yes,No,41,Yes,Yes,No,No internet service,No internet service,No internet service,No internet service,No internet service,No internet service,Month-to-month,Yes,Mailed check,32.62,1359.72,No
C00936,Female,0,No,Yes,44,No,No phone service,DSL,No,Yes,Yes,No,Yes,Yes,Month-to-month,No,Credit card (automatic),50.7,2332.93,Yes
C00937,Male,0,Yes,Yes,49,Yes,No,No,No internet service,No internet service,No internet service,No internet service,No internet service,No internet service,One year,Yes,Credit card (automatic),19.63,877.06,No
C00938,Female,0,No,Yes,49,Yes,Yes,No,No internet service,No internet service,No internet service,No internet service,No internet service,No internet service,Two year,Yes,Electronic check,28.83,1359.73,No
C00939,Male,0,Yes,No,35,Yes,Yes,No,No internet service,No internet service,No internet service,No internet service,No internet service,No internet service,Month-to-month,Yes,Mailed check,25.3,840.59,No
C00940,Male,0,No,No,50,Yes,Yes,Fiber optic,No,Yes,Yes,No,No,Yes,One year,No,Bank transfer (automatic),83.09,3737.15,No
C00941,Female,0,No,No,34,Yes,No,Fiber optic,No,No,Yes,No,No,Yes,One year,No,Credit card (automatic),80.9,2405.29,No
C00942,Male,0,No,No,23,Yes,No,Fiber optic,No,Yes,Yes,No,Yes,No,One year,No,Credit card (automatic),86.13,1695.37,No
C00943,Male,0,Yes,No,2,Yes,No,Fiber optic,Yes,No,No,Yes,Yes,Yes,Month-to-month,Yes,Electronic check,87.88,170.76,Yes
C00944,Male,0,No,No,0,Yes,Yes,DSL,Yes,No,No,No,No,No,Month-to-month,Yes,Credit card (automatic),60.13, ,Yes
C00945,Male,0,Yes,No,60,Yes,No,DSL,No,Yes,Yes,Yes,Yes,No,Month-to-month,No,Bank transfer (automatic),66.55,3438.13,No
C00946,Female,1,Yes,No,1,Yes,No,Fiber optic,No,Yes,Yes,No,No,No,Month-to-month,No,Electronic check,74.49,74.47,Yes
C00947,Female,0,Yes,No,4,Yes,No,Fiber optic,Yes,Yes,Yes,No,No,Yes,Two year,No,Credit card (automatic),85.11,330.81,No
C00948,Female,0,No,No,53,No,No phone service,No,No internet service,No internet service,No internet service,No internet service,No internet service,No internet service,Month-to-month,Yes,Electronic check,18.0,899.38,Yes
C00949,Male,1,No,No,49,Yes,No,Fiber optic,No,No,No,Yes,Yes,No,Month-to-month,Yes,Bank transfer (automatic),79.25,3971.54,No
C00950,Female,0,No,No,2,Yes,,Fiber optic,No,Yes,No,Yes,Yes,No,Month-to-month,Yes,Credit card (automatic),94.54,164.0,Yes
C00951,Male,0,No,No,18,Yes,Yes,Fiber optic,Yes,No,No,Yes,Yes,No,One year,No,Credit card (automatic),88.56,1577.54,No
C00952,Male,1,No,No,64,No,No phone service,No,No internet service,No internet service,No internet service,No internet service,No internet service,No internet service,One year,Yes,Electronic check,18.0,1028.02,No
C00953,Male,0,Yes,Yes,46,Yes,Yes,DSL,No,Yes,No,Yes,No,Yes,Two year,No,Mailed check,66.05,3127.43,No
C00954,Female,0,No,Yes,72,No,No phone service,Fiber optic,No,No,No,No,Yes,Yes,One year,No,Electronic check,62.62,4027.18,No
C00955,Female,0,Yes,No,72,Yes,Yes,DSL,No,No,No,Yes,No,Yes,Two year,No,Credit card (automatic),67.5,4643.26,No
C00956,Female,0,Yes,No,44,Yes,No,DSL,No,Yes,No,Yes,No,Yes,Two year,No,Credit card (automatic),60.66,2625.23,No
C00957,Female,0,Yes,No,12,Yes,No,Fiber optic,Yes,No,No,Yes,No,No,Month-to-month,Yes,Mailed check,81.33,983.67,Yes
C00958,Male,0,No,No,2,Yes,No,Fiber optic,No,No,No,No,Yes,Yes,Two year,No,Electronic check,74.0,133.89,Yes
C00959,Female,1,Yes,No,11,Yes,No,Fiber optic,Yes,No,No,Yes,No,Yes,One year,Yes,Credit card (automatic),79.65,754.06,Yes
C00960,Female,0,Yes,Yes,6,No,No phone service,No,No internet service,No internet service,No internet service,No internet service,No internet service,No internet service,Month-to-month,Yes,Electronic check,18.0,99.85,Yes
C00961,Male,0,Yes,No,4,Yes,Yes,No,No internet service,No internet service,No internet service,No internet service,No internet service,No internet service,Month-to-month,No,Bank transfer (automatic),30.08,108.04,No
C00962,Male,0,Yes,Yes,3,Yes,No,Fiber optic,Yes,Yes,Yes,Yes,Yes,Yes,Month-to-month,Yes,Electronic check,99.71,283.82,Yes
C00963,Male,0,No,Yes,3,Yes,Yes,DSL,No,Yes,Yes,No,Yes,No,One year,No,Electronic check,66.9,188.49,No
C00964,Female,0,No,No,5,Yes,No,DSL,No,No,Yes,No,Yes,Yes,Month-to-month,Yes,Credit card (automatic),65.13,309.11,Yes
C00965,Male,0,No,No,52,Yes,Yes,DSL,No,No,Yes,No,Yes,Yes,Two year,Yes,Electronic check,72.38,3446.48,No
C00966,Female,0,No,No,23,Yes,No,DSL,No,Yes,No,No,No,No,Month-to-month,Yes,Credit card (automatic),51.05,1200.78,Yes
C00967,Male,1,Yes,Yes,12,Yes,Yes,Fiber optic,No,No,Yes,No,Yes,No,Two year,Yes,Credit card (automatic),81.37,866.46,Yes
C00968,Female,0,No,No,3,Yes,No,Fiber optic,No,Yes,Yes,Yes,No,Yes,Month-to-month,No,Electronic check,94.71,276.77,Yes
C00969,Male,0,No,No,32,No,No phone service,DSL,No,Yes,Yes,No,Yes,Yes,One year,Yes,Mailed check,49.33,1515.93,No
C00970,Male,0,No,No,21,Yes,Yes,DSL,Yes,Yes,Yes,No,No,Yes,Month-to-month,No,Electronic check,79.61,1689.12,No
C00971,Male,0,No,Yes,10,Yes,No,DSL,No,No,No,No,Yes,Yes,One year,No,Credit card (automatic),58.15,501.58,No
C00972,Male,0,Yes,Yes,72,Yes,No,DSL,No,Yes,Yes,Yes,Yes,Yes,Two year,Yes,Credit card (automatic),78.17,5337.39,No
C00973,Female,0,No,No,15,Yes,Yes,DSL,Yes,Yes,No,Yes,Yes,Yes,Month-to-month,Yes,Electronic check,82.61,1289.07,Yes
C00974,Male,0,Yes,No,49,Yes,No,DSL,Yes,No,Yes,Yes,No,Yes,Two year,Yes,Credit card (automatic),70.93,3226.15,No
C00975,Female,1,No,No,57,Yes,No,Fiber optic,No,Yes,No,No,No,No,Two year,Yes,Credit card (automatic),69.12,3924.48,No
C00976,Male,0,Yes,Yes,57,Yes,Yes,Fiber optic,No,Yes,No,Yes,Yes,Yes,Month-to-month,Yes,Mailed check,94.83,5552.06,Yes
C00977,Male,1,No,Yes,3,Yes,Yes,Fiber optic,No,Yes,Yes,Yes,Yes,Yes,Month-to-month,Yes,Credit card (automatic),107.0,323.55,Yes
C00978,Female,1,No,Yes,5,No,No phone service,DSL,No,No,No,No,No,No,Month-to-month,Yes,Mailed check,26.48,119.09,Yes
C00979,Male,0,No,No,5,Yes,No,Fiber optic,No,Yes,No,No,No,No,Month-to-month,No,Mailed check,67.5,291.96,No
C00980,Female,0,Yes,No,57,Yes,No,Fiber optic,No,No,No,No,No,Yes,Two year,Yes,Electronic check,69.1,3920.15,No
C00981,Female,1,No,No,72,Yes,Yes,Fiber optic,No,Yes,No,No,Yes,No,One year,Yes,Electronic check,80.57,5295.03,No
C00982,Female,1,No,No,0,Yes,No,DSL,No,No,Yes,No,No,Yes,Month-to-month,Yes,Credit card (automatic),58.3, ,Yes
C00983,Male,1,No,No,0,Yes,Yes,No,No internet service,No internet service,No internet service,No internet service,No internet service,No internet service,Month-to-month,Yes,Electronic check,28.43, ,Yes
C00984,Male,0,No,Yes,6,Yes,Yes,DSL,Yes,No,No,No,Yes,Yes,Month-to-month,Yes,Mailed check,68.58,425.44,Yes
C00985,Female,0,No,No,37,Yes,Yes,No,No internet service,No internet service,No internet service,No internet service,No internet service,No internet service,Two year,Yes,Electronic check,33.02,1048.5,No
C00986,Male,1,No,Yes,6,Yes,Yes,Fiber optic,No,No,Yes,No,Yes,No,Month-to-month,Yes,Electronic check,81.13,453.83,Yes
C00987,Male,1,Yes,Yes,2,Yes,No,DSL,No,Yes,Yes,No,No,No,One year,Yes,Electronic check,61.06,116.34,No
C00988,Male,0,Yes,No,5,Yes,No,DSL,No,No,Yes,No,Yes,Yes,Month-to-month,No,Bank transfer (automatic),65.27,310.85,Yes
C00989,Female,1,No,Yes,11,Yes,No,DSL,No,No,No,No,No,No,Month-to-month,Yes,Mailed check,46.34,534.13,No
C00990,Female,0,No,Yes,63,Yes,Yes,Fiber optic,No,Yes,No,Yes,Yes,No,Two year,Yes,Credit card (automatic),87.05,5519.9,No
C00991,Female,1,Yes,Yes,10,Yes,Yes,No,No internet service,No internet service,No internet service,No internet service,No internet service,No internet service,Month-to-month,No,Bank transfer (automatic),31.63,311.24,No
C00992,Female,0,Yes,No,22,Yes,No,No,No internet service,No internet service,No internet service,No internet service,No internet service,No internet service,One year,Yes,Credit card (automatic),20.78,398.24,No
C00993,Male,1,Yes,Yes,11,Yes,No,No,No internet service,No internet service,No internet service,No internet service,No internet service,No internet service,Month-to-month,Yes,Bank transfer (automatic),18.0,196.69,No
C00994,Female,0,No,No,3,Yes,Yes,DSL,No,No,Yes,No,No,Yes,One year,No,Electronic check,67.95,210.41,Yes
C00995,Male,0,No,No,54,Yes,No,Fiber optic,No,No,Yes,No,Yes,No,Two year,Yes,Mailed check,77.44,4012.44,No
C00996,Female,0,No,No,19,Yes,Yes,Fiber optic,No,Yes,No,Yes,Yes,No,One year,Yes,Mailed check,92.14,1495.14,Yes
C00997,Male,0,Yes,No,4,Yes,,DSL,Yes,No,No,No,Yes,Yes,Month-to-month,Yes,Bank transfer (automatic),65.8,275.54,Yes
C00998,Female,0,Yes,No,70,Yes,No,DSL,No,Yes,No,No,Yes,No,Month-to-month,Yes,Credit card (automatic),53.29,3316.41,No
C00999,Male,1,No,No,22,Yes,Yes,DSL,No,No,Yes,Yes,Yes,No,Month-to-month,Yes,Mailed check,63.93,1213.32,No
C01000,Male,0,Yes,No,7,Yes,No,Fiber optic,No,No,Yes,No,No,No,Month-to-month,Yes,Bank transfer (automatic),72.9,471.32,No
C01001,Male,1,Yes,Yes,47,Yes,No,Fiber optic,Yes,No,Yes,No,No,Yes,Month-to-month,No,Credit card (automatic),83.94,3914.33,Yes
C01002,Male,0,Yes,Yes,54,Yes,Yes,DSL,Yes,No,Yes,No,No,No,Month-to-month,Yes,Electronic check,64.9,3529.79,No
C01003,Male,0,No,Yes,5,Yes,No,DSL,No,Yes,No,Yes,No,Yes,Month-to-month,Yes,Electronic check,64.66,335.76,Yes
C01004,Female,0,Yes,No,9,No,No phone service,DSL,No,Yes,No,Yes,Yes,Yes,Month-to-month,No,Bank transfer (automatic),49.46,430.21,Yes
C01005,Male,0,Yes,No,2,Yes,No,Fiber optic,Yes,Yes,Yes,No,No,Yes,Month-to-month,No,Mailed check,86.01,179.5,No
C01006,Female,0,Yes,No,40,Yes,Yes,Fiber optic,Yes,Yes,No,Yes,Yes,No,Two year,Yes,Credit card (automatic),96.64,3554.19,No
C01007,Male,0,No,No,2,Yes,No,Fiber optic,No,No,Yes,No,No,No,One year,Yes,Mailed check,69.13,124.53,Yes
C01008,Female,1,No,No,54,Yes,Yes,Fiber optic,No,No,No,No,Yes,Yes,One year,No,Credit card (automatic),80.99,3719.31,No
C01009,Male,0,Yes,No,3,Yes,No,DSL,No,No,Yes,No,Yes,Yes,Month-to-month,No,Mailed check,68.66,203.29,Yes
C01010,Female,1,Yes,Yes,3,Yes,No,No,No internet service,No internet service,No internet service,No internet service,No internet service,No internet service,Month-to-month,Yes,Electronic check,18.0,47.86,Yes
C01011,Female,0,Yes,No,12,No,No phone service,DSL,Yes,Yes,No,Yes,No,Yes,Two year,Yes,Mailed check,57.57,638.74,No
C01012,Male,0,No,No,17,Yes,No,Fiber optic,No,Yes,No,Yes,Yes,Yes,Two year,No,Bank transfer (automatic),83.06,1465.33,No
C01013,Female,0,No,No,65,Yes,Yes,Fiber optic,Yes,Yes,No,No,No,Yes,One year,Yes,Electronic check,92.6,5172.87,No
C01014,Male,0,Yes,Yes,21,Yes,Yes,DSL,Yes,No,Yes,No,Yes,No,Month-to-month,Yes,Mailed check,69.47,1361.62,No
C01015,Male,0,No,No,35,Yes,Yes,Fiber optic,No,No,No,Yes,No,Yes,Month-to-month,Yes,Mailed check,86.19,3077.34,Yes
C01016,Female,0,Yes,Yes,33,Yes,No,DSL,No,No,Yes,Yes,No,No,Month-to-month,Yes,Credit card (automatic),55.03,1870.58,No
C01017,Female,0,No,No,64,Yes,Yes,Fiber optic,Yes,Yes,Yes,No,No,Yes,Month-to-month,No,Electronic check,93.71,5772.64,No
C01018,Male,0,Yes,No,19,Yes,No,Fiber optic,No,No,Yes,Yes,Yes,Yes,One year,No,Electronic check,93.1,1693.32,No
C01019,Male,0,Yes,No,8,Yes,No,DSL,No,Yes,Yes,No,Yes,No,Month-to-month,Yes,Mailed check,61.25,504.16,Yes
C01020,Female,0,No,Yes,46,Yes,Yes,Fiber optic,No,Yes,No,No,Yes,Yes,Month-to-month,No,Credit card (automatic),85.61,3676.41,No
C01021,Female,0,No,Yes,50,Yes,Yes,DSL,No,No,No,Yes,Yes,Yes,Two year,No,Mailed check,72.49,3094.47,No
C01022,Female,1,No,No,12,Yes,No,DSL,No,No,Yes,No,No,No,One year,Yes,Credit card (automatic),53.9,586.47,No
C01023,Female,0,No,No,6,Yes,Yes,Fiber optic,Yes,No,No,Yes,No,No,Month-to-month,Yes,Electronic check,76.18,432.64,Yes
C01024,Female,0,No,No,9,Yes,Yes,DSL,No,Yes,Yes,No,Yes,No,One year,No,Electronic check,70.99,643.21,No
C01025,Male,0,No,No,4,Yes,Yes,DSL,No,Yes,No,Yes,No,No,Month-to-month,Yes,Credit card (automatic),61.22,256.79,Yes
C01026,Female,0,Yes,Yes,34,Yes,Yes,DSL,Yes,No,No,Yes,No,Yes,Month-to-month,Yes,Mailed check,66.8,2160.86,Yes
C01027,Male,0,Yes,Yes,26,Yes,No,Fiber optic,No,No,Yes,Yes,No,No,Month-to-month,No,Credit card (automatic),83.18,2074.86,Yes
C01028,Female,1,No,No,41,No,No phone service,No,No internet service,No internet service,No internet service,No internet service,No internet service,No internet service,One year,No,Credit card (automatic),18.0,629.78,No
C01029,Male,0,No,No,4,Yes,No,No,No internet service,No internet service,No internet service,No internet service,No internet service,No internet service,Month-to-month,Yes,Mailed check,18.11,70.39,Yes
C01030,Female,0,No,No,1,Yes,No,No,No internet service,No internet service,No internet service,No internet service,No internet service,No internet service,Month-to-month,No,Electronic check,20.12,18.11,Yes
C01031,Female,0,Yes,Yes,72,Yes,No,Fiber optic,No,No,No,No,No,Yes,Two year,No,Credit card (automatic),73.22,5367.06,No
C01032,Female,0,Yes,No,3,Yes,No,Fiber optic,No,No,Yes,Yes,No,No,Month-to-month,Yes,Mailed check,77.72,228.17,Yes
C01033,Female,0,Yes,Yes,69,Yes,Yes,DSL,Yes,No,No,Yes,No,Yes,One year,Yes,Bank transfer (automatic),70.2,4516.42,No
C01034,Male,0,No,No,70,Yes,Yes,No,No internet service,No internet service,No internet service,No internet service,No internet service,No internet service,One year,No,Mailed check,24.13,1538.74,No
C01035,Female,1,Yes,No,8,Yes,Yes,Fiber optic,Yes,No,No,Yes,No,Yes,Month-to-month,Yes,Bank transfer (automatic),90.16,702.02,Yes
C01036,Male,0,No,No,49,Yes,No,Fiber optic,Yes,No,Yes,No,Yes,No,Two year,Yes,Mailed check,80.2,4125.28,No
C01037,Male,0,Yes,No,0,Yes,No,No,No internet service,No internet service,No internet service,No internet service,No internet service,No internet service,Month-to-month,Yes,Mailed check,19.09, ,No
C01038,Male,0,Yes,No,6,Yes,Yes,No,No internet service,No internet service,No internet service,No internet service,No internet service,No internet service,Month-to-month,Yes,Mailed check,28.71,149.27,No
C01039,Male,0,No,No,3,Yes,No,DSL,Yes,Yes,No,Yes,Yes,Yes,Month-to-month,Yes,Bank transfer (automatic),77.31,225.27,Yes
C01040,Male,0,Yes,Yes,5,No,No phone service,DSL,No,Yes,Yes,Yes,No,Yes,One year,Yes,Electronic check,45.96,215.74,Yes
C01041,Female,0,No,No,1,Yes,No,Fiber optic,,Yes,No,Yes,Yes,No,Month-to-month,Yes,Credit card (automatic),77.59,76.15,Yes
C01042,Female,1,Yes,Yes,17,Yes,Yes,No,No internet service,No internet service,No internet service,No internet service,No internet service,No internet service,Month-to-month,No,Mailed check,25.3,413.16,No
C01043,Female,0,Yes,Yes,41,Yes,Yes,Fiber optic,No,No,No,No,No,No,Month-to-month,Yes,Credit card (automatic),73.86,2652.52,Yes
C01044,Male,1,No,No,9,Yes,No,DSL,No,Yes,No,Yes,Yes,No,Month-to-month,Yes,Electronic check,63.46,559.96,Yes
C01045,Male,0,No,Yes,4,Yes,No,No,No internet service,No internet service,No internet service,No internet service,No internet service,No internet service,Month-to-month,Yes,Electronic check,18.21,64.47,Yes
C01046,Male,0,Yes,Yes,15,Yes,No,Fiber optic,No,No,Yes,No,No,Yes,One year,Yes,Electronic check,76.67,1132.82,No
C01047,Female,1,Yes,Yes,53,Yes,Yes,No,No internet service,No internet service,No internet service,No internet service,No internet service,No internet service,Month-to-month,Yes,Mailed check,33.29,1812.06,No
C01048,Female,0,No,No,53,Yes,No,No,No internet service,No internet service,No internet service,No internet service,No internet service,No internet service,Month-to-month,No,Credit card (automatic),24.9,1305.92,No
C01049,Male,0,No,No,18,No,No phone service,No,No internet service,No internet service,No internet service,No internet service,No internet service,No internet service,One year,Yes,Credit card (automatic),18.0,324.4,No
C01050,Female,0,No,No,57,Yes,Yes,No,No internet service,No internet service,No internet service,No internet service,No internet service,No internet service,Month-to-month,No,Bank transfer (automatic),25.67,1408.86,No
C01051,Male,0,No,No,72,Yes,No,Fiber optic,No,Yes,Yes,Yes,Yes,No,Two year,No,Electronic check,86.74,6230.67,No
C01052,Male,1,No,No,1,Yes,Yes,Fiber optic,Yes,Yes,No,Yes,Yes,No,One year,No,Credit card (automatic),99.66,92.82,No
C01053,Male,0,No,No,5,Yes,No,Fiber optic,No,No,Yes,No,Yes,No,Month-to-month,No,Bank transfer (automatic),78.66,372.05,Yes
C01054,Male,1,No,No,1,Yes,Yes,Fiber optic,No,No,No,No,No,No,Month-to-month,Yes,Mailed check,69.82,69.48,Yes
C01055,Female,0,No,Yes,39,Yes,No,Fiber optic,No,No,Yes,No,Yes,Yes,Month-to-month,Yes,Bank transfer (automatic),79.15,2874.35,Yes
C01056,Female,0,No,No,11,Yes,Yes,DSL,No,No,No,No,No,No,One year,Yes,Mailed check,56.17,555.59,No
C01057,Male,0,No,No,6,No,No phone service,DSL,No,Yes,No,Yes,Yes,No,Month-to-month,Yes,Bank transfer (automatic),42.09,243.38,Yes
C01058,Female,0,No,No,67,Yes,Yes,DSL,No,No,Yes,No,Yes,Yes,One year,No,Electronic check,76.19,5273.2,No
C01059,Female,1,Yes,No,13,Yes,No,Fiber optic,Yes,Yes,Yes,No,No,Yes,One year,Yes,Mailed check,84.14,1124.67,No
C01060,Female,0,Yes,Yes,1,Yes,No,Fiber optic,No,No,No,No,No,No,Month-to-month,Yes,Credit card (automatic),63.02,56.53,Yes
C01061,Female,0,No,No,4,Yes,,DSL,No,No,Yes,No,Yes,No,Month-to-month,No,Electronic check,65.13,224.81,Yes
C01062,Male,0,No,No,50,Yes,Yes,No,No internet service,No internet service,No internet service,No internet service,No internet service,No internet service,One year,No,Electronic check,18.44,822.07,No
C01063,Female,0,Yes,Yes,28,No,No phone service,No,No internet service,No internet service,No internet service,No internet service,No internet service,No internet service,Month-to-month,No,Electronic check,18.0,482.26,Yes
C01064,Male,1,No,No,51,Yes,Yes,DSL,Yes,Yes,No,No,Yes,No,Month-to-month,Yes,Mailed check,72.02,3486.29,No
C01065,Female,0,No,No,42,Yes,,No,No internet service,No internet service,No internet service,No internet service,No internet service,No internet service,Two year,Yes,Bank transfer (automatic),29.6,1156.51,No
C01066,Male,0,No,No,13,Yes,Yes,DSL,No,No,No,No,Yes,No,One year,Yes,Electronic check,61.94,701.12,No
C01067,Female,0,No,No,58,Yes,Yes,Fiber optic,No,No,No,Yes,No,No,Two year,No,Mailed check,81.21,4247.48,No
C01068,Male,0,Yes,Yes,40,Yes,No,No,No internet service,No internet service,No internet service,No internet service,No internet service,No internet service,Month-to-month,Yes,Mailed check,20.69,789.34,No
C01069,Male,1,No,No,13,Yes,No,DSL,No,No,No,No,Yes,Yes,Two year,Yes,Mailed check,59.66,726.75,No
C01070,Female,0,Yes,Yes,29,Yes,Yes,No,No internet service,No internet service,No internet service,No internet service,No internet service,No internet service,One year,Yes,Mailed check,18.24,538.31,No
C01071,Female,0,No,Yes,8,Yes,Yes,Fiber optic,Yes,Yes,Yes,Yes,No,No,Month-to-month,Yes,Electronic check,99.09,804.18,Yes
C01072,Male,0,Yes,No,46,Yes,Yes,No,No internet service,No internet service,No internet service,No internet service,No internet service,No internet service,Two year,No,Mailed check,22.56,884.5,No
C01073,Female,0,No,No,32,Yes,No,DSL,No,No,Yes,No,Yes,Yes,One year,No,Electronic check,60.3,1701.72,No
C01074,Female,1,No,No,26,Yes,No,DSL,No,No,No,Yes,No,Yes,One year,Yes,Credit card (automatic),54.64,1240.41,No
C01075,Male,0,No,No,60,Yes,No,Fiber optic,Yes,Yes,No,No,Yes,Yes,Two year,No,Electronic check,91.51,5628.59,No
C01076,Female,0,No,No,1,Yes,No,Fiber optic,No,No,No,Yes,No,No,Month-to-month,Yes,Mailed check,72.71,72.2,Yes
C01077,Male,0,No,No,72,Yes,No,No,No internet service,No internet service,No internet service,No internet service,No internet service,No internet service,Month-to-month,Yes,Electronic check,24.79,1590.08,No
C01078,Female,1,No,No,48,Yes,No,Fiber optic,No,No,No,No,No,Yes,Two year,Yes,Mailed check,66.61,3172.73,No
C01079,Male,1,Yes,No,56,Yes,Yes,DSL,No,Yes,No,No,No,Yes,Two year,No,Electronic check,62.13,3293.43,No
C01080,Male,0,Yes,No,1,Yes,Yes,Fiber optic,Yes,No,No,Yes,Yes,No,Month-to-month,Yes,Mailed check,84.66,82.63,Yes
C01081,Female,0,No,Yes,0,Yes,No,Fiber optic,No,No,No,Yes,Yes,Yes,One year,No,Electronic check,86.59, ,No
C01082,Female,0,Yes,No,34,Yes,Yes,DSL,Yes,Yes,Yes,No,Yes,Yes,Two year,Yes,Electronic check,85.96,2765.03,No
C01083,Female,0,No,No,57,Yes,No,Fiber optic,No,No,No,No,No,No,One year,No,Electronic check,66.79,3812.04,No
C01084,Female,0,Yes,Yes,18,Yes,No,Fiber optic,No,No,Yes,No,Yes,Yes,Month-to-month,No,Bank transfer (automatic),79.26,1370.02,Yes
C01085,Female,0,No,No,14,Yes,No,Fiber optic,No,No,No,No,No,Yes,One year,No,Mailed check,72.83,1034.34,No
C01086,Female,1,Yes,Yes,2,Yes,No,DSL,Yes,Yes,No,No,Yes,No,Month-to-month,Yes,Mailed check,67.46,126.46,Yes
C01087,Female,0,No,Yes,1,Yes,No,DSL,No,No,Yes,Yes,Yes,Yes,Month-to-month,Yes,Electronic check,69.96,69.99,Yes
C01088,Male,0,Yes,Yes,54,Yes,No,Fiber optic,No,Yes,No,Yes,Yes,No,Two year,Yes,Bank transfer (automatic),81.16,4599.4,No
C01089,Male,0,No,No,2,Yes,Yes,Fiber optic,No,No,No,Yes,Yes,No,Month-to-month,Yes,Bank transfer (automatic),82.66,170.87,Yes
C01090,Male,0,Yes,No,5,Yes,Yes,Fiber optic,No,No,No,Yes,Yes,No,One year,Yes,Bank transfer (automatic),85.16,372.2,Yes
C01091,Female,0,No,No,42,Yes,No,DSL,No,No,No,No,Yes,No,Two year,No,Electronic check,51.32,1906.65,No
C01092,Male,0,Yes,No,1,Yes,Yes,Fiber optic,No,Yes,No,Yes,No,No,Month-to-month,Yes,Bank transfer (automatic),89.41,89.91,Yes
C01093,Male,1,No,No,42,Yes,No,DSL,Yes,Yes,No,No,No,No,Two year,No,Bank transfer (automatic),57.5,2139.37,No
C01094,Female,0,No,No,16,Yes,Yes,Fiber optic,No,No,No,No,Yes,Yes,One year,Yes,Mailed check,83.83,1333.39,No
C01095,Male,1,No,No,11,Yes,No,DSL,No,No,No,No,Yes,No,Month-to-month,No,Bank transfer (automatic),57.43,602.72,Yes
C01096,Male,0,No,No,0,Yes,No,Fiber optic,Yes,No,No,No,Yes,Yes,Month-to-month,No,Credit card (automatic),81.05, ,Yes
C01097,Female,0,No,No,0,Yes,Yes,Fiber optic,Yes,Yes,No,No,Yes,Yes,One year,No,Electronic check,94.5, ,Yes
C01098,Female,0,No,No,70,Yes,No,Fiber optic,Yes,No,No,Yes,No,Yes,One year,No,Electronic check,80.24,5883.37,No
C01099,Male,1,Yes,Yes,15,No,No phone service,DSL,No,No,No,Yes,No,No,Month-to-month,Yes,Electronic check,26.88,390.75,Yes
C01100,Male,0,No,No,72,Yes,No,No,No internet service,No internet service,No internet service,No internet service,No internet service,No internet service,Two year,Yes,Bank transfer (automatic),19.57,1273.31,No
C01101,Male,0,Yes,Yes,43,Yes,Yes,DSL,Yes,Yes,No,No,Yes,Yes,Two year,Yes,Bank transfer (automatic),81.6,3589.48,No
C01102,Female,0,No,No,45,Yes,Yes,Fiber optic,Yes,Yes,No,Yes,No,Yes,One year,Yes,Electronic check,99.31,4554.3,No
C01103,Female,0,Yes,No,52,Yes,No,Fiber optic,Yes,No,No,No,No,No,Month-to-month,Yes,Credit card (automatic),73.73,3404.23,No
C01104,Male,0,Yes,Yes,13,Yes,No,No,No internet service,No internet service,No internet service,No internet service,No internet service,No internet service,Two year,No,Bank transfer (automatic),18.0,242.54,No
C01105,Female,0,No,No,2,Yes,Yes,No,No internet service,No internet service,No internet service,No internet service,No internet service,No internet service,Two year,No,Mailed check,30.84,62.03,No
C01106,Male,0,Yes,No,3,Yes,No,DSL,No,Yes,No,No,No,No,Month-to-month,Yes,Credit card (automatic),48.52,128.61,No
C01107,Male,0,Yes,Yes,66,Yes,Yes,No,No internet service,No internet service,No internet service,No internet service,No internet service,No internet service,Two year,Yes,Mailed check,26.76,1672.96,No
C01108,Female,0,Yes,No,71,Yes,No,DSL,No,Yes,No,No,No,Yes,Two year,Yes,Mailed check,57.25,3509.57,No
C01109,Male,0,No,No,69,Yes,Yes,Fiber optic,Yes,No,No,No,Yes,Yes,Month-to-month,No,Mailed check,90.29,5449.58,Yes
C01110,Male,0,Yes,No,8,Yes,No,DSL,No,No,No,No,No,No,One year,No,Mailed check,50.27,395.41,No
C01111,Male,0,Yes,No,14,Yes,Yes,Fiber optic,Yes,No,No,No,Yes,No,Month-to-month,Yes,Electronic check,82.08,1095.82,Yes
C01112,Female,1,No,Yes,21,No,No phone service,No,No internet service,No internet service,No internet service,No internet service,No internet service,No internet service,Two year,Yes,Credit card (automatic),18.0,360.4,No
C01113,Female,0,No,No,20,Yes,No,No,No internet service,No internet service,No internet service,No internet service,No internet service,No internet service,Month-to-month,No,Electronic check,18.88,345.72,No
C01114,Female,0,Yes,No,45,Yes,Yes,DSL,No,No,No,Yes,Yes,No,Two year,No,Electronic check,62.29,2622.49,No
C01115,Male,1,No,No,29,Yes,Yes,Fiber optic,No,No,Yes,No,Yes,No,Two year,No,Bank transfer (automatic),87.54,2271.66,No
C01116,Male,0,Yes,No,12,Yes,No,No,No internet service,No internet service,No internet service,No internet service,No internet service,No internet service,Month-to-month,No,Credit card (automatic),21.95,272.46,No
C01117,Female,0,No,No,17,Yes,No,Fiber optic,Yes,No,Yes,Yes,No,No,One year,Yes,Credit card (automatic),82.06,1452.43,No
C01118,Male,0,Yes,No,72,No,No phone service,No,No internet service,No internet service,No internet service,No internet service,No internet service,No internet service,Month-to-month,No,Electronic check,18.0,1110.73,No
C01119,Female,0,Yes,No,44,Yes,No,DSL,No,Yes,Yes,Yes,No,Yes,Month-to-month,No,Credit card (automatic),64.59,2612.38,No
C01120,Female,0,Yes,No,0,Yes,Yes,DSL,No,Yes,No,Yes,Yes,No,One year,No,Electronic check,72.35, ,No
C01121,Male,0,No,No,5,Yes,Yes,Fiber optic,Yes,No,Yes,No,No,Yes,One year,Yes,Electronic check,93.9,490.75,Yes
C01122,Female,0,Yes,No,5,Yes,No,Fiber optic,Yes,No,No,Yes,No,No,Month-to-month,No,Credit card (automatic),72.46,373.34,Yes
C01123,Male,0,No,Yes,42,No,No phone service,No,No internet service,No internet service,No internet service,No internet service,No internet service,No internet service,Two year,No,Electronic check,18.0,775.93,No
C01124,Male,1,No,No,2,Yes,Yes,DSL,No,No,No,No,No,Yes,Month-to-month,Yes,Mailed check,54.24,113.8,Yes
C01125,Female,0,No,No,40,Yes,No,DSL,Yes,No,Yes,No,No,No,Two year,Yes,Electronic check,60.1,2347.51,No
C01126,Male,0,No,Yes,14,Yes,No,DSL,No,Yes,No,Yes,Yes,No,Two year,Yes,Bank transfer (automatic),64.35,906.74,No
C01127,Female,0,Yes,Yes,62,Yes,Yes,Fiber optic,No,No,No,Yes,Yes,No,Two year,Yes,Electronic check,83.33,4772.8,No
C01128,Female,0,Yes,No,62,No,No phone service,DSL,No,No,No,Yes,No,Yes,One year,Yes,Electronic check,34.15,2173.05,No
C01129,Female,0,Yes,No,58,No,No phone service,DSL,No,Yes,No,No,Yes,No,One year,No,Bank transfer (automatic),36.75,2029.86,No
C01130,Female,0,No,No,14,Yes,No,No,No internet service,No internet service,No internet service,No internet service,No internet service,No internet service,One year,No,Credit card (automatic),19.41,256.36,Yes
C01131,Female,1,Yes,Yes,2,Yes,Yes,Fiber optic,No,No,Yes,Yes,No,No,Month-to-month,Yes,Bank transfer (automatic),83.18,158.2,Yes
C01132,Male,0,No,No,14,Yes,No,No,No internet service,No internet service,No internet service,No internet service,No internet service,No internet service,One year,No,Mailed check,21.85,288.06,Yes
C01133,Female,0,Yes,Yes,1,Yes,No,DSL,Yes,Yes,No,Yes,Yes,No,Month-to-month,Yes,Credit card (automatic),67.32,66.34,Yes
C01134,Female,0,No,No,22,No,No phone service,DSL,No,No,No,Yes,Yes,No,One year,No,Mailed check,40.1,800.65,No
C01135,Male,0,No,Yes,10,Yes,No,Fiber optic,No,Yes,No,Yes,Yes,No,Month-to-month,Yes,Mailed check,81.06,821.21,No
C01136,Male,0,Yes,No,53,Yes,No,DSL,No,Yes,No,Yes,Yes,No,Two year,Yes,Credit card (automatic),62.64,3399.77,No
C01137,Male,0,Yes,Yes,43,Yes,No,No,No internet service,No internet service,No internet service,No internet service,No internet service,No internet service,Two year,Yes,Bank transfer (automatic),21.22,836.45,No
C01138,Male,0,No,No,2,No,No phone service,No,No internet service,No internet service,No internet service,No internet service,No internet service,No internet service,Month-to-month,Yes,Credit card (automatic),18.0,37.48,Yes
C01139,Female,0,Yes,Yes,72,Yes,Yes,Fiber optic,Yes,No,Yes,Yes,No,Yes,Two year,Yes,Credit card (automatic),92.93,6580.02,No
C01140,Male,0,No,No,22,Yes,No,No,No internet service,No internet service,No internet service,No internet service,No internet service,No internet service,Month-to-month,Yes,Bank transfer (automatic),18.0,415.77,No
C01141,Female,0,No,No,7,Yes,No,No,No internet service,No internet service,No internet service,No internet service,No internet service,No internet service,Month-to-month,No,Bank transfer (automatic),20.02,122.09,No
C01142,Female,0,Yes,No,11,Yes,Yes,Fiber optic,No,No,Yes,No,No,No,One year,Yes,Credit card (automatic),76.03,874.87,Yes
C01143,Female,0,Yes,Yes,5,Yes,No,DSL,,Yes,No,Yes,Yes,Yes,Month-to-month,Yes,Credit card (automatic),69.6,344.62,Yes
C01144,Male,0,Yes,No,14,No,No phone service,DSL,No,Yes,Yes,Yes,No,No,Month-to-month,Yes,Mailed check,45.6,557.99,No
C01145,Male,0,Yes,Yes,13,Yes,Yes,DSL,No,Yes,No,No,Yes,No,One year,Yes,Mailed check,68.98,862.69,No
C01146,Female,0,No,No,61,Yes,Yes,No,No internet service,No internet service,No internet service,No internet service,No internet service,No internet service,Month-to-month,No,Bank transfer (automatic),34.31,2179.34,No
C01147,Female,0,No,Yes,49,Yes,No,Fiber optic,No,No,Yes,No,Yes,No,Two year,Yes,Electronic check,73.89,3470.81,No
C01148,Male,0,Yes,No,12,Yes,No,No,No internet service,No internet service,No internet service,No internet service,No internet service,No internet service,One year,No,Credit card (automatic),19.39,225.74,No
C01149,Female,0,No,No,42,Yes,No,Fiber optic,No,No,No,No,No,No,One year,No,Bank transfer (automatic),61.78,2217.17,Yes
C01150,Male,0,Yes,No,7,No,No phone service,No,No internet service,No internet service,No internet service,No internet service,No internet service,No internet service,Month-to-month,Yes,Electronic check,18.0,116.06,No
C01151,Female,0,No,No,10,Yes,Yes,DSL,No,No,Yes,No,No,Yes,Month-to-month,No,Credit card (automatic),67.44,635.85,Yes
C01152,Male,0,No,No,31,Yes,No,Fiber optic,No,No,No,No,No,Yes,One year,Yes,Electronic check,69.27,2091.1,No
C01153,Male,1,Yes,No,9,Yes,No,DSL,No,Yes,No,Yes,Yes,Yes,Month-to-month,Yes,Credit card (automatic),71.36,663.96,Yes
C01154,Female,0,No,No,39,Yes,No,Fiber optic,No,No,Yes,No,No,Yes,Two year,Yes,Electronic check,79.3,3225.99,No
C01155,Male,1,No,No,31,Yes,No,Fiber optic,Yes,No,No,No,Yes,No,Month-to-month,Yes,Credit card (automatic),75.94,2406.53,Yes
C01156,Male,1,Yes,Yes,10,Yes,Yes,DSL,No,No,Yes,No,Yes,Yes,Month-to-month,Yes,Electronic check,65.07,572.06,Yes
C01157,Male,0,Yes,Yes,55,Yes,Yes,Fiber optic,No,Yes,Yes,Yes,No,No,Two year,Yes,Electronic check,89.59,4277.42,No
C01158,Male,0,No,Yes,13,Yes,Yes,DSL,No,No,Yes,Yes,No,Yes,Month-to-month,No,Mailed check,69.13,883.33,No
C01159,Female,0,Yes,No,44,Yes,No,Fiber optic,Yes,No,No,Yes,No,No,Two year,No,Credit card (automatic),76.97,3097.64,No
C01160,Male,0,Yes,Yes,2,Yes,No,Fiber optic,No,Yes,No,Yes,Yes,No,Month-to-month,Yes,Bank transfer (automatic),81.63,165.87,Yes
C01161,Female,0,Yes,No,53,Yes,No,Fiber optic,,Yes,Yes,No,Yes,Yes,One year,No,Electronic check,85.27,4290.18,No
C01162,Female,0,No,Yes,10,Yes,No,Fiber optic,No,No,No,Yes,No,No,Month-to-month,No,Credit card (automatic),77.26,693.64,Yes
C01163,Male,0,Yes,No,64,Yes,Yes,DSL,No,No,No,Yes,Yes,Yes,Two year,Yes,Electronic check,73.92,4530.58,No
C01164,Male,0,Yes,Yes,14,Yes,No,Fiber optic,No,Yes,Yes,No,Yes,Yes,Month-to-month,No,Bank transfer (automatic),88.64,1178.42,Yes
C01165,Female,0,Yes,Yes,0,Yes,No,DSL,No,No,Yes,No,Yes,No,Month-to-month,Yes,Electronic check,61.64, ,Yes
C01166,Female,0,Yes,No,60,Yes,Yes,No,No internet service,No internet service,No internet service,No internet service,No internet service,No internet service,One year,Yes,Credit card (automatic),27.1,1536.24,No
C01167,Female,1,No,No,47,Yes,Yes,Fiber optic,No,No,Yes,No,No,Yes,Two year,Yes,Credit card (automatic),80.12,3639.99,No
C01168,Female,0,Yes,No,70,Yes,No,No,No internet service,No internet service,No internet service,No internet service,No internet service,No internet service,Month-to-month,Yes,Mailed check,18.0,1081.81,No
C01169,Male,0,No,No,11,Yes,Yes,Fiber optic,No,No,Yes,Yes,No,No,Month-to-month,Yes,Mailed check,84.59,926.4,Yes
C01170,Male,1,No,No,44,Yes,No,DSL,No,No,No,No,Yes,Yes,One year,Yes,Credit card (automatic),58.25,2491.49,No
C01171,Female,0,No,No,35,Yes,Yes,Fiber optic,Yes,No,No,No,No,No,One year,Yes,Electronic check,76.31,2420.58,No
C01172,Male,0,Yes,No,14,Yes,Yes,Fiber optic,No,Yes,No,Yes,No,Yes,Month-to-month,No,Bank transfer (automatic),90.11,1320.98,Yes
C01173,Female,0,No,Yes,9,Yes,No,Fiber optic,No,No,No,No,No,Yes,One year,Yes,Credit card (automatic),72.89,641.34,No
C01174,Male,0,Yes,Yes,5,Yes,Yes,Fiber optic,No,Yes,Yes,No,Yes,Yes,Month-to-month,No,Bank transfer (automatic),92.57,427.1,Yes
C01175,Female,1,No,Yes,5,Yes,Yes,Fiber optic,No,No,Yes,No,No,Yes,One year,Yes,Electronic check,81.2,375.5,Yes
C01176,Male,0,Yes,No,11,Yes,Yes,Fiber optic,No,Yes,No,No,Yes,Yes,One year,Yes,Electronic check,98.76,1050.63,No
C01177,Male,0,Yes,Yes,72,Yes,Yes,Fiber optic,No,Yes,No,Yes,No,No,Two year,Yes,Mailed check,86.33,5364.95,No
C01178,Male,0,No,No,3,Yes,Yes,DSL,No,No,No,No,Yes,Yes,Month-to-month,Yes,Credit card (automatic),63.95,200.98,Yes
C01179,Male,0,Yes,No,38,Yes,No,Fiber optic,Yes,Yes,No,No,Yes,No,Two year,Yes,Electronic check,84.52,3063.24,No
C01180,Female,0,Yes,No,0,Yes,Yes,Fiber optic,No,Yes,Yes,No,No,Yes,One year,No,Electronic check,92.86, ,No
C01181,Male,0,No,No,30,Yes,Yes,Fiber optic,No,Yes,No,No,No,Yes,Month-to-month,Yes,Credit card (automatic),86.66,2359.67,Yes
C01182,Male,0,No,No,0,Yes,Yes,DSL,No,No,Yes,No,No,No,One year,Yes,Mailed check,60.47, ,No
C01183,Male,0,No,No,0,Yes,No,No,No internet service,No internet service,No internet service,No internet service,No internet service,No internet service,Month-to-month,No,Bank transfer (automatic),22.41, ,Yes
C01184,Male,0,No,No,25,No,No phone service,No,No internet service,No internet service,No internet service,No internet service,No internet service,No internet service,One year,Yes,Bank transfer (automatic),18.0,468.69,No
C01185,Female,1,No,Yes,5,Yes,No,DSL,Yes,No,No,Yes,No,Yes,Month-to-month,No,Bank transfer (automatic),68.04,311.37,Yes
C01186,Male,0,Yes,Yes,5,No,No phone service,No,No internet service,No internet service,No internet service,No internet service,No internet service,No internet service,Month-to-month,Yes,Electronic check,18.0,89.38,Yes
C01187,Female,0,No,No,24,Yes,Yes,No,No internet service,No internet service,No internet service,No internet service,No internet service,No internet service,Month-to-month,Yes,Bank transfer (automatic),24.27,555.68,No
C01188,Male,0,Yes,Yes,48,Yes,Yes,Fiber optic,No,Yes,No,No,No,Yes,One year,Yes,Credit card (automatic),72.19,3048.36,No
C01189,Female,0,Yes,No,59,Yes,No,No,No internet service,No internet service,No internet service,No internet service,No internet service,No internet service,One year,No,Electronic check,18.0,1006.22,No
C01190,Male,0,Yes,No,7,Yes,Yes,Fiber optic,No,No,No,Yes,Yes,Yes,Month-to-month,No,Mailed check,89.06,539.15,Yes
C01191,Male,1,Yes,Yes,16,Yes,,DSL,No,Yes,No,Yes,Yes,Yes,Month-to-month,Yes,Credit card (automatic),63.06,970.76,No
C01192,Female,0,Yes,Yes,5,Yes,No,DSL,No,No,Yes,No,Yes,No,One year,Yes,Bank transfer (automatic),61.46,304.56,Yes
C01193,Female,1,Yes,Yes,58,No,No phone service,DSL,Yes,No,Yes,Yes,No,Yes,Two year,Yes,Electronic check,46.14,2464.47,No
C01194,Female,1,No,Yes,46,Yes,Yes,Fiber optic,No,Yes,No,No,No,No,Two year,Yes,Electronic check,83.78,3541.61,No
C01195,Male,0,No,No,2,Yes,Yes,DSL,Yes,Yes,No,No,No,No,One year,Yes,Electronic check,58.73,101.41,Yes
C01196,Male,0,No,No,4,Yes,Yes,DSL,No,No,Yes,No,No,No,Month-to-month,No,Bank transfer (automatic),57.15,207.77,Yes
C01197,Female,0,Yes,Yes,7,Yes,Yes,Fiber optic,No,No,Yes,Yes,No,No,One year,Yes,Bank transfer (automatic),86.44,553.99,No
C01198,Male,0,Yes,Yes,5,No,No phone service,DSL,,No,Yes,Yes,No,No,Month-to-month,No,Bank transfer (automatic),39.17,177.16,Yes
C01199,Female,0,No,No,3,Yes,No,DSL,No,No,No,Yes,No,Yes,Month-to-month,Yes,Mailed check,55.94,163.55,No
C01200,Female,0,Yes,No,17,Yes,No,Fiber optic,Yes,Yes,Yes,Yes,Yes,No,Month-to-month,No,Mailed check,104.37,1577.68,No
C01201,Female,1,Yes,No,9,Yes,No,Fiber optic,Yes,No,No,Yes,No,Yes,Month-to-month,Yes,Electronic check,77.59,714.63,No
C01202,Female,0,No,No,69,Yes,Yes,Fiber optic,No,No,No,No,No,No,Month-to-month,No,Credit card (automatic),70.1,4318.86,No
C01203,Female,0,No,No,7,Yes,No,Fiber optic,Yes,No,Yes,Yes,No,No,Month-to-month,No,Electronic check,86.0,570.6,Yes
C01204,Male,0,Yes,Yes,36,Yes,No,Fiber optic,Yes,Yes,Yes,No,Yes,No,Two year,No,Mailed check,88.08,3286.98,No
C01205,Male,0,No,No,34,No,No phone service,DSL,No,Yes,No,No,Yes,No,Month-to-month,Yes,Credit card (automatic),40.8,1406.3,No
C01206,Female,0,No,No,5,No,No phone service,Fiber optic,Yes,Yes,No,No,Yes,No,One year,Yes,Electronic check,61.83,294.66,Yes
C01207,Male,0,No,No,58,Yes,Yes,Fiber optic,No,Yes,No,No,No,No,Two year,Yes,Mailed check,76.86,4230.05,No
C01208,Male,0,Yes,Yes,3,Yes,No,No,No internet service,No internet service,No internet service,No internet service,No internet service,No internet service,One year,Yes,Electronic check,26.27,68.27,Yes
C01209,Male,1,No,No,0,Yes,No,DSL,No,No,No,No,No,No,One year,No,Bank transfer (automatic),36.55, ,Yes
C01210,Female,0,No,No,1,Yes,No,No,No internet service,No internet service,No internet service,No internet service,No internet service,No internet service,Two year,Yes,Bank transfer (automatic),22.21,19.28,No
C01211,Female,1,Yes,No,1,Yes,Yes,DSL,,No,No,No,Yes,No,Month-to-month,Yes,Mailed check,63.6,62.7,Yes
C01212,Female,0,No,No,36,Yes,Yes,Fiber optic,No,No,Yes,No,Yes,No,One year,Yes,Bank transfer (automatic),91.23,3263.41,No
C01213,Male,0,No,No,63,Yes,No,Fiber optic,No,Yes,Yes,Yes,Yes,No,One year,Yes,Credit card (automatic),89.43,5816.07,Yes
C01214,Male,0,Yes,Yes,71,Yes,,Fiber optic,Yes,Yes,Yes,No,No,Yes,One year,No,Bank transfer (automatic),94.71,5814.93,No
C01215,Female,0,Yes,No,72,No,No phone service,No,No internet service,No internet service,No internet service,No internet service,No internet service,No internet service,One year,Yes,Credit card (automatic),18.0,1357.21,No
C01216,Male,1,No,No,46,Yes,No,Fiber optic,No,No,No,No,Yes,Yes,One year,No,Mailed check,77.84,3212.26,No
C01217,Female,0,No,No,18,Yes,Yes,Fiber optic,No,No,No,Yes,Yes,No,Two year,No,Mailed check,92.6,1445.35,No
C01218,Female,0,Yes,Yes,56,Yes,No,No,No internet service,No internet service,No internet service,No internet service,No internet service,No internet service,One year,Yes,Electronic check,22.34,1080.01,No
C01219,Male,0,Yes,Yes,4,No,No phone service,DSL,No,Yes,Yes,No,Yes,Yes,One year,No,Bank transfer (automatic),41.45,148.39,Yes
C01220,Male,0,Yes,Yes,23,Yes,Yes,Fiber optic,No,No,No,No,Yes,Yes,Month-to-month,Yes,Credit card (automatic),82.03,1668.66,Yes
C01221,Male,0,No,No,50,Yes,Yes,Fiber optic,No,No,Yes,Yes,No,No,Two year,No,Mailed check,83.13,3927.66,No
C01222,Female,0,No,Yes,5,Yes,Yes,Fiber optic,Yes,Yes,No,Yes,No,No,Month-to-month,No,Mailed check,91.17,432.92,No
C01223,Female,1,No,Yes,8,No,No phone service,No,No internet service,No internet service,No internet service,No internet service,No internet service,No internet service,Two year,Yes,Electronic check,18.0,127.27,No
C01224,Male,0,No,No,0,Yes,No,Fiber optic,No,No,Yes,Yes,Yes,Yes,Month-to-month,No,Credit card (automatic),88.78, ,Yes
C01225,Female,0,Yes,Yes,61,No,No phone service,DSL,No,No,Yes,Yes,No,Yes,Month-to-month,Yes,Electronic check,42.43,2542.91,No
C01226,Male,0,Yes,Yes,55,Yes,Yes,Fiber optic,No,Yes,Yes,No,No,No,Two year,Yes,Electronic check,85.77,4388.43,No
C01227,Male,0,No,No,72,Yes,No,No,No internet service,No internet service,No internet service,No internet service,No internet service,No internet service,One year,Yes,Mailed check,23.49,1468.14,No
C01228,Female,1,Yes,Yes,4,Yes,No,DSL,No,Yes,No,No,No,No,One year,Yes,Mailed check,59.55,248.2,Yes
C01229,Male,0,No,No,25,Yes,No,DSL,No,No,Yes,Yes,Yes,No,Month-to-month,No,Credit card (automatic),60.6,1503.55,No
C01230,Male,0,No,No,4,No,No phone service,DSL,No,No,Yes,No,Yes,Yes,Month-to-month,Yes,Bank transfer (automatic),43.17,153.37,Yes
C01231,Female,0,No,No,63,Yes,Yes,DSL,No,Yes,Yes,No,No,Yes,One year,Yes,Credit card (automatic),67.71,3752.69,No
C01232,Male,1,Yes,No,15,Yes,No,DSL,No,Yes,Yes,No,No,No,One year,No,Bank transfer (automatic),58.79,766.95,No
C01233,Female,0,Yes,No,3,Yes,Yes,Fiber optic,Yes,No,Yes,No,No,Yes,One year,Yes,Electronic check,95.86,281.44,Yes
C01234,Male,1,Yes,No,19,Yes,No,DSL,No,Yes,No,No,Yes,No,One year,No,Credit card (automatic),55.47,1016.1,No
C01235,Male,0,No,No,9,Yes,Yes,No,No internet service,No internet service,No internet service,No internet service,No internet service,No internet service,Month-to-month,Yes,Bank transfer (automatic),26.52,244.13,Yes
C01236,Male,1,No,No,50,Yes,Yes,DSL,No,Yes,No,No,Yes,No,One year,No,Bank transfer (automatic),67.64,3177.51,No
C01237,Male,0,No,Yes,56,Yes,Yes,Fiber optic,No,Yes,No,Yes,Yes,No,One year,Yes,Bank transfer (automatic),95.76,4984.17,No
C01238,Male,0,No,No,64,Yes,No,DSL,Yes,Yes,No,Yes,Yes,No,One year,Yes,Mailed check,75.14,4330.14,No
C01239,Male,0,Yes,Yes,17,Yes,No,DSL,Yes,No,Yes,Yes,No,Yes,Month-to-month,No,Bank transfer (automatic),64.58,1040.54,No
C01240,Female,0,No,No,4,Yes,No,DSL,No,No,No,No,Yes,Yes,Month-to-month,No,Electronic check,57.6,228.04,Yes
C01241,Male,1,No,No,16,No,No phone service,Fiber optic,No,No,No,Yes,Yes,No,One year,Yes,Electronic check,55.78,873.48,No
C01242,Male,1,Yes,Yes,52,Yes,No,Fiber optic,Yes,Yes,No,No,Yes,Yes,Two year,Yes,Electronic check,90.58,4598.77,No
C01243,Male,0,No,No,4,Yes,,Fiber optic,No,Yes,Yes,No,No,Yes,Month-to-month,Yes,Credit card (automatic),82.14,314.72,Yes
C01244,Male,1,No,No,58,Yes,No,Fiber optic,Yes,No,No,No,Yes,No,Two year,No,Electronic check,80.66,4227.42,No
C01245,Male,0,No,No,2,Yes,No,Fiber optic,Yes,No,Yes,No,Yes,No,One year,Yes,Credit card (automatic),83.1,155.17,Yes
C01246,Female,0,No,Yes,15,No,No phone service,No,No internet service,No internet service,No internet service,No internet service,No internet service,No internet service,One year,Yes,Credit card (automatic),18.0,279.08,No
C01247,Male,0,Yes,Yes,66,Yes,No,DSL,No,No,No,No,No,No,Two year,Yes,Credit card (automatic),45.47,2935.77,No
C01248,Female,0,No,No,54,Yes,No,DSL,No,No,No,No,No,Yes,Two year,Yes,Electronic check,47.95,2536.75,No
C01249,Female,0,Yes,No,5,Yes,Yes,Fiber optic,Yes,Yes,No,No,No,No,Two year,No,Bank transfer (automatic),88.2,416.3,No
C01250,Male,0,No,No,1,Yes,No,No,No internet service,No internet service,No internet service,No internet service,No internet service,No internet service,Month-to-month,Yes,Electronic check,21.05,20.78,Yes
C01251,Male,0,Yes,No,72,Yes,Yes,No,No internet service,No internet service,No internet service,No internet service,No internet service,No internet service,One year,Yes,Electronic check,22.24,1506.95,No
C01252,Male,0,No,No,35,Yes,Yes,Fiber optic,Yes,No,Yes,Yes,Yes,No,Two year,No,Credit card (automatic),97.59,3435.83,No
C01253,Female,0,Yes,No,24,Yes,,DSL,Yes,No,No,No,Yes,Yes,Two year,No,Electronic check,59.96,1249.61,No
C01254,Male,0,Yes,No,25,Yes,No,Fiber optic,No,Yes,Yes,Yes,Yes,No,Month-to-month,Yes,Bank transfer (automatic),87.86,2271.66,Yes
C01255,Female,0,Yes,No,17,No,No phone service,DSL,No,No,Yes,No,No,Yes,Two year,Yes,Mailed check,34.93,574.34,No
C01256,Female,0,No,No,15,Yes,No,DSL,No,Yes,Yes,Yes,Yes,Yes,One year,Yes,Mailed check,74.63,960.19,No
C01257,Female,0,Yes,Yes,21,Yes,No,DSL,No,Yes,Yes,Yes,Yes,Yes,Month-to-month,Yes,Credit card (automatic),72.49,1307.57,Yes
C01258,Female,0,Yes,Yes,4,Yes,Yes,No,No internet service,No internet service,No internet service,No internet service,No internet service,No internet service,One year,No,Credit card (automatic),30.77,121.87,No
C01259,Female,0,Yes,Yes,14,Yes,Yes,Fiber optic,Yes,No,Yes,Yes,Yes,Yes,One year,Yes,Credit card (automatic),105.76,1292.6,No
C01260,Male,0,Yes,No,62,No,No phone service,DSL,No,No,No,No,No,Yes,Two year,No,Credit card (automatic),31.39,1783.62,No
C01261,Male,0,No,No,5,Yes,No,DSL,Yes,Yes,No,Yes,No,Yes,One year,Yes,Mailed check,69.7,299.33,No
C01262,Male,0,Yes,No,22,Yes,Yes,No,No internet service,No internet service,No internet service,No internet service,No internet service,No internet service,Month-to-month,Yes,Mailed check,32.56,711.61,No
C01263,Female,1,Yes,No,68,Yes,Yes,Fiber optic,No,No,No,No,Yes,Yes,Two year,No,Credit card (automatic),79.96,5466.05,No
C01264,Female,0,Yes,No,16,Yes,No,DSL,No,No,Yes,No,Yes,No,Month-to-month,Yes,Mailed check,65.39,910.66,No
C01265,Female,1,Yes,No,72,Yes,No,No,No internet service,No internet service,No internet service,No internet service,No internet service,No internet service,Two year,No,Credit card (automatic),25.08,1728.39,No
C01266,Male,1,Yes,No,0,Yes,Yes,Fiber optic,No,No,Yes,No,No,No,One year,Yes,Electronic check,73.91, ,Yes
C01267,Female,0,Yes,Yes,51,Yes,No,Fiber optic,No,Yes,No,No,No,Yes,Two year,Yes,Mailed check,76.25,3871.02,No
C01268,Male,0,Yes,No,3,Yes,Yes,Fiber optic,,No,No,No,Yes,Yes,One year,No,Electronic check,95.66,263.29,No
C01269,Male,0,Yes,Yes,4,Yes,No,Fiber optic,No,No,No,No,Yes,Yes,Month-to-month,Yes,Credit card (automatic),84.55,347.11,No
C01270,Female,0,Yes,Yes,2,Yes,Yes,DSL,No,Yes,No,No,Yes,No,Month-to-month,No,Mailed check,63.46,125.34,Yes
C01271,Male,0,No,No,3,Yes,No,DSL,No,Yes,Yes,Yes,No,No,Month-to-month,No,Credit card (automatic),68.11,195.66,Yes
C01272,Male,1,Yes,Yes,12,Yes,Yes,Fiber optic,No,Yes,Yes,Yes,Yes,Yes,One year,Yes,Mailed check,106.11,1165.33,No
C01273,Female,0,No,No,72,Yes,No,Fiber optic,Yes,No,No,Yes,No,Yes,One year,Yes,Bank transfer (automatic),86.96,6428.44,No
C01274,Male,0,No,No,61,Yes,No,No,No internet service,No internet service,No internet service,No internet service,No internet service,No internet service,One year,No,Electronic check,20.99,1173.82,No
C01275,Male,0,No,No,8,Yes,Yes,No,No internet service,No internet service,No internet service,No internet service,No internet service,No internet service,Month-to-month,No,Electronic check,22.12,171.08,No
C01276,Male,0,Yes,Yes,18,Yes,No,Fiber optic,Yes,No,No,Yes,Yes,Yes,Two year,No,Credit card (automatic),83.13,1480.79,Yes
C01277,Male,0,No,No,8,Yes,No,Fiber optic,Yes,No,Yes,No,No,No,Month-to-month,Yes,Electronic check,82.98,622.3,Yes
C01278,Female,1,No,Yes,24,No,No phone service,Fiber optic,,No,Yes,No,Yes,No,Two year,No,Electronic check,54.2,1294.84,No
C01279,Female,0,No,No,43,Yes,No,DSL,No,No,Yes,No,No,No,One year,Yes,Electronic check,51.49,1942.22,No
C01280,Male,0,No,No,25,No,No phone service,Fiber optic,Yes,Yes,Yes,No,No,Yes,Two year,No,Bank transfer (automatic),69.76,1828.69,No
C01281,Male,0,Yes,No,6,Yes,No,Fiber optic,Yes,Yes,Yes,No,No,No,One year,Yes,Mailed check,79.94,448.05,No
C01282,Male,0,No,No,14,Yes,No,Fiber optic,Yes,No,No,No,No,Yes,Month-to-month,Yes,Credit card (automatic),76.74,1059.77,Yes
C01283,Female,0,No,No,55,Yes,Yes,No,No internet service,No internet service,No internet service,No internet service,No internet service,No internet service,One year,Yes,Mailed check,26.42,1438.48,No
C01284,Female,0,Yes,Yes,0,Yes,Yes,DSL,No,No,No,Yes,Yes,No,Two year,No,Credit card (automatic),65.66, ,No
C01285,Female,0,Yes,Yes,2,Yes,No,Fiber optic,No,Yes,Yes,No,Yes,Yes,Two year,No,Electronic check,91.96,168.0,Yes
C01286,Male,0,No,No,13,Yes,No,No,No internet service,No internet service,No internet service,No internet service,No internet service,No internet service,Month-to-month,No,Mailed check,18.0,209.92,No
C01287,Male,1,Yes,Yes,18,Yes,Yes,Fiber optic,Yes,Yes,No,No,No,Yes,Two year,Yes,Mailed check,91.69,1526.82,No
C01288,Male,0,No,Yes,60,Yes,Yes,DSL,No,No,No,Yes,Yes,No,Two year,Yes,Bank transfer (automatic),60.27,3214.39,No
C01289,Female,0,Yes,No,12,Yes,No,Fiber optic,No,Yes,No,Yes,Yes,No,Month-to-month,Yes,Bank transfer (automatic),85.67,910.94,Yes
C01290,Male,0,No,Yes,28,No,No phone service,No,No internet service,No internet service,No internet service,No internet service,No internet service,No internet service,One year,No,Mailed check,18.0,507.34,No
C01291,Female,1,Yes,No,2,No,No phone service,DSL,No,No,Yes,Yes,Yes,No,One year,No,Bank transfer (automatic),39.58,80.83,Yes
C01292,Female,0,No,No,58,Yes,No,Fiber optic,No,No,No,No,No,No,Month-to-month,Yes,Mailed check,63.35,3381.43,No
C01293,Male,0,Yes,Yes,1,Yes,Yes,Fiber optic,No,Yes,No,No,No,No,One year,No,Bank transfer (automatic),77.8,72.4,Yes
C01294,Male,0,No,No,0,Yes,No,DSL,Yes,Yes,Yes,No,No,Yes,Month-to-month,Yes,Credit card (automatic),70.82, ,Yes
C01295,Male,0,Yes,No,6,Yes,,Fiber optic,Yes,No,No,Yes,Yes,Yes,Month-to-month,No,Electronic check,84.86,484.16,Yes
C01296,Male,0,Yes,No,14,Yes,No,Fiber optic,Yes,Yes,No,Yes,Yes,No,Month-to-month,No,Bank transfer (automatic),86.23,1174.7,No
C01297,Male,0,Yes,No,18,Yes,No,Fiber optic,No,Yes,Yes,Yes,No,Yes,One year,Yes,Credit card (automatic),87.1,1485.94,No
C01298,Female,0,Yes,Yes,72,Yes,No,Fiber optic,No,Yes,No,No,No,No,One year,Yes,Bank transfer (automatic),66.98,4420.26,No
C01299,Male,0,No,No,70,Yes,Yes,DSL,Yes,Yes,Yes,No,Yes,No,One year,Yes,Electronic check,78.25,5276.1,No
C01300,Male,0,Yes,No,7,Yes,Yes,DSL,No,Yes,No,Yes,Yes,Yes,Month-to-month,No,Mailed check,85.41,554.81,Yes
C01301,Female,0,Yes,Yes,19,Yes,Yes,Fiber optic,No,Yes,Yes,No,Yes,Yes,Month-to-month,Yes,Electronic check,93.89,1809.04,Yes
C01302,Female,0,No,Yes,0,Yes,No,DSL,No,No,No,No,No,No,One year,Yes,Credit card (automatic),43.65, ,Yes
C01303,Male,0,Yes,No,43,Yes,No,Fiber optic,No,No,No,No,No,No,One year,Yes,Mailed check,65.98,2705.67,No
C01304,Female,0,Yes,No,17,Yes,No,Fiber optic,No,No,Yes,No,Yes,Yes,Month-to-month,No,Electronic check,83.55,1435.6,Yes
C01305,Female,0,No,No,54,Yes,Yes,DSL,Yes,No,No,No,No,Yes,Month-to-month,Yes,Mailed check,65.49,3045.05,No
C01306,Female,0,Yes,Yes,38,Yes,No,No,No internet service,No internet service,No internet service,No internet service,No internet service,No internet service,Two year,Yes,Bank transfer (automatic),18.0,706.74,No
C01307,Female,0,No,No,6,No,No phone service,Fiber optic,Yes,No,No,Yes,Yes,Yes,Month-to-month,Yes,Mailed check,64.97,350.6,Yes
C01308,Male,0,No,No,69,No,No phone service,No,No internet service,No internet service,No internet service,No internet service,No internet service,No internet service,Two year,Yes,Electronic check,18.0,1297.63,No
C01309,Female,1,Yes,No,5,Yes,Yes,DSL,No,Yes,No,Yes,No,Yes,Month-to-month,Yes,Mailed check,79.89,344.08,Yes
C01310,Male,1,No,No,33,Yes,No,No,No internet service,No internet service,No internet service,No internet service,No internet service,No internet service,Month-to-month,Yes,Electronic check,19.32,598.05,No
C01311,Female,0,No,No,8,Yes,Yes,Fiber optic,No,No,Yes,Yes,Yes,Yes,Month-to-month,Yes,Credit card (automatic),98.37,752.85,No
C01312,Female,0,Yes,No,0,No,No phone service,No,No internet service,No internet service,No internet service,No internet service,No internet service,No internet service,Month-to-month,No,Bank transfer (automatic),18.0, ,Yes
C01313,Male,0,No,No,53,Yes,Yes,Fiber optic,Yes,No,No,No,Yes,No,Two year,No,Electronic check,83.95,4529.74,No
C01314,Male,0,Yes,No,9,Yes,Yes,No,No internet service,No internet service,No internet service,No internet service,No internet service,No internet service,Month-to-month,Yes,Bank transfer (automatic),29.86,235.7,Yes
C01315,Female,0,No,No,14,Yes,No,Fiber optic,No,Yes,Yes,Yes,No,No,One year,Yes,Mailed check,83.86,1037.19,Yes
C01316,Female,1,No,No,1,Yes,Yes,Fiber optic,No,Yes,No,No,Yes,No,Two year,Yes,Electronic check,85.3,73.72,Yes
C01317,Male,1,Yes,No,12,Yes,No,DSL,Yes,Yes,Yes,No,Yes,No,Month-to-month,Yes,Electronic check,72.44,774.65,Yes
C01318,Female,0,Yes,Yes,13,Yes,Yes,Fiber optic,No,No,No,No,No,Yes,Month-to-month,Yes,Electronic check,77.4,984.44,Yes
C01319,Female,0,Yes,No,0,Yes,No,Fiber optic,Yes,No,Yes,No,No,No,One year,No,Mailed check,75.92, ,No
C01320,Male,0,No,No,72,Yes,Yes,No,No internet service,No internet service,No internet service,No internet service,No internet service,No internet service,Two year,No,Credit card (automatic),25.57,1621.38,No
C01321,Male,0,No,No,43,Yes,No,Fiber optic,No,No,No,No,Yes,Yes,One year,Yes,Mailed check,80.48,2978.54,No
C01322,Male,0,Yes,No,6,Yes,No,Fiber optic,No,No,Yes,No,Yes,Yes,Month-to-month,Yes,Bank transfer (automatic),82.32,447.8,Yes
C01323,Female,1,Yes,Yes,4,Yes,No,No,No internet service,No internet service,No internet service,No internet service,No internet service,No internet service,Month-to-month,Yes,Electronic check,18.22,66.51,Yes
C01324,Male,1,No,No,72,Yes,No,No,No internet service,No internet service,No internet service,No internet service,No internet service,No internet service,One year,No,Mailed check,18.0,1320.53,No
C01325,Female,0,Yes,No,72,Yes,No,No,No internet service,No internet service,No internet service,No internet service,No internet service,No internet service,Two year,No,Bank transfer (automatic),19.31,1212.66,No
C01326,Male,0,Yes,No,5,Yes,No,DSL,No,No,No,No,No,Yes,Month-to-month,No,Credit card (automatic),50.75,257.27,No
C01327,Female,0,Yes,No,14,Yes,No,No,No internet service,No internet service,No internet service,No internet service,No internet service,No internet service,Two year,Yes,Mailed check,19.76,258.31,No
C01328,Male,0,No,No,0,Yes,No,Fiber optic,No,Yes,Yes,No,Yes,Yes,Month-to-month,No,Electronic check,86.7, ,Yes
C01329,Male,0,Yes,No,4,Yes,No,No,No internet service,No internet service,No internet service,No internet service,No internet service,No internet service,Month-to-month,Yes,Mailed check,20.6,79.09,Yes
C01330,Female,0,No,No,29,Yes,No,Fiber optic,No,No,No,No,Yes,No,One year,No,Electronic check,71.59,2137.16,No
C01331,Male,0,No,No,14,Yes,No,Fiber optic,Yes,No,Yes,No,No,No,Month-to-month,Yes,Mailed check,81.31,1176.76,Yes
C01332,Female,0,Yes,No,12,Yes,Yes,DSL,No,No,No,No,Yes,No,One year,Yes,Electronic check,56.51,695.73,No
C01333,Female,0,No,No,72,Yes,No,DSL,No,Yes,No,Yes,Yes,Yes,Month-to-month,Yes,Mailed check,76.17,5446.85,No
C01334,Female,0,Yes,No,1,Yes,,Fiber optic,No,No,No,Yes,Yes,Yes,Month-to-month,Yes,Mailed check,93.42,90.08,Yes
C01335,Female,0,Yes,Yes,50,Yes,No,DSL,No,Yes,No,No,Yes,No,Two year,Yes,Credit card (automatic),54.62,2715.42,No
C01336,Male,0,No,No,46,No,No phone service,Fiber optic,No,Yes,No,No,Yes,No,Two year,No,Bank transfer (automatic),57.08,2298.7,No
C01337,Female,0,Yes,Yes,2,Yes,Yes,DSL,No,Yes,No,No,Yes,No,One year,No,Electronic check,69.81,120.82,No
C01338,Female,0,No,No,4,Yes,Yes,DSL,No,No,No,No,Yes,No,Month-to-month,Yes,Credit card (automatic),60.52,225.54,Yes
C01339,Male,0,No,No,63,Yes,No,DSL,No,Yes,Yes,No,Yes,Yes,Two year,Yes,Credit card (automatic),67.16,3893.25,No
C01340,Male,0,Yes,Yes,0,No,No phone service,DSL,Yes,No,Yes,No,No,Yes,Month-to-month,Yes,Bank transfer (automatic),42.14, ,Yes
C01341,Female,0,No,No,10,Yes,No,DSL,No,No,Yes,No,No,No,Month-to-month,Yes,Electronic check,46.54,456.63,Yes
C01342,Male,0,No,Yes,6,Yes,Yes,Fiber optic,Yes,Yes,No,No,Yes,Yes,Month-to-month,Yes,Bank transfer (automatic),93.87,481.7,Yes
C01343,Female,0,Yes,No,43,Yes,No,Fiber optic,No,No,Yes,No,No,Yes,Month-to-month,No,Mailed check,75.53,3278.85,No
C01344,Female,0,Yes,Yes,0,Yes,Yes,DSL,Yes,No,No,No,Yes,Yes,One year,Yes,Electronic check,71.99, ,Yes
C01345,Female,0,No,No,2,No,No phone service,DSL,No,No,Yes,No,Yes,No,Two year,Yes,Bank transfer (automatic),29.24,56.1,No
C01346,Male,0,Yes,No,57,Yes,Yes,No,No internet service,No internet service,No internet service,No internet service,No internet service,No internet service,One year,No,Credit card (automatic),30.79,1785.19,No
C01347,Male,0,Yes,No,3,Yes,Yes,DSL,Yes,No,No,No,No,Yes,Month-to-month,Yes,Electronic check,66.99,208.99,Yes
C01348,Male,0,Yes,No,13,Yes,Yes,Fiber optic,No,No,Yes,Yes,Yes,No,Month-to-month,Yes,Mailed check,96.02,1225.98,Yes
C01349,Male,0,Yes,No,15,Yes,Yes,Fiber optic,Yes,No,No,Yes,Yes,No,Month-to-month,No,Bank transfer (automatic),91.22,1242.66,No
C01350,Female,1,Yes,Yes,62,Yes,No,DSL,No,Yes,No,No,No,No,Two year,Yes,Credit card (automatic),53.68,3298.39,No
C01351,Female,1,No,No,13,Yes,No,No,No internet service,No internet service,No internet service,No internet service,No internet service,No internet service,Month-to-month,Yes,Electronic check,19.97,263.15,Yes
C01352,Male,0,No,No,29,Yes,Yes,Fiber optic,,Yes,No,No,Yes,Yes,Two year,Yes,Bank transfer (automatic),91.43,2417.81,No
C01353,Male,0,No,No,10,Yes,No,No,No internet service,No internet service,No internet service,No internet service,No internet service,No internet service,Month-to-month,Yes,Bank transfer (automatic),20.58,175.72,Yes
C01354,Female,0,Yes,No,54,Yes,No,DSL,No,Yes,Yes,No,Yes,Yes,Two year,No,Bank transfer (automatic),71.17,3615.2,No
C01355,Male,0,Yes,Yes,51,Yes,No,Fiber optic,Yes,No,Yes,No,No,No,Two year,Yes,Mailed check,78.08,3674.7,No
C01356,Female,0,Yes,No,0,Yes,No,Fiber optic,No,Yes,No,Yes,Yes,No,Month-to-month,Yes,Mailed check,82.76, ,Yes
C01357,Male,0,Yes,Yes,67,Yes,No,DSL,Yes,No,No,Yes,No,Yes,Two year,Yes,Mailed check,60.2,3896.45,No
C01358,Female,1,No,No,1,Yes,No,No,No internet service,No internet service,No internet service,No internet service,No internet service,No internet service,One year,No,Credit card (automatic),20.95,18.44,No
C01359,Male,0,Yes,No,18,Yes,No,No,No internet service,No internet service,No internet service,No internet service,No internet service,No internet service,Month-to-month,No,Credit card (automatic),22.75,364.7,Yes
C01360,Female,0,No,No,0,Yes,Yes,Fiber optic,Yes,No,No,No,No,Yes,Month-to-month,No,Bank transfer (automatic),82.11, ,Yes
C01361,Male,1,No,No,0,Yes,Yes,No,No internet service,No internet service,No internet service,No internet service,No internet service,No internet service,Month-to-month,Yes,Mailed check,29.97, ,Yes
C01362,Female,0,No,No,58,Yes,No,DSL,Yes,Yes,No,No,No,No,Two year,Yes,Electronic check,59.21,3339.15,No
C01363,Male,0,No,No,17,Yes,Yes,Fiber optic,No,Yes,Yes,No,Yes,No,Two year,No,Electronic check,90.62,1431.58,No
C01364,Male,0,No,No,6,Yes,Yes,DSL,Yes,Yes,Yes,No,No,No,Month-to-month,No,Mailed check,80.7,478.51,Yes
C01365,Female,1,No,No,54,Yes,No,No,No internet service,No internet service,No internet service,No internet service,No internet service,No internet service,Two year,Yes,Mailed check,18.0,1008.57,No
C01366,Male,0,No,No,10,Yes,No,Fiber optic,No,Yes,No,Yes,Yes,Yes,One year,No,Electronic check,92.28,917.27,Yes
C01367,Male,0,No,Yes,7,Yes,Yes,No,No internet service,No internet service,No internet service,No internet service,No internet service,No internet service,One year,Yes,Electronic check,25.1,179.89,No
C01368,Male,0,Yes,No,30,Yes,No,DSL,Yes,No,No,No,No,No,Month-to-month,No,Mailed check,50.94,1592.27,No
C01369,Male,0,Yes,No,1,Yes,Yes,DSL,No,Yes,No,No,Yes,No,Two year,Yes,Bank transfer (automatic),60.83,60.28,No
C01370,Male,0,No,Yes,41,Yes,No,Fiber optic,No,No,No,No,Yes,No,Two year,Yes,Electronic check,70.5,2913.44,No
C01371,Female,0,Yes,Yes,47,Yes,Yes,Fiber optic,Yes,Yes,Yes,Yes,No,Yes,Two year,No,Credit card (automatic),104.8,4305.91,No
C01372,Male,0,No,No,42,Yes,No,DSL,No,No,No,No,Yes,No,Month-to-month,Yes,Bank transfer (automatic),49.84,2138.08,No
C01373,Female,0,Yes,Yes,7,Yes,No,Fiber optic,No,Yes,Yes,Yes,No,Yes,Month-to-month,Yes,Mailed check,88.25,573.54,No
C01374,Female,0,No,No,7,Yes,Yes,DSL,Yes,No,No,No,No,No,Month-to-month,No,Bank transfer (automatic),61.42,409.34,Yes
C01375,Male,0,Yes,No,3,Yes,No,Fiber optic,No,Yes,Yes,Yes,No,No,One year,No,Electronic check,77.95,213.68,Yes
C01376,Female,0,No,No,2,Yes,No,No,No internet service,No internet service,No internet service,No internet service,No internet service,No internet service,One year,Yes,Bank transfer (automatic),23.94,42.55,No
C01377,Female,0,Yes,No,5,Yes,No,Fiber optic,Yes,Yes,No,Yes,No,Yes,One year,Yes,Bank transfer (automatic),86.61,446.39,No
C01378,Female,0,Yes,Yes,41,Yes,Yes,Fiber optic,No,Yes,No,No,No,No,One year,Yes,Credit card (automatic),80.36,3437.26,No
C01379,Male,0,No,No,1,Yes,No,DSL,No,No,Yes,No,Yes,Yes,One year,Yes,Mailed check,63.55,62.55,Yes
C01380,Male,0,Yes,Yes,46,Yes,No,DSL,No,No,Yes,No,Yes,No,Two year,Yes,Bank transfer (automatic),51.7,2070.08,No
C01381,Male,0,Yes,Yes,15,Yes,No,DSL,No,Yes,Yes,No,No,No,Month-to-month,Yes,Bank transfer (automatic),53.77,750.96,No
C01382,Female,0,No,No,66,Yes,No,No,No internet service,No internet service,No internet service,No internet service,No internet service,No internet service,One year,No,Electronic check,25.34,1509.56,No
C01383,Female,0,No,No,6,Yes,Yes,DSL,No,Yes,No,No,No,No,One year,No,Credit card (automatic),58.34,356.58,No
C01384,Female,0,Yes,No,10,Yes,No,No,No internet service,No internet service,No internet service,No internet service,No internet service,No internet service,Month-to-month,No,Bank transfer (automatic),24.16,233.07,No
C01385,Male,0,No,Yes,72,Yes,No,Fiber optic,No,No,Yes,Yes,No,No,One year,No,Mailed check,81.04,5249.35,No
C01386,Female,1,Yes,No,51,Yes,Yes,No,No internet service,No internet service,No internet service,No internet service,No internet service,No internet service,Two year,No,Electronic check,28.31,1403.97,No
C01387,Male,0,Yes,No,23,Yes,No,DSL,Yes,No,Yes,No,No,Yes,Month-to-month,Yes,Mailed check,62.17,1402.8,Yes
C01388,Female,0,No,Yes,67,Yes,Yes,No,No internet service,No internet service,No internet service,No internet service,No internet service,No internet service,Two year,Yes,Bank transfer (automatic),30.73,2001.87,No
C01389,Male,0,Yes,No,4,Yes,No,No,No internet service,No internet service,No internet service,No internet service,No internet service,No internet service,One year,Yes,Electronic check,24.08,93.38,No
C01390,Female,0,Yes,Yes,19,Yes,No,Fiber optic,No,No,No,No,No,Yes,Month-to-month,Yes,Bank transfer (automatic),72.86,1235.31,Yes
C01391,Female,0,Yes,No,11,Yes,No,No,No internet service,No internet service,No internet service,No internet service,No internet service,No internet service,Month-to-month,No,Electronic check,20.9,202.49,Yes
C01392,Male,0,No,No,2,Yes,No,DSL,No,No,Yes,No,No,Yes,Month-to-month,No,Electronic check,55.82,101.92,Yes
C01393,Male,0,No,No,19,Yes,No,DSL,No,Yes,Yes,Yes,No,Yes,One year,Yes,Credit card (automatic),67.5,1100.83,No
C01394,Female,0,Yes,No,3,Yes,Yes,No,No internet service,No internet service,No internet service,No internet service,No internet service,No internet service,Month-to-month,Yes,Electronic check,24.8,65.96,Yes
C01395,Male,0,No,No,72,Yes,No,DSL,Yes,No,No,No,No,Yes,One year,Yes,Bank transfer (automatic),55.72,4185.93,No
C01396,Female,0,No,No,4,Yes,Yes,DSL,No,Yes,No,No,Yes,No,Month-to-month,Yes,Bank transfer (automatic),63.48,217.88,Yes
C01397,Female,0,Yes,No,15,Yes,No,Fiber optic,No,Yes,Yes,No,No,Yes,Two year,Yes,Credit card (automatic),84.11,1238.17,No
C01398,Female,1,No,No,47,No,No phone service,No,No internet service,No internet service,No internet service,No internet service,No internet service,No internet service,Two year,Yes,Mailed check,18.0,788.42,No
C01399,Male,0,Yes,Yes,0,Yes,No,No,,No internet service,No internet service,No internet service,No internet service,No internet service,Month-to-month,Yes,Electronic check,19.46, ,Yes
C01400,Male,0,Yes,Yes,42,No,No phone service,DSL,No,No,Yes,No,Yes,No,One year,Yes,Electronic check,38.28,1559.97,No
C01401,Male,0,Yes,No,13,Yes,No,Fiber optic,Yes,No,No,Yes,No,No,Month-to-month,No,Credit card (automatic),77.35,946.76,No
C01402,Female,0,Yes,No,0,Yes,No,Fiber optic,No,No,Yes,Yes,No,No,Month-to-month,Yes,Credit card (automatic),81.11, ,No
C01403,Male,0,No,No,43,Yes,No,No,No internet service,No internet service,No internet service,No internet service,No internet service,No internet service,Month-to-month,Yes,Mailed check,23.18,949.94,No
C01404,Male,1,No,No,5,Yes,Yes,DSL,Yes,Yes,No,No,No,Yes,One year,Yes,Electronic check,70.08,308.4,Yes
C01405,Male,0,No,No,3,Yes,No,DSL,No,Yes,No,No,No,No,One year,Yes,Electronic check,57.02,170.98,Yes
C01406,Female,0,Yes,No,4,Yes,No,Fiber optic,No,No,No,No,No,No,Month-to-month,Yes,Credit card (automatic),64.77,271.43,Yes
C01407,Male,0,Yes,No,50,Yes,No,DSL,Yes,No,No,No,No,No,Two year,No,Mailed check,52.54,2664.61,No
C01408,Female,1,Yes,Yes,39,Yes,No,Fiber optic,Yes,Yes,Yes,No,No,No,Two year,Yes,Bank transfer (automatic),83.96,2937.9,No
C01409,Female,0,Yes,No,23,Yes,No,Fiber optic,No,No,No,No,No,No,One year,Yes,Bank transfer (automatic),63.15,1315.95,No
C01410,Female,0,No,No,21,Yes,Yes,Fiber optic,Yes,No,No,No,No,Yes,Two year,Yes,Mailed check,76.96,1385.67,No
C01411,Female,0,No,No,1,No,No phone service,Fiber optic,Yes,No,Yes,Yes,Yes,No,Month-to-month,Yes,Electronic check,66.7,62.65,Yes
C01412,Female,0,No,No,6,Yes,No,No,No internet service,No internet service,No internet service,No internet service,No internet service,No internet service,Month-to-month,No,Bank transfer (automatic),18.95,104.95,No
C01413,Female,0,No,No,26,Yes,Yes,Fiber optic,Yes,Yes,No,No,Yes,Yes,Month-to-month,Yes,Mailed check,93.45,2444.53,Yes
C01414,Male,0,Yes,Yes,16,No,No phone service,No,No internet service,No internet service,No internet service,No internet service,No internet service,No internet service,Two year,Yes,Electronic check,18.0,247.54,No
C01415,Female,0,Yes,No,1,Yes,No,Fiber optic,No,Yes,No,No,Yes,Yes,Month-to-month,Yes,Mailed check,79.29,71.7,Yes
C01416,Female,1,No,No,9,Yes,Yes,Fiber optic,Yes,Yes,Yes,No,Yes,No,Month-to-month,No,Credit card (automatic),95.29,748.71,Yes
C01417,Female,1,No,No,72,Yes,No,Fiber optic,No,No,No,Yes,Yes,Yes,Month-to-month,Yes,Mailed check,83.83,5581.33,Yes
C01418,Female,0,Yes,Yes,1,Yes,Yes,Fiber optic,No,No,Yes,No,No,Yes,Month-to-month,Yes,Credit card (automatic),89.09,82.7,Yes
C01419,Female,0,Yes,Yes,11,No,No phone service,DSL,Yes,No,Yes,No,No,Yes,Month-to-month,No,Mailed check,40.65,416.68,No
C01420,Female,0,No,No,64,Yes,Yes,Fiber optic,No,No,Yes,Yes,No,Yes,Two year,No,Electronic check,89.12,5865.89,No
C01421,Male,1,Yes,Yes,53,Yes,No,No,No internet service,No internet service,No internet service,No internet service,No internet service,No internet service,One year,No,Mailed check,18.0,903.39,No
C01422,Male,0,No,No,22,Yes,Yes,Fiber optic,Yes,No,Yes,Yes,Yes,No,Month-to-month,Yes,Electronic check,103.92,2229.69,No
C01423,Male,1,Yes,No,14,Yes,Yes,Fiber optic,No,No,No,No,Yes,No,Month-to-month,Yes,Electronic check,75.83,947.77,Yes
C01424,Male,0,Yes,No,0,Yes,Yes,Fiber optic,No,No,Yes,Yes,No,Yes,Month-to-month,Yes,Electronic check,89.92, ,Yes
C01425,Male,0,Yes,No,2,Yes,No,Fiber optic,No,No,Yes,No,Yes,No,Month-to-month,Yes,Electronic check,72.62,146.47,Yes
C01426,Male,0,No,No,0,Yes,Yes,Fiber optic,No,No,Yes,No,No,Yes,Month-to-month,Yes,Electronic check,84.17, ,Yes
C01427,Male,0,No,No,1,Yes,Yes,DSL,Yes,No,No,No,Yes,Yes,Month-to-month,No,Credit card (automatic),72.59,75.09,Yes
C01428,Female,1,Yes,No,8,Yes,,DSL,No,No,Yes,No,No,Yes,Two year,Yes,Mailed check,59.58,496.71,No
C01429,Male,0,No,No,10,Yes,No,No,No internet service,No internet service,No internet service,No internet service,No internet service,No internet service,Month-to-month,No,Credit card (automatic),18.0,154.2,No
C01430,Female,0,No,No,12,Yes,No,DSL,No,No,No,Yes,No,Yes,Month-to-month,Yes,Electronic check,54.08,583.66,Yes
C01431,Female,0,No,No,46,Yes,No,Fiber optic,,No,No,No,Yes,Yes,Two year,Yes,Electronic check,77.02,3020.8,No
C01432,Male,1,No,No,65,Yes,No,Fiber optic,No,Yes,Yes,No,Yes,Yes,Month-to-month,Yes,Electronic check,89.64,5427.1,No
C01433,Male,0,No,No,46,Yes,No,DSL,No,Yes,No,No,Yes,No,Two year,Yes,Electronic check,58.04,2695.98,No
C01434,Male,0,Yes,Yes,37,Yes,No,DSL,No,No,No,Yes,Yes,Yes,One year,No,Electronic check,62.4,2061.27,Yes
C01435,Female,0,Yes,Yes,6,Yes,No,No,No internet service,No internet service,No internet service,No internet service,No internet service,No internet service,Month-to-month,No,Electronic check,18.0,101.07,No
C01436,Male,0,Yes,Yes,46,Yes,Yes,Fiber optic,Yes,Yes,No,Yes,Yes,No,Two year,Yes,Bank transfer (automatic),94.57,3813.89,No
C01437,Female,0,Yes,Yes,26,Yes,No,DSL,Yes,No,No,No,Yes,No,One year,Yes,Credit card (automatic),59.5,1362.29,No
C01438,Female,1,No,Yes,3,Yes,No,DSL,No,No,No,No,No,Yes,One year,Yes,Bank transfer (automatic),51.04,137.89,No
C01439,Female,0,No,No,39,Yes,No,DSL,Yes,No,No,No,No,No,One year,Yes,Bank transfer (automatic),49.67,1796.78,No
C01440,Male,0,Yes,Yes,46,Yes,No,Fiber optic,No,Yes,No,Yes,No,No,One year,No,Electronic check,74.38,2983.49,No
C01441,Male,0,No,No,16,Yes,Yes,No,No internet service,No internet service,No internet service,No internet service,No internet service,No internet service,Month-to-month,No,Bank transfer (automatic),27.26,380.77,No
C01442,Male,0,No,No,34,Yes,No,DSL,No,Yes,No,Yes,Yes,Yes,Month-to-month,No,Bank transfer (automatic),75.68,2260.63,No
C01443,Male,0,Yes,No,10,Yes,Yes,Fiber optic,No,No,No,No,Yes,Yes,One year,Yes,Mailed check,84.72,836.04,No
C01444,Male,1,No,No,64,No,No phone service,Fiber optic,No,No,No,No,Yes,Yes,Month-to-month,No,Bank transfer (automatic),55.05,3380.6,Yes
C01445,Female,0,Yes,Yes,36,Yes,Yes,DSL,Yes,Yes,Yes,Yes,Yes,No,One year,No,Mailed check,88.25,3249.42,No
C01446,Female,0,Yes,Yes,59,Yes,Yes,Fiber optic,No,Yes,No,Yes,Yes,No,One year,Yes,Electronic check,89.29,5137.02,No
C01447,Female,0,Yes,No,4,Yes,Yes,Fiber optic,No,Yes,No,Yes,No,Yes,Month-to-month,Yes,Electronic check,82.88,341.97,Yes
C01448,Female,0,No,Yes,22,Yes,No,Fiber optic,No,Yes,No,Yes,Yes,No,Month-to-month,No,Electronic check,81.98,1758.73,No
C01449,Male,0,Yes,No,3,Yes,Yes,No,No internet service,No internet service,No internet service,No internet service,No internet service,No internet service,Month-to-month,Yes,Electronic check,26.69,81.25,No
C01450,Female,1,Yes,Yes,5,Yes,Yes,Fiber optic,No,No,Yes,No,No,Yes,Month-to-month,Yes,Bank transfer (automatic),83.23,391.5,Yes
C01451,Female,0,No,No,72,Yes,No,DSL,Yes,No,No,No,Yes,Yes,Two year,Yes,Credit card (automatic),59.56,4221.79,No
C01452,Female,0,No,Yes,14,Yes,No,Fiber optic,Yes,No,Yes,No,No,Yes,Two year,No,Electronic check,85.03,1234.99,Yes
C01453,Female,1,Yes,No,3,Yes,No,DSL,No,Yes,No,No,No,No,Month-to-month,Yes,Bank transfer (automatic),47.96,123.07,Yes
C01454,Male,0,Yes,Yes,53,Yes,No,DSL,Yes,No,No,Yes,No,Yes,One year,Yes,Bank transfer (automatic),62.04,2808.17,No
C01455,Male,0,No,No,3,Yes,Yes,Fiber optic,No,No,No,No,Yes,Yes,Month-to-month,No,Electronic check,85.18,234.68,Yes
C01456,Male,1,No,Yes,65,Yes,No,DSL,No,Yes,No,No,Yes,No,Two year,Yes,Mailed check,57.9,3704.31,No
C01457,Male,1,Yes,Yes,59,Yes,Yes,Fiber optic,Yes,No,No,Yes,No,Yes,One year,Yes,Bank transfer (automatic),90.45,4752.36,No
C01458,Female,0,Yes,Yes,69,Yes,Yes,DSL,No,Yes,No,No,No,Yes,Month-to-month,Yes,Electronic check,65.1,4298.24,No
C01459,Male,0,Yes,No,62,Yes,No,No,No internet service,No internet service,No internet service,No internet service,No internet service,No internet service,Two year,No,Electronic check,24.19,1436.66,No
C01460,Female,1,No,No,72,Yes,Yes,DSL,,No,No,No,No,No,Month-to-month,Yes,Mailed check,51.72,3467.08,No
C01461,Female,0,No,No,18,Yes,No,Fiber optic,No,No,No,Yes,No,No,Month-to-month,No,Electronic check,68.57,1162.46,Yes
C01462,Male,0,No,No,0,Yes,Yes,Fiber optic,No,Yes,No,No,No,No,One year,Yes,Bank transfer (automatic),77.74, ,Yes
C01463,Male,1,Yes,No,47,Yes,No,No,No internet service,No internet service,No internet service,No internet service,No internet service,No internet service,Two year,No,Electronic check,18.0,877.92,No
C01464,Female,0,No,Yes,1,Yes,No,Fiber optic,Yes,Yes,No,No,Yes,Yes,Month-to-month,Yes,Electronic check,90.75,90.76,Yes
C01465,Female,0,Yes,No,38,Yes,No,No,No internet service,No internet service,No internet service,No internet service,No internet service,No internet service,Month-to-month,Yes,Electronic check,18.0,658.6,No
C01466,Male,0,No,No,60,Yes,No,Fiber optic,No,No,Yes,No,Yes,No,One year,Yes,Electronic check,76.57,4600.81,No
C01467,Male,0,Yes,Yes,7,Yes,Yes,DSL,No,No,Yes,No,Yes,No,Month-to-month,No,Mailed check,68.39,500.8,No
C01468,Female,0,Yes,Yes,3,Yes,Yes,Fiber optic,Yes,Yes,No,No,No,Yes,Month-to-month,Yes,Bank transfer (automatic),85.58,236.14,Yes
C01469,Male,0,Yes,No,13,Yes,No,Fiber optic,No,No,Yes,Yes,No,No,Two year,Yes,Credit card (automatic),72.71,979.91,No
C01470,Female,0,Yes,Yes,61,Yes,Yes,DSL,No,No,No,No,No,Yes,One year,Yes,Credit card (automatic),60.37,3816.19,No
C01471,Male,0,Yes,Yes,5,Yes,Yes,DSL,Yes,No,No,No,Yes,No,Month-to-month,No,Bank transfer (automatic),58.01,260.19,Yes
C01472,Male,0,No,No,15,Yes,No,DSL,Yes,No,Yes,Yes,Yes,No,Month-to-month,No,Bank transfer (automatic),70.17,1099.08,No
C01473,Male,0,No,No,8,Yes,Yes,Fiber optic,Yes,Yes,No,No,No,No,Month-to-month,Yes,Electronic check,82.92,665.14,Yes
C01474,Female,0,No,No,24,Yes,No,DSL,No,No,Yes,Yes,Yes,No,Month-to-month,Yes,Electronic check,66.95,1556.72,No
C01475,Female,0,No,No,14,Yes,No,Fiber optic,No,No,Yes,No,Yes,No,One year,No,Electronic check,74.23,957.09,No
C01476,Male,0,Yes,No,59,Yes,No,Fiber optic,Yes,No,Yes,No,Yes,No,Two year,Yes,Electronic check,84.03,5104.3,No
C01477,Female,0,No,No,17,Yes,Yes,No,No internet service,No internet service,No internet service,No internet service,No internet service,No internet service,Month-to-month,Yes,Mailed check,19.8,327.92,No
C01478,Male,0,Yes,Yes,59,Yes,No,No,No internet service,No internet service,No internet service,No internet service,No internet service,No internet service,Two year,Yes,Mailed check,20.59,1199.4,No
C01479,Male,0,Yes,No,63,Yes,No,DSL,No,No,No,No,No,No,Two year,Yes,Credit card (automatic),47.04,2854.39,No
C01480,Male,0,Yes,No,14,No,No phone service,DSL,No,Yes,Yes,Yes,Yes,Yes,One year,No,Credit card (automatic),56.27,827.05,No
C01481,Male,0,Yes,Yes,16,Yes,Yes,DSL,Yes,No,Yes,No,Yes,No,Month-to-month,No,Electronic check,73.52,1114.28,Yes
C01482,Female,0,No,No,8,Yes,No,No,No internet service,No internet service,No internet service,No internet service,No internet service,No internet service,Month-to-month,Yes,Credit card (automatic),20.46,149.39,No
C01483,Male,0,Yes,No,72,Yes,No,DSL,No,Yes,Yes,No,No,Yes,Month-to-month,No,Credit card (automatic),67.16,4245.25,No
C01484,Female,0,Yes,No,11,Yes,No,Fiber optic,Yes,No,No,No,Yes,No,Month-to-month,Yes,Bank transfer (automatic),76.28,797.79,No
C01485,Male,0,No,No,36,No,No phone service,DSL,No,Yes,No,Yes,Yes,Yes,One year,Yes,Mailed check,49.34,1607.97,No
C01486,Female,1,Yes,Yes,8,Yes,Yes,Fiber optic,No,Yes,No,Yes,No,Yes,One year,Yes,Credit card (automatic),85.97,604.18,Yes
C01487,Male,0,No,No,15,Yes,Yes,DSL,Yes,No,No,No,No,Yes,Month-to-month,Yes,Electronic check,60.77,918.55,No
C01488,Female,0,Yes,No,12,Yes,No,Fiber optic,No,No,Yes,Yes,No,Yes,One year,Yes,Electronic check,77.56,961.35,No
C01489,Male,0,No,No,61,Yes,Yes,Fiber optic,No,Yes,No,Yes,No,No,Two year,Yes,Bank transfer (automatic),83.43,5225.5,No
C01490,Male,0,No,No,32,Yes,No,No,No internet service,No internet service,No internet service,No internet service,No internet service,No internet service,One year,Yes,Mailed check,18.0,553.37,No
C01491,Female,1,Yes,Yes,6,Yes,No,No,No internet service,No internet service,No internet service,No internet service,No internet service,No internet service,Month-to-month,Yes,Mailed check,18.0,95.58,No
C01492,Female,0,No,No,7,Yes,Yes,No,No internet service,No internet service,No internet service,No internet service,No internet service,No internet service,Two year,Yes,Mailed check,25.25,159.73,No
C01493,Female,1,No,No,10,No,No phone service,DSL,No,No,No,Yes,No,Yes,Month-to-month,Yes,Credit card (automatic),38.08,362.33,Yes
C01494,Male,0,Yes,No,47,No,No phone service,DSL,Yes,Yes,Yes,Yes,Yes,No,Two year,Yes,Mailed check,55.48,2245.33,No
C01495,Female,0,No,No,2,Yes,Yes,DSL,No,Yes,Yes,No,No,Yes,Month-to-month,Yes,Electronic check,66.23,122.1,Yes
C01496,Female,0,No,No,3,Yes,No,Fiber optic,No,No,Yes,No,No,Yes,Month-to-month,Yes,Mailed check,82.48,244.53,Yes
C01497,Female,1,Yes,No,37,Yes,Yes,DSL,No,Yes,Yes,Yes,No,No,Two year,No,Bank transfer (automatic),70.35,2720.69,No
C01498,Male,0,Yes,No,71,Yes,Yes,DSL,Yes,Yes,Yes,No,Yes,Yes,Two year,Yes,Electronic check,78.91,4762.59,No
C01499,Female,0,Yes,Yes,35,Yes,Yes,DSL,Yes,Yes,Yes,No,No,No,Month-to-month,No,Mailed check,74.91,2404.03,No
C01500,Female,0,No,No,10,No,No phone service,DSL,Yes,No,Yes,No,Yes,Yes,One year,No,Electronic check,47.28,480.22,No
C01501,Female,0,No,No,51,Yes,No,Fiber optic,,No,No,No,Yes,No,Two year,Yes,Bank transfer (automatic),74.89,3984.99,No
C01502,Male,0,Yes,Yes,2,Yes,No,Fiber optic,Yes,Yes,No,No,No,No,One year,Yes,Bank transfer (automatic),79.66,136.72,No
C01503,Male,0,No,No,7,Yes,Yes,DSL,Yes,Yes,No,Yes,Yes,No,Month-to-month,No,Mailed check,79.47,500.22,No
C01504,Female,0,Yes,Yes,19,Yes,No,No,No internet service,No internet service,No internet service,No internet service,No internet service,No internet service,One year,No,Bank transfer (automatic),20.48,339.87,No
C01505,Female,0,No,No,4,Yes,No,Fiber optic,No,Yes,Yes,Yes,Yes,Yes,One year,No,Bank transfer (automatic),96.0,393.93,No
C01506,Female,0,No,No,32,Yes,Yes,DSL,Yes,Yes,Yes,No,No,No,One year,Yes,Credit card (automatic),71.97,2273.65,No
C01507,Male,0,No,No,19,Yes,No,No,No internet service,No internet service,No internet service,No internet service,No internet service,No internet service,Month-to-month,Yes,Bank transfer (automatic),24.2,465.55,No
C01508,Male,1,Yes,No,58,Yes,Yes,Fiber optic,Yes,No,Yes,No,No,Yes,Two year,Yes,Credit card (automatic),84.24,4408.55,No
C01509,Female,1,Yes,No,19,Yes,No,Fiber optic,No,No,No,No,Yes,Yes,Month-to-month,Yes,Electronic check,75.44,1476.4,Yes
C01510,Male,0,Yes,Yes,0,No,No phone service,Fiber optic,No,No,No,Yes,Yes,No,Month-to-month,Yes,Credit card (automatic),52.07, ,Yes
C01511,Male,0,No,No,20,Yes,Yes,Fiber optic,No,Yes,Yes,Yes,No,No,Month-to-month,No,Bank transfer (automatic),85.51,1654.71,Yes
C01512,Female,0,No,No,35,Yes,No,No,No internet service,No internet service,No internet service,No internet service,No internet service,No internet service,Month-to-month,Yes,Electronic check,20.17,635.07,No
C01513,Female,1,Yes,No,13,Yes,No,DSL,No,Yes,Yes,No,Yes,No,Month-to-month,No,Bank transfer (automatic),64.91,783.52,Yes
C01514,Female,0,Yes,No,53,Yes,Yes,DSL,Yes,No,Yes,No,No,No,Two year,Yes,Credit card (automatic),60.2,3002.12,No
C01515,Male,0,Yes,Yes,50,Yes,,Fiber optic,Yes,No,Yes,No,Yes,No,Two year,Yes,Bank transfer (automatic),78.18,3692.95,No
C01516,Male,1,No,No,72,No,No phone service,No,No internet service,No internet service,No internet service,No internet service,No internet service,No internet service,One year,No,Bank transfer (automatic),18.0,1190.95,No
C01517,Female,0,No,No,72,Yes,No,Fiber optic,Yes,No,Yes,Yes,No,No,Two year,No,Credit card (automatic),79.01,5821.72,No
C01518,Male,0,Yes,Yes,69,Yes,Yes,No,No internet service,No internet service,No internet service,No internet service,No internet service,No internet service,One year,Yes,Electronic check,27.46,1664.77,No
C01519,Male,0,No,No,12,No,No phone service,DSL,No,Yes,Yes,No,Yes,Yes,Two year,Yes,Credit card (automatic),43.77,451.12,No
C01520,Male,0,Yes,Yes,54,Yes,Yes,No,No internet service,No internet service,No internet service,No internet service,No internet service,No internet service,Two year,No,Electronic check,22.86,1287.66,No
C01521,Female,0,No,No,51,Yes,No,DSL,No,No,Yes,No,No,No,Two year,Yes,Credit card (automatic),55.06,2851.8,No
C01522,Female,1,No,No,1,Yes,No,DSL,No,No,No,Yes,Yes,Yes,One year,No,Mailed check,60.52,62.03,No
C01523,Female,0,Yes,Yes,48,Yes,Yes,Fiber optic,Yes,Yes,Yes,No,No,No,Two year,Yes,Credit card (automatic),92.65,4259.91,No
C01524,Female,0,No,No,8,Yes,No,DSL,No,Yes,Yes,Yes,No,Yes,Month-to-month,No,Electronic check,73.78,598.59,No
C01525,Male,0,No,No,3,Yes,No,DSL,Yes,No,Yes,Yes,Yes,No,One year,Yes,Credit card (automatic),68.37,215.12,No
C01526,Male,0,Yes,No,60,Yes,No,Fiber optic,No,No,Yes,Yes,No,Yes,Two year,Yes,Bank transfer (automatic),83.39,5008.63,No
C01527,Male,0,No,No,0,Yes,No,Fiber optic,No,Yes,No,Yes,No,Yes,Month-to-month,No,Credit card (automatic),80.91, ,Yes
C01528,Male,0,Yes,Yes,49,Yes,Yes,No,No internet service,No internet service,No internet service,No internet service,No internet service,No internet service,One year,Yes,Electronic check,28.55,1337.27,No
C01529,Male,0,Yes,Yes,9,Yes,Yes,No,No internet service,No internet service,No internet service,No internet service,No internet service,No internet service,Month-to-month,Yes,Bank transfer (automatic),29.29,233.81,No
C01530,Male,0,No,No,5,Yes,Yes,No,No internet service,No internet service,No internet service,No internet service,No internet service,No internet service,Month-to-month,Yes,Bank transfer (automatic),29.92,131.55,Yes
C01531,Male,0,No,No,59,Yes,Yes,Fiber optic,No,No,Yes,Yes,No,Yes,Two year,Yes,Bank transfer (automatic),92.97,4971.82,No
C01532,Female,0,Yes,No,6,Yes,Yes,DSL,No,Yes,No,Yes,Yes,No,Month-to-month,No,Credit card (automatic),74.02,456.71,Yes
C01533,Female,1,No,Yes,6,Yes,Yes,No,No internet service,No internet service,No internet service,No internet service,No internet service,No internet service,Month-to-month,Yes,Electronic check,24.78,154.75,No
C01534,Male,0,No,No,68,Yes,No,Fiber optic,No,Yes,Yes,No,No,Yes,Month-to-month,No,Mailed check,78.89,5513.99,No
C01535,Male,0,Yes,Yes,2,Yes,Yes,Fiber optic,Yes,No,Yes,Yes,No,No,Month-to-month,Yes,Bank transfer (automatic),90.92,176.58,Yes
C01536,Female,0,Yes,No,10,Yes,Yes,Fiber optic,Yes,No,Yes,No,No,No,Month-to-month,Yes,Mailed check,84.32,771.67,No
C01537,Female,1,Yes,Yes,23,Yes,No,Fiber optic,No,No,Yes,Yes,Yes,No,One year,No,Electronic check,76.37,1781.17,No
C01538,Female,0,No,No,58,Yes,Yes,DSL,No,Yes,No,No,Yes,No,One year,Yes,Mailed check,66.69,4012.78,No
C01539,Male,0,No,No,7,Yes,No,DSL,No,No,Yes,No,No,Yes,One year,Yes,Bank transfer (automatic),54.96,356.28,No
C01540,Female,0,Yes,Yes,33,No,No phone service,DSL,No,No,No,No,No,No,Month-to-month,Yes,Credit card (automatic),29.3,1001.79,No
C01541,Male,0,Yes,No,1,Yes,Yes,DSL,No,No,No,Yes,No,Yes,Month-to-month,Yes,Electronic check,64.76,60.89,Yes
C01542,Male,0,Yes,No,6,Yes,Yes,Fiber optic,No,Yes,Yes,No,No,No,Month-to-month,Yes,Mailed check,83.14,498.18,Yes
C01543,Male,1,No,No,8,Yes,No,No,No internet service,No internet service,No internet service,No internet service,No internet service,No internet service,Month-to-month,No,Electronic check,18.0,148.94,Yes
C01544,Male,0,No,No,66,Yes,No,No,No internet service,No internet service,No internet service,No internet service,No internet service,No internet service,Two year,Yes,Bank transfer (automatic),27.57,1692.95,No
C01545,Male,0,Yes,No,41,Yes,No,DSL,Yes,Yes,No,Yes,No,Yes,Two year,Yes,Bank transfer (automatic),65.05,2730.43,No
C01546,Male,0,No,No,60,Yes,No,DSL,No,No,No,No,No,No,Month-to-month,No,Bank transfer (automatic),44.93,2514.62,No
C01547,Female,0,Yes,Yes,33,Yes,No,No,No internet service,No internet service,No internet service,No internet service,No internet service,No internet service,Two year,No,Electronic check,18.0,569.7,No
C01548,Male,0,No,No,47,Yes,Yes,Fiber optic,No,No,Yes,Yes,Yes,Yes,One year,No,Mailed check,98.66,4708.35,No
C01549,Male,0,No,No,46,Yes,Yes,Fiber optic,No,No,No,No,No,Yes,One year,Yes,Bank transfer (automatic),79.21,3741.73,Yes
C01550,Male,0,No,No,4,Yes,No,No,No internet service,No internet service,No internet service,No internet service,No internet service,No internet service,Month-to-month,Yes,Electronic check,22.09,90.87,No
C01551,Male,0,Yes,No,1,No,No phone service,No,No internet service,No internet service,No internet service,No internet service,No internet service,No internet service,Month-to-month,Yes,Electronic check,18.0,18.76,Yes
C01552,Male,0,No,No,10,Yes,No,DSL,No,No,Yes,Yes,No,Yes,Two year,No,Bank transfer (automatic),59.92,604.46,No
C01553,Male,0,No,No,8,No,No phone service,Fiber optic,Yes,No,No,No,Yes,Yes,Month-to-month,Yes,Credit card (automatic),63.78,534.87,No
C01554,Male,0,No,Yes,20,Yes,No,Fiber optic,Yes,Yes,No,No,No,Yes,Month-to-month,Yes,Bank transfer (automatic),77.27,1558.42,No
C01555,Female,0,No,No,9,Yes,Yes,No,No internet service,No internet service,No internet service,No internet service,No internet service,No internet service,Two year,No,Mailed check,28.6,252.38,No
C01556,Female,0,No,No,42,Yes,No,Fiber optic,No,Yes,No,Yes,Yes,Yes,One year,Yes,Mailed check,91.31,3831.46,No
C01557,Male,0,Yes,No,60,Yes,No,Fiber optic,Yes,No,Yes,No,Yes,No,Two year,Yes,Mailed check,80.96,4821.16,No
C01558,Female,0,Yes,Yes,61,Yes,Yes,Fiber optic,No,Yes,Yes,No,Yes,Yes,Month-to-month,Yes,Mailed check,95.78,4966.62,Yes
C01559,Female,1,No,No,72,Yes,No,Fiber optic,Yes,No,Yes,Yes,Yes,Yes,One year,Yes,Electronic check,96.79,5995.53,No
C01560,Female,0,Yes,No,9,Yes,Yes,Fiber optic,No,No,Yes,No,Yes,Yes,Two year,Yes,Electronic check,89.83,721.43,No
C01561,Female,0,No,No,60,No,No phone service,DSL,No,Yes,No,Yes,No,No,Two year,Yes,Credit card (automatic),42.69,2423.02,No
C01562,Female,1,No,No,8,Yes,Yes,No,No internet service,No internet service,No internet service,No internet service,No internet service,No internet service,Two year,Yes,Electronic check,29.47,237.16,Yes
C01563,Female,0,No,Yes,1,Yes,No,Fiber optic,No,No,No,Yes,Yes,Yes,One year,Yes,Bank transfer (automatic),84.68,83.66,Yes
C01564,Female,0,No,No,2,No,No phone service,No,No internet service,No internet service,No internet service,No internet service,No internet service,No internet service,Month-to-month,Yes,Credit card (automatic),18.0,32.38,No
C01565,Male,0,No,Yes,53,Yes,Yes,No,No internet service,No internet service,No internet service,No internet service,No internet service,No internet service,Two year,Yes,Bank transfer (automatic),32.04,1724.25,No
C01566,Male,1,No,No,9,Yes,No,Fiber optic,Yes,No,No,No,No,No,Month-to-month,No,Mailed check,69.21,633.55,Yes
C01567,Male,0,No,No,11,Yes,No,Fiber optic,No,Yes,No,No,No,Yes,One year,Yes,Mailed check,77.51,881.68,No
C01568,Male,0,Yes,No,2,Yes,Yes,No,No internet service,No internet service,No internet service,No internet service,No internet service,No internet service,Month-to-month,No,Mailed check,26.7,50.09,No
C01569,Male,0,Yes,Yes,38,Yes,Yes,DSL,No,Yes,Yes,No,Yes,No,Two year,Yes,Mailed check,76.85,2800.8,No
C01570,Male,0,Yes,No,3,Yes,No,Fiber optic,Yes,No,Yes,Yes,No,No,Month-to-month,No,Electronic check,81.01,247.36,Yes
C01571,Female,1,No,No,3,Yes,Yes,No,No internet service,No internet service,No internet service,No internet service,No internet service,No internet service,Month-to-month,Yes,Bank transfer (automatic),22.03,69.28,No
C01572,Female,0,Yes,Yes,6,Yes,Yes,DSL,No,No,Yes,No,Yes,No,One year,Yes,Mailed check,68.46,384.44,No
C01573,Female,0,No,No,0,Yes,Yes,Fiber optic,No,No,Yes,Yes,Yes,No,Two year,Yes,Bank transfer (automatic),89.51, ,No
C01574,Male,1,No,No,37,Yes,Yes,DSL,No,Yes,Yes,No,No,Yes,One year,No,Bank transfer (automatic),67.73,2587.31,No
C01575,Male,0,Yes,No,0,Yes,No,Fiber optic,Yes,No,Yes,No,Yes,Yes,Month-to-month,Yes,Bank transfer (automatic),85.8, ,Yes
C01576,Female,0,No,No,32,Yes,,No,No internet service,No internet service,No internet service,No internet service,No internet service,No internet service,Two year,No,Electronic check,25.56,727.58,No
C01577,Female,0,Yes,No,57,Yes,Yes,DSL,Yes,Yes,No,Yes,Yes,No,Two year,Yes,Mailed check,83.82,4265.11,No
C01578,Female,0,No,Yes,31,Yes,No,DSL,No,Yes,Yes,No,Yes,No,One year,No,Bank transfer (automatic),58.04,1539.74,No
C01579,Female,0,Yes,No,4,No,No phone service,DSL,Yes,No,No,No,Yes,No,One year,Yes,Mailed check,32.62,123.96,No
C01580,Female,0,Yes,Yes,4,No,No phone service,Fiber optic,Yes,No,No,No,No,Yes,Month-to-month,Yes,Electronic check,57.33,198.32,Yes
C01581,Male,0,Yes,No,58,Yes,No,DSL,No,Yes,Yes,Yes,Yes,Yes,Two year,Yes,Mailed check,74.6,3890.66,No
C01582,Male,0,No,No,4,Yes,No,Fiber optic,Yes,Yes,Yes,No,No,Yes,Month-to-month,Yes,Bank transfer (automatic),87.77,318.15,Yes
C01583,Male,0,Yes,No,32,Yes,No,Fiber optic,No,No,Yes,No,No,No,One year,Yes,Electronic check,73.49,2279.42,Yes
C01584,Female,1,No,Yes,72,Yes,Yes,Fiber optic,No,No,Yes,Yes,No,No,One year,Yes,Bank transfer (automatic),84.66,6349.01,No
C01585,Female,0,No,No,8,Yes,No,No,No internet service,No internet service,No internet service,No internet service,No internet service,No internet service,Month-to-month,Yes,Electronic check,20.71,142.97,Yes
C01586,Male,0,Yes,No,6,Yes,No,Fiber optic,Yes,No,Yes,Yes,Yes,No,Month-to-month,Yes,Bank transfer (automatic),86.75,500.99,Yes
C01587,Female,0,Yes,No,4,Yes,No,DSL,Yes,Yes,No,No,Yes,No,Month-to-month,No,Mailed check,62.73,259.84,Yes
C01588,Male,0,Yes,Yes,21,Yes,No,No,No internet service,No internet service,No internet service,No internet service,No internet service,No internet service,Two year,Yes,Credit card (automatic),21.88,481.26,No
C01589,Male,0,No,No,64,Yes,Yes,Fiber optic,Yes,Yes,Yes,Yes,No,Yes,One year,Yes,Electronic check,102.33,5910.66,No
C01590,Male,0,No,Yes,45,Yes,No,No,No internet service,No internet service,No internet service,No internet service,No internet service,No internet service,Two year,Yes,Electronic check,19.58,794.36,No
C01591,Male,0,Yes,No,52,Yes,No,No,No internet service,No internet service,No internet service,No internet service,No internet service,No internet service,Month-to-month,No,Mailed check,18.0,838.77,Yes
C01592,Female,1,No,Yes,70,No,No phone service,DSL,Yes,No,No,Yes,Yes,Yes,One year,No,Bank transfer (automatic),40.59,2518.59,No
C01593,Male,0,Yes,No,15,Yes,No,DSL,Yes,Yes,No,Yes,No,Yes,Month-to-month,Yes,Credit card (automatic),66.74,955.3,No
C01594,Female,0,No,No,54,Yes,No,Fiber optic,Yes,No,No,Yes,Yes,Yes,Two year,No,Bank transfer (automatic),87.89,4285.43,No
C01595,Female,0,Yes,Yes,3,Yes,No,DSL,No,Yes,No,Yes,No,No,Month-to-month,Yes,Credit card (automatic),57.01,162.06,No
C01596,Male,0,Yes,Yes,52,Yes,Yes,Fiber optic,No,Yes,No,No,Yes,Yes,One year,No,Electronic check,91.09,4151.3,No
C01597,Male,0,Yes,No,63,Yes,Yes,No,No internet service,No internet service,No internet service,No internet service,No internet service,No internet service,Two year,No,Electronic check,24.17,1551.02,No
C01598,Female,0,No,No,53,Yes,No,Fiber optic,No,Yes,No,Yes,No,No,Two year,Yes,Mailed check,75.5,3603.66,No
C01599,Male,0,No,No,3,Yes,Yes,DSL,Yes,No,Yes,No,No,No,One year,No,Electronic check,58.69,177.27,No
C01600,Female,0,Yes,No,4,Yes,Yes,DSL,No,No,Yes,Yes,Yes,Yes,One year,Yes,Bank transfer (automatic),72.84,253.57,No
C01601,Male,0,Yes,No,72,Yes,Yes,Fiber optic,No,Yes,No,Yes,No,No,Two year,Yes,Mailed check,84.5,5753.57,No
C01602,Female,0,No,No,19,Yes,No,No,No internet service,No internet service,No internet service,No internet service,No internet service,No internet service,Month-to-month,Yes,Bank transfer (automatic),18.0,349.4,No
C01603,Female,1,Yes,No,1,Yes,No,No,No internet service,No internet service,No internet service,No internet service,No internet service,No internet service,Month-to-month,Yes,Electronic check,18.0,15.55,Yes
C01604,Male,0,No,No,6,Yes,No,DSL,No,No,No,Yes,No,No,Month-to-month,No,Credit card (automatic),47.9,269.53,No
C01605,Male,0,Yes,No,29,No,No phone service,DSL,Yes,No,Yes,No,Yes,No,Month-to-month,No,Mailed check,38.81,1101.32,No
C01606,Female,0,Yes,Yes,40,Yes,No,No,No internet service,No internet service,No internet service,No internet service,No internet service,No internet service,Two year,No,Credit card (automatic),25.11,1009.17,No
C01607,Male,0,No,No,63,Yes,No,No,No internet service,No internet service,No internet service,No internet service,No internet service,No internet service,Two year,Yes,Mailed check,18.0,1106.73,No
C01608,Male,0,Yes,No,69,Yes,Yes,DSL,No,Yes,No,Yes,No,Yes,Two year,Yes,Electronic check,65.25,4142.52,No
C01609,Male,0,No,No,7,Yes,Yes,DSL,Yes,No,No,No,Yes,No,Month-to-month,No,Electronic check,70.61,451.14,Yes
C01610,Male,0,Yes,No,4,Yes,No,Fiber optic,No,No,Yes,No,No,No,One year,No,Bank transfer (automatic),70.5,283.96,Yes
C01611,Female,0,Yes,Yes,6,Yes,No,DSL,Yes,Yes,Yes,Yes,No,Yes,Month-to-month,Yes,Credit card (automatic),77.57,409.85,Yes
C01612,Female,0,Yes,Yes,30,Yes,No,Fiber optic,No,No,Yes,Yes,No,No,Month-to-month,No,Credit card (automatic),84.31,2196.63,No
C01613,Male,0,Yes,No,41,Yes,Yes,DSL,Yes,No,Yes,No,No,No,Month-to-month,No,Electronic check,66.38,2460.53,Yes
C01614,Female,0,No,No,7,Yes,No,No,No internet service,No internet service,No internet service,No internet service,No internet service,No internet service,One year,Yes,Electronic check,18.96,131.5,No
C01615,Male,0,No,No,0,Yes,Yes,DSL,Yes,Yes,Yes,Yes,No,No,Month-to-month,Yes,Mailed check,71.28, ,No
C01616,Male,0,No,No,9,Yes,No,DSL,No,No,Yes,Yes,No,Yes,Month-to-month,Yes,Electronic check,57.66,499.08,No
C01617,Female,0,Yes,Yes,21,No,No phone service,Fiber optic,Yes,No,No,No,No,No,One year,No,Credit card (automatic),53.18,1002.59,No
C01618,Female,0,Yes,Yes,1,Yes,Yes,DSL,No,Yes,No,Yes,Yes,Yes,Month-to-month,Yes,Electronic check,75.62,68.35,Yes
C01619,Male,0,Yes,No,44,Yes,No,Fiber optic,No,No,No,No,No,No,One year,No,Mailed check,68.8,2926.68,No
C01620,Male,1,No,No,6,No,No phone service,DSL,Yes,No,Yes,No,No,Yes,Month-to-month,Yes,Electronic check,38.27,198.14,Yes
C01621,Female,0,Yes,Yes,35,Yes,No,DSL,Yes,No,No,Yes,No,No,Month-to-month,Yes,Electronic check,58.13,2110.44,Yes
C01622,Female,0,Yes,Yes,70,Yes,Yes,No,No internet service,No internet service,No internet service,No internet service,No internet service,No internet service,One year,No,Bank transfer (automatic),26.58,1929.02,No
C01623,Male,0,No,Yes,7,Yes,No,Fiber optic,Yes,Yes,Yes,No,No,Yes,Month-to-month,No,Credit card (automatic),94.82,573.21,No
C01624,Male,0,Yes,Yes,7,No,No phone service,Fiber optic,No,No,No,No,No,Yes,Month-to-month,Yes,Mailed check,52.8,382.3,Yes
C01625,Female,0,No,Yes,71,Yes,Yes,DSL,No,No,Yes,No,Yes,Yes,Two year,No,Credit card (automatic),72.24,4782.51,No
C01626,Male,0,Yes,Yes,4,Yes,Yes,No,No internet service,No internet service,No internet service,No internet service,No internet service,No internet service,Month-to-month,No,Electronic check,28.48,108.07,Yes
C01627,Male,1,No,No,61,Yes,Yes,No,No internet service,No internet service,No internet service,No internet service,No internet service,No internet service,One year,Yes,Credit card (automatic),25.81,1497.16,No
C01628,Male,0,No,No,72,Yes,Yes,Fiber optic,Yes,No,Yes,Yes,Yes,Yes,One year,Yes,Bank transfer (automatic),105.28,7509.94,No
C01629,Male,1,Yes,Yes,61,Yes,Yes,No,No internet service,No internet service,No internet service,No internet service,No internet service,No internet service,Two year,No,Electronic check,20.95,1336.42,No
C01630,Male,0,No,No,1,Yes,No,No,No internet service,No internet service,No internet service,No internet service,No internet service,No internet service,Month-to-month,Yes,Electronic check,21.06,20.19,Yes
C01631,Female,0,No,No,5,Yes,,No,No internet service,No internet service,No internet service,No internet service,No internet service,No internet service,One year,Yes,Electronic check,33.41,160.02,No
C01632,Female,0,Yes,Yes,16,Yes,No,No,No internet service,No internet service,No internet service,No internet service,No internet service,No internet service,Month-to-month,Yes,Credit card (automatic),22.74,377.74,No
C01633,Female,0,No,No,6,Yes,No,Fiber optic,No,No,No,No,No,Yes,Month-to-month,Yes,Credit card (automatic),69.55,409.05,Yes
C01634,Female,0,No,No,0,No,No phone service,Fiber optic,No,No,No,No,No,No,Month-to-month,Yes,Electronic check,40.81, ,Yes
C01635,Male,0,No,No,8,Yes,Yes,No,No internet service,No internet service,No internet service,No internet service,No internet service,No internet service,One year,Yes,Electronic check,28.99,241.17,No
C01636,Male,0,No,No,2,Yes,Yes,Fiber optic,No,No,No,No,Yes,Yes,Month-to-month,Yes,Mailed check,90.01,156.41,Yes
C01637,Female,0,Yes,No,15,Yes,Yes,Fiber optic,No,No,No,No,No,No,Month-to-month,Yes,Credit card (automatic),70.87,1108.85,Yes
C01638,Male,0,Yes,Yes,58,Yes,Yes,DSL,No,No,No,No,No,No,Month-to-month,Yes,Electronic check,52.24,3098.37,No
C01639,Female,0,Yes,No,42,Yes,No,DSL,No,Yes,No,Yes,No,Yes,Two year,Yes,Credit card (automatic),65.23,2433.59,No
C01640,Female,0,Yes,No,2,Yes,No,DSL,No,No,Yes,No,No,No,Month-to-month,Yes,Electronic check,44.7,78.28,Yes
C01641,Male,1,No,No,23,Yes,No,DSL,No,Yes,No,Yes,Yes,Yes,Month-to-month,Yes,Mailed check,67.96,1505.74,No
C01642,Male,0,Yes,Yes,49,Yes,No,Fiber optic,No,No,No,Yes,Yes,Yes,Two year,Yes,Electronic check,83.17,4228.59,No
C01643,Male,0,Yes,No,60,Yes,No,Fiber optic,No,No,No,No,Yes,Yes,Two year,No,Bank transfer (automatic),76.19,4318.55,No
C01644,Male,0,No,No,7,Yes,Yes,Fiber optic,Yes,No,No,No,No,No,Month-to-month,Yes,Electronic check,81.69,563.0,Yes
C01645,Male,0,Yes,No,1,No,No phone service,Fiber optic,No,Yes,Yes,Yes,No,Yes,Month-to-month,Yes,Credit card (automatic),69.31,61.33,Yes
C01646,Male,0,Yes,No,62,Yes,Yes,No,No internet service,No internet service,No internet service,No internet service,No internet service,No internet service,One year,No,Mailed check,28.7,1529.73,No
C01647,Female,0,No,No,0,Yes,No,DSL,No,Yes,No,Yes,No,Yes,One year,No,Electronic check,66.18, ,Yes
C01648,Female,0,No,No,72,Yes,No,No,No internet service,No internet service,No internet service,No internet service,No internet service,No internet service,Two year,No,Electronic check,19.61,1243.31,No
C01649,Female,0,Yes,Yes,58,No,No phone service,DSL,No,No,Yes,Yes,Yes,No,Month-to-month,Yes,Electronic check,45.64,2271.06,No
C01650,Male,0,No,No,58,Yes,No,DSL,No,Yes,No,No,No,No,Two year,Yes,Mailed check,45.95,2270.35,No
C01651,Male,1,No,No,37,Yes,No,Fiber optic,No,No,Yes,Yes,Yes,Yes,One year,Yes,Credit card (automatic),85.72,2962.86,Yes
C01652,Male,1,No,No,1,Yes,No,No,No internet service,No internet service,No internet service,No internet service,No internet service,No internet service,Month-to-month,No,Electronic check,20.78,19.22,Yes
C01653,Male,0,Yes,No,4,No,No phone service,DSL,No,Yes,No,No,No,Yes,Two year,No,Credit card (automatic),38.57,152.46,No
C01654,Female,0,Yes,No,29,No,No phone service,DSL,Yes,No,Yes,No,No,No,Month-to-month,Yes,Electronic check,36.31,1030.07,No
C01655,Male,0,No,No,5,Yes,No,DSL,No,No,Yes,No,No,No,Month-to-month,Yes,Electronic check,50.92,247.9,Yes
C01656,Male,0,Yes,Yes,0,Yes,Yes,Fiber optic,No,Yes,Yes,No,No,No,Month-to-month,Yes,Credit card (automatic),83.49, ,Yes
C01657,Female,0,No,No,72,Yes,Yes,DSL,No,Yes,Yes,No,Yes,No,Two year,No,Mailed check,75.04,4819.33,No
C01658,Male,0,No,No,2,Yes,Yes,DSL,Yes,No,Yes,No,Yes,No,Month-to-month,Yes,Mailed check,74.72,152.06,No
C01659,Male,0,No,No,50,Yes,Yes,Fiber optic,Yes,No,No,No,Yes,Yes,Two year,Yes,Bank transfer (automatic),95.77,4087.0,No
C01660,Male,0,No,No,5,Yes,No,Fiber optic,No,Yes,No,Yes,Yes,Yes,Month-to-month,Yes,Mailed check,88.78,406.06,No
C01661,Female,0,No,No,55,Yes,Yes,Fiber optic,No,Yes,No,No,No,No,Two year,No,Electronic check,83.3,4027.53,No
C01662,Female,1,No,No,13,Yes,No,No,No internet service,No internet service,No internet service,No internet service,No internet service,No internet service,Month-to-month,Yes,Bank transfer (automatic),19.3,250.48,No
C01663,Male,1,No,No,72,Yes,No,No,No internet service,No internet service,No internet service,No internet service,No internet service,No internet service,Month-to-month,Yes,Bank transfer (automatic),19.63,1342.15,No
C01664,Female,0,Yes,Yes,3,Yes,Yes,DSL,No,Yes,No,No,No,No,One year,No,Mailed check,61.62,163.9,No
C01665,Female,0,No,No,1,Yes,No,DSL,No,No,Yes,No,Yes,No,Month-to-month,No,Mailed check,60.25,53.67,Yes
C01666,Female,0,No,No,33,Yes,No,No,No internet service,No internet service,No internet service,No internet service,No internet service,No internet service,One year,Yes,Electronic check,18.0,555.88,No
C01667,Male,0,No,No,51,Yes,Yes,Fiber optic,No,Yes,Yes,Yes,Yes,No,Two year,Yes,Electronic check,95.98,4381.89,No
C01668,Male,0,Yes,Yes,51,Yes,Yes,Fiber optic,Yes,Yes,No,No,Yes,Yes,Month-to-month,Yes,Electronic check,95.68,4403.6,Yes
C01669,Female,1,Yes,No,1,Yes,No,Fiber optic,Yes,No,No,No,No,No,Two year,No,Credit card (automatic),75.43,77.49,No
C01670,Male,0,No,No,0,Yes,Yes,No,No internet service,No internet service,No internet service,No internet service,No internet service,No internet service,Month-to-month,No,Electronic check,23.45, ,No
C01671,Female,0,Yes,Yes,6,Yes,No,No,No internet service,No internet service,No internet service,No internet service,No internet service,No internet service,One year,Yes,Bank transfer (automatic),25.37,134.0,No
C01672,Female,1,No,Yes,9,Yes,No,DSL,Yes,No,Yes,No,No,Yes,Month-to-month,No,Bank transfer (automatic),59.82,495.16,Yes
C01673,Male,0,No,No,8,Yes,Yes,DSL,No,Yes,Yes,No,Yes,No,One year,Yes,Mailed check,69.84,576.0,No
C01674,Female,0,Yes,Yes,5,Yes,No,Fiber optic,Yes,No,Yes,Yes,Yes,No,Month-to-month,No,Bank transfer (automatic),87.3,400.48,Yes
C01675,Female,0,Yes,Yes,50,No,No phone service,DSL,No,Yes,No,No,No,No,Month-to-month,Yes,Mailed check,33.15,1568.38,Yes
C01676,Female,0,No,No,2,Yes,Yes,No,No internet service,No internet service,No internet service,No internet service,No internet service,No internet service,Month-to-month,Yes,Bank transfer (automatic),28.57,49.79,Yes
C01677,Male,0,Yes,Yes,2,No,No phone service,DSL,Yes,No,No,Yes,Yes,Yes,One year,Yes,Credit card (automatic),45.81,79.17,No
C01678,Female,0,No,No,1,Yes,Yes,Fiber optic,No,No,No,No,No,Yes,Month-to-month,No,Electronic check,72.99,67.97,Yes
C01679,Female,0,No,No,56,Yes,No,No,,No internet service,No internet service,No internet service,No internet service,No internet service,One year,Yes,Credit card (automatic),18.0,863.08,No
C01680,Female,0,No,No,0,Yes,No,No,No internet service,No internet service,No internet service,No internet service,No internet service,No internet service,Month-to-month,No,Mailed check,18.18, ,Yes
C01681,Female,0,Yes,Yes,9,Yes,No,Fiber optic,No,No,No,No,No,No,Month-to-month,No,Bank transfer (automatic),69.14,533.64,No
C01682,Female,0,Yes,No,43,Yes,Yes,Fiber optic,Yes,No,Yes,Yes,No,No,Two year,No,Credit card (automatic),84.71,3450.16,No
C01683,Male,1,No,Yes,10,Yes,No,Fiber optic,No,No,No,No,Yes,No,Month-to-month,Yes,Electronic check,69.32,637.56,Yes
C01684,Male,0,Yes,No,11,Yes,No,No,No internet service,No internet service,No internet service,No internet service,No internet service,No internet service,Month-to-month,Yes,Bank transfer (automatic),18.0,171.06,No
C01685,Male,0,Yes,No,1,Yes,Yes,DSL,No,Yes,Yes,No,No,Yes,Month-to-month,Yes,Credit card (automatic),69.13,65.21,Yes
C01686,Male,0,No,No,3,Yes,No,Fiber optic,No,Yes,No,No,No,No,Month-to-month,Yes,Electronic check,66.94,180.14,Yes
C01687,Female,0,Yes,No,25,Yes,Yes,Fiber optic,No,Yes,No,Yes,Yes,No,Month-to-month,Yes,Mailed check,90.85,2229.26,No
C01688,Female,0,Yes,Yes,56,Yes,Yes,No,No internet service,No internet service,No internet service,No internet service,No internet service,No internet service,One year,Yes,Electronic check,25.03,1194.83,No
C01689,Male,0,No,No,5,Yes,Yes,Fiber optic,No,No,Yes,No,No,Yes,Month-to-month,Yes,Bank transfer (automatic),85.6,429.91,Yes
C01690,Female,0,Yes,No,3,Yes,No,No,No internet service,No internet service,No internet service,No internet service,No internet service,No internet service,One year,Yes,Electronic check,18.0,47.42,Yes
C01691,Female,0,Yes,No,15,Yes,No,Fiber optic,No,No,Yes,No,No,No,Month-to-month,Yes,Credit card (automatic),72.91,1066.74,Yes
C01692,Male,0,Yes,No,60,Yes,No,DSL,Yes,No,Yes,Yes,No,No,One year,Yes,Electronic check,69.29,4338.19,No
C01693,Female,0,No,Yes,63,Yes,No,No,No internet service,No internet service,No internet service,No internet service,No internet service,No internet service,Two year,Yes,Bank transfer (automatic),21.11,1296.98,No
C01694,Female,0,No,No,60,Yes,No,DSL,No,No,Yes,No,Yes,No,One year,Yes,Credit card (automatic),60.02,3446.86,No
C01695,Female,0,No,No,72,Yes,No,No,No internet service,No internet service,No internet service,No internet service,No internet service,No internet service,Two year,Yes,Mailed check,19.03,1292.38,No
C01696,Male,0,No,No,5,Yes,No,Fiber optic,No,Yes,Yes,No,No,Yes,One year,No,Bank transfer (automatic),85.24,408.05,Yes
C01697,Female,0,Yes,Yes,26,Yes,No,Fiber optic,No,No,No,No,No,No,One year,Yes,Credit card (automatic),65.86,1606.76,No
C01698,Female,0,No,No,55,No,No phone service,No,No internet service,No internet service,No internet service,No internet service,No internet service,No internet service,One year,Yes,Electronic check,18.0,955.53,No
C01699,Female,0,Yes,No,41,Yes,Yes,No,No internet service,No internet service,No internet service,No internet service,No internet service,No internet service,Month-to-month,Yes,Bank transfer (automatic),33.74,1358.28,No
C01700,Female,0,No,No,53,Yes,No,No,No internet service,No internet service,No internet service,No internet service,No internet service,No internet service,One year,Yes,Credit card (automatic),24.71,1140.45,No
C01701,Female,0,No,No,3,Yes,No,Fiber optic,,No,Yes,No,Yes,Yes,Month-to-month,No,Electronic check,87.66,275.33,Yes
C01702,Male,0,Yes,Yes,2,Yes,No,Fiber optic,No,Yes,No,No,Yes,No,Month-to-month,No,Bank transfer (automatic),87.46,173.86,Yes
C01703,Female,0,No,No,68,Yes,No,Fiber optic,No,No,No,No,No,Yes,Two year,No,Credit card (automatic),71.92,4855.28,No
C01704,Male,0,No,No,1,Yes,Yes,Fiber optic,No,No,No,No,No,Yes,Two year,Yes,Credit card (automatic),79.52,75.03,No
C01705,Female,0,Yes,No,72,Yes,Yes,DSL,Yes,Yes,No,Yes,Yes,Yes,Two year,No,Mailed check,78.41,5091.76,No
C01706,Male,0,No,No,30,Yes,Yes,No,No internet service,No internet service,No internet service,No internet service,No internet service,No internet service,Month-to-month,Yes,Mailed check,28.29,730.97,No
C01707,Male,0,No,No,8,Yes,No,Fiber optic,Yes,Yes,No,No,No,No,One year,No,Electronic check,79.23,607.43,No
C01708,Female,0,Yes,Yes,9,Yes,No,DSL,No,No,Yes,No,No,Yes,Month-to-month,No,Mailed check,62.25,493.09,No
C01709,Male,0,Yes,Yes,8,Yes,No,No,No internet service,No internet service,No internet service,No internet service,No internet service,No internet service,Two year,Yes,Bank transfer (automatic),19.15,132.17,No
C01710,Female,0,No,No,55,Yes,No,Fiber optic,No,Yes,No,Yes,Yes,No,One year,Yes,Bank transfer (automatic),80.41,4588.3,No
C01711,Male,0,Yes,No,41,Yes,Yes,No,No internet service,No internet service,No internet service,No internet service,No internet service,No internet service,Two year,Yes,Credit card (automatic),25.38,1078.66,No
C01712,Female,0,Yes,Yes,56,Yes,No,DSL,No,Yes,Yes,No,Yes,No,Month-to-month,Yes,Mailed check,61.63,3326.02,No
C01713,Female,0,No,No,72,Yes,Yes,No,No internet service,No internet service,No internet service,No internet service,No internet service,No internet service,Two year,No,Bank transfer (automatic),30.98,2074.55,No
C01714,Male,0,No,No,19,Yes,No,Fiber optic,No,Yes,Yes,Yes,Yes,No,Month-to-month,No,Electronic check,95.13,1669.89,Yes
C01715,Female,0,Yes,No,62,Yes,No,DSL,No,No,No,Yes,No,Yes,Month-to-month,Yes,Electronic check,55.11,3123.69,No
C01716,Male,0,Yes,No,13,Yes,Yes,Fiber optic,Yes,Yes,Yes,No,No,Yes,Month-to-month,No,Electronic check,99.37,1230.48,Yes
C01717,Female,0,No,No,44,Yes,No,Fiber optic,No,Yes,No,No,No,No,Month-to-month,Yes,Bank transfer (automatic),70.02,2778.0,Yes
C01718,Female,0,Yes,Yes,5,Yes,Yes,DSL,Yes,No,No,Yes,Yes,No,Month-to-month,No,Credit card (automatic),73.36,334.82,No
C01719,Female,0,No,No,63,Yes,No,Fiber optic,No,No,Yes,No,No,Yes,Two year,Yes,Credit card (automatic),79.73,5038.47,No
C01720,Male,0,No,No,53,Yes,Yes,Fiber optic,Yes,No,No,Yes,No,Yes,Month-to-month,No,Credit card (automatic),89.37,4799.26,No
C01721,Male,0,Yes,No,8,Yes,No,Fiber optic,No,No,Yes,No,No,No,Month-to-month,Yes,Credit card (automatic),69.75,565.33,No
C01722,Female,0,No,No,54,Yes,No,DSL,Yes,No,No,Yes,Yes,Yes,Month-to-month,No,Bank transfer (automatic),62.35,2914.78,No
C01723,Female,0,No,No,4,Yes,No,DSL,No,No,No,Yes,Yes,Yes,Month-to-month,No,Mailed check,59.36,246.13,No
C01724,Male,0,No,No,7,No,No phone service,Fiber optic,No,Yes,No,No,No,No,Two year,Yes,Credit card (automatic),48.45,292.43,No
C01725,Male,1,Yes,No,40,Yes,No,Fiber optic,No,Yes,Yes,Yes,Yes,Yes,One year,Yes,Electronic check,94.37,3543.23,No
C01726,Male,1,Yes,Yes,62,Yes,No,DSL,No,No,Yes,No,No,No,Two year,Yes,Electronic check,49.85,2631.06,No
C01727,Female,0,No,No,14,Yes,No,Fiber optic,No,No,No,No,No,No,One year,Yes,Mailed check,62.35,746.68,Yes
C01728,Male,0,No,No,0,Yes,Yes,DSL,No,Yes,Yes,No,No,Yes,Month-to-month,Yes,Bank transfer (automatic),65.3, ,Yes
C01729,Male,0,No,No,1,Yes,No,Fiber optic,No,Yes,No,Yes,No,No,Month-to-month,Yes,Bank transfer (automatic),70.31,69.09,Yes
C01730,Female,0,Yes,Yes,4,Yes,No,No,,No internet service,No internet service,No internet service,No internet service,No internet service,Two year,Yes,Bank transfer (automatic),18.72,77.61,No
C01731,Male,0,No,No,5,Yes,No,DSL,No,No,No,Yes,Yes,No,One year,Yes,Bank transfer (automatic),59.36,254.74,No
C01732,Female,0,Yes,Yes,55,Yes,Yes,Fiber optic,No,Yes,Yes,Yes,Yes,Yes,Month-to-month,Yes,Mailed check,103.38,5037.96,No
C01733,Male,0,No,No,63,Yes,No,DSL,No,Yes,No,No,Yes,Yes,Month-to-month,No,Mailed check,66.59,4089.82,No
C01734,Female,0,No,No,38,Yes,Yes,Fiber optic,Yes,Yes,Yes,No,Yes,Yes,One year,Yes,Electronic check,103.23,4072.21,No
C01735,Female,0,No,No,14,Yes,,No,No internet service,No internet service,No internet service,No internet service,No internet service,No internet service,Month-to-month,No,Bank transfer (automatic),29.23,416.88,No
C01736,Female,0,Yes,Yes,13,Yes,No,Fiber optic,No,No,Yes,No,No,Yes,Month-to-month,No,Electronic check,83.26,965.27,Yes
C01737,Male,0,No,Yes,0,Yes,Yes,No,No internet service,No internet service,No internet service,No internet service,No internet service,No internet service,Two year,No,Credit card (automatic),23.84, ,No
C01738,Female,0,Yes,Yes,5,Yes,No,Fiber optic,Yes,No,No,No,Yes,No,One year,No,Electronic check,81.19,387.45,No
C01739,Female,0,Yes,Yes,34,Yes,Yes,DSL,Yes,No,No,No,Yes,No,Month-to-month,No,Mailed check,61.32,1898.02,No
C01740,Male,0,No,No,72,Yes,Yes,Fiber optic,No,No,Yes,Yes,No,No,One year,No,Mailed check,77.88,4766.61,No
C01741,Male,0,No,No,3,Yes,No,DSL,No,Yes,No,No,No,Yes,Month-to-month,No,Electronic check,58.78,158.0,Yes
C01742,Male,0,No,No,5,Yes,No,Fiber optic,Yes,No,Yes,No,No,No,One year,Yes,Bank transfer (automatic),75.27,378.84,Yes
C01743,Female,0,No,No,5,Yes,Yes,DSL,No,No,Yes,No,No,No,One year,No,Credit card (automatic),59.39,290.7,No
C01744,Female,0,Yes,No,66,Yes,No,DSL,No,No,No,Yes,Yes,No,Two year,Yes,Electronic check,54.68,3748.33,No
C01745,Female,0,Yes,No,4,Yes,Yes,DSL,No,No,Yes,Yes,Yes,No,One year,No,Credit card (automatic),73.54,251.8,No
C01746,Female,0,No,No,17,Yes,No,Fiber optic,No,Yes,Yes,No,Yes,Yes,One year,Yes,Mailed check,96.45,1717.42,No
C01747,Female,1,No,No,11,Yes,No,No,No internet service,No internet service,No internet service,No internet service,No internet service,No internet service,Month-to-month,Yes,Electronic check,18.0,172.24,No
C01748,Male,0,Yes,Yes,49,No,No phone service,Fiber optic,,Yes,Yes,No,No,Yes,Two year,No,Electronic check,57.27,2407.5,No
C01749,Male,0,Yes,Yes,72,No,No phone service,DSL,No,Yes,Yes,No,No,No,Two year,Yes,Mailed check,48.1,3116.61,No
C01750,Female,0,Yes,No,54,Yes,Yes,Fiber optic,Yes,No,No,Yes,Yes,No,Two year,No,Electronic check,91.07,4196.78,No
C01751,Male,0,No,No,5,Yes,Yes,DSL,No,No,No,Yes,Yes,No,Month-to-month,No,Bank transfer (automatic),64.44,285.23,Yes
C01752,Female,0,Yes,Yes,12,Yes,Yes,DSL,No,Yes,No,No,No,Yes,Month-to-month,Yes,Credit card (automatic),68.12,740.27,No
C01753,Female,0,No,No,1,Yes,No,Fiber optic,Yes,No,No,No,Yes,No,Month-to-month,No,Electronic check,80.73,79.26,Yes
C01754,Male,0,Yes,Yes,6,Yes,Yes,Fiber optic,No,Yes,No,No,Yes,No,One year,Yes,Credit card (automatic),86.64,491.1,Yes
C01755,Female,0,Yes,No,71,No,No phone service,DSL,No,Yes,No,No,No,No,One year,No,Electronic check,33.37,2455.01,No
C01756,Male,0,Yes,Yes,11,Yes,Yes,Fiber optic,Yes,No,Yes,No,Yes,Yes,Month-to-month,No,Credit card (automatic),96.99,956.19,Yes
C01757,Female,0,Yes,No,21,Yes,No,Fiber optic,No,No,No,Yes,Yes,Yes,One year,Yes,Mailed check,87.94,1777.22,No
C01758,Female,0,No,No,14,Yes,Yes,Fiber optic,Yes,Yes,No,Yes,No,No,Month-to-month,Yes,Electronic check,96.05,1309.17,Yes
C01759,Female,0,Yes,Yes,24,Yes,No,Fiber optic,No,No,Yes,No,No,No,One year,Yes,Electronic check,71.73,1724.41,No
C01760,Male,0,Yes,No,43,Yes,Yes,DSL,No,Yes,No,No,No,Yes,Two year,Yes,Electronic check,66.13,2669.58,No
C01761,Male,0,No,No,48,No,No phone service,DSL,Yes,No,No,Yes,No,No,Two year,Yes,Credit card (automatic),36.16,1786.29,No
C01762,Male,0,Yes,No,72,Yes,No,Fiber optic,Yes,Yes,Yes,Yes,No,Yes,Two year,No,Electronic check,91.4,5613.86,No
C01763,Male,0,Yes,No,58,Yes,No,No,No internet service,No internet service,No internet service,No internet service,No internet service,No internet service,One year,No,Mailed check,21.24,1092.56,No
C01764,Male,0,Yes,Yes,6,Yes,No,Fiber optic,Yes,No,Yes,Yes,Yes,No,Two year,No,Electronic check,83.48,495.86,No
C01765,Male,0,Yes,No,56,Yes,No,DSL,No,Yes,No,Yes,Yes,Yes,Two year,No,Electronic check,66.71,3875.93,No
C01766,Female,0,Yes,No,4,Yes,No,DSL,Yes,Yes,Yes,No,No,Yes,One year,No,Electronic check,71.11,290.22,No
C01767,Male,1,No,No,10,Yes,No,Fiber optic,Yes,Yes,No,Yes,Yes,No,One year,Yes,Bank transfer (automatic),81.67,844.19,No
C01768,Male,0,Yes,No,3,Yes,Yes,No,No internet service,No internet service,No internet service,No internet service,No internet service,No internet service,Month-to-month,No,Bank transfer (automatic),31.51,88.42,No
C01769,Female,0,No,No,69,Yes,Yes,No,No internet service,No internet service,No internet service,No internet service,No internet service,No internet service,Two year,Yes,Electronic check,24.35,1760.89,No
C01770,Female,0,No,No,11,Yes,No,DSL,Yes,Yes,No,Yes,Yes,No,Month-to-month,Yes,Credit card (automatic),65.51,680.72,Yes
C01771,Female,1,Yes,Yes,2,No,No phone service,Fiber optic,No,Yes,Yes,Yes,Yes,No,Month-to-month,Yes,Mailed check,81.01,141.16,Yes
C01772,Female,0,No,No,36,Yes,No,Fiber optic,No,Yes,Yes,No,Yes,Yes,Month-to-month,Yes,Bank transfer (automatic),88.03,3202.04,Yes
C01773,Female,0,Yes,Yes,3,Yes,No,DSL,No,Yes,Yes,Yes,Yes,Yes,Month-to-month,No,Electronic check,73.11,205.07,Yes
C01774,Female,0,Yes,No,11,No,No phone service,Fiber optic,No,Yes,No,No,Yes,Yes,One year,No,Mailed check,63.59,596.23,No
C01775,Female,0,No,No,4,Yes,No,Fiber optic,No,No,Yes,No,No,No,One year,Yes,Credit card (automatic),75.27,262.77,No
C01776,Female,0,Yes,No,56,Yes,Yes,Fiber optic,No,Yes,No,No,No,No,Two year,No,Mailed check,83.11,4697.23,No
C01777,Male,0,No,No,2,Yes,Yes,Fiber optic,No,Yes,No,Yes,Yes,Yes,Month-to-month,Yes,Mailed check,100.6,202.37,Yes
C01778,Male,1,No,No,52,Yes,Yes,Fiber optic,Yes,Yes,No,No,No,Yes,Two year,No,Mailed check,91.33,4630.47,No
C01779,Male,0,Yes,No,3,Yes,No,Fiber optic,No,Yes,Yes,Yes,No,Yes,Two year,Yes,Electronic check,90.56,233.12,Yes
C01780,Male,0,Yes,Yes,5,Yes,Yes,Fiber optic,No,Yes,No,No,Yes,Yes,Month-to-month,Yes,Electronic check,95.95,430.51,Yes
C01781,Female,0,No,Yes,18,Yes,No,DSL,No,No,Yes,No,No,Yes,Month-to-month,Yes,Bank transfer (automatic),56.96,885.67,Yes
C01782,Male,1,No,No,7,Yes,No,DSL,No,Yes,Yes,Yes,Yes,No,One year,Yes,Bank transfer (automatic),71.49,462.25,Yes
C01783,Male,0,Yes,Yes,40,Yes,No,Fiber optic,No,No,Yes,No,No,Yes,Month-to-month,No,Electronic check,82.97,3268.3,No
C01784,Male,0,Yes,Yes,39,Yes,,No,No internet service,No internet service,No internet service,No internet service,No internet service,No internet service,Two year,No,Mailed check,18.0,626.17,No
C01785,Female,0,Yes,No,18,Yes,Yes,DSL,Yes,Yes,Yes,Yes,Yes,No,One year,Yes,Electronic check,80.55,1480.12,No
C01786,Male,0,No,No,59,Yes,No,Fiber optic,Yes,Yes,No,Yes,No,Yes,Two year,No,Bank transfer (automatic),85.2,4554.3,No
C01787,Female,0,Yes,Yes,28,Yes,No,Fiber optic,No,Yes,Yes,No,Yes,No,Month-to-month,Yes,Bank transfer (automatic),85.39,2504.91,No
C01788,Female,0,Yes,No,6,Yes,Yes,Fiber optic,Yes,No,No,Yes,No,Yes,Month-to-month,No,Credit card (automatic),94.02,581.15,No
C01789,Male,0,No,No,59,No,No phone service,DSL,Yes,No,No,Yes,Yes,Yes,Two year,Yes,Bank transfer (automatic),45.06,2388.32,No
C01790,Female,1,No,No,56,Yes,No,Fiber optic,Yes,Yes,No,No,Yes,Yes,Two year,Yes,Bank transfer (automatic),90.63,4647.59,No
C01791,Male,1,No,No,43,Yes,No,Fiber optic,No,Yes,No,No,No,Yes,One year,Yes,Bank transfer (automatic),79.1,3159.98,No
C01792,Male,0,No,Yes,9,Yes,Yes,DSL,No,Yes,No,No,Yes,No,One year,No,Mailed check,68.13,597.65,No
C01793,Female,0,Yes,No,51,Yes,Yes,DSL,No,Yes,Yes,No,No,Yes,Month-to-month,No,Credit card (automatic),70.5,3220.32,No
C01794,Female,0,Yes,Yes,56,Yes,No,Fiber optic,No,No,No,Yes,Yes,No,One year,No,Mailed check,72.57,4261.81,No
C01795,Male,0,No,Yes,2,Yes,Yes,Fiber optic,No,No,No,No,Yes,Yes,One year,Yes,Mailed check,87.1,173.15,Yes
C01796,Female,0,Yes,No,4,Yes,No,No,No internet service,No internet service,No internet service,No internet service,No internet service,No internet service,Month-to-month,Yes,Credit card (automatic),18.0,64.58,No
C01797,Male,0,No,No,7,Yes,Yes,Fiber optic,No,Yes,No,No,Yes,No,Month-to-month,Yes,Credit card (automatic),80.53,556.22,Yes
C01798,Female,0,Yes,Yes,52,Yes,Yes,DSL,Yes,Yes,No,No,Yes,Yes,Month-to-month,Yes,Mailed check,78.91,4146.29,No
C01799,Female,0,No,No,68,Yes,Yes,DSL,Yes,No,No,No,No,Yes,Two year,Yes,Credit card (automatic),71.34,4727.93,No
C01800,Female,0,No,No,57,Yes,Yes,DSL,No,No,Yes,No,No,No,Two year,No,Mailed check,47.32,2413.12,No
C01801,Female,0,No,No,15,Yes,Yes,Fiber optic,No,Yes,Yes,No,Yes,No,Two year,Yes,Mailed check,86.71,1300.46,No
C01802,Male,0,Yes,Yes,13,Yes,No,Fiber optic,No,Yes,Yes,No,Yes,No,Month-to-month,Yes,Credit card (automatic),80.01,996.2,Yes
C01803,Female,0,No,No,15,Yes,Yes,Fiber optic,Yes,No,Yes,No,Yes,No,Month-to-month,Yes,Bank transfer (automatic),93.68,1219.23,No
C01804,Female,0,No,No,17,Yes,No,DSL,No,No,No,No,Yes,Yes,Month-to-month,Yes,Electronic check,53.08,843.45,No
C01805,Female,0,No,No,11,Yes,Yes,Fiber optic,No,No,Yes,No,Yes,No,Two year,Yes,Mailed check,81.4,765.47,No
C01806,Male,0,No,No,24,Yes,No,DSL,No,No,No,No,Yes,Yes,One year,No,Credit card (automatic),62.25,1547.66,No
C01807,Male,0,Yes,No,17,No,No phone service,DSL,Yes,Yes,No,No,Yes,Yes,Month-to-month,Yes,Electronic check,55.43,922.38,No
C01808,Male,1,Yes,Yes,18,Yes,Yes,No,No internet service,No internet service,No internet service,No internet service,No internet service,No internet service,Month-to-month,No,Mailed check,26.55,482.4,No
C01809,Male,1,Yes,No,3,Yes,No,No,No internet service,No internet service,No internet service,No internet service,No internet service,No internet service,Month-to-month,Yes,Electronic check,23.38,69.88,Yes
C01810,Male,0,No,No,45,Yes,Yes,Fiber optic,No,No,Yes,No,No,Yes,Two year,Yes,Bank transfer (automatic),85.78,3790.86,No
C01811,Male,1,No,No,1,Yes,No,DSL,Yes,No,No,No,Yes,No,Month-to-month,Yes,Mailed check,60.48,62.67,Yes
C01812,Female,0,Yes,No,4,Yes,No,No,No internet service,No internet service,No internet service,No internet service,No internet service,No internet service,Month-to-month,Yes,Mailed check,18.0,74.01,No
C01813,Male,1,No,No,1,No,No phone service,Fiber optic,Yes,Yes,No,Yes,Yes,Yes,Month-to-month,No,Bank transfer (automatic),74.8,73.41,Yes
C01814,Female,1,Yes,No,23,Yes,No,DSL,No,No,No,Yes,Yes,Yes,Month-to-month,No,Electronic check,59.7,1296.21,No
C01815,Female,0,No,No,3,Yes,Yes,Fiber optic,,No,Yes,Yes,No,No,Month-to-month,Yes,Credit card (automatic),80.53,246.94,Yes
C01816,Female,1,No,No,5,Yes,No,DSL,No,Yes,No,Yes,No,No,Month-to-month,Yes,Electronic check,55.84,240.58,Yes
C01817,Male,0,Yes,No,59,Yes,No,DSL,No,No,Yes,No,Yes,No,Month-to-month,No,Electronic check,52.73,3042.76,No
C01818,Male,0,Yes,No,4,Yes,Yes,Fiber optic,No,No,No,No,Yes,No,Month-to-month,Yes,Mailed check,81.75,313.96,Yes
C01819,Female,1,No,No,0,Yes,Yes,DSL,No,No,No,Yes,Yes,Yes,One year,Yes,Mailed check,75.23, ,Yes
C01820,Female,0,No,No,51,Yes,No,Fiber optic,Yes,Yes,Yes,Yes,Yes,Yes,Two year,Yes,Mailed check,97.88,4276.12,No
C01821,Male,0,Yes,No,24,Yes,No,Fiber optic,No,Yes,Yes,Yes,No,Yes,One year,No,Credit card (automatic),100.0,2282.84,No
C01822,Female,0,Yes,No,2,Yes,No,No,No internet service,No internet service,No internet service,No internet service,No internet service,No internet service,Month-to-month,Yes,Electronic check,21.42,44.15,No
C01823,Female,0,No,No,16,Yes,No,DSL,Yes,Yes,Yes,No,No,Yes,Month-to-month,No,Bank transfer (automatic),76.81,1091.42,No
C01824,Female,1,Yes,Yes,10,Yes,Yes,DSL,Yes,No,Yes,Yes,No,No,Month-to-month,Yes,Bank transfer (automatic),75.42,732.03,Yes
C01825,Male,1,No,No,0,Yes,,Fiber optic,Yes,Yes,Yes,Yes,No,No,Month-to-month,No,Electronic check,92.67, ,Yes
C01826,Female,0,Yes,No,15,No,No phone service,Fiber optic,No,Yes,No,No,No,No,Month-to-month,Yes,Mailed check,47.91,655.79,Yes
C01827,Male,1,No,Yes,0,Yes,No,Fiber optic,Yes,Yes,Yes,Yes,Yes,No,Month-to-month,No,Credit card (automatic),96.38, ,Yes
C01828,Female,0,No,No,10,Yes,Yes,No,No internet service,No internet service,No internet service,No internet service,No internet service,No internet service,Month-to-month,No,Electronic check,29.4,307.55,No
C01829,Male,1,Yes,Yes,42,Yes,Yes,Fiber optic,No,Yes,No,No,No,Yes,Month-to-month,No,Electronic check,88.75,3192.92,No
C01830,Male,0,No,No,1,No,No phone service,No,No internet service,No internet service,No internet service,No internet service,No internet service,No internet service,Two year,Yes,Electronic check,18.0,17.81,No
C01831,Female,0,Yes,No,3,Yes,No,Fiber optic,Yes,No,No,No,No,Yes,One year,Yes,Mailed check,80.65,242.25,Yes
C01832,Male,0,No,Yes,55,Yes,No,Fiber optic,,No,No,No,Yes,Yes,Month-to-month,Yes,Mailed check,79.32,4339.3,Yes
C01833,Male,0,No,No,60,Yes,Yes,No,No internet service,No internet service,No internet service,No internet service,No internet service,No internet service,One year,No,Bank transfer (automatic),24.55,1351.11,No
C01834,Male,0,Yes,No,1,Yes,No,DSL,Yes,No,No,Yes,No,No,Month-to-month,Yes,Credit card (automatic),59.33,55.71,No
C01835,Male,0,No,No,5,Yes,Yes,Fiber optic,No,No,Yes,Yes,Yes,No,Two year,No,Bank transfer (automatic),94.81,431.97,No
C01836,Male,0,Yes,No,5,Yes,Yes,Fiber optic,No,Yes,No,No,Yes,No,Month-to-month,No,Mailed check,90.8,397.33,Yes
C01837,Male,0,No,No,38,Yes,No,Fiber optic,No,No,Yes,No,Yes,Yes,Two year,No,Electronic check,81.13,3186.92,Yes
C01838,Female,0,No,Yes,28,No,No phone service,Fiber optic,Yes,No,No,No,Yes,No,Two year,Yes,Electronic check,62.13,1762.98,No
C01839,Female,0,No,No,9,Yes,No,No,No internet service,No internet service,No internet service,No internet service,No internet service,No internet service,Month-to-month,Yes,Bank transfer (automatic),22.2,193.1,No
C01840,Male,0,No,No,64,Yes,No,DSL,No,No,Yes,No,No,Yes,Two year,Yes,Bank transfer (automatic),54.76,3369.75,No
C01841,Female,0,No,No,17,Yes,Yes,No,No internet service,No internet service,No internet service,No internet service,No internet service,No internet service,Month-to-month,Yes,Electronic check,28.61,496.5,Yes
C01842,Male,0,Yes,No,0,Yes,No,No,No internet service,No internet service,No internet service,No internet service,No internet service,No internet service,Month-to-month,Yes,Bank transfer (automatic),18.0, ,Yes
C01843,Female,0,Yes,No,72,Yes,Yes,DSL,No,No,Yes,No,No,No,One year,Yes,Mailed check,64.73,4811.91,No
C01844,Male,0,No,No,3,Yes,No,DSL,No,No,No,Yes,Yes,No,One year,Yes,Credit card (automatic),49.04,138.22,No
C01845,Female,0,Yes,No,72,Yes,Yes,Fiber optic,Yes,Yes,Yes,No,Yes,No,Month-to-month,No,Mailed check,97.83,6006.61,No
C01846,Male,0,Yes,No,24,Yes,Yes,DSL,Yes,No,No,No,No,No,Month-to-month,No,Mailed check,64.87,1364.42,No
C01847,Female,0,Yes,No,42,Yes,Yes,Fiber optic,No,No,No,Yes,Yes,Yes,Two year,No,Bank transfer (automatic),88.65,3187.77,No
C01848,Male,0,No,No,59,Yes,No,Fiber optic,No,Yes,Yes,Yes,Yes,Yes,Month-to-month,Yes,Bank transfer (automatic),94.4,5291.49,No
C01849,Female,1,No,No,12,Yes,Yes,No,No internet service,No internet service,No internet service,No internet service,No internet service,No internet service,One year,Yes,Credit card (automatic),27.68,283.95,No
C01850,Male,0,Yes,Yes,72,Yes,No,DSL,No,Yes,Yes,Yes,No,Yes,Month-to-month,No,Mailed check,67.7,4238.31,No
C01851,Female,0,Yes,No,28,Yes,No,Fiber optic,Yes,Yes,No,No,No,Yes,Month-to-month,Yes,Credit card (automatic),93.23,2538.19,No
C01852,Male,0,No,No,52,Yes,Yes,No,No internet service,No internet service,No internet service,No internet service,No internet service,No internet service,One year,No,Credit card (automatic),25.34,1195.69,No
C01853,Female,0,Yes,Yes,3,Yes,,Fiber optic,No,Yes,No,No,No,No,One year,Yes,Credit card (automatic),82.51,217.28,No
C01854,Female,0,No,No,3,Yes,Yes,DSL,No,No,No,No,Yes,No,Month-to-month,Yes,Electronic check,59.75,160.82,No
C01855,Female,0,No,No,20,Yes,No,DSL,No,Yes,Yes,No,Yes,Yes,Month-to-month,No,Mailed check,67.75,1168.22,Yes
C01856,Male,1,No,Yes,67,Yes,,Fiber optic,Yes,No,Yes,Yes,No,No,Two year,Yes,Bank transfer (automatic),83.08,5628.09,No
C01857,Male,1,Yes,No,1,Yes,No,DSL,No,No,No,Yes,No,No,Month-to-month,Yes,Mailed check,50.8,46.81,Yes
C01858,Male,0,No,No,66,Yes,No,DSL,Yes,No,Yes,No,Yes,No,One year,Yes,Mailed check,59.01,3792.97,No
C01859,Male,0,No,No,53,Yes,No,Fiber optic,Yes,No,No,No,Yes,Yes,Two year,No,Credit card (automatic),84.32,3849.83,No
C01860,Female,0,Yes,No,10,Yes,Yes,Fiber optic,No,No,Yes,No,Yes,No,One year,Yes,Bank transfer (automatic),81.17,828.58,No
C01861,Female,0,No,No,17,Yes,No,DSL,Yes,No,No,No,No,Yes,Two year,Yes,Credit card (automatic),60.51,1055.09,No
C01862,Female,1,No,No,17,Yes,Yes,Fiber optic,No,No,No,Yes,No,No,Month-to-month,Yes,Mailed check,73.59,1129.39,Yes
C01863,Female,0,No,Yes,64,Yes,No,Fiber optic,No,Yes,No,No,No,Yes,Two year,No,Electronic check,79.33,4573.89,No
C01864,Female,0,No,No,47,Yes,No,Fiber optic,No,Yes,Yes,No,Yes,No,Two year,Yes,Bank transfer (automatic),78.28,3471.53,No
C01865,Female,0,Yes,No,4,Yes,Yes,Fiber optic,Yes,Yes,Yes,Yes,No,No,Month-to-month,Yes,Mailed check,94.42,380.63,Yes
C01866,Female,0,Yes,No,3,Yes,,DSL,No,No,No,No,Yes,No,Month-to-month,Yes,Bank transfer (automatic),56.14,170.72,Yes
C01867,Male,0,Yes,No,5,Yes,Yes,Fiber optic,No,No,No,No,Yes,No,One year,No,Bank transfer (automatic),74.36,340.48,Yes
C01868,Female,0,Yes,No,10,Yes,No,Fiber optic,Yes,Yes,Yes,No,No,No,One year,Yes,Bank transfer (automatic),86.41,761.72,No
C01869,Female,0,No,No,10,Yes,No,No,No internet service,No internet service,No internet service,No internet service,No internet service,No internet service,Month-to-month,Yes,Bank transfer (automatic),20.33,198.97,No
C01870,Male,0,Yes,No,8,Yes,Yes,Fiber optic,Yes,No,No,No,No,No,Month-to-month,No,Credit card (automatic),72.4,602.48,Yes
C01871,Male,1,No,No,9,Yes,No,DSL,Yes,No,Yes,No,No,No,Month-to-month,No,Bank transfer (automatic),50.43,425.68,Yes
C01872,Female,0,Yes,No,53,Yes,No,DSL,No,Yes,No,Yes,No,Yes,One year,Yes,Mailed check,63.44,3458.31,No
C01873,Female,0,No,No,5,Yes,No,Fiber optic,Yes,No,No,No,No,Yes,Month-to-month,Yes,Bank transfer (automatic),73.43,338.76,Yes
C01874,Female,0,No,No,52,No,No phone service,No,No internet service,No internet service,No internet service,No internet service,No internet service,No internet service,Two year,Yes,Bank transfer (automatic),18.0,959.4,No
C01875,Female,0,No,No,16,Yes,No,Fiber optic,No,No,No,Yes,No,Yes,Two year,No,Electronic check,79.92,1213.33,No
C01876,Male,1,No,Yes,13,Yes,Yes,Fiber optic,No,No,No,No,Yes,No,Two year,Yes,Mailed check,74.42,940.03,No
C01877,Male,0,No,No,3,Yes,Yes,DSL,No,Yes,No,No,Yes,Yes,Month-to-month,Yes,Credit card (automatic),76.0,213.71,Yes
C01878,Female,0,No,No,1,Yes,No,DSL,No,Yes,No,Yes,No,Yes,Month-to-month,Yes,Electronic check,62.31,60.51,Yes
C01879,Female,0,No,No,70,Yes,Yes,Fiber optic,Yes,No,Yes,No,No,No,One year,Yes,Electronic check,87.96,5385.0,No
C01880,Female,0,Yes,No,43,Yes,No,DSL,No,No,No,No,No,No,Two year,No,Bank transfer (automatic),44.14,1765.75,No
C01881,Female,1,No,No,6,Yes,No,DSL,Yes,Yes,No,Yes,No,Yes,Month-to-month,No,Credit card (automatic),70.7,408.93,Yes
C01882,Male,0,Yes,Yes,5,Yes,No,DSL,No,No,No,No,Yes,Yes,Month-to-month,Yes,Bank transfer (automatic),58.49,288.75,Yes
C01883,Female,0,No,No,5,Yes,Yes,No,No internet service,No internet service,No internet service,No internet service,No internet service,No internet service,Month-to-month,No,Electronic check,29.71,154.85,Yes
C01884,Male,0,No,Yes,26,Yes,No,DSL,No,No,No,Yes,No,Yes,Two year,Yes,Bank transfer (automatic),55.1,1300.83,No
C01885,Male,0,No,No,30,Yes,Yes,DSL,Yes,No,Yes,No,Yes,No,Month-to-month,Yes,Credit card (automatic),71.68,2212.81,No
C01886,Male,0,No,No,19,Yes,Yes,Fiber optic,Yes,No,Yes,Yes,No,No,One year,Yes,Electronic check,90.42,1792.2,No
C01887,Male,0,Yes,Yes,2,Yes,Yes,Fiber optic,No,Yes,No,Yes,Yes,No,Month-to-month,Yes,Mailed check,86.63,165.24,Yes
C01888,Female,0,No,No,15,No,No phone service,Fiber optic,No,Yes,No,Yes,No,Yes,Month-to-month,No,Bank transfer (automatic),64.3,928.71,No
C01889,Male,0,Yes,Yes,57,Yes,Yes,Fiber optic,No,Yes,No,No,Yes,No,Two year,No,Bank transfer (automatic),83.15,4739.38,No
C01890,Male,0,Yes,No,50,Yes,Yes,Fiber optic,No,No,Yes,No,Yes,No,Two year,Yes,Credit card (automatic),82.88,4099.21,No
C01891,Female,0,No,Yes,4,Yes,No,Fiber optic,Yes,No,Yes,No,Yes,No,Month-to-month,Yes,Electronic check,92.01,347.28,Yes
C01892,Female,0,Yes,No,1,Yes,No,No,No internet service,No internet service,No internet service,No internet service,No internet service,No internet service,Month-to-month,Yes,Credit card (automatic),19.36,19.31,No
C01893,Male,0,No,No,3,Yes,No,DSL,No,No,No,No,Yes,Yes,Month-to-month,No,Bank transfer (automatic),54.31,168.87,Yes
C01894,Male,0,No,No,49,Yes,No,Fiber optic,No,No,Yes,Yes,No,No,One year,Yes,Electronic check,81.51,3908.96,Yes
C01895,Male,0,No,No,6,Yes,No,Fiber optic,No,No,No,No,Yes,No,Month-to-month,No,Bank transfer (automatic),72.21,431.15,Yes
C01896,Female,0,Yes,Yes,55,Yes,No,DSL,No,Yes,No,No,No,No,Two year,Yes,Bank transfer (automatic),49.76,2783.28,No
C01897,Male,0,Yes,Yes,57,Yes,Yes,Fiber optic,Yes,No,No,Yes,Yes,Yes,Month-to-month,No,Mailed check,95.87,5126.81,No
C01898,Male,0,Yes,Yes,6,Yes,Yes,Fiber optic,No,Yes,Yes,Yes,No,No,Month-to-month,Yes,Mailed check,87.78,483.15,Yes
C01899,Male,0,Yes,No,7,Yes,No,DSL,No,No,No,Yes,Yes,Yes,Month-to-month,Yes,Bank transfer (automatic),63.58,458.77,Yes
C01900,Female,0,Yes,Yes,48,Yes,Yes,Fiber optic,No,Yes,Yes,Yes,Yes,Yes,One year,Yes,Credit card (automatic),102.01,4740.87,No
C01901,Male,1,Yes,Yes,0,Yes,Yes,Fiber optic,No,Yes,Yes,No,No,No,Month-to-month,No,Bank transfer (automatic),77.23, ,Yes
C01902,Female,0,No,No,0,Yes,Yes,Fiber optic,Yes,Yes,No,No,No,No,Month-to-month,Yes,Electronic check,85.67, ,Yes
C01903,Male,0,No,No,14,Yes,No,DSL,Yes,Yes,No,No,No,No,One year,No,Credit card (automatic),58.76,753.59,No
C01904,Female,1,No,No,21,Yes,No,Fiber optic,No,No,No,Yes,No,Yes,Two year,No,Credit card (automatic),78.08,1447.4,No
C01905,Male,0,Yes,No,14,Yes,No,Fiber optic,No,Yes,No,No,No,Yes,One year,Yes,Electronic check,79.75,1033.84,No
C01906,Male,0,No,No,34,Yes,No,Fiber optic,No,No,No,No,No,No,Two year,No,Electronic check,66.66,2135.53,Yes
C01907,Male,0,Yes,Yes,54,Yes,Yes,DSL,No,Yes,No,No,No,Yes,Month-to-month,No,Credit card (automatic),65.36,3701.86,No
C01908,Female,0,Yes,Yes,61,Yes,No,DSL,No,No,No,No,Yes,No,Two year,No,Electronic check,50.29,2797.14,No
C01909,Female,0,Yes,Yes,41,Yes,No,No,No internet service,No internet service,No internet service,No internet service,No internet service,No internet service,Two year,Yes,Mailed check,19.88,853.22,No
C01910,Male,0,No,No,72,No,No phone service,DSL,No,No,Yes,No,No,Yes,Two year,Yes,Credit card (automatic),32.94,2408.16,No
C01911,Male,0,No,No,68,Yes,No,Fiber optic,No,No,No,Yes,No,Yes,Two year,Yes,Electronic check,73.41,4713.28,No
C01912,Female,0,Yes,Yes,4,No,No phone service,No,No internet service,No internet service,No internet service,No internet service,No internet service,No internet service,Month-to-month,No,Bank transfer (automatic),18.0,64.27,Yes
C01913,Female,0,No,No,11,Yes,No,DSL,No,No,No,Yes,No,No,Two year,No,Mailed check,49.46,472.33,No
C01914,Male,0,No,No,2,Yes,Yes,Fiber optic,Yes,Yes,No,No,No,No,Month-to-month,No,Bank transfer (automatic),89.26,183.49,Yes
C01915,Male,0,Yes,Yes,10,Yes,,Fiber optic,No,Yes,No,Yes,Yes,Yes,Month-to-month,Yes,Mailed check,92.62,851.32,Yes
C01916,Female,0,No,No,1,Yes,No,Fiber optic,Yes,Yes,Yes,No,Yes,Yes,Month-to-month,Yes,Credit card (automatic),93.24,82.98,Yes
C01917,Female,0,Yes,Yes,61,Yes,No,No,No internet service,No internet service,No internet service,No internet service,No internet service,No internet service,Two year,Yes,Credit card (automatic),19.76,1178.02,No
C01918,Female,1,Yes,Yes,53,Yes,Yes,Fiber optic,No,No,No,No,Yes,Yes,Month-to-month,No,Electronic check,89.87,4155.32,Yes
C01919,Female,0,No,No,40,Yes,No,Fiber optic,No,No,No,No,No,No,One year,No,Credit card (automatic),62.74,2587.59,No
C01920,Male,0,Yes,No,0,Yes,No,Fiber optic,No,Yes,No,Yes,Yes,Yes,Two year,No,Bank transfer (automatic),86.41, ,No
C01921,Male,0,No,No,0,Yes,No,DSL,No,No,No,No,Yes,No,Month-to-month,Yes,Mailed check,56.96, ,Yes
C01922,Male,0,Yes,No,9,Yes,No,DSL,No,No,No,No,Yes,No,Month-to-month,Yes,Electronic check,50.19,472.13,No
C01923,Male,0,No,No,2,Yes,No,No,No internet service,No internet service,No internet service,No internet service,No internet service,No internet service,Month-to-month,No,Bank transfer (automatic),21.06,41.38,No
C01924,Male,0,No,No,24,Yes,Yes,DSL,No,Yes,No,No,No,No,One year,No,Mailed check,62.18,1460.74,No
C01925,Male,0,No,No,51,Yes,Yes,DSL,No,No,Yes,Yes,Yes,Yes,Two year,Yes,Credit card (automatic),79.78,4219.98,No
C01926,Male,0,No,Yes,32,Yes,No,DSL,No,Yes,Yes,No,Yes,No,One year,No,Bank transfer (automatic),61.54,1922.88,No
C01927,Female,1,No,No,7,Yes,No,No,No internet service,No internet service,No internet service,No internet service,No internet service,No internet service,Month-to-month,Yes,Mailed check,18.89,130.77,No
C01928,Male,0,Yes,Yes,8,Yes,No,DSL,No,No,Yes,Yes,No,Yes,Month-to-month,Yes,Credit card (automatic),61.25,422.43,Yes
C01929,Male,0,Yes,No,2,Yes,Yes,Fiber optic,No,No,No,Yes,No,Yes,Month-to-month,Yes,Electronic check,78.1,153.72,Yes
C01930,Female,0,No,Yes,35,Yes,Yes,No,No internet service,No internet service,No internet service,No internet service,No internet service,No internet service,Two year,Yes,Electronic check,24.94,828.25,No
C01931,Female,0,Yes,No,4,Yes,Yes,Fiber optic,Yes,Yes,No,Yes,Yes,No,One year,Yes,Mailed check,95.94,342.11,No
C01932,Female,0,Yes,No,31,Yes,Yes,DSL,Yes,No,Yes,No,Yes,No,Two year,Yes,Mailed check,77.88,2454.13,No
C01933,Female,1,No,No,53,Yes,No,Fiber optic,No,No,No,Yes,Yes,Yes,One year,No,Mailed check,75.29,3704.97,No
C01934,Female,0,Yes,No,52,Yes,Yes,DSL,No,No,No,Yes,Yes,No,Month-to-month,Yes,Mailed check,61.4,2994.61,No
C01935,Male,1,Yes,Yes,72,Yes,No,Fiber optic,No,No,Yes,No,No,No,Two year,Yes,Mailed check,71.12,4905.8,No
C01936,Male,0,No,No,1,Yes,No,No,No internet service,No internet service,No internet service,No internet service,No internet service,No internet service,Month-to-month,Yes,Bank transfer (automatic),25.52,26.04,Yes
C01937,Female,0,No,Yes,10,No,No phone service,Fiber optic,Yes,No,No,Yes,No,No,Month-to-month,No,Mailed check,59.41,534.49,No
C01938,Male,0,No,No,9,Yes,No,Fiber optic,No,No,Yes,Yes,No,No,One year,Yes,Electronic check,75.22,659.22,No
C01939,Male,1,Yes,Yes,17,No,No phone service,Fiber optic,No,No,No,No,No,Yes,Month-to-month,Yes,Bank transfer (automatic),53.49,935.78,Yes
C01940,Male,0,Yes,Yes,0,Yes,Yes,Fiber optic,No,Yes,No,Yes,No,No,Month-to-month,Yes,Credit card (automatic),79.02, ,Yes
C01941,Male,0,No,Yes,2,Yes,Yes,No,No internet service,No internet service,No internet service,No internet service,No internet service,No internet service,Month-to-month,Yes,Electronic check,25.97,46.29,Yes
C01942,Male,0,Yes,Yes,72,Yes,Yes,Fiber optic,No,Yes,No,No,Yes,No,Month-to-month,Yes,Credit card (automatic),86.91,6038.07,Yes
C01943,Male,0,No,No,72,Yes,No,Fiber optic,No,Yes,Yes,No,Yes,Yes,Two year,No,Bank transfer (automatic),92.51,6333.56,No
C01944,Female,0,Yes,No,48,No,No phone service,DSL,No,Yes,Yes,Yes,No,Yes,One year,Yes,Mailed check,43.67,2105.97,No
C01945,Female,0,Yes,Yes,3,Yes,No,Fiber optic,No,No,No,Yes,Yes,No,Month-to-month,Yes,Bank transfer (automatic),73.72,222.42,Yes
C01946,Male,0,Yes,Yes,61,Yes,Yes,Fiber optic,Yes,No,No,Yes,No,Yes,Two year,Yes,Electronic check,91.52,5472.57,No
C01947,Female,0,Yes,No,55,Yes,No,Fiber optic,Yes,No,No,No,No,Yes,Two year,No,Electronic check,78.67,4005.05,No
C01948,Male,0,Yes,No,15,Yes,No,Fiber optic,Yes,Yes,No,Yes,No,Yes,Month-to-month,Yes,Electronic check,83.11,1245.29,No
C01949,Female,0,No,No,69,Yes,No,DSL,No,No,No,No,No,No,Two year,No,Bank transfer (automatic),45.54,2796.05,No
C01950,Female,0,No,No,9,Yes,No,No,No internet service,No internet service,No internet service,No internet service,No internet service,No internet service,Month-to-month,No,Bank transfer (automatic),18.0,140.68,No
C01951,Male,0,Yes,No,0,Yes,Yes,Fiber optic,No,Yes,Yes,Yes,No,No,One year,No,Electronic check,96.89, ,Yes
C01952,Female,0,No,No,2,Yes,No,No,No internet service,No internet service,No internet service,No internet service,No internet service,No internet service,Month-to-month,No,Electronic check,23.48,47.08,No
C01953,Female,1,Yes,No,1,No,No phone service,DSL,No,Yes,No,Yes,Yes,Yes,Month-to-month,Yes,Bank transfer (automatic),50.01,44.81,No
C01954,Female,0,Yes,No,57,Yes,No,Fiber optic,No,Yes,No,No,No,No,Month-to-month,Yes,Electronic check,68.31,3438.34,No
C01955,Female,0,No,No,18,Yes,No,Fiber optic,No,Yes,No,No,Yes,Yes,Two year,Yes,Mailed check,81.3,1331.03,No
C01956,Female,0,No,No,45,Yes,Yes,Fiber optic,Yes,Yes,No,No,Yes,No,Two year,Yes,Electronic check,95.11,4315.14,Yes
C01957,Male,0,No,No,0,Yes,No,DSL,Yes,Yes,No,No,No,No,Month-to-month,No,Electronic check,52.4, ,Yes
C01958,Female,0,Yes,Yes,0,Yes,Yes,No,No internet service,No internet service,No internet service,No internet service,No internet service,No internet service,Month-to-month,Yes,Electronic check,25.7, ,Yes
C01959,Female,0,Yes,No,4,Yes,Yes,DSL,Yes,No,Yes,No,Yes,No,Month-to-month,Yes,Credit card (automatic),69.42,289.84,Yes
C01960,Female,0,No,No,68,Yes,Yes,DSL,No,Yes,No,No,Yes,No,Month-to-month,No,Bank transfer (automatic),60.62,3694.93,No
C01961,Male,0,No,Yes,51,Yes,No,No,No internet service,No internet service,No internet service,No internet service,No internet service,No internet service,Month-to-month,No,Bank transfer (automatic),20.73,915.05,No
C01962,Female,0,No,No,51,Yes,No,Fiber optic,Yes,No,Yes,No,No,Yes,Two year,Yes,Electronic check,83.77,4091.84,No
C01963,Male,0,No,No,1,Yes,No,No,No internet service,No internet service,No internet service,No internet service,No internet service,No internet service,Month-to-month,Yes,Mailed check,22.73,19.7,Yes
C01964,Female,0,Yes,Yes,19,Yes,Yes,No,No internet service,No internet service,No internet service,No internet service,No internet service,No internet service,One year,Yes,Bank transfer (automatic),30.9,546.99,No
C01965,Male,0,No,No,5,Yes,Yes,Fiber optic,No,No,Yes,No,Yes,Yes,One year,Yes,Electronic check,91.14,419.41,Yes
C01966,Female,0,No,No,16,Yes,Yes,No,No internet service,No internet service,No internet service,No internet service,No internet service,No internet service,Month-to-month,Yes,Bank transfer (automatic),26.64,402.63,No
C01967,Female,0,Yes,No,12,No,No phone service,DSL,Yes,Yes,No,No,No,No,One year,Yes,Bank transfer (automatic),38.67,400.18,No
C01968,Male,1,Yes,Yes,6,Yes,No,No,No internet service,No internet service,No internet service,No internet service,No internet service,No internet service,Two year,Yes,Mailed check,21.21,129.77,No
C01969,Female,0,No,No,69,Yes,Yes,Fiber optic,No,No,Yes,No,No,No,Two year,No,Mailed check,75.37,4660.17,No
C01970,Male,1,Yes,Yes,14,Yes,Yes,No,,No internet service,No internet service,No internet service,No internet service,No internet service,Month-to-month,Yes,Electronic check,26.49,344.24,Yes
C01971,Female,0,No,No,6,No,No phone service,Fiber optic,Yes,No,Yes,No,No,Yes,Month-to-month,No,Mailed check,70.07,371.19,Yes
C01972,Female,0,No,No,59,Yes,No,Fiber optic,,Yes,Yes,No,Yes,No,Two year,Yes,Bank transfer (automatic),84.73,4466.23,No
C01973,Male,0,Yes,Yes,72,Yes,Yes,No,No internet service,No internet service,No internet service,No internet service,No internet service,No internet service,Month-to-month,No,Electronic check,30.56,2068.21,No
C01974,Male,0,No,No,45,Yes,No,DSL,No,Yes,No,No,No,Yes,Two year,Yes,Bank transfer (automatic),55.36,2529.34,No
C01975,Male,0,No,No,0,Yes,Yes,Fiber optic,Yes,No,Yes,No,No,Yes,Month-to-month,No,Electronic check,90.45, ,Yes
C01976,Male,0,Yes,Yes,3,Yes,No,No,No internet service,No internet service,No internet service,No internet service,No internet service,No internet service,One year,Yes,Credit card (automatic),18.0,51.61,Yes
C01977,Female,1,No,No,14,Yes,No,No,No internet service,No internet service,No internet service,No internet service,No internet service,No internet service,Month-to-month,No,Bank transfer (automatic),21.17,293.76,Yes
C01978,Female,0,Yes,Yes,54,Yes,Yes,Fiber optic,Yes,No,No,Yes,No,No,One year,Yes,Credit card (automatic),78.94,4158.19,No
C01979,Male,0,No,Yes,58,Yes,Yes,Fiber optic,No,No,Yes,No,Yes,Yes,Two year,Yes,Mailed check,97.1,4959.79,No
C01980,Female,0,Yes,No,15,Yes,Yes,DSL,No,Yes,No,No,Yes,No,Month-to-month,Yes,Electronic check,66.9,955.63,No
C01981,Male,0,Yes,No,53,No,No phone service,Fiber optic,No,Yes,No,No,No,No,Two year,No,Electronic check,57.05,2750.61,No
C01982,Female,0,No,No,8,Yes,No,No,No internet service,No internet service,No internet service,No internet service,No internet service,No internet service,Two year,Yes,Electronic check,18.0,127.23,No
C01983,Male,0,Yes,No,9,Yes,No,DSL,No,Yes,Yes,No,Yes,No,Month-to-month,No,Electronic check,60.62,542.01,No
C01984,Female,0,Yes,No,72,Yes,Yes,DSL,Yes,Yes,Yes,No,Yes,Yes,Month-to-month,Yes,Bank transfer (automatic),86.15,6402.02,No
C01985,Female,0,Yes,No,70,Yes,No,DSL,Yes,Yes,No,No,No,Yes,Two year,No,Electronic check,62.08,4352.34,No
C01986,Male,0,No,Yes,1,Yes,No,DSL,No,Yes,Yes,No,Yes,No,Month-to-month,Yes,Mailed check,63.49,61.85,No
C01987,Female,1,No,No,9,Yes,Yes,Fiber optic,Yes,Yes,No,Yes,No,Yes,Month-to-month,Yes,Electronic check,96.04,874.65,Yes
C01988,Female,0,Yes,Yes,3,Yes,No,DSL,No,No,No,No,Yes,No,Month-to-month,Yes,Credit card (automatic),54.73,153.31,No
C01989,Male,0,Yes,Yes,6,Yes,Yes,Fiber optic,No,Yes,No,No,No,Yes,Month-to-month,Yes,Electronic check,78.13,477.39,No
C01990,Male,1,Yes,No,56,No,No phone service,DSL,Yes,No,Yes,No,No,No,One year,Yes,Credit card (automatic),40.28,2211.43,No
C01991,Female,0,No,No,19,Yes,No,No,No internet service,No internet service,No internet service,No internet service,No internet service,No internet service,Month-to-month,Yes,Bank transfer (automatic),24.7,414.04,No
C01992,Male,0,Yes,No,52,Yes,No,Fiber optic,Yes,No,No,Yes,Yes,No,One year,No,Bank transfer (automatic),87.14,4516.19,No
C01993,Male,0,No,Yes,4,Yes,No,Fiber optic,,Yes,No,Yes,No,Yes,Month-to-month,No,Electronic check,86.23,356.52,Yes
C01994,Male,0,Yes,No,9,Yes,Yes,No,,No internet service,No internet service,No internet service,No internet service,No internet service,One year,Yes,Bank transfer (automatic),25.95,232.42,No
C01995,Female,1,No,No,57,Yes,Yes,DSL,Yes,Yes,No,No,Yes,No,Two year,Yes,Mailed check,68.8,3763.47,No
C01996,Male,0,No,Yes,2,Yes,Yes,No,No internet service,No internet service,No internet service,No internet service,No internet service,No internet service,Month-to-month,No,Bank transfer (automatic),31.4,56.72,Yes
C01997,Male,0,Yes,No,61,Yes,No,DSL,No,Yes,Yes,No,Yes,Yes,Month-to-month,Yes,Electronic check,69.72,4056.35,Yes
C01998,Female,1,No,No,28,Yes,Yes,Fiber optic,Yes,No,No,Yes,Yes,No,Two year,Yes,Electronic check,84.36,2024.51,No
C01999,Female,0,Yes,No,69,No,No phone service,DSL,No,Yes,No,No,Yes,No,One year,Yes,Electronic check,40.86,2622.39,No
C02000,Female,1,No,No,47,Yes,No,No,No internet service,No internet service,No internet service,No internet service,No internet service,No internet service,One year,No,Mailed check,20.88,961.81,No
C02001,Male,0,Yes,Yes,51,Yes,No,Fiber optic,No,No,No,No,No,No,One year,No,Electronic check,67.55,3020.66,No
C02002,Female,0,Yes,Yes,37,No,No phone service,DSL,No,No,Yes,No,No,Yes,Two year,No,Electronic check,40.31,1299.01,No
C02003,Female,0,Yes,Yes,7,No,No phone service,Fiber optic,No,Yes,Yes,Yes,Yes,No,Month-to-month,No,Mailed check,66.16,426.38,Yes
C02004,Male,0,Yes,Yes,3,Yes,No,No,No internet service,No internet service,No internet service,No internet service,No internet service,No internet service,Month-to-month,No,Credit card (automatic),19.85,52.09,Yes
C02005,Female,0,No,No,53,Yes,No,DSL,No,No,No,Yes,No,Yes,Month-to-month,No,Credit card (automatic),55.1,3037.63,No
C02006,Male,0,No,No,14,No,No phone service,Fiber optic,No,No,No,No,Yes,No,One year,No,Credit card (automatic),50.74,615.8,No
C02007,Male,0,Yes,Yes,3,Yes,Yes,DSL,Yes,No,Yes,No,No,No,Month-to-month,Yes,Bank transfer (automatic),64.32,165.38,Yes
C02008,Male,0,No,No,14,Yes,Yes,DSL,No,Yes,Yes,No,No,Yes,One year,No,Mailed check,64.61,851.0,No
C02009,Female,0,No,No,1,No,No phone service,No,,No internet service,No internet service,No internet service,No internet service,No internet service,Month-to-month,No,Bank transfer (automatic),18.0,18.5,No
C02010,Male,0,Yes,Yes,48,Yes,No,Fiber optic,Yes,Yes,Yes,Yes,No,Yes,One year,Yes,Mailed check,97.17,4069.92,No
C02011,Male,0,Yes,Yes,1,Yes,No,DSL,Yes,No,Yes,No,No,No,One year,No,Bank transfer (automatic),55.92,51.14,No
C02012,Male,1,No,No,4,Yes,No,No,No internet service,No internet service,No internet service,No internet service,No internet service,No internet service,Month-to-month,Yes,Mailed check,19.14,69.43,Yes
C02013,Male,0,Yes,No,51,Yes,No,No,No internet service,No internet service,No internet service,No internet service,No internet service,No internet service,Month-to-month,No,Credit card (automatic),19.23,868.09,No
C02014,Male,1,No,No,60,Yes,No,No,No internet service,No internet service,No internet service,No internet service,No internet service,No internet service,One year,Yes,Electronic check,19.1,1164.94,No
C02015,Female,1,Yes,No,45,Yes,Yes,DSL,No,Yes,No,Yes,Yes,No,Two year,No,Bank transfer (automatic),70.07,2692.78,No
C02016,Male,0,Yes,Yes,18,Yes,No,Fiber optic,Yes,No,No,No,Yes,No,Two year,Yes,Mailed check,77.81,1222.12,No
C02017,Male,0,No,No,10,Yes,No,No,No internet service,No internet service,No internet service,No internet service,No internet service,No internet service,One year,Yes,Credit card (automatic),21.81,200.16,No
C02018,Female,0,No,No,26,Yes,Yes,DSL,No,Yes,No,Yes,No,Yes,Two year,Yes,Mailed check,65.0,1486.41,No
C02019,Male,0,No,No,1,Yes,Yes,Fiber optic,No,Yes,No,No,No,Yes,Month-to-month,Yes,Electronic check,85.41,83.09,Yes
C02020,Female,0,Yes,No,7,Yes,No,No,No internet service,No internet service,No internet service,No internet service,No internet service,No internet service,Month-to-month,Yes,Electronic check,19.17,137.53,No
C02021,Male,1,No,No,1,Yes,No,DSL,No,Yes,Yes,Yes,Yes,Yes,Month-to-month,No,Bank transfer (automatic),72.84,67.86,No
C02022,Male,1,No,No,8,Yes,No,Fiber optic,Yes,No,Yes,Yes,No,Yes,Month-to-month,No,Electronic check,90.98,754.35,Yes
C02023,Male,0,No,No,31,Yes,No,No,No internet service,No internet service,No internet service,No internet service,No internet service,No internet service,Two year,Yes,Bank transfer (automatic),18.0,567.36,No
C02024,Male,0,No,No,72,Yes,Yes,Fiber optic,,No,No,No,Yes,No,Month-to-month,No,Bank transfer (automatic),82.7,6032.83,No
C02025,Male,0,No,No,1,Yes,No,No,No internet service,No internet service,No internet service,No internet service,No internet service,No internet service,Month-to-month,No,Electronic check,19.19,17.06,Yes
C02026,Female,0,No,No,1,Yes,No,No,No internet service,No internet service,No internet service,No internet service,No internet service,No internet service,Month-to-month,No,Electronic check,21.4,19.9,Yes
C02027,Male,0,No,No,7,Yes,No,No,No internet service,No internet service,No internet service,No internet service,No internet service,No internet service,One year,Yes,Bank transfer (automatic),28.14,195.48,No
C02028,Female,0,No,No,56,Yes,No,Fiber optic,Yes,Yes,No,No,Yes,No,Two year,Yes,Credit card (automatic),80.05,4380.94,No
C02029,Female,0,Yes,Yes,1,Yes,Yes,DSL,Yes,No,Yes,No,No,No,One year,No,Credit card (automatic),64.19,65.84,No
C02030,Male,0,No,No,4,Yes,,Fiber optic,No,No,Yes,No,Yes,Yes,Month-to-month,No,Credit card (automatic),82.97,331.03,Yes
C02031,Female,1,No,No,18,Yes,No,No,No internet service,No internet service,No internet service,No internet service,No internet service,No internet service,Two year,No,Electronic check,19.03,344.48,No
C02032,Male,0,Yes,Yes,4,Yes,No,DSL,No,No,Yes,No,No,Yes,One year,Yes,Mailed check,55.45,225.94,No
C02033,Male,1,Yes,Yes,60,Yes,No,DSL,Yes,No,Yes,Yes,Yes,No,Two year,Yes,Credit card (automatic),71.58,4301.5,No
C02034,Male,0,Yes,No,63,Yes,No,Fiber optic,No,Yes,No,No,Yes,No,Two year,No,Credit card (automatic),73.75,4399.54,No
C02035,Female,0,No,Yes,23,Yes,Yes,Fiber optic,Yes,No,No,No,No,No,Month-to-month,No,Electronic check,72.36,1721.13,No
C02036,Female,1,Yes,No,5,Yes,Yes,No,No internet service,No internet service,No internet service,No internet service,No internet service,No internet service,Month-to-month,No,Mailed check,27.34,137.09,No
C02037,Male,0,Yes,No,72,Yes,No,No,No internet service,No internet service,No internet service,No internet service,No internet service,No internet service,Two year,Yes,Electronic check,22.55,1558.64,No
C02038,Female,0,Yes,Yes,16,Yes,No,DSL,Yes,No,No,Yes,Yes,No,Month-to-month,Yes,Bank transfer (automatic),64.42,1072.15,No
C02039,Female,0,Yes,Yes,2,Yes,Yes,DSL,No,Yes,Yes,Yes,Yes,No,Month-to-month,Yes,Bank transfer (automatic),76.18,136.36,Yes
C02040,Male,0,No,No,56,Yes,No,Fiber optic,Yes,Yes,No,Yes,Yes,No,One year,No,Credit card (automatic),86.71,4622.89,No
C02041,Female,0,Yes,No,0,Yes,No,DSL,No,No,No,No,Yes,No,Two year,Yes,Electronic check,50.95, ,Yes
C02042,Female,0,Yes,Yes,66,Yes,Yes,DSL,No,No,No,Yes,Yes,Yes,Two year,Yes,Electronic check,66.1,4088.65,No
C02043,Female,0,Yes,No,23,Yes,Yes,Fiber optic,Yes,Yes,Yes,No,No,Yes,Two year,Yes,Mailed check,93.26,1824.66,Yes
C02044,Female,0,No,No,72,No,No phone service,DSL,No,No,No,No,No,No,Two year,Yes,Bank transfer (automatic),23.18,1597.45,No
C02045,Male,0,No,No,14,Yes,No,Fiber optic,No,Yes,No,No,No,No,Month-to-month,No,Credit card (automatic),72.65,1052.59,No
C02046,Male,0,Yes,Yes,0,Yes,No,DSL,No,No,Yes,No,No,Yes,Month-to-month,Yes,Electronic check,53.46, ,Yes
C02047,Female,0,Yes,Yes,7,No,,Fiber optic,Yes,No,No,Yes,Yes,No,Month-to-month,Yes,Mailed check,64.57,413.85,No
C02048,Male,1,No,No,37,Yes,No,Fiber optic,No,No,No,No,No,Yes,One year,Yes,Credit card (automatic),74.37,2423.67,No
C02049,Male,0,No,No,28,Yes,Yes,DSL,Yes,Yes,Yes,No,Yes,Yes,Month-to-month,Yes,Electronic check,74.7,2019.78,Yes
C02050,Female,0,No,No,57,Yes,No,Fiber optic,No,No,No,Yes,Yes,No,Two year,No,Mailed check,75.51,4111.87,No
C02051,Male,0,Yes,No,38,Yes,No,DSL,No,Yes,Yes,Yes,No,Yes,One year,Yes,Electronic check,66.81,2427.28,No
C02052,Male,1,No,No,32,Yes,Yes,Fiber optic,Yes,No,No,Yes,Yes,No,One year,Yes,Electronic check,83.32,2733.59,No
C02053,Female,0,No,No,16,No,No phone service,DSL,Yes,Yes,No,No,No,Yes,Two year,No,Electronic check,47.74,688.58,No
C02054,Male,0,Yes,Yes,7,Yes,No,No,No internet service,No internet service,No internet service,No internet service,No internet service,No internet service,Month-to-month,Yes,Electronic check,22.24,142.36,Yes
C02055,Male,1,No,No,1,Yes,No,No,No internet service,No internet service,No internet service,No internet service,No internet service,No internet service,One year,No,Electronic check,19.34,16.95,Yes
C02056,Female,0,No,No,18,Yes,No,Fiber optic,No,Yes,No,Yes,No,Yes,One year,Yes,Credit card (automatic),85.29,1447.72,No
C02057,Male,1,No,No,53,Yes,No,No,No internet service,No internet service,No internet service,No internet service,No internet service,No internet service,Two year,Yes,Bank transfer (automatic),18.0,820.73,No
C02058,Male,0,No,Yes,72,No,No phone service,Fiber optic,No,No,Yes,No,No,Yes,Month-to-month,Yes,Electronic check,55.83,3955.64,No
C02059,Male,0,Yes,No,57,Yes,No,DSL,No,Yes,No,Yes,Yes,No,Month-to-month,No,Mailed check,64.4,3248.01,No
C02060,Female,1,No,No,53,Yes,No,DSL,No,No,No,No,Yes,Yes,Two year,No,Bank transfer (automatic),58.91,2699.71,No
C02061,Male,1,Yes,No,11,Yes,No,Fiber optic,No,Yes,No,No,No,No,One year,Yes,Electronic check,70.82,793.15,No
C02062,Male,0,No,No,1,Yes,No,Fiber optic,Yes,No,Yes,No,No,Yes,Month-to-month,Yes,Electronic check,86.98,81.7,Yes
C02063,Male,0,Yes,No,2,Yes,Yes,No,,No internet service,No internet service,No internet service,No internet service,No internet service,Month-to-month,Yes,Mailed check,32.18,57.3,Yes
C02064,Male,0,Yes,Yes,2,Yes,Yes,No,No internet service,No internet service,No internet service,No internet service,No internet service,No internet service,One year,Yes,Credit card (automatic),25.37,47.52,No
C02065,Female,0,No,No,19,Yes,No,Fiber optic,No,No,No,No,No,Yes,Two year,Yes,Electronic check,71.56,1257.15,No
C02066,Male,0,Yes,No,72,Yes,Yes,Fiber optic,No,No,No,Yes,No,No,Two year,No,Mailed check,77.38,5395.68,No
C02067,Female,0,No,No,26,Yes,No,DSL,No,No,Yes,No,Yes,Yes,Month-to-month,No,Electronic check,61.08,1360.51,No
C02068,Male,0,Yes,Yes,7,Yes,Yes,DSL,No,No,No,No,Yes,Yes,Month-to-month,No,Electronic check,60.92,406.85,Yes
C02069,Male,0,Yes,No,2,Yes,No,DSL,Yes,Yes,No,No,No,Yes,One year,No,Bank transfer (automatic),62.84,120.78,Yes
C02070,Female,0,Yes,No,1,Yes,No,Fiber optic,No,Yes,Yes,Yes,No,No,Month-to-month,No,Electronic check,86.94,80.58,No
C02071,Male,0,Yes,No,29,Yes,No,DSL,No,Yes,Yes,No,No,Yes,Month-to-month,Yes,Mailed check,64.03,1828.25,No
C02072,Male,0,Yes,Yes,0,Yes,Yes,No,No internet service,No internet service,No internet service,No internet service,No internet service,No internet service,Month-to-month,No,Credit card (automatic),31.93, ,Yes
C02073,Female,0,Yes,Yes,1,Yes,No,No,No internet service,No internet service,No internet service,No internet service,No internet service,No internet service,Month-to-month,No,Bank transfer (automatic),22.33,22.18,Yes
C02074,Male,0,No,No,39,Yes,Yes,DSL,Yes,Yes,Yes,Yes,No,No,One year,No,Mailed check,82.49,3032.82,No
C02075,Female,0,Yes,No,1,Yes,Yes,Fiber optic,No,No,Yes,No,Yes,Yes,Month-to-month,No,Mailed check,92.15,88.6,Yes
C02076,Female,0,Yes,No,2,Yes,Yes,Fiber optic,No,Yes,No,No,Yes,No,One year,No,Electronic check,85.74,162.12,Yes
C02077,Male,0,Yes,No,1,Yes,No,Fiber optic,Yes,No,No,Yes,Yes,No,One year,Yes,Mailed check,81.83,74.17,No
C02078,Male,0,Yes,No,72,Yes,Yes,Fiber optic,No,Yes,No,No,Yes,Yes,Month-to-month,Yes,Bank transfer (automatic),86.52,6057.46,No
C02079,Male,0,Yes,Yes,4,Yes,Yes,Fiber optic,No,No,Yes,Yes,Yes,Yes,One year,Yes,Mailed check,95.38,378.65,Yes
C02080,Male,0,Yes,No,10,Yes,Yes,Fiber optic,No,Yes,No,No,No,No,Month-to-month,No,Bank transfer (automatic),83.05,806.75,Yes
C02081,Male,0,No,No,71,Yes,No,DSL,Yes,No,No,No,No,No,One year,No,Bank transfer (automatic),46.27,3353.36,No
C02082,Female,0,No,No,11,Yes,Yes,DSL,No,Yes,Yes,No,Yes,Yes,Month-to-month,Yes,Electronic check,76.12,717.69,No
C02083,Male,0,No,Yes,54,Yes,Yes,No,,No internet service,No internet service,No internet service,No internet service,No internet service,Two year,Yes,Bank transfer (automatic),24.91,1261.19,No
C02084,Female,0,No,Yes,4,Yes,Yes,No,No internet service,No internet service,No internet service,No internet service,No internet service,No internet service,Month-to-month,Yes,Mailed check,24.64,95.9,Yes
C02085,Male,0,No,No,4,Yes,No,Fiber optic,No,Yes,No,Yes,Yes,No,Month-to-month,Yes,Mailed check,82.82,340.55,Yes
C02086,Male,0,Yes,No,4,Yes,No,DSL,No,Yes,No,Yes,Yes,Yes,Month-to-month,No,Mailed check,64.8,248.46,Yes
C02087,Male,0,Yes,No,54,Yes,No,Fiber optic,No,Yes,No,No,No,Yes,Two year,Yes,Credit card (automatic),75.8,4086.1,No
C02088,Female,0,No,No,50,Yes,No,Fiber optic,No,Yes,No,Yes,Yes,No,One year,Yes,Credit card (automatic),81.81,4284.65,No
C02089,Male,0,Yes,Yes,72,No,No phone service,Fiber optic,No,Yes,Yes,No,No,Yes,Two year,Yes,Bank transfer (automatic),58.92,4453.26,No
C02090,Male,0,Yes,No,15,Yes,No,DSL,No,Yes,No,No,No,No,One year,Yes,Bank transfer (automatic),54.3,758.63,No
C02091,Female,0,No,No,4,Yes,Yes,No,No internet service,No internet service,No internet service,No internet service,No internet service,No internet service,One year,Yes,Credit card (automatic),29.08,108.95,No
C02092,Female,0,Yes,Yes,37,Yes,No,No,No internet service,No internet service,No internet service,No internet service,No internet service,No internet service,Two year,Yes,Electronic check,22.69,734.89,Yes
C02093,Male,0,Yes,Yes,0,Yes,Yes,No,No internet service,No internet service,No internet service,No internet service,No internet service,No internet service,Month-to-month,No,Electronic check,26.17, ,No
C02094,Female,0,No,Yes,9,Yes,No,No,No internet service,No internet service,No internet service,No internet service,No internet service,No internet service,One year,No,Credit card (automatic),24.06,226.04,No
C02095,Male,0,Yes,No,38,Yes,Yes,DSL,No,No,Yes,Yes,Yes,Yes,Two year,Yes,Credit card (automatic),74.26,2685.19,No
C02096,Male,0,Yes,No,15,Yes,No,DSL,Yes,Yes,No,Yes,Yes,Yes,Month-to-month,No,Credit card (automatic),76.84,986.81,No
C02097,Male,0,Yes,Yes,34,Yes,No,Fiber optic,No,No,No,No,No,No,Month-to-month,Yes,Credit card (automatic),67.06,2080.61,Yes
C02098,Male,0,Yes,No,7,Yes,No,Fiber optic,No,No,No,No,Yes,No,Month-to-month,Yes,Electronic check,71.99,477.67,Yes
C02099,Male,1,No,No,45,Yes,Yes,No,No internet service,No internet service,No internet service,No internet service,No internet service,No internet service,Month-to-month,No,Electronic check,27.53,1240.53,Yes
C02100,Female,0,No,No,72,Yes,Yes,DSL,No,No,No,Yes,Yes,Yes,Two year,No,Electronic check,69.79,5089.62,No
C02101,Male,0,Yes,No,43,Yes,Yes,DSL,Yes,Yes,Yes,No,Yes,Yes,Month-to-month,Yes,Electronic check,77.66,3410.21,Yes
C02102,Female,0,Yes,No,20,Yes,No,Fiber optic,No,No,No,Yes,Yes,No,One year,No,Electronic check,80.47,1453.32,No
C02103,Female,0,Yes,No,48,Yes,Yes,Fiber optic,Yes,Yes,No,No,No,No,Month-to-month,Yes,Mailed check,84.12,3563.17,No
C02104,Female,0,No,Yes,66,Yes,No,Fiber optic,No,Yes,Yes,No,No,No,Two year,Yes,Bank transfer (automatic),79.28,5351.84,No
C02105,Female,0,Yes,No,15,Yes,No,Fiber optic,Yes,Yes,Yes,Yes,No,Yes,One year,Yes,Bank transfer (automatic),95.5,1445.32,No
C02106,Female,0,Yes,Yes,46,Yes,Yes,No,No internet service,No internet service,No internet service,No internet service,No internet service,No internet service,One year,Yes,Credit card (automatic),30.32,1400.18,No
C02107,Female,0,No,Yes,8,Yes,Yes,Fiber optic,No,No,No,No,Yes,No,One year,No,Electronic check,86.28,618.88,No
C02108,Male,0,No,Yes,3,Yes,No,DSL,No,No,Yes,No,No,Yes,Month-to-month,Yes,Electronic check,53.1,153.84,Yes
C02109,Male,0,No,Yes,6,No,No phone service,No,No internet service,No internet service,No internet service,No internet service,No internet service,No internet service,One year,No,Credit card (automatic),18.0,103.22,No
C02110,Female,1,No,No,5,No,No phone service,Fiber optic,Yes,No,Yes,Yes,No,Yes,Month-to-month,Yes,Mailed check,71.07,304.63,Yes
C02111,Female,0,No,No,54,Yes,Yes,Fiber optic,No,Yes,Yes,Yes,No,Yes,Two year,Yes,Electronic check,92.34,5170.47,No
C02112,Male,0,No,No,48,Yes,No,Fiber optic,No,No,Yes,Yes,No,No,Two year,No,Electronic check,74.69,3580.2,No
C02113,Female,0,No,No,46,Yes,No,Fiber optic,No,Yes,No,Yes,No,Yes,One year,Yes,Mailed check,88.1,3971.69,Yes
C02114,Male,0,Yes,Yes,17,Yes,Yes,DSL,No,Yes,No,Yes,Yes,No,Two year,Yes,Bank transfer (automatic),70.31,1170.52,No
C02115,Female,1,No,No,13,Yes,No,No,No internet service,No internet service,No internet service,No internet service,No internet service,No internet service,Month-to-month,No,Mailed check,19.6,245.79,No
C02116,Male,0,Yes,No,18,No,No phone service,Fiber optic,No,No,Yes,Yes,No,No,Two year,Yes,Bank transfer (automatic),60.94,1137.03,No
C02117,Male,0,No,Yes,3,Yes,Yes,No,No internet service,No internet service,No internet service,No internet service,No internet service,No internet service,Month-to-month,No,Electronic check,30.53,83.06,Yes
C02118,Male,0,No,No,5,Yes,No,No,No internet service,No internet service,No internet service,No internet service,No internet service,No internet service,Month-to-month,Yes,Bank transfer (automatic),24.83,118.78,No
C02119,Male,1,No,No,8,Yes,No,DSL,No,No,Yes,No,No,Yes,Month-to-month,Yes,Electronic check,62.26,460.67,Yes
C02120,Male,0,Yes,No,3,Yes,No,DSL,Yes,Yes,No,Yes,No,No,Month-to-month,Yes,Mailed check,67.61,189.98,Yes
C02121,Male,1,No,No,22,Yes,No,Fiber optic,No,No,No,No,Yes,Yes,Two year,Yes,Bank transfer (automatic),76.89,1486.67,No
C02122,Male,1,Yes,Yes,2,Yes,Yes,Fiber optic,Yes,No,Yes,No,No,Yes,One year,Yes,Mailed check,93.78,161.76,No
C02123,Male,0,Yes,No,48,Yes,No,DSL,No,No,Yes,Yes,No,No,Two year,Yes,Bank transfer (automatic),56.59,2552.22,No
C02124,Male,1,No,No,18,Yes,No,Fiber optic,Yes,Yes,No,Yes,Yes,Yes,Month-to-month,Yes,Mailed check,101.06,1628.06,Yes
C02125,Male,1,No,No,14,Yes,No,DSL,No,Yes,Yes,No,Yes,Yes,Two year,Yes,Credit card (automatic),69.49,915.76,No
C02126,Male,0,No,No,53,No,No phone service,DSL,,No,No,Yes,No,Yes,Two year,Yes,Mailed check,35.89,1731.84,No
C02127,Male,0,Yes,Yes,62,No,No phone service,Fiber optic,Yes,Yes,Yes,No,No,Yes,Two year,No,Credit card (automatic),65.73,3667.51,No
C02128,Male,0,Yes,Yes,1,Yes,No,DSL,Yes,No,Yes,Yes,No,Yes,Month-to-month,Yes,Electronic check,74.38,63.81,No
C02129,Male,0,Yes,Yes,0,Yes,No,DSL,No,No,Yes,No,Yes,No,Month-to-month,Yes,Electronic check,55.34, ,No
C02130,Male,0,Yes,No,37,Yes,No,Fiber optic,No,Yes,No,Yes,No,Yes,One year,No,Credit card (automatic),83.89,3137.75,Yes
C02131,Female,0,No,No,72,Yes,Yes,DSL,No,No,No,No,No,Yes,Two year,No,Credit card (automatic),56.22,3617.73,No
C02132,Female,0,Yes,No,12,Yes,No,Fiber optic,No,Yes,No,No,No,No,Month-to-month,Yes,Bank transfer (automatic),71.33,743.45,Yes
C02133,Female,0,Yes,No,2,Yes,Yes,Fiber optic,No,Yes,Yes,No,Yes,Yes,Month-to-month,Yes,Bank transfer (automatic),92.43,189.76,Yes
C02134,Male,0,Yes,No,2,Yes,Yes,No,No internet service,No internet service,No internet service,No internet service,No internet service,No internet service,Month-to-month,No,Mailed check,23.78,41.7,Yes
C02135,Female,0,No,No,1,Yes,No,Fiber optic,Yes,No,No,No,No,Yes,Month-to-month,No,Electronic check,78.32,75.53,Yes
C02136,Male,0,No,No,18,Yes,No,Fiber optic,Yes,No,No,No,No,No,One year,Yes,Bank transfer (automatic),69.8,1127.01,Yes
C02137,Female,0,Yes,Yes,71,Yes,Yes,DSL,No,No,Yes,No,Yes,No,Two year,No,Credit card (automatic),67.2,4913.22,No
C02138,Female,0,Yes,Yes,37,Yes,No,No,No internet service,No internet service,No internet service,No internet service,No internet service,No internet service,Two year,No,Mailed check,21.21,814.79,No
C02139,Female,0,No,Yes,0,Yes,Yes,DSL,No,No,No,Yes,Yes,Yes,Month-to-month,Yes,Credit card (automatic),74.83, ,Yes
C02140,Female,0,No,No,63,No,No phone service,DSL,No,Yes,Yes,No,Yes,No,Month-to-month,Yes,Credit card (automatic),41.92,2507.49,No
C02141,Male,1,Yes,No,26,Yes,No,DSL,Yes,No,Yes,No,Yes,Yes,Month-to-month,Yes,Mailed check,65.99,1679.5,No
C02142,Female,0,Yes,No,12,Yes,No,DSL,No,No,No,No,Yes,Yes,Two year,Yes,Mailed check,56.68,625.12,No
C02143,Female,0,No,No,65,No,No phone service,Fiber optic,Yes,Yes,No,Yes,No,No,Two year,Yes,Electronic check,64.86,4389.59,No
C02144,Male,0,No,No,11,Yes,Yes,No,No internet service,No internet service,No internet service,No internet service,No internet service,No internet service,Month-to-month,Yes,Electronic check,33.32,314.55,Yes
C02145,Female,0,Yes,Yes,54,Yes,No,Fiber optic,Yes,No,Yes,No,No,Yes,One year,Yes,Bank transfer (automatic),86.9,4155.62,No
C02146,Male,0,Yes,Yes,69,Yes,Yes,DSL,No,Yes,Yes,Yes,Yes,Yes,Two year,Yes,Credit card (automatic),83.4,5405.95,No
C02147,Female,0,Yes,No,0,No,No phone service,No,No internet service,No internet service,No internet service,No internet service,No internet service,No internet service,Month-to-month,No,Electronic check,18.0, ,Yes
C02148,Female,0,Yes,No,56,Yes,No,Fiber optic,No,Yes,Yes,No,No,Yes,One year,No,Electronic check,82.36,4768.24,No
C02149,Male,0,Yes,Yes,4,Yes,No,Fiber optic,No,No,Yes,No,No,No,Month-to-month,Yes,Credit card (automatic),75.83,316.81,Yes
C02150,Female,0,Yes,Yes,70,Yes,Yes,Fiber optic,No,No,No,No,Yes,Yes,Month-to-month,Yes,Mailed check,82.44,5643.64,No
C02151,Male,0,Yes,No,28,Yes,No,Fiber optic,Yes,No,No,Yes,Yes,Yes,Month-to-month,Yes,Electronic check,91.32,2513.0,Yes
C02152,Female,0,Yes,Yes,5,Yes,No,DSL,No,No,Yes,No,No,Yes,Month-to-month,Yes,Mailed check,59.6,262.48,Yes
C02153,Female,1,No,No,6,Yes,Yes,No,No internet service,No internet service,No internet service,No internet service,No internet service,No internet service,Month-to-month,Yes,Bank transfer (automatic),26.12,160.46,Yes
C02154,Female,0,Yes,No,4,Yes,Yes,DSL,Yes,No,Yes,Yes,Yes,No,Month-to-month,Yes,Mailed check,82.72,333.56,No
C02155,Female,1,No,No,0,Yes,Yes,Fiber optic,Yes,Yes,No,Yes,Yes,No,Month-to-month,Yes,Bank transfer (automatic),91.25, ,No
C02156,Male,0,Yes,Yes,39,Yes,No,DSL,Yes,Yes,No,No,Yes,No,Month-to-month,No,Mailed check,64.22,2224.38,No
C02157,Male,0,No,No,41,Yes,No,Fiber optic,No,No,No,No,No,Yes,Month-to-month,No,Electronic check,70.22,2885.75,No
C02158,Male,0,No,No,4,Yes,Yes,Fiber optic,Yes,No,No,No,No,Yes,Month-to-month,No,Mailed check,76.64,275.57,Yes
C02159,Male,0,No,No,4,Yes,No,Fiber optic,No,No,Yes,No,No,No,Month-to-month,Yes,Electronic check,73.7,277.0,Yes
C02160,Male,0,Yes,Yes,67,Yes,No,DSL,Yes,No,No,No,No,Yes,Two year,Yes,Electronic check,56.91,3670.16,No
C02161,Male,1,Yes,Yes,55,Yes,No,Fiber optic,No,Yes,No,Yes,No,Yes,One year,No,Bank transfer (automatic),81.73,4533.36,No
C02162,Male,0,No,No,61,Yes,Yes,No,No internet service,No internet service,No internet service,No internet service,No internet service,No internet service,Month-to-month,Yes,Credit card (automatic),28.91,1756.93,No
C02163,Male,0,Yes,No,4,Yes,Yes,DSL,Yes,Yes,Yes,No,No,No,One year,Yes,Electronic check,73.56,297.22,Yes
C02164,Female,0,Yes,Yes,5,Yes,Yes,DSL,No,Yes,Yes,No,No,No,Month-to-month,No,Mailed check,66.22,298.14,Yes
C02165,Male,0,Yes,Yes,4,Yes,Yes,Fiber optic,Yes,Yes,No,No,Yes,Yes,Month-to-month,Yes,Mailed check,100.66,407.33,Yes
C02166,Female,0,No,No,0,Yes,Yes,Fiber optic,,No,No,Yes,No,No,Month-to-month,Yes,Electronic check,82.35, ,Yes
C02167,Male,0,No,No,48,No,No phone service,DSL,No,No,Yes,No,Yes,No,Month-to-month,No,Electronic check,42.57,2142.87,No
C02168,Male,0,Yes,Yes,72,Yes,No,Fiber optic,No,Yes,No,Yes,No,No,Month-to-month,No,Credit card (automatic),76.93,5154.96,No
C02169,Male,0,No,No,2,Yes,No,Fiber optic,Yes,No,Yes,No,No,Yes,Month-to-month,Yes,Mailed check,79.33,146.79,Yes
C02170,Male,0,No,No,16,Yes,Yes,DSL,Yes,Yes,Yes,No,Yes,No,Month-to-month,No,Bank transfer (automatic),72.36,1104.75,Yes
C02171,Male,0,Yes,No,4,Yes,Yes,DSL,No,Yes,No,Yes,No,No,Month-to-month,No,Electronic check,64.44,248.3,Yes
C02172,Male,0,Yes,No,45,No,No phone service,DSL,Yes,No,Yes,No,No,No,Two year,No,Bank transfer (automatic),37.75,1670.09,No
C02173,Male,0,Yes,No,6,Yes,No,DSL,No,No,Yes,No,No,Yes,Month-to-month,Yes,Electronic check,63.81,391.0,No
C02174,Male,1,No,No,9,Yes,No,No,No internet service,No internet service,No internet service,No internet service,No internet service,No internet service,Month-to-month,Yes,Bank transfer (automatic),18.0,151.3,Yes
C02175,Female,1,No,No,53,Yes,No,DSL,Yes,Yes,No,Yes,No,Yes,Month-to-month,Yes,Bank transfer (automatic),70.55,3889.89,Yes
C02176,Male,0,No,Yes,8,Yes,Yes,DSL,No,Yes,No,Yes,No,No,Month-to-month,Yes,Electronic check,65.99,548.79,No
C02177,Female,0,No,No,0,Yes,Yes,No,No internet service,No internet service,No internet service,No internet service,No internet service,No internet service,Month-to-month,No,Electronic check,26.72, ,No
C02178,Male,0,Yes,No,51,Yes,No,Fiber optic,No,Yes,Yes,No,Yes,Yes,Month-to-month,Yes,Mailed check,87.67,4546.03,No
C02179,Female,0,No,No,1,Yes,Yes,No,No internet service,No internet service,No internet service,No internet service,No internet service,No internet service,Month-to-month,Yes,Bank transfer (automatic),28.13,24.15,No
C02180,Female,0,No,No,1,Yes,Yes,Fiber optic,No,Yes,No,No,Yes,No,Month-to-month,Yes,Electronic check,83.0,82.49,Yes
C02181,Female,0,No,No,29,Yes,No,No,No internet service,No internet service,No internet service,No internet service,No internet service,No internet service,Two year,Yes,Electronic check,23.1,690.45,No
C02182,Female,0,Yes,Yes,13,Yes,No,Fiber optic,No,No,No,Yes,Yes,Yes,One year,No,Credit card (automatic),85.04,1036.4,No
C02183,Male,1,Yes,No,69,Yes,No,Fiber optic,No,No,Yes,No,Yes,Yes,Month-to-month,Yes,Bank transfer (automatic),83.75,5447.61,Yes
C02184,Female,0,Yes,No,72,Yes,No,DSL,No,No,No,Yes,No,No,One year,No,Mailed check,56.44,3918.59,No
C02185,Male,1,Yes,Yes,60,Yes,No,Fiber optic,No,No,No,Yes,Yes,Yes,One year,Yes,Electronic check,88.99,5448.13,No
C02186,Female,0,No,Yes,3,Yes,No,DSL,Yes,No,No,Yes,No,Yes,Month-to-month,Yes,Bank transfer (automatic),53.23,155.77,No
C02187,Female,0,No,No,32,Yes,Yes,Fiber optic,Yes,No,Yes,Yes,Yes,No,Month-to-month,No,Bank transfer (automatic),90.43,2676.52,No
C02188,Male,0,No,No,0,Yes,,Fiber optic,Yes,No,Yes,Yes,Yes,No,Month-to-month,No,Bank transfer (automatic),91.1, ,Yes
C02189,Female,0,Yes,No,8,Yes,Yes,DSL,Yes,No,No,No,No,No,One year,No,Electronic check,61.12,421.72,No
C02190,Male,0,Yes,Yes,7,Yes,No,DSL,Yes,Yes,Yes,No,No,No,One year,No,Mailed check,64.81,468.54,No
C02191,Female,0,Yes,Yes,1,Yes,Yes,Fiber optic,Yes,No,Yes,No,Yes,Yes,Month-to-month,Yes,Mailed check,90.54,91.5,Yes
C02192,Female,0,No,No,17,Yes,No,Fiber optic,Yes,No,No,No,No,No,One year,No,Electronic check,73.87,1092.84,Yes
C02193,Male,0,No,No,2,Yes,No,Fiber optic,No,No,Yes,Yes,Yes,Yes,Month-to-month,No,Bank transfer (automatic),92.82,193.48,No
C02194,Female,0,Yes,Yes,34,Yes,,Fiber optic,Yes,Yes,No,Yes,No,No,Two year,No,Mailed check,82.81,2642.41,No
C02195,Female,0,No,Yes,3,Yes,No,Fiber optic,,No,Yes,No,Yes,No,Month-to-month,Yes,Electronic check,81.35,209.06,Yes
C02196,Male,0,No,No,32,Yes,No,Fiber optic,No,Yes,No,No,Yes,Yes,One year,No,Bank transfer (automatic),98.3,2702.67,No
C02197,Female,0,Yes,Yes,72,No,No phone service,Fiber optic,No,No,Yes,No,No,No,One year,Yes,Electronic check,47.73,3012.22,Yes
C02198,Male,0,Yes,No,40,Yes,Yes,DSL,Yes,No,No,Yes,Yes,Yes,Two year,Yes,Bank transfer (automatic),78.22,2778.18,No
C02199,Female,0,Yes,Yes,5,Yes,No,Fiber optic,Yes,No,No,No,No,Yes,Month-to-month,No,Credit card (automatic),74.81,355.41,Yes
C02200,Male,0,Yes,No,57,Yes,No,DSL,No,Yes,Yes,No,No,Yes,Two year,Yes,Credit card (automatic),58.2,2902.17,No
C02201,Female,1,No,No,17,No,No phone service,Fiber optic,No,Yes,No,No,Yes,No,One year,No,Electronic check,56.7,901.24,No
C02202,Female,0,Yes,Yes,45,Yes,No,Fiber optic,No,Yes,Yes,Yes,No,Yes,Month-to-month,Yes,Electronic check,95.85,4022.72,Yes
C02203,Male,0,No,No,72,Yes,Yes,DSL,No,No,No,No,Yes,Yes,One year,Yes,Electronic check,64.01,4566.01,No
C02204,Male,0,No,No,65,Yes,No,No,No internet service,No internet service,No internet service,No internet service,No internet service,No internet service,Month-to-month,No,Electronic check,24.12,1462.08,No
C02205,Female,1,No,No,2,No,No phone service,DSL,No,Yes,Yes,Yes,Yes,No,Month-to-month,No,Mailed check,60.42,105.08,Yes
C02206,Female,0,No,No,17,Yes,No,DSL,No,Yes,Yes,No,Yes,Yes,One year,No,Credit card (automatic),66.96,984.91,No
C02207,Male,0,Yes,No,56,Yes,,Fiber optic,No,No,No,No,No,No,One year,Yes,Bank transfer (automatic),62.09,3363.94,No
C02208,Male,0,No,No,10,Yes,No,No,No internet service,No internet service,No internet service,No internet service,No internet service,No internet service,Month-to-month,Yes,Bank transfer (automatic),24.37,217.53,No
C02209,Male,0,Yes,No,54,Yes,No,DSL,Yes,No,Yes,No,Yes,Yes,Month-to-month,No,Electronic check,74.63,3488.74,Yes
C02210,Female,1,No,No,38,Yes,No,DSL,Yes,Yes,Yes,No,Yes,Yes,One year,No,Electronic check,82.31,3196.86,No
C02211,Male,0,Yes,No,17,Yes,No,Fiber optic,Yes,No,Yes,Yes,Yes,Yes,Two year,No,Credit card (automatic),95.36,1394.28,No
C02212,Female,0,Yes,No,51,Yes,Yes,Fiber optic,No,Yes,No,No,No,No,One year,Yes,Mailed check,80.84,3576.66,No
C02213,Male,0,Yes,Yes,5,Yes,Yes,Fiber optic,Yes,Yes,Yes,No,Yes,No,One year,Yes,Mailed check,92.76,445.11,Yes
C02214,Female,0,No,No,53,Yes,No,No,No internet service,No internet service,No internet service,No internet service,No internet service,No internet service,One year,Yes,Electronic check,18.0,995.67,No
C02215,Male,0,No,No,52,No,No phone service,DSL,No,Yes,No,No,No,Yes,Month-to-month,No,Electronic check,38.12,1934.16,Yes
C02216,Male,1,No,No,61,Yes,No,DSL,No,Yes,No,Yes,No,No,Month-to-month,No,Electronic check,57.92,3524.6,No
C02217,Female,1,No,No,69,Yes,No,Fiber optic,No,No,Yes,No,Yes,Yes,One year,Yes,Mailed check,81.2,5306.52,No
C02218,Female,0,No,No,13,Yes,Yes,Fiber optic,No,Yes,No,Yes,Yes,No,Two year,Yes,Mailed check,87.91,1180.45,No
C02219,Male,0,No,No,12,Yes,Yes,Fiber optic,No,Yes,Yes,No,No,No,Month-to-month,No,Mailed check,77.9,839.43,Yes
C02220,Male,1,Yes,Yes,63,Yes,No,No,No internet service,No internet service,No internet service,No internet service,No internet service,No internet service,One year,No,Credit card (automatic),18.0,1020.35,No
C02221,Male,0,Yes,No,3,Yes,No,No,No internet service,No internet service,No internet service,No internet service,No internet service,No internet service,Month-to-month,No,Credit card (automatic),21.45,57.3,No
C02222,Male,0,Yes,Yes,1,No,No phone service,DSL,No,Yes,Yes,No,No,Yes,Month-to-month,Yes,Electronic check,37.28,34.14,Yes
C02223,Male,0,No,No,33,Yes,Yes,No,No internet service,No internet service,No internet service,No internet service,No internet service,No internet service,One year,No,Mailed check,25.19,719.22,No
C02224,Female,0,Yes,Yes,6,Yes,Yes,Fiber optic,Yes,Yes,Yes,No,Yes,Yes,Month-to-month,No,Electronic check,95.3,550.21,No
C02225,Male,0,Yes,Yes,4,Yes,Yes,No,No internet service,No internet service,No internet service,No internet service,No internet service,No internet service,One year,Yes,Mailed check,29.6,121.96,No
C02226,Female,1,No,No,5,No,No phone service,Fiber optic,Yes,Yes,No,Yes,Yes,Yes,Month-to-month,No,Mailed check,77.91,375.35,Yes
C02227,Male,0,No,No,56,No,No phone service,No,No internet service,No internet service,No internet service,No internet service,No internet service,No internet service,One year,Yes,Credit card (automatic),18.0,1004.39,No
C02228,Male,0,Yes,No,62,No,No phone service,No,No internet service,No internet service,No internet service,No internet service,No internet service,No internet service,Two year,No,Electronic check,18.0,1084.61,No
C02229,Female,0,No,No,1,Yes,Yes,DSL,Yes,No,No,No,No,Yes,One year,Yes,Electronic check,62.14,55.86,Yes
C02230,Male,0,Yes,Yes,0,Yes,Yes,Fiber optic,No,Yes,Yes,No,No,No,Two year,Yes,Electronic check,89.01, ,No
C02231,Female,0,No,No,9,Yes,No,Fiber optic,No,Yes,Yes,No,No,Yes,Month-to-month,Yes,Credit card (automatic),82.07,704.4,No
C02232,Male,0,Yes,No,0,Yes,Yes,Fiber optic,Yes,No,Yes,No,Yes,Yes,One year,No,Bank transfer (automatic),96.86, ,No
C02233,Female,1,No,No,12,Yes,Yes,DSL,Yes,Yes,Yes,No,Yes,No,Month-to-month,No,Mailed check,79.36,942.03,Yes
C02234,Female,0,No,No,54,Yes,No,DSL,Yes,No,No,Yes,No,Yes,Two year,No,Electronic check,55.74,2783.06,No
C02235,Female,0,Yes,Yes,68,Yes,Yes,Fiber optic,Yes,No,Yes,No,No,No,Two year,No,Credit card (automatic),76.96,5286.99,No
C02236,Male,0,No,No,48,Yes,No,Fiber optic,Yes,Yes,No,No,No,Yes,One year,Yes,Bank transfer (automatic),81.87,3963.46,No
C02237,Male,0,Yes,No,12,Yes,Yes,Fiber optic,No,No,Yes,No,Yes,No,Month-to-month,No,Credit card (automatic),94.54,1099.24,Yes
C02238,Male,0,Yes,No,0,Yes,Yes,Fiber optic,No,Yes,No,No,No,No,One year,Yes,Bank transfer (automatic),80.55, ,Yes
C02239,Female,1,No,No,60,Yes,Yes,DSL,No,Yes,No,Yes,Yes,No,One year,No,Credit card (automatic),79.42,4875.78,No
C02240,Male,0,No,No,4,Yes,Yes,No,No internet service,No internet service,No internet service,No internet service,No internet service,No internet service,Two year,Yes,Electronic check,32.37,128.16,No
C02241,Male,0,No,No,9,Yes,Yes,Fiber optic,Yes,No,No,Yes,Yes,No,One year,Yes,Credit card (automatic),88.97,745.01,No
C02242,Male,0,No,No,12,Yes,No,No,No internet service,No internet service,No internet service,No internet service,No internet service,No internet service,One year,No,Mailed check,19.27,200.71,No
C02243,Male,0,Yes,No,63,Yes,Yes,No,No internet service,No internet service,No internet service,No internet service,No internet service,No internet service,One year,No,Electronic check,29.76,1863.36,No
C02244,Male,0,Yes,Yes,0,Yes,No,No,No internet service,No internet service,No internet service,No internet service,No internet service,No internet service,Month-to-month,No,Mailed check,18.0, ,No
C02245,Male,0,Yes,No,3,Yes,Yes,Fiber optic,Yes,Yes,Yes,No,Yes,Yes,One year,Yes,Bank transfer (automatic),102.95,309.64,Yes
C02246,Male,0,No,No,4,No,No phone service,Fiber optic,No,No,No,No,Yes,No,Month-to-month,Yes,Mailed check,54.94,217.54,No
C02247,Female,0,Yes,No,2,Yes,No,Fiber optic,Yes,No,No,Yes,No,Yes,Month-to-month,No,Electronic check,90.95,163.89,Yes
C02248,Male,0,Yes,Yes,47,No,No phone service,DSL,No,Yes,No,Yes,No,Yes,Two year,Yes,Electronic check,43.14,1737.37,No
C02249,Male,0,No,No,57,Yes,Yes,No,No internet service,No internet service,No internet service,No internet service,No internet service,No internet service,One year,No,Bank transfer (automatic),24.76,1386.6,No
C02250,Female,0,Yes,Yes,49,Yes,Yes,Fiber optic,No,No,Yes,No,Yes,No,Month-to-month,Yes,Mailed check,83.59,4048.02,No
C02251,Female,0,No,No,0,No,No phone service,Fiber optic,No,Yes,Yes,No,No,No,Month-to-month,Yes,Electronic check,58.48, ,Yes
C02252,Male,0,Yes,Yes,60,Yes,Yes,Fiber optic,Yes,Yes,No,Yes,Yes,No,One year,No,Electronic check,94.9,5737.17,No
C02253,Female,0,Yes,No,72,Yes,No,Fiber optic,Yes,No,Yes,No,Yes,No,Two year,Yes,Electronic check,78.1,5778.91,No
C02254,Female,0,Yes,Yes,10,Yes,Yes,Fiber optic,Yes,Yes,No,No,Yes,Yes,Month-to-month,No,Mailed check,92.8,824.42,Yes
C02255,Female,0,Yes,No,13,Yes,No,DSL,No,Yes,Yes,No,Yes,No,One year,Yes,Mailed check,68.5,774.71,No
C02256,Female,0,No,No,38,Yes,No,Fiber optic,No,No,Yes,No,No,No,Two year,Yes,Mailed check,68.67,2340.81,No
C02257,Female,1,Yes,No,55,Yes,Yes,No,No internet service,No internet service,No internet service,No internet service,No internet service,No internet service,Two year,Yes,Electronic check,26.17,1488.02,No
C02258,Male,0,No,No,2,Yes,Yes,Fiber optic,Yes,No,No,Yes,No,Yes,Month-to-month,Yes,Electronic check,91.73,189.83,Yes
C02259,Male,0,No,No,50,Yes,No,DSL,Yes,No,Yes,Yes,No,Yes,One year,Yes,Bank transfer (automatic),73.44,3781.18,No
C02260,Female,1,Yes,No,3,Yes,Yes,Fiber optic,No,Yes,Yes,Yes,Yes,Yes,Month-to-month,Yes,Bank transfer (automatic),101.83,310.4,Yes
C02261,Female,0,No,No,54,Yes,Yes,Fiber optic,No,No,Yes,Yes,Yes,No,Two year,No,Electronic check,92.56,4693.37,No
C02262,Male,0,No,No,3,Yes,Yes,No,No internet service,No internet service,No internet service,No internet service,No internet service,No internet service,One year,No,Credit card (automatic),36.05,94.78,No
C02263,Male,1,Yes,Yes,55,Yes,Yes,No,No internet service,No internet service,No internet service,No internet service,No internet service,No internet service,Two year,Yes,Electronic check,24.94,1172.21,No
C02264,Female,0,No,No,60,Yes,No,DSL,No,No,Yes,No,No,Yes,One year,No,Credit card (automatic),59.27,3208.93,No
C02265,Male,0,Yes,Yes,38,No,No phone service,DSL,Yes,Yes,Yes,Yes,Yes,Yes,Month-to-month,Yes,Bank transfer (automatic),63.94,2367.57,No
C02266,Female,0,No,No,37,Yes,No,DSL,No,No,Yes,Yes,Yes,Yes,Two year,Yes,Bank transfer (automatic),66.15,2374.4,No
C02267,Female,1,Yes,No,2,Yes,Yes,DSL,No,Yes,Yes,No,No,No,Two year,No,Bank transfer (automatic),63.98,127.14,No
C02268,Female,1,No,No,43,No,,Fiber optic,Yes,Yes,Yes,No,Yes,No,Two year,No,Bank transfer (automatic),70.53,2639.65,No
C02269,Female,1,No,No,55,Yes,No,Fiber optic,No,Yes,No,No,Yes,Yes,Two year,Yes,Credit card (automatic),78.53,4248.7,No
C02270,Female,0,No,Yes,9,Yes,Yes,No,No internet service,No internet service,No internet service,No internet service,No internet service,No internet service,Month-to-month,No,Electronic check,29.56,254.33,No
C02271,Female,0,No,No,1,Yes,No,DSL,Yes,No,Yes,Yes,Yes,No,One year,No,Bank transfer (automatic),69.28,70.43,Yes
C02272,Female,1,Yes,No,1,Yes,Yes,DSL,,No,No,No,No,No,Month-to-month,No,Electronic check,57.43,57.83,Yes
C02273,Female,0,No,No,3,Yes,No,Fiber optic,No,No,Yes,No,No,Yes,Month-to-month,Yes,Credit card (automatic),76.53,238.66,Yes
C02274,Female,0,Yes,No,4,Yes,Yes,Fiber optic,Yes,No,No,No,No,No,Month-to-month,Yes,Mailed check,78.69,308.31,Yes
C02275,Male,0,Yes,Yes,10,No,No phone service,DSL,No,No,No,Yes,No,Yes,Month-to-month,Yes,Electronic check,35.33,313.58,Yes
C02276,Female,1,Yes,No,2,No,No phone service,DSL,No,Yes,No,No,Yes,No,Month-to-month,Yes,Bank transfer (automatic),30.35,55.2,No
C02277,Male,0,No,No,14,Yes,Yes,Fiber optic,No,No,Yes,No,No,Yes,Month-to-month,No,Credit card (automatic),79.72,1153.63,Yes
C02278,Female,0,No,No,0,Yes,Yes,DSL,No,Yes,Yes,No,Yes,Yes,Month-to-month,Yes,Mailed check,81.92, ,Yes
C02279,Female,1,Yes,Yes,4,Yes,No,Fiber optic,No,No,No,No,Yes,No,Month-to-month,Yes,Electronic check,74.78,290.67,Yes
C02280,Male,1,No,No,44,No,No phone service,No,No internet service,No internet service,No internet service,No internet service,No internet service,No internet service,Two year,No,Electronic check,18.0,824.87,No
C02281,Male,1,No,No,8,Yes,No,DSL,No,No,No,No,No,No,Month-to-month,Yes,Credit card (automatic),47.31,323.8,Yes
C02282,Male,0,Yes,No,52,Yes,Yes,Fiber optic,No,Yes,Yes,No,Yes,No,Two year,Yes,Mailed check,91.28,4193.06,No
C02283,Female,0,Yes,No,41,No,No phone service,No,No internet service,No internet service,No internet service,No internet service,No internet service,No internet service,Two year,Yes,Electronic check,18.0,685.73,No
C02284,Male,0,No,No,72,No,No phone service,Fiber optic,Yes,Yes,No,No,Yes,No,Month-to-month,No,Credit card (automatic),58.8,4410.07,No
C02285,Male,0,No,No,1,Yes,No,DSL,No,No,No,No,Yes,No,One year,Yes,Mailed check,53.73,47.56,No
C02286,Female,1,No,Yes,3,Yes,No,DSL,No,No,Yes,Yes,No,No,Month-to-month,No,Mailed check,56.85,154.26,No
C02287,Female,0,Yes,Yes,1,Yes,Yes,No,No internet service,No internet service,No internet service,No internet service,No internet service,No internet service,One year,Yes,Mailed check,30.95,28.13,No
C02288,Male,0,Yes,Yes,2,Yes,No,DSL,Yes,Yes,Yes,No,No,No,Two year,No,Mailed check,59.34,117.26,No
C02289,Male,0,Yes,Yes,33,No,No phone service,No,No internet service,No internet service,No internet service,No internet service,No internet service,No internet service,Two year,No,Credit card (automatic),18.0,528.23,No
C02290,Female,0,Yes,Yes,18,Yes,No,No,No internet service,No internet service,No internet service,No internet service,No internet service,No internet service,One year,No,Credit card (automatic),18.34,304.86,No
C02291,Female,1,Yes,No,1,Yes,Yes,No,No internet service,No internet service,No internet service,No internet service,No internet service,No internet service,One year,No,Mailed check,26.69,27.43,No
C02292,Female,0,Yes,No,21,No,No phone service,No,No internet service,No internet service,No internet service,No internet service,No internet service,No internet service,Month-to-month,Yes,Mailed check,18.0,326.76,No
C02293,Male,0,No,No,8,No,No phone service,No,No internet service,No internet service,No internet service,No internet service,No internet service,No internet service,One year,No,Mailed check,18.0,127.03,No
C02294,Male,0,Yes,Yes,29,Yes,No,No,No internet service,No internet service,No internet service,No internet service,No internet service,No internet service,Month-to-month,Yes,Mailed check,18.0,467.39,No
C02295,Male,0,Yes,No,0,Yes,No,Fiber optic,Yes,No,No,No,Yes,No,Month-to-month,No,Mailed check,75.36, ,Yes
C02296,Female,0,Yes,Yes,69,Yes,Yes,DSL,Yes,No,No,No,Yes,No,One year,No,Electronic check,59.86,3984.37,No
C02297,Male,1,No,No,45,Yes,No,DSL,No,No,Yes,Yes,Yes,No,Two year,Yes,Credit card (automatic),69.14,3000.08,No
C02298,Male,0,Yes,No,27,Yes,Yes,Fiber optic,No,No,Yes,Yes,Yes,No,One year,Yes,Credit card (automatic),83.14,1986.31,No
C02299,Female,0,Yes,No,11,No,No phone service,DSL,No,No,No,Yes,Yes,Yes,Month-to-month,No,Mailed check,39.71,435.21,No
C02300,Female,0,Yes,Yes,57,Yes,No,No,No internet service,No internet service,No internet service,No internet service,No internet service,No internet service,Month-to-month,Yes,Electronic check,18.0,1070.61,No
C02301,Female,0,No,No,15,Yes,,No,No internet service,No internet service,No internet service,No internet service,No internet service,No internet service,One year,No,Electronic check,27.45,353.59,No
C02302,Male,0,Yes,Yes,0,Yes,Yes,Fiber optic,Yes,No,No,Yes,Yes,Yes,Two year,Yes,Electronic check,91.62, ,No
C02303,Male,0,Yes,Yes,3,Yes,Yes,No,No internet service,No internet service,No internet service,No internet service,No internet service,No internet service,Month-to-month,Yes,Electronic check,26.63,78.45,Yes
C02304,Male,0,No,No,46,Yes,Yes,Fiber optic,No,Yes,Yes,Yes,Yes,Yes,Two year,No,Bank transfer (automatic),107.67,4446.85,No
C02305,Male,0,No,No,72,Yes,No,Fiber optic,Yes,Yes,Yes,No,Yes,No,Two year,Yes,Electronic check,87.31,5399.87,No
C02306,Female,1,No,No,2,No,No phone service,No,No internet service,No internet service,No internet service,No internet service,No internet service,No internet service,Month-to-month,Yes,Electronic check,18.0,35.48,Yes
C02307,Male,1,No,No,47,Yes,Yes,No,No internet service,No internet service,No internet service,No internet service,No internet service,No internet service,Month-to-month,Yes,Bank transfer (automatic),29.23,1344.85,No
C02308,Female,0,No,No,9,Yes,Yes,No,No internet service,No internet service,No internet service,No internet service,No internet service,No internet service,Month-to-month,No,Credit card (automatic),24.28,188.53,No
C02309,Female,0,No,No,40,Yes,No,Fiber optic,No,Yes,No,Yes,Yes,Yes,Month-to-month,Yes,Electronic check,89.67,3386.6,No
C02310,Female,0,No,Yes,50,Yes,Yes,DSL,Yes,Yes,No,No,No,No,Two year,Yes,Bank transfer (automatic),62.27,3225.87,No
C02311,Male,0,No,No,1,Yes,No,Fiber optic,No,No,No,No,No,No,Month-to-month,Yes,Electronic check,65.09,56.28,Yes
C02312,Male,0,No,No,64,Yes,Yes,Fiber optic,No,No,Yes,No,No,No,Two year,No,Mailed check,81.92,4755.73,No
C02313,Male,0,No,No,52,Yes,No,No,No internet service,No internet service,No internet service,No internet service,No internet service,No internet service,One year,Yes,Mailed check,18.0,846.43,No
C02314,Male,0,Yes,No,49,Yes,Yes,Fiber optic,No,Yes,No,Yes,Yes,Yes,Two year,Yes,Electronic check,98.18,4120.65,No
C02315,Male,1,No,No,4,Yes,,No,No internet service,No internet service,No internet service,No internet service,No internet service,No internet service,Month-to-month,Yes,Electronic check,31.01,111.72,Yes
C02316,Male,1,No,No,67,Yes,Yes,DSL,Yes,No,No,No,Yes,Yes,One year,No,Bank transfer (automatic),69.14,4561.92,No
C02317,Female,0,No,No,1,Yes,,Fiber optic,Yes,No,Yes,No,Yes,Yes,Month-to-month,Yes,Bank transfer (automatic),91.85,92.52,Yes
C02318,Male,0,Yes,Yes,36,Yes,Yes,Fiber optic,Yes,Yes,No,No,No,No,Two year,Yes,Electronic check,91.45,3151.74,No
C02319,Female,0,Yes,Yes,17,Yes,No,No,No internet service,No internet service,No internet service,No internet service,No internet service,No internet service,One year,No,Bank transfer (automatic),18.0,318.06,No
C02320,Male,0,No,No,10,Yes,No,Fiber optic,Yes,No,No,Yes,No,No,Month-to-month,Yes,Electronic check,78.11,765.48,Yes
C02321,Male,0,No,No,5,No,No phone service,DSL,,Yes,No,No,Yes,Yes,Month-to-month,Yes,Electronic check,46.17,233.88,No
C02322,Male,0,Yes,Yes,19,Yes,No,No,No internet service,No internet service,No internet service,No internet service,No internet service,No internet service,Month-to-month,Yes,Mailed check,21.88,423.1,No
C02323,Male,0,No,No,17,Yes,Yes,DSL,No,No,Yes,Yes,No,Yes,Month-to-month,No,Bank transfer (automatic),64.75,963.05,No
C02324,Male,0,Yes,Yes,9,Yes,Yes,Fiber optic,No,Yes,Yes,No,Yes,No,Month-to-month,Yes,Electronic check,94.26,817.01,Yes
C02325,Female,0,Yes,Yes,47,Yes,Yes,Fiber optic,Yes,No,No,No,No,No,Month-to-month,Yes,Bank transfer (automatic),78.56,3316.44,No
C02326,Male,0,No,No,31,Yes,No,No,No internet service,No internet service,No internet service,No internet service,No internet service,No internet service,One year,Yes,Mailed check,21.88,706.96,No
C02327,Male,0,No,Yes,10,Yes,No,DSL,Yes,No,Yes,No,Yes,No,Month-to-month,No,Bank transfer (automatic),62.07,615.04,Yes
C02328,Female,0,Yes,Yes,4,Yes,Yes,Fiber optic,No,No,Yes,Yes,Yes,Yes,Month-to-month,Yes,Credit card (automatic),93.96,343.35,Yes
C02329,Male,0,Yes,No,3,Yes,No,DSL,No,No,No,Yes,No,No,One year,Yes,Electronic check,55.38,159.19,No
C02330,Female,0,Yes,Yes,72,Yes,Yes,Fiber optic,Yes,No,No,Yes,No,No,Two year,No,Electronic check,84.63,5919.94,No
C02331,Male,0,No,No,72,Yes,No,Fiber optic,Yes,No,No,Yes,Yes,Yes,Two year,No,Bank transfer (automatic),84.45,5808.99,No
C02332,Female,0,No,No,44,Yes,No,Fiber optic,No,Yes,No,No,No,No,Month-to-month,No,Mailed check,71.82,3274.73,No
C02333,Male,0,No,No,2,Yes,Yes,No,No internet service,No internet service,No internet service,No internet service,No internet service,No internet service,Month-to-month,No,Credit card (automatic),26.13,54.44,No
C02334,Male,0,No,No,17,Yes,Yes,Fiber optic,No,Yes,No,Yes,No,Yes,Month-to-month,Yes,Mailed check,89.51,1482.93,No
C02335,Female,0,Yes,Yes,57,Yes,No,No,No internet service,No internet service,No internet service,No internet service,No internet service,No internet service,Two year,Yes,Electronic check,18.07,991.49,No
C02336,Female,0,Yes,No,38,Yes,No,No,No internet service,No internet service,No internet service,No internet service,No internet service,No internet service,Two year,Yes,Electronic check,18.0,711.73,No
C02337,Male,0,No,Yes,22,Yes,No,Fiber optic,No,Yes,Yes,No,Yes,Yes,One year,Yes,Electronic check,89.15,1932.2,Yes
C02338,Female,0,Yes,No,16,Yes,No,DSL,No,Yes,Yes,Yes,Yes,Yes,Two year,Yes,Mailed check,73.04,1126.57,No
C02339,Male,0,Yes,No,17,Yes,Yes,DSL,Yes,Yes,No,Yes,Yes,No,Month-to-month,No,Credit card (automatic),76.11,1220.79,No
C02340,Male,0,No,No,5,Yes,No,Fiber optic,Yes,No,Yes,Yes,Yes,No,Month-to-month,Yes,Mailed check,88.24,377.45,Yes
C02341,Male,0,No,Yes,5,Yes,Yes,DSL,No,No,Yes,No,Yes,Yes,Month-to-month,No,Mailed check,80.03,352.26,Yes
C02342,Female,0,Yes,No,60,Yes,Yes,DSL,No,No,No,No,Yes,Yes,Month-to-month,Yes,Credit card (automatic),59.06,3212.88,No
C02343,Male,0,Yes,No,17,No,No phone service,DSL,No,No,No,Yes,Yes,Yes,Month-to-month,Yes,Electronic check,35.33,629.27,Yes
C02344,Female,0,No,Yes,33,Yes,No,Fiber optic,,Yes,No,Yes,Yes,No,Two year,No,Mailed check,82.19,2412.64,No
C02345,Male,0,Yes,No,36,Yes,Yes,DSL,No,Yes,Yes,No,No,Yes,One year,No,Electronic check,69.61,2311.31,No
C02346,Female,0,Yes,Yes,39,Yes,Yes,DSL,No,Yes,No,Yes,No,Yes,Two year,Yes,Electronic check,68.1,2329.38,No
C02347,Female,0,No,No,9,No,No phone service,Fiber optic,Yes,Yes,Yes,Yes,Yes,Yes,One year,Yes,Mailed check,81.58,635.15,No
C02348,Male,0,No,Yes,3,Yes,No,DSL,No,No,Yes,No,Yes,Yes,Month-to-month,No,Bank transfer (automatic),59.46,157.36,Yes
C02349,Male,0,Yes,Yes,6,Yes,No,DSL,No,No,Yes,No,Yes,Yes,One year,Yes,Electronic check,66.22,356.15,No
C02350,Male,0,Yes,No,68,Yes,No,Fiber optic,Yes,Yes,No,No,Yes,Yes,One year,Yes,Electronic check,85.82,5641.74,Yes
C02351,Female,0,Yes,Yes,4,No,No phone service,No,No internet service,No internet service,No internet service,No internet service,No internet service,No internet service,One year,Yes,Bank transfer (automatic),18.0,62.29,No
C02352,Male,0,Yes,Yes,2,Yes,No,DSL,Yes,No,No,No,No,No,Month-to-month,No,Mailed check,48.72,84.45,Yes
C02353,Female,0,No,Yes,43,Yes,Yes,Fiber optic,No,No,No,No,Yes,No,Two year,Yes,Bank transfer (automatic),75.14,3147.53,No
C02354,Male,0,No,No,50,Yes,No,DSL,Yes,Yes,No,No,No,Yes,Two year,Yes,Electronic check,64.03,3080.93,No
C02355,Female,0,Yes,Yes,72,Yes,Yes,Fiber optic,Yes,Yes,Yes,No,No,Yes,Two year,No,Mailed check,98.76,6648.97,No
C02356,Male,1,No,No,59,Yes,Yes,DSL,Yes,Yes,Yes,Yes,Yes,Yes,Two year,No,Bank transfer (automatic),85.76,5230.09,No
C02357,Male,0,Yes,No,14,Yes,Yes,Fiber optic,Yes,Yes,No,No,No,Yes,Month-to-month,Yes,Credit card (automatic),84.19,1236.5,Yes
C02358,Female,0,No,No,72,Yes,No,Fiber optic,No,Yes,Yes,No,Yes,Yes,Month-to-month,Yes,Electronic check,89.43,5889.37,No
C02359,Male,0,No,No,51,Yes,Yes,DSL,No,No,No,No,No,No,One year,No,Bank transfer (automatic),58.27,2776.92,No
C02360,Female,0,Yes,Yes,55,Yes,No,No,No internet service,No internet service,No internet service,No internet service,No internet service,No internet service,Two year,Yes,Bank transfer (automatic),22.3,1132.15,No
C02361,Male,0,Yes,No,9,No,No phone service,Fiber optic,Yes,No,No,No,Yes,No,Month-to-month,Yes,Electronic check,56.98,532.22,Yes
C02362,Male,0,No,No,67,Yes,No,DSL,No,No,No,No,Yes,Yes,Two year,Yes,Credit card (automatic),57.31,3548.32,No
C02363,Female,0,Yes,No,60,Yes,Yes,Fiber optic,No,No,No,No,No,No,One year,No,Bank transfer (automatic),71.94,4068.32,No
C02364,Female,0,Yes,No,52,Yes,No,DSL,No,No,No,No,Yes,No,Two year,Yes,Credit card (automatic),52.36,2835.19,No
C02365,Female,0,Yes,No,7,Yes,No,DSL,Yes,No,Yes,No,No,No,One year,No,Electronic check,60.44,422.98,No
C02366,Male,0,Yes,No,3,Yes,No,Fiber optic,No,No,Yes,No,Yes,No,Month-to-month,No,Electronic check,73.34,194.05,Yes
C02367,Male,0,Yes,No,38,Yes,Yes,No,No internet service,No internet service,No internet service,No internet service,No internet service,No internet service,One year,Yes,Electronic check,29.16,1138.36,No
C02368,Male,0,Yes,No,3,Yes,No,No,No internet service,No internet service,No internet service,No internet service,No internet service,No internet service,One year,Yes,Bank transfer (automatic),18.0,52.04,No
C02369,Female,0,Yes,Yes,27,No,No phone service,Fiber optic,No,Yes,No,No,No,Yes,Month-to-month,No,Mailed check,53.51,1362.89,Yes
C02370,Male,1,Yes,Yes,56,Yes,No,No,No internet service,No internet service,No internet service,No internet service,No internet service,No internet service,Two year,Yes,Electronic check,18.0,1053.56,No
C02371,Male,0,No,No,0,Yes,Yes,Fiber optic,No,Yes,No,Yes,Yes,Yes,One year,Yes,Bank transfer (automatic),96.42, ,Yes
C02372,Male,0,No,No,4,Yes,No,DSL,No,No,Yes,No,No,No,Month-to-month,Yes,Electronic check,43.42,160.58,Yes
C02373,Male,1,No,No,14,Yes,No,Fiber optic,Yes,Yes,No,No,No,No,Two year,Yes,Bank transfer (automatic),76.53,993.25,No
C02374,Male,0,No,No,5,Yes,Yes,Fiber optic,No,No,Yes,Yes,Yes,No,Month-to-month,Yes,Credit card (automatic),92.13,422.75,Yes
C02375,Male,0,No,No,35,Yes,Yes,DSL,Yes,No,No,Yes,Yes,No,One year,Yes,Mailed check,64.41,2165.77,No
C02376,Female,1,Yes,No,16,Yes,Yes,Fiber optic,No,Yes,No,No,No,Yes,Two year,No,Bank transfer (automatic),83.79,1179.38,No
C02377,Female,0,Yes,Yes,48,Yes,,DSL,Yes,No,No,No,Yes,No,Two year,No,Electronic check,55.88,2510.84,No
C02378,Male,0,Yes,Yes,0,Yes,Yes,Fiber optic,No,No,No,Yes,Yes,No,One year,No,Bank transfer (automatic),84.68, ,No
C02379,Female,0,Yes,No,5,Yes,No,Fiber optic,No,No,No,No,No,No,One year,No,Mailed check,60.68,314.39,Yes
C02380,Female,0,No,No,3,Yes,No,Fiber optic,Yes,Yes,No,No,No,No,Month-to-month,No,Bank transfer (automatic),81.97,213.89,Yes
C02381,Male,0,Yes,No,12,Yes,Yes,Fiber optic,No,Yes,No,No,Yes,No,Month-to-month,Yes,Mailed check,89.8,1039.49,Yes
C02382,Male,0,No,No,1,Yes,Yes,DSL,No,Yes,Yes,No,Yes,Yes,Month-to-month,Yes,Bank transfer (automatic),79.4,72.27,Yes
C02383,Male,1,Yes,Yes,6,Yes,Yes,Fiber optic,No,No,No,No,Yes,No,One year,Yes,Electronic check,83.86,446.02,Yes
C02384,Male,0,Yes,No,2,Yes,Yes,DSL,No,Yes,No,Yes,No,No,One year,Yes,Credit card (automatic),63.12,107.43,Yes
C02385,Female,0,Yes,Yes,0,Yes,No,DSL,Yes,Yes,No,No,Yes,Yes,Month-to-month,Yes,Electronic check,70.84, ,Yes
C02386,Female,1,Yes,No,35,No,No phone service,Fiber optic,No,No,No,No,Yes,Yes,One year,Yes,Bank transfer (automatic),59.49,1926.33,No
C02387,Male,0,Yes,Yes,65,Yes,No,Fiber optic,No,Yes,Yes,No,Yes,No,Two year,Yes,Electronic check,92.44,5324.29,No
C02388,Female,0,No,No,12,No,No phone service,Fiber optic,No,No,Yes,No,Yes,No,Month-to-month,No,Bank transfer (automatic),57.86,618.29,Yes
C02389,Male,0,Yes,No,47,No,No phone service,DSL,No,No,Yes,No,No,No,Two year,Yes,Bank transfer (automatic),28.25,1134.3,No
C02390,Female,0,No,No,61,Yes,Yes,No,No internet service,No internet service,No internet service,No internet service,No internet service,No internet service,Two year,Yes,Bank transfer (automatic),32.42,1692.51,No
C02391,Female,1,No,Yes,1,No,No phone service,No,No internet service,No internet service,No internet service,No internet service,No internet service,No internet service,Month-to-month,Yes,Bank transfer (automatic),18.0,17.47,Yes
C02392,Male,0,Yes,No,10,Yes,No,No,No internet service,No internet service,No internet service,No internet service,No internet service,No internet service,Month-to-month,No,Mailed check,19.59,193.45,No
C02393,Male,0,No,Yes,5,Yes,Yes,DSL,No,No,No,Yes,Yes,No,Month-to-month,No,Mailed check,65.68,304.74,Yes
C02394,Female,0,Yes,Yes,3,Yes,No,DSL,No,No,No,No,Yes,Yes,Month-to-month,No,Bank transfer (automatic),59.88,163.64,No
C02395,Female,0,Yes,No,69,Yes,Yes,Fiber optic,No,No,No,No,No,Yes,Two year,No,Bank transfer (automatic),79.83,4778.64,No
C02396,Male,0,Yes,Yes,16,Yes,Yes,DSL,No,Yes,No,No,Yes,Yes,Two year,No,Mailed check,69.7,1116.5,No
C02397,Male,1,No,No,45,Yes,Yes,DSL,Yes,No,No,No,Yes,Yes,Two year,Yes,Bank transfer (automatic),69.35,2881.65,No
C02398,Male,0,No,No,2,Yes,Yes,Fiber optic,Yes,No,No,Yes,No,Yes,One year,Yes,Bank transfer (automatic),91.5,155.84,Yes
C02399,Female,0,No,No,6,Yes,No,No,No internet service,No internet service,No internet service,No internet service,No internet service,No internet service,Month-to-month,No,Bank transfer (automatic),18.0,110.4,Yes
C02400,Female,0,No,No,71,Yes,No,Fiber optic,No,Yes,No,No,No,Yes,One year,Yes,Bank transfer (automatic),78.67,5337.09,No
C02401,Female,0,Yes,No,59,Yes,No,DSL,No,Yes,No,No,No,Yes,Two year,No,Mailed check,61.93,3812.5,No
C02402,Female,0,No,Yes,54,Yes,No,DSL,No,Yes,No,No,No,No,Two year,Yes,Bank transfer (automatic),54.57,2562.7,No
C02403,Female,0,No,No,11,Yes,Yes,DSL,Yes,No,Yes,Yes,Yes,Yes,Month-to-month,Yes,Bank transfer (automatic),79.68,817.59,Yes
C02404,Female,0,Yes,Yes,10,Yes,No,DSL,Yes,No,Yes,Yes,No,Yes,Month-to-month,No,Credit card (automatic),67.83,598.29,No
C02405,Male,0,Yes,Yes,46,No,No phone service,DSL,Yes,Yes,Yes,Yes,Yes,No,Two year,No,Bank transfer (automatic),47.03,1929.85,No
C02406,Female,0,Yes,No,72,Yes,Yes,DSL,Yes,No,Yes,No,No,Yes,Month-to-month,No,Bank transfer (automatic),70.81,4787.35,No
C02407,Male,0,Yes,Yes,3,Yes,Yes,DSL,Yes,Yes,No,No,Yes,No,Month-to-month,No,Electronic check,66.72,202.48,Yes
C02408,Male,0,No,No,44,Yes,No,DSL,Yes,No,No,No,No,Yes,One year,Yes,Mailed check,56.0,2191.86,No
C02409,Female,0,Yes,No,0,Yes,No,No,No internet service,No internet service,No internet service,No internet service,No internet service,No internet service,Two year,No,Bank transfer (automatic),21.71, ,No
C02410,Female,0,Yes,No,49,Yes,No,Fiber optic,No,Yes,Yes,Yes,No,Yes,One year,No,Mailed check,80.19,3922.44,No
C02411,Female,0,No,No,6,Yes,No,No,No internet service,No internet service,No internet service,No internet service,No internet service,No internet service,One year,No,Bank transfer (automatic),21.63,122.4,No
C02412,Male,0,No,No,41,Yes,No,Fiber optic,Yes,No,Yes,Yes,Yes,No,One year,Yes,Electronic check,90.31,3505.79,Yes
C02413,Female,1,No,No,12,Yes,No,Fiber optic,No,Yes,No,Yes,Yes,Yes,Month-to-month,No,Electronic check,86.56,983.68,No
C02414,Male,1,No,No,8,Yes,No,Fiber optic,Yes,Yes,No,Yes,Yes,No,Month-to-month,No,Bank transfer (automatic),89.29,672.53,Yes
C02415,Male,0,No,No,49,Yes,No,Fiber optic,No,No,No,Yes,Yes,No,Month-to-month,Yes,Credit card (automatic),81.5,3944.29,No
C02416,Male,0,Yes,Yes,43,Yes,No,DSL,Yes,Yes,Yes,No,No,No,One year,No,Mailed check,69.71,2595.87,No
C02417,Female,0,No,No,1,Yes,No,Fiber optic,No,Yes,No,Yes,No,Yes,Month-to-month,Yes,Electronic check,84.97,79.18,Yes
C02418,Male,0,Yes,Yes,43,Yes,Yes,DSL,Yes,No,Yes,Yes,Yes,Yes,Two year,No,Mailed check,81.59,3336.06,No
C02419,Female,1,Yes,No,63,Yes,No,No,No internet service,No internet service,No internet service,No internet service,No internet service,No internet service,Month-to-month,Yes,Credit card (automatic),23.32,1378.72,No
C02420,Male,0,No,Yes,6,Yes,No,DSL,Yes,Yes,No,No,No,No,Month-to-month,Yes,Electronic check,50.16,285.07,No
C02421,Male,0,No,Yes,9,Yes,No,DSL,Yes,No,Yes,No,No,Yes,Month-to-month,No,Credit card (automatic),61.64,518.09,No
C02422,Female,0,No,No,53,Yes,No,Fiber optic,Yes,No,No,No,No,No,Two year,No,Bank transfer (automatic),64.25,3564.98,No
C02423,Male,0,Yes,No,4,Yes,No,DSL,No,No,No,No,No,No,Month-to-month,Yes,Credit card (automatic),44.18,162.89,Yes
C02424,Female,0,No,No,32,Yes,No,No,No internet service,No internet service,No internet service,No internet service,No internet service,No internet service,One year,Yes,Mailed check,18.0,577.68,No
C02425,Female,0,Yes,Yes,13,Yes,Yes,Fiber optic,No,No,Yes,Yes,Yes,No,One year,No,Credit card (automatic),89.32,1143.99,No
C02426,Male,0,Yes,Yes,26,Yes,Yes,Fiber optic,Yes,Yes,Yes,No,Yes,Yes,Month-to-month,Yes,Bank transfer (automatic),105.47,2848.22,Yes
C02427,Female,0,Yes,Yes,46,No,No phone service,DSL,No,No,No,Yes,No,Yes,Month-to-month,No,Electronic check,40.43,1886.22,No
C02428,Female,0,Yes,Yes,29,Yes,Yes,Fiber optic,No,No,No,Yes,No,Yes,One year,Yes,Mailed check,90.1,2568.96,No
C02429,Female,0,Yes,Yes,9,Yes,No,DSL,Yes,No,No,No,No,No,One year,Yes,Mailed check,54.73,489.78,No
C02430,Female,0,No,No,15,No,No phone service,DSL,,Yes,No,Yes,Yes,No,Two year,Yes,Credit card (automatic),53.88,715.33,No
C02431,Female,0,Yes,Yes,57,Yes,No,Fiber optic,No,Yes,No,Yes,Yes,Yes,One year,No,Credit card (automatic),85.57,4814.92,No
C02432,Female,0,No,No,6,Yes,Yes,DSL,No,Yes,Yes,Yes,No,Yes,Month-to-month,No,Bank transfer (automatic),68.2,407.19,No
C02433,Male,0,No,No,25,Yes,No,Fiber optic,No,Yes,No,No,No,No,Month-to-month,No,Mailed check,66.24,1630.97,Yes
C02434,Female,0,Yes,No,2,Yes,Yes,Fiber optic,No,Yes,No,No,No,Yes,Month-to-month,Yes,Electronic check,82.26,148.38,Yes
C02435,Female,0,No,Yes,51,Yes,No,No,No internet service,No internet service,No internet service,No internet service,No internet service,No internet service,Two year,No,Electronic check,20.39,983.54,No
C02436,Female,0,Yes,Yes,6,Yes,Yes,Fiber optic,No,Yes,No,No,No,Yes,Month-to-month,Yes,Electronic check,84.62,446.58,No
C02437,Female,0,No,No,13,Yes,No,DSL,Yes,No,No,Yes,No,No,Month-to-month,Yes,Electronic check,57.03,749.19,No
C02438,Male,0,Yes,No,32,Yes,No,No,No internet service,No internet service,No internet service,No internet service,No internet service,No internet service,Month-to-month,Yes,Electronic check,21.91,727.54,No
C02439,Female,0,Yes,No,8,Yes,No,Fiber optic,Yes,No,Yes,No,Yes,No,One year,Yes,Bank transfer (automatic),84.4,605.11,Yes
C02440,Female,0,Yes,Yes,65,Yes,Yes,DSL,No,No,Yes,Yes,No,Yes,One year,Yes,Credit card (automatic),70.5,4280.11,No
C02441,Male,1,No,No,50,Yes,No,Fiber optic,No,No,Yes,Yes,Yes,No,One year,Yes,Bank transfer (automatic),81.19,3471.57,No
C02442,Male,0,Yes,No,4,No,No phone service,Fiber optic,No,Yes,Yes,Yes,Yes,No,Month-to-month,Yes,Credit card (automatic),72.12,247.59,Yes
C02443,Female,0,No,No,2,Yes,Yes,DSL,No,No,No,No,Yes,No,Month-to-month,Yes,Mailed check,55.65,114.26,Yes
C02444,Male,0,Yes,Yes,49,Yes,Yes,No,No internet service,No internet service,No internet service,No internet service,No internet service,No internet service,Month-to-month,No,Bank transfer (automatic),27.02,1200.65,No
C02445,Female,0,No,No,8,Yes,No,No,No internet service,No internet service,No internet service,No internet service,No internet service,No internet service,One year,Yes,Electronic check,18.0,132.35,No
C02446,Male,0,Yes,Yes,70,Yes,No,Fiber optic,No,Yes,Yes,No,No,No,Two year,Yes,Electronic check,79.32,5262.59,No
C02447,Male,0,Yes,Yes,35,Yes,No,DSL,No,Yes,No,No,No,Yes,One year,No,Electronic check,62.89,2285.12,No
C02448,Female,0,Yes,No,72,Yes,Yes,DSL,No,Yes,No,No,No,No,One year,Yes,Mailed check,61.33,4458.25,No
C02449,Female,0,Yes,No,0,Yes,Yes,Fiber optic,Yes,Yes,Yes,No,No,No,Month-to-month,Yes,Credit card (automatic),87.4, ,Yes
C02450,Female,1,No,No,9,Yes,Yes,DSL,Yes,No,Yes,Yes,Yes,No,One year,Yes,Mailed check,81.99,628.4,No
C02451,Female,0,No,No,72,Yes,Yes,DSL,No,No,No,Yes,No,Yes,Month-to-month,No,Electronic check,62.05,4165.65,No
C02452,Female,0,Yes,Yes,6,No,No phone service,Fiber optic,No,Yes,Yes,Yes,No,No,Month-to-month,Yes,Electronic check,59.75,312.08,Yes
C02453,Female,0,Yes,No,36,Yes,Yes,Fiber optic,Yes,No,No,Yes,Yes,No,Two year,No,Mailed check,95.65,3163.92,No
C02454,Female,0,Yes,Yes,57,Yes,No,DSL,Yes,No,Yes,Yes,Yes,No,One year,Yes,Bank transfer (automatic),67.63,3284.94,No
C02455,Female,0,No,No,19,Yes,No,Fiber optic,No,No,No,Yes,No,Yes,Month-to-month,Yes,Credit card (automatic),79.28,1347.14,Yes
C02456,Female,0,No,No,7,Yes,Yes,DSL,No,Yes,Yes,No,No,Yes,One year,Yes,Credit card (automatic),69.1,504.14,No
C02457,Male,0,No,No,2,Yes,Yes,Fiber optic,Yes,Yes,No,Yes,No,Yes,One year,No,Mailed check,94.7,179.04,No
C02458,Male,0,No,No,4,Yes,Yes,Fiber optic,Yes,Yes,Yes,Yes,Yes,No,Month-to-month,No,Bank transfer (automatic),107.34,430.77,Yes
C02459,Female,1,Yes,No,34,Yes,,DSL,No,No,No,No,No,No,Month-to-month,Yes,Mailed check,48.69,1411.7,Yes
C02460,Female,1,Yes,Yes,13,Yes,No,No,No internet service,No internet service,No internet service,No internet service,No internet service,No internet service,One year,No,Bank transfer (automatic),23.2,302.58,No
C02461,Female,0,No,No,0,Yes,No,No,No internet service,No internet service,No internet service,No internet service,No internet service,No internet service,One year,No,Bank transfer (automatic),19.7, ,Yes
C02462,Male,0,Yes,Yes,1,Yes,Yes,No,No internet service,No internet service,No internet service,No internet service,No internet service,No internet service,Month-to-month,Yes,Electronic check,29.34,28.54,Yes
C02463,Female,0,Yes,No,64,Yes,Yes,Fiber optic,No,No,Yes,Yes,No,No,Two year,No,Electronic check,81.64,4578.08,No
C02464,Male,1,Yes,Yes,4,Yes,No,No,No internet service,No internet service,No internet service,No internet service,No internet service,No internet service,One year,No,Mailed check,25.99,99.58,No
C02465,Female,0,No,No,69,Yes,No,Fiber optic,No,Yes,No,Yes,No,Yes,Month-to-month,No,Electronic check,83.33,5715.62,No
C02466,Female,0,No,No,40,Yes,No,DSL,No,Yes,No,No,Yes,No,Month-to-month,Yes,Credit card (automatic),57.62,2233.34,Yes
C02467,Female,0,No,No,39,Yes,No,Fiber optic,No,No,Yes,No,No,Yes,Month-to-month,No,Credit card (automatic),73.22,2632.06,Yes
C02468,Female,0,Yes,No,44,Yes,Yes,No,No internet service,No internet service,No internet service,No internet service,No internet service,No internet service,Two year,No,Electronic check,26.33,1138.37,No
C02469,Male,0,Yes,No,3,Yes,No,No,No internet service,No internet service,No internet service,No internet service,No internet service,No internet service,Month-to-month,Yes,Electronic check,22.35,70.0,Yes
C02470,Male,0,Yes,Yes,4,Yes,No,DSL,No,No,Yes,No,Yes,Yes,One year,Yes,Bank transfer (automatic),55.46,189.55,No
C02471,Female,0,No,No,2,Yes,Yes,DSL,No,Yes,No,No,No,No,Month-to-month,Yes,Mailed check,63.38,119.21,Yes
C02472,Female,0,Yes,No,2,Yes,Yes,Fiber optic,No,Yes,No,Yes,Yes,Yes,Month-to-month,Yes,Mailed check,96.88,190.83,Yes
C02473,Female,0,No,No,69,Yes,Yes,No,No internet service,No internet service,No internet service,No internet service,No internet service,No internet service,Month-to-month,Yes,Mailed check,28.07,1665.21,No
C02474,Male,0,Yes,Yes,21,Yes,Yes,No,No internet service,No internet service,No internet service,No internet service,No internet service,No internet service,Month-to-month,No,Electronic check,28.08,528.93,No
C02475,Male,1,No,No,0,Yes,Yes,DSL,Yes,No,No,No,Yes,No,One year,No,Bank transfer (automatic),62.57, ,Yes
C02476,Male,0,No,Yes,2,Yes,No,DSL,Yes,No,Yes,No,No,No,Month-to-month,No,Credit card (automatic),56.87,114.13,No
C02477,Male,0,Yes,Yes,7,No,No phone service,Fiber optic,No,Yes,No,No,No,No,Two year,Yes,Mailed check,53.29,321.05,No
C02478,Male,0,No,No,41,Yes,No,DSL,Yes,Yes,No,No,Yes,Yes,One year,Yes,Mailed check,73.45,2699.02,No
C02479,Female,0,Yes,No,1,Yes,No,DSL,No,No,No,No,Yes,Yes,Month-to-month,Yes,Electronic check,58.71,61.39,Yes
C02480,Female,1,No,Yes,23,Yes,Yes,Fiber optic,No,No,Yes,Yes,Yes,No,One year,No,Credit card (automatic),89.19,1956.31,No
C02481,Male,0,No,No,59,Yes,No,DSL,No,Yes,No,Yes,No,Yes,Month-to-month,No,Bank transfer (automatic),68.01,3460.36,No
C02482,Male,1,No,No,0,Yes,Yes,No,No internet service,No internet service,No internet service,No internet service,No internet service,No internet service,Month-to-month,Yes,Bank transfer (automatic),28.73, ,Yes
C02483,Male,0,Yes,Yes,31,Yes,Yes,No,No internet service,No internet service,No internet service,No internet service,No internet service,No internet service,Two year,Yes,Mailed check,21.92,660.72,No
C02484,Female,0,No,No,0,Yes,No,DSL,No,Yes,No,Yes,Yes,Yes,Month-to-month,Yes,Credit card (automatic),68.09, ,Yes
C02485,Male,0,No,No,59,Yes,Yes,Fiber optic,No,No,No,Yes,Yes,Yes,One year,Yes,Credit card (automatic),85.97,4374.92,No
C02486,Female,0,No,No,4,Yes,Yes,Fiber optic,Yes,No,No,No,No,Yes,Month-to-month,Yes,Electronic check,82.68,313.58,Yes
C02487,Female,0,No,No,15,No,No phone service,Fiber optic,No,Yes,Yes,No,No,No,One year,No,Bank transfer (automatic),61.85,834.95,No
C02488,Male,1,No,No,7,Yes,No,No,No internet service,No internet service,No internet service,No internet service,No internet service,No internet service,One year,Yes,Bank transfer (automatic),18.68,120.91,Yes
C02489,Female,1,Yes,Yes,6,Yes,No,DSL,No,No,Yes,Yes,No,Yes,Month-to-month,Yes,Bank transfer (automatic),58.83,341.2,Yes
C02490,Female,0,Yes,No,72,Yes,No,No,No internet service,No internet service,No internet service,No internet service,No internet service,No internet service,One year,Yes,Electronic check,18.0,1251.93,No
C02491,Male,1,Yes,Yes,46,Yes,No,Fiber optic,Yes,Yes,No,No,No,No,One year,Yes,Mailed check,78.49,3452.42,No
C02492,Male,1,No,No,4,Yes,No,DSL,No,No,No,Yes,No,No,Two year,Yes,Mailed check,45.11,187.04,No
C02493,Female,0,No,No,54,Yes,No,Fiber optic,Yes,No,Yes,No,Yes,Yes,Two year,Yes,Electronic check,88.95,4385.0,No
C02494,Female,0,Yes,Yes,2,No,No phone service,Fiber optic,No,No,Yes,Yes,No,Yes,Month-to-month,No,Bank transfer (automatic),66.01,128.34,Yes
C02495,Female,0,Yes,Yes,61,Yes,No,DSL,Yes,No,Yes,Yes,No,No,One year,Yes,Electronic check,63.36,3662.73,No
C02496,Female,0,No,No,50,Yes,Yes,No,No internet service,No internet service,No internet service,No internet service,No internet service,No internet service,Two year,Yes,Electronic check,27.11,1339.82,No
C02497,Male,0,No,No,27,Yes,Yes,DSL,No,No,Yes,No,Yes,No,Month-to-month,No,Bank transfer (automatic),60.54,1436.91,Yes
C02498,Female,1,No,No,0,Yes,No,DSL,Yes,No,Yes,No,No,Yes,Month-to-month,No,Credit card (automatic),61.21, ,No
C02499,Male,0,Yes,No,43,Yes,Yes,Fiber optic,No,No,No,Yes,Yes,Yes,One year,Yes,Electronic check,87.17,3516.51,No
C02500,Male,0,No,No,14,Yes,Yes,Fiber optic,No,No,No,No,No,Yes,One year,No,Mailed check,76.47,1074.24,No
C02501,Female,0,Yes,No,33,Yes,No,Fiber optic,Yes,Yes,Yes,No,No,Yes,Month-to-month,No,Bank transfer (automatic),88.47,2834.09,No
C02502,Female,0,Yes,Yes,12,Yes,No,Fiber optic,No,Yes,Yes,Yes,No,Yes,Month-to-month,Yes,Mailed check,85.81,979.19,Yes
C02503,Female,0,No,No,4,Yes,No,Fiber optic,No,No,No,No,No,Yes,One year,No,Mailed check,70.95,268.22,No
C02504,Male,0,Yes,No,10,Yes,No,Fiber optic,No,No,No,No,Yes,No,Month-to-month,Yes,Mailed check,70.99,709.87,Yes
C02505,Male,0,No,No,2,Yes,Yes,Fiber optic,No,Yes,Yes,Yes,Yes,No,Month-to-month,No,Credit card (automatic),101.59,191.85,Yes
C02506,Female,0,Yes,No,7,Yes,No,DSL,Yes,No,Yes,No,No,Yes,Month-to-month,No,Credit card (automatic),65.58,480.05,Yes
C02507,Female,0,Yes,Yes,68,Yes,No,Fiber optic,Yes,No,No,No,No,Yes,Two year,No,Electronic check,76.52,4814.92,No
C02508,Female,0,No,No,54,Yes,No,No,No internet service,No internet service,No internet service,No internet service,No internet service,No internet service,Month-to-month,Yes,Electronic check,18.0,897.38,No
C02509,Female,0,Yes,No,42,Yes,Yes,Fiber optic,Yes,No,No,Yes,Yes,Yes,Month-to-month,Yes,Mailed check,96.35,3560.19,Yes
C02510,Male,0,Yes,No,8,Yes,No,Fiber optic,No,No,Yes,No,Yes,Yes,Two year,Yes,Bank transfer (automatic),80.01,587.79,No
C02511,Male,0,Yes,No,71,Yes,No,Fiber optic,No,Yes,No,Yes,Yes,Yes,Two year,Yes,Bank transfer (automatic),92.2,5751.55,No
C02512,Male,0,Yes,No,11,Yes,No,DSL,No,No,No,Yes,No,No,Month-to-month,No,Credit card (automatic),47.01,470.99,Yes
C02513,Male,0,No,Yes,3,Yes,No,DSL,Yes,Yes,No,No,Yes,No,Month-to-month,Yes,Credit card (automatic),61.6,188.72,No
C02514,Male,0,Yes,Yes,6,Yes,No,DSL,Yes,No,Yes,No,No,Yes,Month-to-month,Yes,Mailed check,63.72,346.44,Yes
C02515,Female,1,No,Yes,2,Yes,No,Fiber optic,Yes,Yes,Yes,No,Yes,Yes,Month-to-month,Yes,Credit card (automatic),94.11,180.3,Yes
C02516,Male,1,No,No,33,Yes,Yes,DSL,Yes,Yes,Yes,No,Yes,No,One year,Yes,Mailed check,81.4,2334.33,No
C02517,Male,0,No,Yes,46,Yes,No,DSL,No,No,Yes,No,No,No,Two year,No,Credit card (automatic),47.85,2266.41,No
C02518,Female,0,Yes,Yes,24,No,No phone service,No,No internet service,No internet service,No internet service,No internet service,No internet service,No internet service,Month-to-month,Yes,Mailed check,18.0,436.6,Yes
C02519,Male,0,No,No,23,Yes,Yes,Fiber optic,No,No,No,No,Yes,No,Month-to-month,No,Electronic check,81.92,1966.82,No
C02520,Male,1,No,No,3,Yes,No,DSL,No,Yes,No,Yes,Yes,Yes,Month-to-month,Yes,Bank transfer (automatic),70.42,206.49,No
C02521,Female,0,Yes,No,34,Yes,Yes,DSL,Yes,Yes,No,No,Yes,Yes,One year,No,Electronic check,80.31,2496.95,No
C02522,Male,0,No,No,0,Yes,No,Fiber optic,No,Yes,No,Yes,No,No,One year,Yes,Credit card (automatic),78.44, ,No
C02523,Female,0,Yes,No,18,Yes,Yes,DSL,,No,No,No,Yes,No,Two year,Yes,Credit card (automatic),60.31,994.65,No
C02524,Female,0,Yes,No,15,Yes,No,DSL,No,No,Yes,No,Yes,Yes,Month-to-month,Yes,Bank transfer (automatic),62.32,935.01,No
C02525,Male,0,Yes,Yes,7,Yes,No,No,No internet service,No internet service,No internet service,No internet service,No internet service,No internet service,Month-to-month,No,Mailed check,19.69,126.72,No
C02526,Female,0,Yes,No,7,Yes,Yes,Fiber optic,Yes,No,No,No,No,Yes,Month-to-month,No,Bank transfer (automatic),78.92,498.55,No
C02527,Female,0,Yes,Yes,2,Yes,No,No,No internet service,No internet service,No internet service,No internet service,No internet service,No internet service,Month-to-month,Yes,Credit card (automatic),19.96,39.16,Yes
C02528,Female,0,Yes,No,2,Yes,Yes,Fiber optic,Yes,No,Yes,Yes,No,Yes,Two year,No,Electronic check,98.94,201.86,No
C02529,Female,0,Yes,No,15,No,No phone service,DSL,No,Yes,No,Yes,No,No,Month-to-month,Yes,Electronic check,32.88,487.68,No
C02530,Female,0,No,No,1,Yes,No,Fiber optic,Yes,Yes,No,No,Yes,No,Month-to-month,Yes,Credit card (automatic),85.07,87.3,Yes
C02531,Female,0,Yes,No,1,Yes,No,DSL,No,No,No,Yes,Yes,No,One year,No,Bank transfer (automatic),53.43,52.35,Yes
C02532,Female,1,No,No,9,Yes,No,DSL,No,No,No,No,No,No,Month-to-month,Yes,Electronic check,48.31,386.53,No
C02533,Male,0,No,No,51,Yes,No,DSL,No,No,No,Yes,No,No,Two year,Yes,Bank transfer (automatic),49.2,2455.6,No
C02534,Female,1,Yes,No,24,Yes,No,No,No internet service,No internet service,No internet service,No internet service,No internet service,No internet service,Month-to-month,Yes,Electronic check,18.0,414.01,No
C02535,Female,0,Yes,No,47,Yes,No,Fiber optic,No,No,No,Yes,No,No,Two year,Yes,Credit card (automatic),70.38,2854.38,No
C02536,Female,1,No,Yes,46,Yes,No,Fiber optic,No,Yes,Yes,No,Yes,Yes,One year,No,Bank transfer (automatic),84.76,3784.91,No
C02537,Male,0,No,Yes,8,No,No phone service,Fiber optic,No,Yes,Yes,No,Yes,Yes,Month-to-month,Yes,Mailed check,70.96,501.66,No
C02538,Male,0,Yes,No,16,Yes,No,DSL,Yes,No,Yes,No,Yes,Yes,One year,Yes,Mailed check,74.67,1073.77,No
C02539,Female,0,Yes,No,17,Yes,No,Fiber optic,No,Yes,Yes,No,No,Yes,Month-to-month,No,Bank transfer (automatic),82.33,1419.79,No
C02540,Female,1,No,No,0,Yes,No,DSL,No,No,Yes,No,Yes,No,Month-to-month,No,Credit card (automatic),53.38, ,Yes
C02541,Male,1,No,No,20,Yes,No,DSL,,No,No,No,No,Yes,Month-to-month,Yes,Electronic check,50.83,864.25,Yes
C02542,Male,0,Yes,No,11,Yes,Yes,Fiber optic,No,No,No,Yes,No,Yes,Month-to-month,No,Mailed check,84.7,913.39,Yes
C02543,Male,0,No,No,72,Yes,Yes,DSL,No,Yes,No,Yes,Yes,No,One year,Yes,Mailed check,62.13,4654.04,No
C02544,Female,0,No,No,46,Yes,No,Fiber optic,No,No,No,No,Yes,No,One year,Yes,Credit card (automatic),71.48,2799.88,No
C02545,Male,0,Yes,No,2,Yes,Yes,Fiber optic,No,No,No,No,Yes,Yes,Month-to-month,No,Electronic check,81.87,146.22,Yes
C02546,Female,0,Yes,Yes,30,Yes,No,Fiber optic,No,Yes,No,Yes,No,No,Month-to-month,Yes,Electronic check,70.05,2005.45,Yes
C02547,Male,0,Yes,No,0,Yes,Yes,No,No internet service,No internet service,No internet service,No internet service,No internet service,No internet service,Month-to-month,No,Credit card (automatic),30.06, ,Yes
C02548,Male,0,Yes,No,1,No,No phone service,Fiber optic,Yes,No,Yes,Yes,Yes,Yes,Month-to-month,Yes,Bank transfer (automatic),74.56,70.86,No
C02549,Male,0,Yes,Yes,11,Yes,No,Fiber optic,No,Yes,Yes,No,No,Yes,Month-to-month,No,Credit card (automatic),86.89,919.95,Yes
C02550,Female,1,Yes,Yes,2,Yes,Yes,Fiber optic,Yes,Yes,Yes,Yes,Yes,No,Two year,Yes,Credit card (automatic),95.18,184.82,No
C02551,Male,0,No,No,13,Yes,No,DSL,Yes,No,Yes,Yes,No,No,Month-to-month,No,Electronic check,63.1,713.84,Yes
C02552,Female,0,No,Yes,69,No,No phone service,No,No internet service,No internet service,No internet service,No internet service,No internet service,No internet service,One year,No,Credit card (automatic),18.0,1285.84,No
C02553,Female,0,No,No,10,Yes,No,Fiber optic,Yes,No,No,No,Yes,No,Month-to-month,Yes,Credit card (automatic),77.78,762.24,Yes
C02554,Male,0,No,No,47,Yes,No,Fiber optic,No,No,No,No,No,Yes,Two year,No,Electronic check,73.5,3072.25,No
C02555,Female,0,Yes,No,17,Yes,Yes,DSL,No,No,No,Yes,Yes,Yes,Month-to-month,No,Bank transfer (automatic),66.23,981.1,Yes
C02556,Male,0,Yes,No,67,Yes,Yes,No,No internet service,No internet service,No internet service,No internet service,No internet service,No internet service,One year,Yes,Mailed check,24.47,1615.95,No
C02557,Male,0,No,No,62,Yes,No,Fiber optic,No,No,No,No,Yes,Yes,Two year,No,Electronic check,72.03,4611.0,No
C02558,Male,0,Yes,Yes,2,Yes,No,DSL,No,No,No,No,Yes,Yes,Month-to-month,No,Mailed check,60.72,113.49,Yes
C02559,Male,0,Yes,Yes,2,Yes,Yes,DSL,No,No,No,Yes,Yes,No,One year,Yes,Electronic check,64.62,110.47,Yes
C02560,Female,0,No,No,1,Yes,No,Fiber optic,Yes,No,No,Yes,Yes,Yes,Month-to-month,Yes,Credit card (automatic),90.05,90.84,Yes
C02561,Female,0,Yes,No,48,Yes,No,DSL,No,No,Yes,No,Yes,No,One year,No,Electronic check,57.48,2746.26,No
C02562,Female,0,Yes,Yes,3,Yes,Yes,DSL,No,No,Yes,No,No,Yes,Month-to-month,No,Bank transfer (automatic),65.4,178.71,Yes
C02563,Female,0,Yes,Yes,35,Yes,Yes,DSL,Yes,Yes,Yes,No,Yes,Yes,Month-to-month,Yes,Electronic check,77.88,2452.67,No
C02564,Female,0,No,No,44,Yes,No,DSL,No,Yes,Yes,No,Yes,No,One year,Yes,Bank transfer (automatic),64.67,2744.38,No
C02565,Male,0,No,Yes,34,Yes,Yes,DSL,No,Yes,No,No,Yes,No,Month-to-month,Yes,Credit card (automatic),62.22,2127.04,No
C02566,Male,0,Yes,Yes,10,No,No phone service,Fiber optic,No,Yes,No,No,No,No,Month-to-month,Yes,Credit card (automatic),53.62,556.98,Yes
C02567,Male,0,Yes,No,11,Yes,Yes,Fiber optic,No,No,Yes,No,No,Yes,One year,Yes,Mailed check,80.82,810.29,No
C02568,Female,0,No,Yes,61,No,No phone service,Fiber optic,No,No,No,No,Yes,No,Two year,Yes,Electronic check,53.57,3238.28,No
C02569,Female,0,Yes,Yes,54,Yes,Yes,No,No internet service,No internet service,No internet service,No internet service,No internet service,No internet service,One year,Yes,Credit card (automatic),24.0,1324.71,No
C02570,Male,0,No,No,9,No,No phone service,DSL,No,No,Yes,Yes,No,Yes,Month-to-month,Yes,Electronic check,41.67,365.3,Yes
C02571,Female,0,No,No,43,Yes,Yes,Fiber optic,No,Yes,Yes,Yes,Yes,Yes,Two year,Yes,Credit card (automatic),104.01,4660.39,No
C02572,Female,0,No,No,35,Yes,No,Fiber optic,Yes,No,No,No,Yes,Yes,One year,No,Electronic check,84.8,2804.28,No
C02573,Female,0,Yes,No,20,Yes,Yes,Fiber optic,,Yes,No,Yes,Yes,No,One year,No,Electronic check,100.82,1725.95,Yes
C02574,Female,0,No,Yes,30,Yes,No,DSL,No,Yes,Yes,Yes,No,Yes,Two year,Yes,Bank transfer (automatic),74.22,2090.3,No
C02575,Female,0,Yes,No,2,Yes,Yes,Fiber optic,No,No,Yes,No,No,No,Month-to-month,Yes,Mailed check,82.39,143.17,Yes
C02576,Female,0,Yes,No,12,Yes,No,Fiber optic,No,No,Yes,No,No,Yes,Month-to-month,No,Bank transfer (automatic),77.55,805.01,Yes
C02577,Female,0,Yes,Yes,56,Yes,Yes,DSL,No,Yes,No,No,No,Yes,Two year,Yes,Bank transfer (automatic),58.41,3262.63,No
C02578,Male,0,Yes,Yes,72,No,No phone service,DSL,No,Yes,No,Yes,No,No,One year,No,Mailed check,42.38,2755.36,No
C02579,Female,0,Yes,No,3,Yes,No,Fiber optic,Yes,No,Yes,No,No,No,Month-to-month,No,Credit card (automatic),79.08,235.62,Yes
C02580,Male,0,No,Yes,59,Yes,Yes,Fiber optic,No,No,No,No,Yes,No,Two year,Yes,Bank transfer (automatic),77.79,4056.2,No
C02581,Female,0,No,No,10,Yes,No,DSL,No,No,No,No,No,Yes,Month-to-month,Yes,Electronic check,53.12,523.52,Yes
C02582,Male,0,Yes,Yes,15,Yes,No,DSL,Yes,Yes,No,No,Yes,No,Two year,No,Credit card (automatic),64.22,904.08,No
C02583,Male,0,No,No,46,Yes,No,Fiber optic,Yes,No,No,No,Yes,Yes,One year,Yes,Electronic check,82.58,3301.6,No
C02584,Male,0,No,Yes,1,Yes,Yes,Fiber optic,No,Yes,No,Yes,No,Yes,One year,Yes,Credit card (automatic),88.36,86.04,No
C02585,Male,1,Yes,No,3,Yes,No,Fiber optic,No,Yes,Yes,Yes,No,Yes,Month-to-month,No,Electronic check,89.57,243.04,Yes
C02586,Male,0,No,No,24,Yes,No,Fiber optic,No,No,Yes,No,No,Yes,Month-to-month,Yes,Mailed check,65.41,1456.61,Yes
C02587,Male,0,No,No,68,Yes,No,DSL,No,No,No,No,Yes,No,Two year,Yes,Mailed check,50.25,3581.57,No
C02588,Male,0,No,No,0,Yes,Yes,DSL,No,Yes,No,No,No,No,One year,Yes,Mailed check,56.72, ,Yes
C02589,Male,0,Yes,Yes,46,Yes,Yes,Fiber optic,No,Yes,No,No,No,No,Two year,Yes,Electronic check,78.11,3646.35,No
C02590,Female,0,No,No,51,Yes,No,DSL,Yes,No,No,No,Yes,Yes,Two year,No,Mailed check,69.09,3071.45,No
C02591,Female,0,No,No,72,Yes,No,Fiber optic,No,No,Yes,No,No,Yes,Two year,No,Mailed check,74.09,5137.41,No
C02592,Female,1,Yes,Yes,23,Yes,Yes,Fiber optic,No,No,Yes,Yes,Yes,Yes,One year,Yes,Electronic check,90.11,1764.85,No
C02593,Male,0,Yes,No,24,Yes,No,Fiber optic,Yes,No,No,No,Yes,No,Two year,Yes,Mailed check,73.43,1647.53,Yes
C02594,Male,0,Yes,No,72,Yes,No,DSL,No,No,Yes,Yes,No,Yes,Month-to-month,Yes,Bank transfer (automatic),59.02,4117.38,No
C02595,Female,0,Yes,Yes,67,Yes,No,DSL,No,No,No,No,No,No,Month-to-month,Yes,Electronic check,51.12,3582.06,No
C02596,Male,0,Yes,No,0,Yes,No,Fiber optic,No,Yes,Yes,No,Yes,No,Month-to-month,No,Credit card (automatic),78.77, ,No
C02597,Male,0,Yes,Yes,2,Yes,No,DSL,No,Yes,Yes,No,Yes,Yes,One year,Yes,Credit card (automatic),69.96,139.58,No
C02598,Female,0,No,No,59,Yes,Yes,DSL,Yes,No,No,No,Yes,No,Month-to-month,No,Credit card (automatic),65.32,3913.12,No
C02599,Female,0,No,No,39,Yes,No,DSL,No,No,Yes,No,No,Yes,One year,No,Electronic check,58.11,2322.54,No
C02600,Male,0,Yes,No,29,Yes,Yes,Fiber optic,No,No,No,No,Yes,Yes,Month-to-month,Yes,Credit card (automatic),89.28,2417.22,Yes
C02601,Female,0,Yes,No,15,Yes,Yes,No,No internet service,No internet service,No internet service,No internet service,No internet service,No internet service,Month-to-month,No,Mailed check,27.31,429.38,No
C02602,Male,0,Yes,No,62,Yes,No,Fiber optic,No,Yes,Yes,No,No,No,Two year,Yes,Mailed check,79.74,4291.67,No
C02603,Female,0,Yes,Yes,62,Yes,No,Fiber optic,No,Yes,Yes,No,No,No,Month-to-month,Yes,Mailed check,84.2,5005.42,No
C02604,Male,0,No,No,23,Yes,Yes,Fiber optic,No,No,No,Yes,Yes,Yes,Two year,No,Bank transfer (automatic),88.96,1936.46,No
C02605,Male,1,Yes,Yes,0,Yes,No,Fiber optic,No,Yes,No,No,Yes,Yes,One year,No,Electronic check,83.44, ,Yes
C02606,Female,0,No,No,68,Yes,No,DSL,No,No,No,No,No,No,Two year,No,Credit card (automatic),45.61,3189.91,No
C02607,Male,0,Yes,Yes,13,Yes,No,No,No internet service,No internet service,No internet service,No internet service,No internet service,No internet service,Month-to-month,No,Electronic check,18.0,243.51,Yes
C02608,Female,1,Yes,No,53,Yes,Yes,No,No internet service,No internet service,No internet service,No internet service,No internet service,No internet service,Two year,Yes,Electronic check,30.71,1427.31,No
C02609,Male,0,No,No,11,Yes,No,Fiber optic,No,Yes,Yes,No,Yes,No,Month-to-month,No,Mailed check,83.79,804.88,Yes
C02610,Female,1,Yes,No,6,Yes,No,DSL,Yes,No,Yes,Yes,No,No,Month-to-month,Yes,Electronic check,60.62,364.25,Yes
C02611,Female,0,Yes,Yes,3,Yes,No,Fiber optic,No,No,No,Yes,Yes,Yes,Month-to-month,No,Mailed check,77.96,217.25,Yes
C02612,Male,0,Yes,No,59,Yes,Yes,DSL,No,Yes,No,No,No,No,One year,No,Mailed check,55.64,2867.35,No
C02613,Female,0,No,No,63,Yes,Yes,Fiber optic,No,No,No,No,Yes,No,Two year,No,Mailed check,72.99,4510.58,No
C02614,Male,0,Yes,No,4,Yes,No,Fiber optic,Yes,No,No,Yes,Yes,Yes,Month-to-month,Yes,Electronic check,88.1,312.98,Yes
C02615,Male,0,No,No,13,Yes,Yes,Fiber optic,Yes,No,Yes,Yes,Yes,No,Two year,Yes,Electronic check,91.42,1034.42,No
C02616,Male,0,No,No,32,Yes,No,No,No internet service,No internet service,No internet service,No internet service,No internet service,No internet service,One year,Yes,Mailed check,21.4,628.04,No
C02617,Female,0,No,No,8,Yes,Yes,No,No internet service,No internet service,No internet service,No internet service,No internet service,No internet service,Month-to-month,No,Bank transfer (automatic),32.63,229.99,Yes
C02618,Female,0,No,No,7,Yes,Yes,DSL,No,No,No,No,No,No,Month-to-month,Yes,Bank transfer (automatic),52.16,378.5,No
C02619,Female,0,No,No,14,Yes,Yes,Fiber optic,No,No,No,No,Yes,No,One year,Yes,Mailed check,84.66,1176.18,Yes
C02620,Female,0,No,No,69,Yes,No,No,No internet service,No internet service,No internet service,No internet service,No internet service,No internet service,One year,Yes,Mailed check,20.77,1263.71,No
C02621,Female,0,Yes,Yes,2,Yes,No,No,No internet service,No internet service,No internet service,No internet service,No internet service,No internet service,Month-to-month,Yes,Mailed check,21.15,44.12,No
C02622,Male,1,No,No,2,Yes,No,Fiber optic,No,No,No,No,No,No,Month-to-month,No,Credit card (automatic),68.3,127.1,Yes
C02623,Female,0,No,No,3,Yes,No,DSL,No,No,No,No,Yes,Yes,Month-to-month,Yes,Mailed check,57.49,151.65,Yes
C02624,Female,0,Yes,Yes,68,Yes,No,Fiber optic,No,No,No,Yes,Yes,No,Month-to-month,Yes,Credit card (automatic),76.48,5084.35,No
C02625,Male,0,No,No,43,Yes,No,Fiber optic,No,No,No,Yes,Yes,Yes,One year,No,Credit card (automatic),81.17,3018.2,No
C02626,Female,0,Yes,Yes,62,Yes,Yes,DSL,No,Yes,Yes,Yes,No,No,Two year,Yes,Electronic check,75.16,4614.02,No
C02627,Male,0,No,Yes,37,Yes,No,No,No internet service,No internet service,No internet service,No internet service,No internet service,No internet service,Month-to-month,Yes,Mailed check,18.69,674.18,No
C02628,Male,1,Yes,Yes,23,Yes,No,Fiber optic,Yes,Yes,Yes,No,No,No,One year,Yes,Bank transfer (automatic),84.93,1809.03,No
C02629,Male,0,Yes,Yes,2,Yes,No,No,No internet service,No internet service,No internet service,No internet service,No internet service,No internet service,Month-to-month,Yes,Bank transfer (automatic),18.44,31.58,No
C02630,Male,0,Yes,Yes,0,Yes,Yes,DSL,No,No,Yes,Yes,No,Yes,Month-to-month,Yes,Electronic check,71.91, ,Yes
C02631,Male,1,Yes,No,25,Yes,No,No,No internet service,No internet service,No internet service,No internet service,No internet service,No internet service,Two year,No,Bank transfer (automatic),19.19,493.21,No
C02632,Female,0,Yes,No,0,Yes,No,Fiber optic,Yes,No,Yes,Yes,Yes,Yes,Month-to-month,No,Mailed check,94.89, ,No
C02633,Female,0,Yes,Yes,26,Yes,No,DSL,Yes,No,No,No,No,No,Two year,Yes,Credit card (automatic),50.92,1378.15,No
C02634,Female,0,No,No,5,No,No phone service,No,No internet service,No internet service,No internet service,No internet service,No internet service,No internet service,Month-to-month,No,Credit card (automatic),18.0,81.75,Yes
C02635,Male,0,Yes,No,30,Yes,No,No,No internet service,No internet service,No internet service,No internet service,No internet service,No internet service,Month-to-month,Yes,Electronic check,19.59,511.39,No
C02636,Male,0,No,No,8,Yes,Yes,Fiber optic,Yes,No,No,Yes,Yes,Yes,Month-to-month,No,Electronic check,101.59,733.24,Yes
C02637,Male,0,No,No,4,Yes,Yes,No,No internet service,No internet service,No internet service,No internet service,No internet service,No internet service,One year,Yes,Mailed check,27.51,110.13,No
C02638,Female,0,Yes,No,64,Yes,No,No,No internet service,No internet service,No internet service,No internet service,No internet service,No internet service,Two year,Yes,Credit card (automatic),24.87,1563.36,No
C02639,Male,0,Yes,No,1,Yes,No,Fiber optic,No,Yes,No,No,Yes,No,Month-to-month,Yes,Credit card (automatic),79.11,69.67,Yes
C02640,Female,0,Yes,Yes,32,Yes,No,DSL,No,Yes,No,Yes,Yes,Yes,One year,Yes,Bank transfer (automatic),67.65,2011.96,No
C02641,Female,0,Yes,No,34,Yes,Yes,Fiber optic,Yes,No,Yes,No,No,Yes,Month-to-month,No,Credit card (automatic),88.66,2914.3,Yes
C02642,Female,1,No,No,6,Yes,Yes,Fiber optic,No,No,No,No,Yes,No,Month-to-month,No,Mailed check,76.16,441.4,Yes
C02643,Female,0,No,Yes,35,Yes,No,Fiber optic,No,Yes,Yes,No,Yes,Yes,One year,Yes,Electronic check,95.75,3445.25,No
C02644,Male,1,No,No,63,Yes,No,DSL,No,No,No,Yes,Yes,Yes,One year,No,Electronic check,59.0,3478.74,No
C02645,Female,0,Yes,Yes,40,Yes,Yes,No,No internet service,No internet service,No internet service,No internet service,No internet service,No internet service,One year,Yes,Electronic check,25.07,908.18,No
C02646,Female,0,No,No,1,Yes,No,No,No internet service,No internet service,No internet service,No internet service,No internet service,No internet service,Month-to-month,Yes,Mailed check,22.34,20.5,No
C02647,Female,0,Yes,No,9,Yes,No,Fiber optic,No,No,Yes,No,Yes,No,Month-to-month,Yes,Electronic check,73.82,653.88,Yes
C02648,Female,0,No,No,4,Yes,No,No,No internet service,No internet service,No internet service,No internet service,No internet service,No internet service,Month-to-month,Yes,Electronic check,19.71,80.29,Yes
C02649,Female,0,No,No,1,Yes,No,DSL,Yes,Yes,No,No,Yes,Yes,Month-to-month,Yes,Credit card (automatic),68.88,67.28,Yes
C02650,Female,1,Yes,Yes,41,No,No phone service,Fiber optic,No,No,Yes,No,No,Yes,Two year,Yes,Bank transfer (automatic),61.56,2425.14,No
C02651,Male,0,No,No,31,Yes,No,Fiber optic,No,No,Yes,Yes,Yes,No,One year,No,Electronic check,87.18,2810.89,No
C02652,Female,0,No,No,12,Yes,Yes,Fiber optic,Yes,Yes,Yes,No,No,No,Month-to-month,Yes,Electronic check,92.05,990.49,No
C02653,Female,0,Yes,No,2,Yes,Yes,Fiber optic,No,No,No,No,Yes,No,Month-to-month,Yes,Mailed check,77.89,153.23,Yes
C02654,Male,1,Yes,No,1,Yes,Yes,Fiber optic,Yes,No,No,Yes,No,Yes,Month-to-month,No,Electronic check,91.33,84.91,Yes
C02655,Female,0,No,Yes,36,Yes,Yes,Fiber optic,No,No,Yes,Yes,Yes,Yes,One year,No,Electronic check,99.54,3638.57,No
C02656,Male,0,Yes,No,20,Yes,Yes,DSL,No,Yes,Yes,No,No,No,Two year,No,Credit card (automatic),59.05,1208.64,No
C02657,Female,0,Yes,Yes,37,Yes,No,DSL,Yes,No,No,No,No,Yes,Two year,Yes,Credit card (automatic),49.97,1717.65,No
C02658,Male,1,No,No,8,Yes,No,Fiber optic,No,No,Yes,No,No,Yes,Month-to-month,Yes,Mailed check,78.98,607.62,No
C02659,Male,0,Yes,No,6,Yes,Yes,Fiber optic,Yes,Yes,Yes,No,Yes,No,Month-to-month,Yes,Credit card (automatic),98.68,552.11,No
C02660,Female,0,Yes,No,21,Yes,Yes,DSL,Yes,Yes,Yes,No,Yes,Yes,Month-to-month,No,Mailed check,82.04,1605.55,Yes
C02661,Male,0,No,No,2,Yes,Yes,Fiber optic,No,No,No,Yes,No,Yes,Month-to-month,No,Credit card (automatic),83.46,154.37,Yes
C02662,Male,0,Yes,No,9,Yes,No,No,No internet service,No internet service,No internet service,No internet service,No internet service,No internet service,Month-to-month,No,Bank transfer (automatic),18.0,156.99,No
C02663,Male,0,Yes,Yes,12,Yes,No,DSL,No,No,Yes,Yes,Yes,Yes,One year,Yes,Credit card (automatic),73.8,842.97,No
C02664,Male,0,No,Yes,47,Yes,No,Fiber optic,No,No,No,Yes,No,No,Two year,Yes,Electronic check,75.32,3585.65,No
C02665,Female,0,Yes,No,58,Yes,No,No,No internet service,No internet service,No internet service,No internet service,No internet service,No internet service,Two year,No,Bank transfer (automatic),20.35,1212.95,No
C02666,Female,1,No,No,18,Yes,No,No,No internet service,No internet service,No internet service,No internet service,No internet service,No internet service,One year,Yes,Credit card (automatic),20.32,360.95,No
C02667,Male,1,No,No,2,Yes,No,Fiber optic,Yes,Yes,Yes,No,No,Yes,Month-to-month,Yes,Credit card (automatic),86.21,167.29,Yes
C02668,Female,1,No,No,39,Yes,No,Fiber optic,No,No,Yes,Yes,Yes,No,Two year,Yes,Credit card (automatic),84.15,2966.24,No
C02669,Male,1,No,No,29,Yes,No,DSL,No,Yes,No,Yes,No,Yes,One year,No,Credit card (automatic),61.87,1629.55,Yes
C02670,Female,0,No,No,3,Yes,No,No,No internet service,No internet service,No internet service,No internet service,No internet service,No internet service,One year,Yes,Mailed check,18.0,50.17,No
C02671,Male,1,No,Yes,4,Yes,Yes,No,No internet service,No internet service,No internet service,No internet service,No internet service,No internet service,Month-to-month,No,Electronic check,26.74,104.28,Yes
C02672,Male,1,Yes,No,2,Yes,Yes,DSL,No,No,No,No,Yes,Yes,Month-to-month,No,Electronic check,61.79,117.5,Yes
C02673,Male,0,Yes,No,1,Yes,No,DSL,No,No,Yes,No,No,Yes,Month-to-month,Yes,Mailed check,61.77,64.3,Yes
C02674,Female,0,Yes,No,22,Yes,Yes,DSL,No,No,No,Yes,Yes,Yes,One year,Yes,Bank transfer (automatic),68.34,1546.28,No
C02675,Male,0,No,No,0,Yes,No,Fiber optic,Yes,No,No,Yes,Yes,No,Month-to-month,Yes,Mailed check,82.58, ,Yes
C02676,Male,0,No,No,68,Yes,No,DSL,Yes,No,Yes,No,Yes,No,Month-to-month,Yes,Electronic check,57.57,4045.3,No
C02677,Female,0,Yes,Yes,57,Yes,No,Fiber optic,Yes,Yes,Yes,No,Yes,No,Two year,No,Electronic check,93.0,4546.24,No
C02678,Female,0,No,No,13,Yes,Yes,Fiber optic,No,No,No,Yes,Yes,No,Two year,Yes,Electronic check,83.29,1130.22,Yes
C02679,Male,0,Yes,Yes,43,Yes,No,No,No internet service,No internet service,No internet service,No internet service,No internet service,No internet service,Two year,No,Electronic check,18.0,791.94,No
C02680,Female,0,Yes,No,18,Yes,Yes,No,No internet service,No internet service,No internet service,No internet service,No internet service,No internet service,Month-to-month,No,Credit card (automatic),25.51,416.96,No
C02681,Female,0,No,Yes,72,Yes,Yes,Fiber optic,Yes,No,Yes,No,No,No,Month-to-month,No,Credit card (automatic),83.98,5628.01,No
C02682,Male,1,Yes,No,40,Yes,Yes,Fiber optic,No,Yes,No,Yes,Yes,Yes,One year,Yes,Electronic check,93.13,3288.47,No
C02683,Female,0,No,No,67,Yes,Yes,Fiber optic,No,No,No,No,Yes,No,One year,No,Mailed check,78.44,4752.66,No
C02684,Male,0,Yes,No,1,No,No phone service,Fiber optic,No,No,No,Yes,Yes,Yes,Month-to-month,Yes,Electronic check,64.43,63.31,Yes
C02685,Female,0,No,No,58,Yes,No,Fiber optic,Yes,No,Yes,Yes,Yes,Yes,Month-to-month,Yes,Mailed check,90.91,4777.35,No
C02686,Male,1,No,No,32,Yes,No,No,No internet service,No internet service,No internet service,No internet service,No internet service,No internet service,Month-to-month,Yes,Mailed check,24.05,804.07,Yes
C02687,Female,1,Yes,Yes,48,Yes,No,DSL,No,No,No,No,Yes,No,Month-to-month,No,Electronic check,47.87,2155.12,No
C02688,Male,0,Yes,No,46,Yes,Yes,No,No internet service,No internet service,No internet service,No internet service,No internet service,No internet service,Month-to-month,Yes,Electronic check,26.98,1155.02,No
C02689,Female,0,No,No,2,Yes,No,DSL,Yes,Yes,Yes,Yes,Yes,No,One year,No,Bank transfer (automatic),79.48,137.06,No
C02690,Female,0,Yes,Yes,2,Yes,No,Fiber optic,No,Yes,No,Yes,Yes,No,Two year,No,Electronic check,83.17,165.24,No
C02691,Male,0,No,No,6,No,No phone service,No,No internet service,No internet service,No internet service,No internet service,No internet service,No internet service,One year,Yes,Credit card (automatic),18.0,95.13,No
C02692,Female,0,No,No,7,Yes,No,Fiber optic,Yes,No,Yes,Yes,No,Yes,Month-to-month,No,Credit card (automatic),82.78,505.29,Yes
C02693,Female,0,Yes,Yes,10,No,No phone service,No,No internet service,No internet service,No internet service,No internet service,No internet service,No internet service,Month-to-month,No,Mailed check,18.0,186.87,No
C02694,Female,0,No,No,60,Yes,No,No,No internet service,No internet service,No internet service,No internet service,No internet service,No internet service,Two year,No,Mailed check,18.0,920.59,No
C02695,Male,0,Yes,No,65,Yes,Yes,Fiber optic,No,No,Yes,No,Yes,Yes,Two year,No,Electronic check,98.39,6157.77,No
C02696,Female,0,Yes,No,40,No,No phone service,DSL,Yes,No,No,No,No,No,Two year,Yes,Mailed check,30.28,1113.89,No
C02697,Male,0,Yes,No,72,Yes,No,DSL,No,No,No,Yes,No,No,Two year,Yes,Mailed check,51.89,3671.65,No
C02698,Male,0,No,No,48,Yes,No,No,No internet service,No internet service,No internet service,No internet service,No internet service,No internet service,One year,Yes,Credit card (automatic),21.82,1017.0,No
C02699,Female,0,No,No,66,Yes,No,Fiber optic,No,No,No,No,No,No,Two year,Yes,Mailed check,65.32,4357.24,No
C02700,Female,0,Yes,Yes,18,Yes,No,Fiber optic,,Yes,No,No,Yes,Yes,One year,Yes,Electronic check,85.07,1339.96,Yes
C02701,Female,0,Yes,Yes,70,Yes,Yes,DSL,Yes,Yes,Yes,No,No,Yes,Month-to-month,Yes,Credit card (automatic),74.72,4771.28,Yes
C02702,Male,1,Yes,No,72,No,No phone service,DSL,No,No,No,Yes,Yes,Yes,One year,Yes,Mailed check,54.69,3694.41,No
C02703,Female,0,No,No,4,Yes,No,Fiber optic,Yes,No,Yes,Yes,Yes,Yes,Month-to-month,Yes,Bank transfer (automatic),91.9,372.26,Yes
C02704,Female,0,Yes,Yes,50,Yes,No,DSL,Yes,No,Yes,Yes,Yes,Yes,One year,No,Bank transfer (automatic),78.71,3768.21,No
C02705,Male,0,Yes,No,36,Yes,Yes,Fiber optic,Yes,Yes,Yes,No,Yes,No,One year,No,Bank transfer (automatic),91.76,2976.64,No
C02706,Female,0,Yes,Yes,69,Yes,No,No,No internet service,No internet service,No internet service,No internet service,No internet service,No internet service,Two year,No,Mailed check,21.93,1437.47,No
C02707,Male,1,No,No,57,Yes,Yes,DSL,No,Yes,Yes,Yes,Yes,No,Two year,Yes,Electronic check,76.63,4126.53,No
C02708,Male,0,No,No,16,Yes,No,Fiber optic,Yes,Yes,No,No,Yes,Yes,Two year,Yes,Electronic check,86.63,1199.11,No
C02709,Female,0,No,No,59,Yes,No,DSL,No,Yes,Yes,No,Yes,No,One year,Yes,Credit card (automatic),62.68,3721.27,No
C02710,Female,0,Yes,No,3,Yes,Yes,Fiber optic,No,No,Yes,Yes,No,No,One year,Yes,Bank transfer (automatic),82.27,255.92,Yes
C02711,Male,0,Yes,Yes,53,Yes,Yes,Fiber optic,No,Yes,Yes,Yes,No,Yes,One year,Yes,Bank transfer (automatic),99.12,5026.28,No
C02712,Male,1,No,No,63,Yes,Yes,DSL,Yes,Yes,Yes,No,Yes,Yes,Two year,Yes,Credit card (automatic),84.02,5062.7,No
C02713,Male,0,No,No,60,Yes,Yes,Fiber optic,No,No,No,No,No,Yes,One year,Yes,Electronic check,80.82,4883.49,Yes
C02714,Female,0,Yes,Yes,3,Yes,Yes,Fiber optic,No,No,Yes,No,Yes,Yes,Month-to-month,Yes,Credit card (automatic),96.46,249.53,Yes
C02715,Male,0,Yes,Yes,14,Yes,No,No,No internet service,No internet service,No internet service,No internet service,No internet service,No internet service,Two year,No,Electronic check,18.0,229.09,No
C02716,Male,0,No,No,13,No,No phone service,Fiber optic,No,No,No,No,Yes,No,Month-to-month,No,Electronic check,57.0,665.12,Yes
C02717,Female,0,Yes,No,71,Yes,No,No,No internet service,No internet service,No internet service,No internet service,No internet service,No internet service,Two year,Yes,Electronic check,18.85,1218.68,No
C02718,Male,1,No,No,4,Yes,Yes,Fiber optic,Yes,No,Yes,No,Yes,Yes,Month-to-month,No,Bank transfer (automatic),102.45,372.21,Yes
C02719,Female,0,Yes,No,3,Yes,No,DSL,No,Yes,No,Yes,Yes,Yes,Month-to-month,No,Bank transfer (automatic),75.29,203.74,Yes
C02720,Female,0,Yes,No,8,Yes,No,DSL,No,No,Yes,No,No,No,Month-to-month,Yes,Credit card (automatic),50.97,388.13,Yes
C02721,Female,1,No,No,48,Yes,Yes,No,No internet service,No internet service,No internet service,No internet service,No internet service,No internet service,Month-to-month,No,Electronic check,25.02,1071.61,No
C02722,Male,0,Yes,Yes,72,Yes,No,DSL,No,No,No,No,No,Yes,Two year,Yes,Electronic check,54.17,3679.76,No
C02723,Male,0,Yes,No,12,No,No phone service,No,No internet service,No internet service,No internet service,No internet service,No internet service,No internet service,Month-to-month,No,Electronic check,18.0,209.91,No
C02724,Male,0,No,No,70,Yes,Yes,No,No internet service,No internet service,No internet service,No internet service,No internet service,No internet service,Two year,No,Mailed check,19.7,1216.81,No
C02725,Female,0,Yes,Yes,49,Yes,Yes,No,No internet service,No internet service,No internet service,No internet service,No internet service,No internet service,Two year,No,Mailed check,26.41,1286.21,No
C02726,Female,0,No,No,1,Yes,No,Fiber optic,No,Yes,Yes,No,No,No,Month-to-month,Yes,Electronic check,71.5,69.47,Yes
C02727,Male,0,Yes,Yes,24,Yes,Yes,DSL,Yes,No,Yes,Yes,Yes,No,Month-to-month,Yes,Electronic check,67.95,1555.73,No
C02728,Male,0,No,No,0,Yes,Yes,DSL,Yes,No,No,No,No,Yes,Month-to-month,Yes,Credit card (automatic),67.1, ,Yes
C02729,Female,1,No,Yes,0,Yes,Yes,Fiber optic,No,No,Yes,No,No,No,Month-to-month,Yes,Electronic check,76.62, ,Yes
C02730,Male,0,Yes,Yes,0,No,No phone service,Fiber optic,Yes,No,No,No,No,Yes,Month-to-month,No,Bank transfer (automatic),55.13, ,No
C02731,Male,0,No,No,2,Yes,No,Fiber optic,Yes,No,No,Yes,No,No,Two year,No,Electronic check,76.92,130.9,Yes
C02732,Female,1,No,No,0,No,No phone service,Fiber optic,No,Yes,Yes,Yes,Yes,Yes,Month-to-month,No,Bank transfer (automatic),68.38, ,Yes
C02733,Male,0,Yes,No,18,Yes,No,No,No internet service,No internet service,No internet service,No internet service,No internet service,No internet service,One year,No,Electronic check,21.84,342.8,No
C02734,Male,0,Yes,Yes,61,Yes,Yes,DSL,No,No,No,No,Yes,No,Two year,No,Bank transfer (automatic),59.06,3757.89,No
C02735,Male,0,No,No,0,No,No phone service,DSL,No,Yes,No,Yes,Yes,No,One year,Yes,Electronic check,33.63, ,Yes
C02736,Male,0,No,No,4,No,No phone service,Fiber optic,Yes,Yes,No,Yes,No,Yes,Month-to-month,Yes,Electronic check,73.91,270.29,Yes
C02737,Female,0,No,No,24,Yes,Yes,No,No internet service,No internet service,No internet service,No internet service,No internet service,No internet service,Two year,Yes,Mailed check,26.56,636.63,Yes
C02738,Female,0,No,Yes,0,Yes,Yes,No,No internet service,No internet service,No internet service,No internet service,No internet service,No internet service,Month-to-month,No,Electronic check,26.4, ,Yes
C02739,Female,0,No,Yes,49,Yes,No,No,No internet service,No internet service,No internet service,No internet service,No internet service,No internet service,Two year,No,Electronic check,20.08,869.89,No
C02740,Male,0,No,No,41,Yes,No,No,No internet service,No internet service,No internet service,No internet service,No internet service,No internet service,One year,Yes,Bank transfer (automatic),23.27,816.44,No
C02741,Female,0,No,No,61,Yes,No,No,No internet service,No internet service,No internet service,No internet service,No internet service,No internet service,One year,No,Bank transfer (automatic),18.0,1070.49,No
C02742,Male,0,No,No,21,Yes,Yes,No,No internet service,No internet service,No internet service,No internet service,No internet service,No internet service,One year,Yes,Bank transfer (automatic),20.03,379.77,No
C02743,Female,0,No,Yes,64,Yes,Yes,Fiber optic,No,Yes,No,No,No,No,Month-to-month,No,Electronic check,80.21,4695.32,No
C02744,Male,0,Yes,No,32,Yes,Yes,Fiber optic,Yes,Yes,Yes,No,No,Yes,Month-to-month,No,Electronic check,102.0,2969.1,No
C02745,Female,0,No,No,6,Yes,No,DSL,Yes,Yes,No,No,No,No,Month-to-month,Yes,Bank transfer (automatic),56.82,344.5,Yes
C02746,Male,0,Yes,Yes,10,Yes,No,No,No internet service,No internet service,No internet service,No internet service,No internet service,No internet service,Two year,Yes,Credit card (automatic),18.0,161.69,No
C02747,Male,1,No,Yes,5,Yes,,Fiber optic,No,Yes,Yes,No,Yes,Yes,Month-to-month,No,Mailed check,85.85,431.18,Yes
C02748,Male,0,No,No,4,No,No phone service,No,No internet service,No internet service,No internet service,No internet service,No internet service,No internet service,Month-to-month,Yes,Mailed check,18.0,63.28,Yes
C02749,Male,0,No,No,7,Yes,No,DSL,Yes,No,Yes,Yes,No,No,Month-to-month,No,Mailed check,63.41,404.04,No
C02750,Male,1,Yes,No,4,Yes,No,Fiber optic,No,Yes,Yes,Yes,No,No,Two year,No,Bank transfer (automatic),87.11,332.34,No
C02751,Female,1,No,No,8,Yes,No,DSL,No,No,Yes,No,No,No,Month-to-month,Yes,Electronic check,49.76,349.93,Yes
C02752,Female,0,Yes,No,53,Yes,No,No,No internet service,No internet service,No internet service,No internet service,No internet service,No internet service,Month-to-month,No,Credit card (automatic),18.28,867.8,No
C02753,Male,0,No,No,17,Yes,No,No,No internet service,No internet service,No internet service,No internet service,No internet service,No internet service,One year,No,Credit card (automatic),18.76,286.15,No
C02754,Female,0,No,No,16,Yes,Yes,Fiber optic,No,No,No,No,No,No,Month-to-month,Yes,Electronic check,69.47,1105.42,Yes
C02755,Female,0,Yes,No,5,Yes,No,Fiber optic,,Yes,No,No,Yes,Yes,Month-to-month,No,Bank transfer (automatic),80.75,367.46,Yes
C02756,Female,0,Yes,No,11,Yes,No,DSL,Yes,No,Yes,No,No,No,Month-to-month,No,Mailed check,60.82,585.59,Yes
C02757,Female,0,No,Yes,14,Yes,No,No,No internet service,No internet service,No internet service,No internet service,No internet service,No internet service,One year,No,Mailed check,20.02,250.39,Yes
C02758,Female,0,Yes,Yes,58,Yes,No,Fiber optic,Yes,No,Yes,Yes,Yes,No,One year,Yes,Electronic check,87.77,5325.96,No
C02759,Female,0,No,No,8,No,No phone service,DSL,No,No,Yes,Yes,No,Yes,One year,No,Credit card (automatic),40.66,279.41,No
C02760,Female,1,No,No,6,Yes,No,No,No internet service,No internet service,No internet service,No internet service,No internet service,No internet service,Month-to-month,Yes,Bank transfer (automatic),22.18,123.04,Yes
C02761,Female,0,No,No,44,Yes,Yes,DSL,No,No,Yes,No,Yes,No,Month-to-month,No,Credit card (automatic),62.76,2406.32,Yes
C02762,Male,0,Yes,No,9,Yes,No,DSL,No,Yes,No,No,No,No,Month-to-month,No,Mailed check,53.12,416.0,No
C02763,Male,0,Yes,Yes,4,Yes,No,Fiber optic,No,No,Yes,No,Yes,No,Month-to-month,Yes,Mailed check,81.32,311.9,Yes
C02764,Male,0,No,No,59,Yes,No,Fiber optic,No,Yes,No,No,Yes,No,Month-to-month,Yes,Credit card (automatic),70.41,4354.66,No
C02765,Female,0,No,No,14,Yes,Yes,No,No internet service,No internet service,No internet service,No internet service,No internet service,No internet service,Month-to-month,No,Mailed check,24.91,330.62,No
C02766,Male,0,Yes,Yes,28,Yes,Yes,No,No internet service,No internet service,No internet service,No internet service,No internet service,No internet service,Month-to-month,Yes,Credit card (automatic),30.94,785.83,Yes
C02767,Female,0,No,No,44,Yes,No,DSL,No,No,No,No,No,No,Two year,Yes,Bank transfer (automatic),41.1,1703.48,No
C02768,Female,0,Yes,Yes,8,Yes,Yes,DSL,No,No,Yes,Yes,Yes,Yes,Month-to-month,No,Mailed check,76.41,523.13,Yes
C02769,Female,0,Yes,No,70,Yes,No,Fiber optic,No,No,Yes,No,Yes,Yes,Month-to-month,No,Credit card (automatic),87.13,6035.29,No
C02770,Male,0,No,No,6,Yes,Yes,Fiber optic,Yes,No,Yes,Yes,Yes,No,Month-to-month,No,Electronic check,101.8,550.43,Yes
C02771,Female,0,No,No,72,Yes,No,No,No internet service,No internet service,No internet service,No internet service,No internet service,No internet service,One year,Yes,Electronic check,19.7,1374.46,No
C02772,Female,0,No,No,7,Yes,No,DSL,No,Yes,Yes,No,Yes,Yes,Month-to-month,No,Mailed check,70.89,431.17,Yes
C02773,Male,0,Yes,Yes,72,Yes,No,DSL,No,No,No,No,Yes,Yes,Two year,No,Electronic check,53.86,3524.66,No
C02774,Female,0,Yes,Yes,51,Yes,Yes,DSL,No,Yes,Yes,Yes,No,Yes,Two year,Yes,Electronic check,82.16,4277.39,No
C02775,Male,0,No,Yes,14,Yes,No,DSL,No,No,Yes,Yes,Yes,No,One year,No,Electronic check,66.88,806.56,No
C02776,Female,0,No,Yes,64,Yes,No,DSL,No,No,No,Yes,No,No,Two year,Yes,Credit card (automatic),49.78,3125.86,No
C02777,Female,0,Yes,No,72,No,,Fiber optic,No,Yes,No,No,No,Yes,Two year,No,Mailed check,56.48,3511.02,No
C02778,Male,0,Yes,Yes,12,Yes,Yes,No,No internet service,No internet service,No internet service,No internet service,No internet service,No internet service,Month-to-month,Yes,Electronic check,28.4,292.1,No
C02779,Male,0,Yes,Yes,57,Yes,No,No,No internet service,No internet service,No internet service,No internet service,No internet service,No internet service,Two year,Yes,Credit card (automatic),20.79,1191.66,No
C02780,Male,0,No,No,1,Yes,No,DSL,Yes,Yes,No,No,No,Yes,Month-to-month,Yes,Electronic check,67.33,66.74,Yes
C02781,Male,0,No,Yes,55,No,No phone service,DSL,No,Yes,Yes,Yes,Yes,No,One year,Yes,Electronic check,48.81,2433.24,No
C02782,Female,0,Yes,Yes,55,Yes,No,Fiber optic,No,Yes,Yes,Yes,No,Yes,One year,Yes,Bank transfer (automatic),95.22,4464.23,No
C02783,Male,0,Yes,No,31,Yes,No,DSL,No,No,No,Yes,No,Yes,One year,No,Electronic check,54.12,1668.16,No
C02784,Male,0,Yes,No,9,Yes,No,Fiber optic,Yes,Yes,No,Yes,No,No,One year,No,Credit card (automatic),77.68,714.05,No
C02785,Female,0,No,No,3,Yes,Yes,Fiber optic,No,No,Yes,No,No,No,Month-to-month,Yes,Bank transfer (automatic),81.21,247.14,Yes
C02786,Female,0,Yes,No,49,Yes,No,No,No internet service,No internet service,No internet service,No internet service,No internet service,No internet service,One year,Yes,Electronic check,26.28,1323.8,No
C02787,Female,0,Yes,No,72,Yes,Yes,DSL,Yes,No,Yes,Yes,No,No,Two year,Yes,Credit card (automatic),66.52,4206.95,No
C02788,Female,0,No,Yes,59,Yes,No,DSL,No,Yes,No,Yes,Yes,Yes,Two year,Yes,Electronic check,66.71,3453.32,No
C02789,Male,1,Yes,Yes,8,Yes,No,DSL,Yes,Yes,No,No,No,Yes,Month-to-month,Yes,Electronic check,63.41,439.06,No
C02790,Female,0,No,No,6,Yes,No,Fiber optic,No,Yes,No,No,Yes,No,Month-to-month,No,Electronic check,85.33,496.2,Yes
C02791,Male,0,No,Yes,51,Yes,Yes,DSL,No,No,No,Yes,Yes,Yes,Two year,No,Electronic check,69.1,3054.64,No
C02792,Female,0,Yes,No,57,Yes,No,DSL,No,No,No,No,No,No,Two year,Yes,Mailed check,43.57,2397.23,No
C02793,Female,0,No,Yes,46,Yes,No,DSL,No,Yes,No,No,Yes,No,Month-to-month,Yes,Electronic check,55.23,2602.31,No
C02794,Female,0,No,No,2,Yes,No,DSL,No,Yes,Yes,No,Yes,Yes,Month-to-month,No,Bank transfer (automatic),68.58,121.1,No
C02795,Female,0,No,No,33,Yes,No,No,No internet service,No internet service,No internet service,No internet service,No internet service,No internet service,One year,Yes,Mailed check,18.0,537.54,No
C02796,Female,0,No,No,11,Yes,Yes,No,No internet service,No internet service,No internet service,No internet service,No internet service,No internet service,One year,No,Mailed check,34.93,355.78,No
C02797,Male,0,Yes,No,12,Yes,No,Fiber optic,No,No,Yes,No,Yes,Yes,Month-to-month,No,Bank transfer (automatic),79.95,829.35,No
C02798,Female,0,Yes,Yes,49,Yes,No,No,No internet service,No internet service,No internet service,No internet service,No internet service,No internet service,Two year,Yes,Mailed check,18.0,787.47,No
C02799,Female,0,Yes,Yes,53,No,No phone service,DSL,No,Yes,No,No,Yes,Yes,Two year,Yes,Electronic check,44.76,2307.7,No
C02800,Female,0,Yes,No,45,Yes,No,No,No internet service,No internet service,No internet service,No internet service,No internet service,No internet service,Month-to-month,No,Credit card (automatic),20.53,914.3,No
C02801,Male,0,Yes,Yes,34,Yes,Yes,Fiber optic,No,Yes,Yes,No,No,No,Month-to-month,Yes,Electronic check,82.19,2624.26,No
C02802,Male,0,Yes,No,63,Yes,Yes,DSL,No,No,Yes,Yes,No,Yes,One year,No,Mailed check,70.26,4619.39,No
C02803,Female,0,No,No,17,Yes,Yes,Fiber optic,Yes,No,No,Yes,No,No,One year,No,Mailed check,87.38,1501.33,Yes
C02804,Male,0,Yes,Yes,1,Yes,Yes,Fiber optic,No,No,No,No,No,Yes,Month-to-month,Yes,Credit card (automatic),76.86,75.97,Yes
C02805,Male,1,No,No,1,Yes,No,Fiber optic,No,No,No,No,No,No,One year,No,Credit card (automatic),65.15,59.11,Yes
C02806,Male,0,No,No,11,Yes,No,No,No internet service,No internet service,No internet service,No internet service,No internet service,No internet service,Month-to-month,Yes,Bank transfer (automatic),18.0,182.8,No
C02807,Female,0,Yes,Yes,0,Yes,Yes,Fiber optic,No,No,No,No,Yes,No,Month-to-month,No,Mailed check,73.76, ,Yes
C02808,Male,0,No,Yes,2,Yes,Yes,No,No internet service,No internet service,No internet service,No internet service,No internet service,No internet service,Month-to-month,No,Mailed check,29.81,51.22,Yes
C02809,Male,0,Yes,No,56,Yes,Yes,No,No internet service,No internet service,No internet service,No internet service,No internet service,No internet service,One year,Yes,Mailed check,28.99,1548.84,No
C02810,Male,0,No,Yes,20,Yes,No,Fiber optic,Yes,Yes,No,Yes,Yes,No,One year,No,Bank transfer (automatic),85.99,1522.41,No
C02811,Female,0,No,No,0,Yes,No,Fiber optic,Yes,Yes,Yes,Yes,Yes,Yes,Two year,Yes,Electronic check,97.77, ,No
C02812,Female,0,No,Yes,55,Yes,No,DSL,Yes,No,No,No,No,Yes,One year,Yes,Credit card (automatic),57.57,3158.11,No
C02813,Male,0,No,No,44,Yes,Yes,Fiber optic,Yes,Yes,No,Yes,Yes,No,Two year,No,Mailed check,93.11,3942.54,No
C02814,Male,1,No,No,0,Yes,No,DSL,Yes,Yes,No,No,No,No,Month-to-month,Yes,Mailed check,61.39, ,Yes
C02815,Female,0,No,Yes,45,Yes,No,DSL,No,No,Yes,Yes,No,Yes,Two year,Yes,Credit card (automatic),68.78,3030.27,No
C02816,Male,0,No,No,18,Yes,No,Fiber optic,Yes,No,No,No,No,Yes,One year,Yes,Electronic check,73.59,1333.84,Yes
C02817,Female,0,Yes,Yes,17,Yes,No,DSL,No,Yes,Yes,Yes,No,No,One year,No,Credit card (automatic),68.87,1205.71,No
C02818,Male,0,No,No,42,Yes,No,No,No internet service,No internet service,No internet service,No internet service,No internet service,No internet service,Two year,No,Electronic check,22.34,956.37,No
C02819,Female,1,No,No,61,Yes,Yes,No,No internet service,No internet service,No internet service,No internet service,No internet service,No internet service,Two year,Yes,Mailed check,29.8,1577.7,No
C02820,Male,0,Yes,No,49,Yes,No,DSL,No,Yes,Yes,No,Yes,No,Two year,Yes,Credit card (automatic),65.92,3200.59,No
C02821,Female,1,No,No,12,No,No phone service,DSL,No,No,Yes,Yes,No,No,Two year,Yes,Credit card (automatic),28.86,311.92,No
C02822,Male,0,No,No,19,Yes,No,No,No internet service,No internet service,No internet service,No internet service,No internet service,No internet service,One year,Yes,Electronic check,18.0,294.46,No
C02823,Female,0,No,Yes,1,No,No phone service,DSL,Yes,Yes,No,No,No,Yes,Month-to-month,No,Electronic check,38.38,38.42,No
C02824,Female,0,Yes,No,72,Yes,No,No,No internet service,No internet service,No internet service,No internet service,No internet service,No internet service,Month-to-month,Yes,Bank transfer (automatic),20.01,1228.19,No
C02825,Female,0,No,No,51,Yes,No,Fiber optic,No,No,No,No,Yes,No,Two year,Yes,Bank transfer (automatic),72.38,3203.35,No
C02826,Male,1,No,No,59,Yes,Yes,Fiber optic,No,Yes,No,Yes,No,Yes,Two year,No,Credit card (automatic),90.76,4695.14,No
C02827,Male,0,Yes,Yes,24,Yes,Yes,DSL,No,Yes,Yes,Yes,No,No,One year,Yes,Electronic check,69.66,1726.84,No
C02828,Female,0,No,No,4,Yes,Yes,Fiber optic,No,Yes,No,Yes,Yes,Yes,Month-to-month,Yes,Electronic check,97.04,352.02,Yes
C02829,Female,0,No,Yes,10,Yes,Yes,No,No internet service,No internet service,No internet service,No internet service,No internet service,No internet service,Month-to-month,No,Credit card (automatic),25.59,261.14,No
C02830,Male,0,Yes,Yes,14,Yes,No,DSL,No,Yes,No,No,No,No,Month-to-month,No,Credit card (automatic),49.04,584.76,Yes
C02831,Male,0,No,No,60,Yes,Yes,No,No internet service,No internet service,No internet service,No internet service,No internet service,No internet service,Two year,Yes,Bank transfer (automatic),27.34,1565.35,No
C02832,Male,0,Yes,Yes,15,Yes,Yes,Fiber optic,No,No,Yes,No,No,Yes,Month-to-month,Yes,Electronic check,88.11,1203.55,Yes
C02833,Female,0,No,Yes,38,Yes,Yes,No,No internet service,No internet service,No internet service,No internet service,No internet service,No internet service,Two year,No,Bank transfer (automatic),31.95,1212.37,No
C02834,Female,1,No,No,72,Yes,Yes,No,No internet service,No internet service,No internet service,No internet service,No internet service,No internet service,One year,No,Credit card (automatic),30.19,2131.96,No
C02835,Female,0,Yes,No,58,No,No phone service,Fiber optic,Yes,No,Yes,Yes,Yes,Yes,Two year,No,Electronic check,68.99,3841.41,No
C02836,Female,0,Yes,Yes,5,Yes,No,No,,No internet service,No internet service,No internet service,No internet service,No internet service,One year,Yes,Electronic check,25.12,123.95,Yes
C02837,Male,0,Yes,No,19,Yes,Yes,No,No internet service,No internet service,No internet service,No internet service,No internet service,No internet service,Two year,No,Credit card (automatic),21.62,430.39,No
C02838,Male,1,Yes,No,25,Yes,No,No,No internet service,No internet service,No internet service,No internet service,No internet service,No internet service,One year,Yes,Electronic check,19.48,428.55,No
C02839,Male,1,No,Yes,1,No,No phone service,DSL,No,No,No,No,No,No,Month-to-month,Yes,Electronic check,23.04,22.76,Yes
C02840,Female,0,Yes,No,1,Yes,Yes,No,No internet service,No internet service,No internet service,No internet service,No internet service,No internet service,Month-to-month,No,Bank transfer (automatic),30.28,27.74,Yes
C02841,Male,0,Yes,No,6,Yes,Yes,Fiber optic,No,Yes,Yes,No,Yes,No,One year,Yes,Bank transfer (automatic),92.67,580.99,No
C02842,Male,0,Yes,No,0,No,No phone service,Fiber optic,No,Yes,Yes,Yes,No,Yes,One year,Yes,Mailed check,67.88, ,No
C02843,Male,0,No,No,45,Yes,No,No,No internet service,No internet service,No internet service,No internet service,No internet service,No internet service,One year,No,Bank transfer (automatic),19.09,751.03,No
C02844,Male,0,No,Yes,26,Yes,No,DSL,Yes,Yes,Yes,No,No,Yes,Month-to-month,No,Bank transfer (automatic),68.27,1784.65,Yes
C02845,Female,0,Yes,No,48,Yes,Yes,Fiber optic,Yes,No,No,No,Yes,No,Two year,No,Electronic check,79.26,3327.0,No
C02846,Male,0,Yes,Yes,48,Yes,No,Fiber optic,No,No,No,No,Yes,Yes,Two year,Yes,Mailed check,77.83,3718.68,No
C02847,Male,0,Yes,Yes,1,Yes,No,Fiber optic,Yes,Yes,Yes,No,Yes,No,Month-to-month,No,Bank transfer (automatic),90.18,92.52,Yes
C02848,Female,0,Yes,Yes,4,Yes,No,DSL,Yes,No,Yes,No,Yes,No,Month-to-month,Yes,Credit card (automatic),61.96,247.49,Yes
C02849,Male,0,Yes,Yes,1,Yes,Yes,DSL,Yes,No,No,No,No,Yes,Two year,No,Electronic check,65.01,56.97,No
C02850,Male,0,No,Yes,56,Yes,Yes,Fiber optic,Yes,No,No,No,No,Yes,Two year,No,Electronic check,89.39,4291.66,No
C02851,Male,0,No,No,66,No,No phone service,Fiber optic,No,Yes,No,No,No,No,Two year,No,Credit card (automatic),50.4,3458.06,No
C02852,Female,0,Yes,Yes,72,Yes,Yes,DSL,No,Yes,No,No,No,No,Month-to-month,No,Credit card (automatic),58.61,3616.91,No
C02853,Male,0,No,No,17,Yes,No,DSL,No,No,No,No,No,No,Month-to-month,Yes,Electronic check,50.8,758.19,No
C02854,Female,0,No,Yes,9,Yes,Yes,DSL,No,No,No,No,No,No,Month-to-month,Yes,Credit card (automatic),55.05,423.86,No
C02855,Female,0,Yes,Yes,15,Yes,Yes,Fiber optic,Yes,No,No,No,Yes,Yes,Month-to-month,Yes,Bank transfer (automatic),90.17,1274.96,Yes
C02856,Female,0,Yes,No,66,Yes,No,Fiber optic,Yes,No,Yes,Yes,Yes,Yes,Two year,No,Credit card (automatic),90.15,6156.63,No
C02857,Male,0,No,No,64,Yes,No,DSL,Yes,Yes,Yes,No,Yes,Yes,Two year,Yes,Electronic check,79.43,5076.62,No
C02858,Female,0,Yes,No,55,No,No phone service,Fiber optic,No,No,No,Yes,No,Yes,Two year,Yes,Credit card (automatic),54.81,2913.82,No
C02859,Male,0,No,No,70,Yes,Yes,Fiber optic,Yes,No,Yes,No,No,Yes,Two year,Yes,Electronic check,89.72,5805.6,No
C02860,Male,0,No,Yes,72,Yes,Yes,DSL,No,Yes,Yes,No,Yes,Yes,Month-to-month,Yes,Electronic check,82.21,6053.9,No
C02861,Female,0,No,No,60,Yes,Yes,DSL,No,No,Yes,No,No,No,Two year,Yes,Credit card (automatic),63.55,3245.99,No
C02862,Male,0,Yes,No,67,Yes,No,DSL,No,Yes,No,Yes,Yes,Yes,Two year,No,Credit card (automatic),66.01,4175.94,No
C02863,Male,1,Yes,No,0,Yes,No,Fiber optic,No,No,No,No,No,No,One year,No,Mailed check,64.08, ,No
C02864,Male,0,No,No,50,Yes,No,Fiber optic,Yes,No,No,No,Yes,Yes,Two year,No,Credit card (automatic),87.27,4345.53,No
C02865,Male,0,Yes,No,10,No,No phone service,DSL,Yes,No,Yes,Yes,Yes,No,Month-to-month,No,Credit card (automatic),46.23,471.0,No
C02866,Male,0,Yes,No,39,Yes,No,DSL,No,Yes,No,No,No,Yes,Two year,Yes,Electronic check,55.29,2150.09,No
C02867,Female,0,No,Yes,5,Yes,No,No,No internet service,No internet service,No internet service,No internet service,No internet service,No internet service,One year,Yes,Electronic check,21.88,112.36,Yes
C02868,Female,0,Yes,Yes,66,Yes,No,No,No internet service,No internet service,No internet service,No internet service,No internet service,No internet service,Two year,Yes,Bank transfer (automatic),21.21,1375.0,No
C02869,Male,1,No,No,8,Yes,No,Fiber optic,,No,No,No,Yes,Yes,Month-to-month,No,Electronic check,73.67,574.47,Yes
C02870,Female,0,No,No,57,Yes,Yes,Fiber optic,Yes,Yes,Yes,No,Yes,No,One year,Yes,Bank transfer (automatic),92.66,5097.41,No
C02871,Male,0,No,No,28,Yes,Yes,No,No internet service,No internet service,No internet service,No internet service,No internet service,No internet service,Two year,Yes,Mailed check,25.83,650.6,No
C02872,Male,0,Yes,No,51,Yes,No,DSL,No,No,Yes,No,Yes,No,One year,Yes,Mailed check,53.24,2641.2,No
C02873,Male,0,No,No,8,Yes,Yes,DSL,No,No,Yes,No,Yes,No,Month-to-month,No,Credit card (automatic),62.43,521.31,No
C02874,Male,0,No,No,2,Yes,No,Fiber optic,No,No,No,Yes,No,Yes,Month-to-month,No,Bank transfer (automatic),76.22,141.7,Yes
C02875,Male,0,Yes,No,50,Yes,Yes,DSL,Yes,No,No,No,No,No,One year,Yes,Mailed check,51.46,2595.3,No
C02876,Male,0,No,No,0,Yes,Yes,No,No internet service,No internet service,No internet service,No internet service,No internet service,No internet service,Month-to-month,Yes,Credit card (automatic),24.17, ,Yes
C02877,Male,1,Yes,No,11,Yes,Yes,Fiber optic,No,No,No,No,Yes,Yes,Month-to-month,Yes,Mailed check,94.81,971.15,Yes
C02878,Female,0,Yes,No,8,Yes,No,No,No internet service,No internet service,No internet service,No internet service,No internet service,No internet service,Month-to-month,No,Mailed check,19.12,159.29,No
C02879,Male,0,No,No,48,Yes,No,DSL,,Yes,No,No,No,Yes,Two year,No,Credit card (automatic),48.65,2315.07,No
C02880,Male,0,Yes,Yes,8,Yes,No,DSL,No,No,No,Yes,No,Yes,Month-to-month,Yes,Electronic check,66.29,454.22,Yes
C02881,Male,0,Yes,Yes,1,Yes,No,No,No internet service,No internet service,No internet service,No internet service,No internet service,No internet service,Month-to-month,Yes,Mailed check,20.38,20.27,Yes
C02882,Female,0,No,Yes,3,Yes,No,Fiber optic,No,No,No,No,No,Yes,Month-to-month,No,Credit card (automatic),66.21,173.26,Yes
C02883,Male,0,Yes,Yes,23,Yes,Yes,No,,No internet service,No internet service,No internet service,No internet service,No internet service,One year,Yes,Credit card (automatic),29.23,642.72,No
C02884,Female,0,No,No,4,Yes,No,DSL,No,No,No,Yes,No,Yes,Month-to-month,Yes,Electronic check,54.79,226.29,Yes
C02885,Male,1,Yes,No,3,Yes,Yes,DSL,Yes,Yes,No,No,No,Yes,One year,Yes,Credit card (automatic),71.31,210.75,No
C02886,Male,0,No,No,3,Yes,No,Fiber optic,Yes,No,Yes,No,No,No,Month-to-month,Yes,Mailed check,71.46,204.97,Yes
C02887,Female,0,No,No,3,Yes,No,DSL,Yes,Yes,No,No,No,No,Month-to-month,No,Bank transfer (automatic),54.62,150.89,Yes
C02888,Male,0,Yes,No,39,Yes,No,No,No internet service,No internet service,No internet service,No internet service,No internet service,No internet service,Month-to-month,Yes,Electronic check,21.84,839.06,Yes
C02889,Male,1,No,No,32,Yes,No,DSL,No,Yes,No,No,No,Yes,Month-to-month,Yes,Electronic check,55.34,1770.66,Yes
C02890,Male,0,Yes,No,1,Yes,No,DSL,No,No,No,No,Yes,Yes,Month-to-month,Yes,Electronic check,59.81,57.24,Yes
C02891,Female,0,Yes,Yes,12,Yes,Yes,Fiber optic,No,Yes,No,No,No,No,Two year,Yes,Bank transfer (automatic),84.4,974.77,No
C02892,Female,0,Yes,No,59,Yes,Yes,Fiber optic,No,No,No,Yes,Yes,No,Month-to-month,No,Credit card (automatic),83.59,4668.07,No
C02893,Female,1,Yes,Yes,62,Yes,No,DSL,Yes,No,No,Yes,Yes,No,Two year,No,Credit card (automatic),68.46,3716.68,No
C02894,Female,0,Yes,No,46,Yes,No,DSL,Yes,No,No,Yes,No,No,Two year,Yes,Electronic check,56.65,2607.19,No
C02895,Male,0,No,No,11,Yes,No,Fiber optic,Yes,Yes,No,No,Yes,Yes,Month-to-month,No,Electronic check,94.68,944.36,No
C02896,Female,0,No,No,53,Yes,Yes,DSL,No,Yes,No,Yes,Yes,No,One year,Yes,Credit card (automatic),68.87,3509.79,No
C02897,Male,0,No,No,58,Yes,No,Fiber optic,No,Yes,No,No,No,Yes,Month-to-month,No,Bank transfer (automatic),78.27,4568.97,Yes
C02898,Female,0,No,No,1,Yes,Yes,No,No internet service,No internet service,No internet service,No internet service,No internet service,No internet service,Month-to-month,Yes,Bank transfer (automatic),34.9,32.71,Yes
C02899,Male,1,No,Yes,47,No,No phone service,DSL,No,No,No,No,Yes,No,Two year,Yes,Electronic check,38.6,1566.33,No
C02900,Male,0,Yes,Yes,21,Yes,No,DSL,No,Yes,No,No,No,Yes,Month-to-month,No,Electronic check,57.38,1120.43,No
C02901,Female,0,Yes,Yes,12,Yes,Yes,Fiber optic,No,No,Yes,No,No,No,One year,Yes,Bank transfer (automatic),79.87,925.52,No
C02902,Male,0,No,No,20,Yes,No,Fiber optic,No,Yes,No,Yes,Yes,Yes,Month-to-month,Yes,Credit card (automatic),81.12,1702.98,Yes
C02903,Female,0,No,No,7,Yes,No,Fiber optic,Yes,Yes,No,No,Yes,No,Month-to-month,No,Bank transfer (automatic),78.95,514.37,No
C02904,Male,0,Yes,No,14,Yes,Yes,No,No internet service,No internet service,No internet service,No internet service,No internet service,No internet service,Month-to-month,No,Mailed check,22.49,328.01,No
C02905,Female,0,Yes,Yes,6,Yes,Yes,No,No internet service,No internet service,No internet service,No internet service,No internet service,No internet service,Month-to-month,Yes,Credit card (automatic),22.18,126.76,Yes
C02906,Female,0,Yes,No,1,Yes,Yes,DSL,Yes,No,Yes,Yes,Yes,No,Month-to-month,Yes,Electronic check,72.39,73.41,No
C02907,Male,0,No,No,26,Yes,No,DSL,No,Yes,No,No,No,Yes,Two year,No,Electronic check,54.53,1230.23,No
C02908,Female,0,Yes,Yes,3,Yes,Yes,DSL,No,No,No,No,Yes,No,Month-to-month,Yes,Electronic check,64.47,171.18,Yes
C02909,Female,1,No,No,34,Yes,No,Fiber optic,Yes,No,Yes,Yes,Yes,Yes,Month-to-month,Yes,Electronic check,93.34,2984.86,No
C02910,Female,0,Yes,No,50,No,No phone service,DSL,Yes,No,No,No,Yes,No,Two year,No,Mailed check,36.77,1660.9,No
C02911,Male,0,Yes,No,0,Yes,Yes,No,No internet service,No internet service,No internet service,No internet service,No internet service,No internet service,One year,Yes,Mailed check,28.04, ,No
C02912,Female,1,No,No,4,Yes,Yes,Fiber optic,Yes,Yes,No,No,Yes,Yes,Month-to-month,Yes,Electronic check,98.64,397.92,Yes
C02913,Female,0,No,No,30,Yes,Yes,DSL,No,Yes,No,No,Yes,No,Two year,Yes,Electronic check,65.93,1749.82,No
C02914,Male,0,No,No,57,Yes,No,No,No internet service,No internet service,No internet service,No internet service,No internet service,No internet service,One year,No,Electronic check,22.39,1313.09,No
C02915,Male,0,Yes,No,2,Yes,No,Fiber optic,,No,No,No,No,Yes,One year,No,Mailed check,76.2,135.87,Yes
C02916,Male,0,Yes,Yes,26,No,No phone service,No,No internet service,No internet service,No internet service,No internet service,No internet service,No internet service,Two year,Yes,Bank transfer (automatic),18.0,419.42,No
C02917,Female,0,Yes,Yes,57,Yes,Yes,Fiber optic,No,No,No,Yes,No,No,Two year,No,Electronic check,74.84,4070.99,No
C02918,Male,0,Yes,Yes,68,Yes,No,Fiber optic,No,Yes,No,Yes,No,Yes,Two year,Yes,Bank transfer (automatic),86.11,5428.17,No
C02919,Female,1,Yes,No,26,Yes,No,DSL,Yes,Yes,No,No,Yes,No,Month-to-month,No,Electronic check,65.7,1721.14,No
C02920,Female,0,Yes,Yes,72,Yes,No,Fiber optic,No,Yes,Yes,No,Yes,No,Month-to-month,Yes,Bank transfer (automatic),80.07,5956.1,No
C02921,Male,0,No,No,31,Yes,No,Fiber optic,No,Yes,No,Yes,Yes,No,Month-to-month,Yes,Electronic check,82.08,2447.4,Yes
C02922,Male,0,No,No,19,Yes,No,No,No internet service,No internet service,No internet service,No internet service,No internet service,No internet service,Two year,Yes,Electronic check,22.32,420.37,No
C02923,Female,0,No,No,72,Yes,No,No,No internet service,No internet service,No internet service,No internet service,No internet service,No internet service,One year,Yes,Bank transfer (automatic),22.0,1527.67,No
C02924,Male,0,No,No,5,Yes,No,No,No internet service,No internet service,No internet service,No internet service,No internet service,No internet service,Month-to-month,Yes,Mailed check,19.12,90.8,No
C02925,Female,1,No,No,6,Yes,No,Fiber optic,No,No,Yes,No,Yes,No,Month-to-month,No,Mailed check,81.39,480.48,Yes
C02926,Female,0,No,No,3,Yes,Yes,Fiber optic,Yes,No,Yes,Yes,Yes,Yes,Month-to-month,No,Mailed check,95.32,280.94,Yes
C02927,Female,0,Yes,No,0,Yes,No,Fiber optic,Yes,Yes,No,No,No,No,Month-to-month,No,Electronic check,77.0, ,Yes
C02928,Male,0,Yes,No,47,Yes,No,Fiber optic,No,Yes,Yes,No,Yes,Yes,Two year,No,Mailed check,91.21,3842.3,No
C02929,Female,0,Yes,Yes,20,Yes,Yes,DSL,Yes,No,Yes,Yes,No,No,Month-to-month,Yes,Bank transfer (automatic),64.48,1318.23,No
C02930,Female,0,No,No,44,Yes,No,DSL,No,No,Yes,No,No,No,Month-to-month,Yes,Electronic check,52.86,2326.85,No
C02931,Male,0,Yes,No,44,Yes,Yes,DSL,Yes,No,Yes,No,No,No,Month-to-month,Yes,Credit card (automatic),64.71,2685.37,No
C02932,Female,0,Yes,No,61,Yes,No,Fiber optic,No,Yes,Yes,No,Yes,No,Two year,No,Electronic check,80.99,4663.11,No
C02933,Female,0,No,No,28,Yes,No,DSL,Yes,Yes,Yes,Yes,Yes,Yes,One year,No,Credit card (automatic),84.31,2403.31,No
C02934,Female,1,No,No,72,Yes,No,Fiber optic,No,Yes,No,No,Yes,No,Month-to-month,Yes,Credit card (automatic),68.49,4512.02,No
C02935,Male,0,No,No,16,Yes,Yes,DSL,Yes,Yes,No,Yes,No,Yes,Month-to-month,No,Credit card (automatic),78.38,1229.2,Yes
C02936,Male,0,No,No,37,Yes,No,Fiber optic,Yes,Yes,No,Yes,No,No,One year,Yes,Credit card (automatic),88.51,3147.53,No
C02937,Male,0,No,No,37,No,No phone service,DSL,Yes,No,No,Yes,No,No,Month-to-month,Yes,Bank transfer (automatic),39.99,1455.07,No
C02938,Male,0,No,No,4,Yes,Yes,Fiber optic,No,No,No,No,Yes,Yes,One year,No,Electronic check,81.93,319.06,No
C02939,Male,0,Yes,Yes,2,No,No phone service,No,No internet service,No internet service,No internet service,No internet service,No internet service,No internet service,One year,Yes,Mailed check,18.0,33.56,No
C02940,Female,1,No,No,30,Yes,No,Fiber optic,No,No,No,No,No,Yes,Month-to-month,No,Credit card (automatic),74.02,2192.31,Yes
C02941,Male,0,No,No,7,Yes,No,DSL,No,No,Yes,No,No,Yes,Month-to-month,Yes,Electronic check,52.97,331.42,Yes
C02942,Female,0,Yes,Yes,62,Yes,No,Fiber optic,Yes,Yes,Yes,Yes,Yes,No,One year,No,Electronic check,92.92,5931.41,No
C02943,Male,0,No,No,2,Yes,Yes,No,No internet service,No internet service,No internet service,No internet service,No internet service,No internet service,Month-to-month,No,Electronic check,25.17,51.51,No
C02944,Male,0,No,No,3,Yes,Yes,Fiber optic,No,Yes,Yes,No,No,No,Month-to-month,Yes,Credit card (automatic),81.11,222.14,Yes
C02945,Male,0,No,Yes,3,Yes,No,Fiber optic,Yes,Yes,Yes,Yes,No,Yes,Month-to-month,Yes,Mailed check,105.59,320.46,Yes
C02946,Male,0,No,No,9,Yes,No,Fiber optic,No,Yes,No,Yes,No,No,Month-to-month,Yes,Credit card (automatic),78.95,736.64,Yes
C02947,Female,0,Yes,No,1,No,No phone service,Fiber optic,No,No,No,Yes,No,No,Month-to-month,Yes,Bank transfer (automatic),52.46,50.09,Yes
C02948,Female,0,Yes,Yes,3,Yes,No,No,No internet service,No internet service,No internet service,No internet service,No internet service,No internet service,Month-to-month,Yes,Mailed check,21.64,57.34,No
C02949,Female,0,Yes,No,61,Yes,No,DSL,Yes,Yes,Yes,No,Yes,Yes,One year,Yes,Electronic check,84.2,5253.83,No
C02950,Male,0,No,Yes,40,No,No phone service,No,No internet service,No internet service,No internet service,No internet service,No internet service,No internet service,One year,No,Electronic check,18.0,619.6,No
C02951,Female,1,No,Yes,21,Yes,Yes,Fiber optic,No,No,Yes,Yes,No,No,One year,Yes,Electronic check,85.68,1690.85,No
C02952,Male,0,No,No,54,No,No phone service,Fiber optic,No,No,Yes,No,Yes,Yes,Month-to-month,No,Electronic check,59.26,2778.32,No
C02953,Female,0,No,No,46,No,No phone service,Fiber optic,Yes,Yes,No,No,No,Yes,Two year,Yes,Electronic check,61.67,2744.6,No
C02954,Female,0,No,No,52,Yes,Yes,DSL,Yes,No,No,No,No,No,Two year,No,Electronic check,60.87,3281.15,No
C02955,Male,0,Yes,Yes,37,Yes,Yes,DSL,No,Yes,No,Yes,Yes,Yes,Month-to-month,Yes,Mailed check,76.45,2688.43,No
C02956,Male,0,Yes,Yes,12,Yes,No,DSL,No,Yes,No,No,No,Yes,One year,Yes,Bank transfer (automatic),54.09,615.8,No
C02957,Male,0,Yes,No,61,Yes,Yes,Fiber optic,Yes,Yes,No,Yes,No,No,One year,No,Electronic check,89.17,4888.52,No
C02958,Male,0,No,No,0,Yes,Yes,Fiber optic,No,Yes,Yes,No,No,Yes,Month-to-month,Yes,Mailed check,92.9, ,Yes
C02959,Female,0,Yes,Yes,48,Yes,Yes,No,,No internet service,No internet service,No internet service,No internet service,No internet service,Two year,Yes,Electronic check,35.07,1639.88,No
C02960,Female,0,No,No,65,Yes,Yes,Fiber optic,No,No,Yes,No,Yes,No,Two year,Yes,Bank transfer (automatic),80.56,4965.31,No
C02961,Female,0,No,No,71,Yes,No,Fiber optic,No,No,No,No,No,Yes,One year,No,Bank transfer (automatic),70.71,4756.21,No
C02962,Male,0,Yes,No,1,Yes,No,Fiber optic,No,No,No,No,Yes,Yes,One year,No,Bank transfer (automatic),77.77,72.43,Yes
C02963,Female,1,No,No,17,Yes,Yes,No,No internet service,No internet service,No internet service,No internet service,No internet service,No internet service,One year,Yes,Mailed check,24.06,404.49,No
C02964,Male,0,No,No,68,Yes,Yes,DSL,Yes,No,No,No,Yes,No,Two year,Yes,Electronic check,70.94,4431.79,No
C02965,Female,0,No,No,3,Yes,Yes,DSL,,Yes,No,Yes,Yes,No,One year,No,Credit card (automatic),72.8,198.58,Yes
C02966,Male,0,Yes,No,57,Yes,No,DSL,No,No,No,No,Yes,Yes,Two year,Yes,Electronic check,55.15,2762.53,No
C02967,Male,0,Yes,No,70,Yes,Yes,No,No internet service,No internet service,No internet service,No internet service,No internet service,No internet service,Month-to-month,No,Mailed check,32.64,2030.22,No
C02968,Female,0,Yes,No,59,Yes,Yes,Fiber optic,Yes,Yes,No,Yes,Yes,Yes,One year,Yes,Bank transfer (automatic),103.46,5750.4,No
C02969,Male,0,No,No,41,Yes,No,Fiber optic,No,Yes,Yes,Yes,Yes,Yes,Two year,No,Bank transfer (automatic),93.73,3767.81,No
C02970,Male,0,No,No,72,Yes,No,DSL,No,Yes,No,No,No,Yes,Month-to-month,Yes,Mailed check,54.52,3997.77,No
C02971,Female,0,No,No,61,No,No phone service,Fiber optic,No,No,Yes,No,No,No,Two year,Yes,Electronic check,53.29,3057.27,No
C02972,Male,1,No,No,2,Yes,Yes,No,No internet service,No internet service,No internet service,No internet service,No internet service,No internet service,Month-to-month,Yes,Credit card (automatic),23.63,41.22,Yes
C02973,Female,0,Yes,No,0,Yes,No,Fiber optic,Yes,Yes,No,Yes,No,No,One year,No,Mailed check,83.09, ,Yes
C02974,Female,0,No,No,16,Yes,No,DSL,Yes,Yes,Yes,No,Yes,No,Two year,Yes,Bank transfer (automatic),69.11,1000.56,No
C02975,Female,0,Yes,Yes,12,Yes,Yes,No,No internet service,No internet service,No internet service,No internet service,No internet service,No internet service,Month-to-month,Yes,Mailed check,28.97,297.78,No
C02976,Female,0,Yes,No,0,Yes,No,DSL,No,No,No,No,Yes,Yes,Month-to-month,No,Electronic check,57.21, ,Yes
C02977,Female,1,No,Yes,42,Yes,No,Fiber optic,No,No,No,No,No,No,Two year,Yes,Electronic check,65.21,2507.58,No
C02978,Female,0,No,Yes,68,Yes,No,DSL,No,No,Yes,No,No,Yes,Month-to-month,Yes,Electronic check,56.16,3579.79,No
C02979,Female,0,No,No,32,Yes,No,No,No internet service,No internet service,No internet service,No internet service,No internet service,No internet service,One year,Yes,Electronic check,19.56,623.61,No
C02980,Female,0,No,No,3,Yes,No,No,No internet service,No internet service,No internet service,No internet service,No internet service,No internet service,Month-to-month,Yes,Bank transfer (automatic),22.44,64.82,Yes
C02981,Male,0,Yes,No,52,No,No phone service,DSL,No,No,Yes,No,No,No,One year,No,Credit card (automatic),30.42,1576.3,No
C02982,Male,1,Yes,No,54,Yes,Yes,No,No internet service,No internet service,No internet service,No internet service,No internet service,No internet service,One year,Yes,Bank transfer (automatic),28.44,1487.68,No
C02983,Female,0,Yes,No,7,Yes,Yes,No,No internet service,No internet service,No internet service,No internet service,No internet service,No internet service,Month-to-month,Yes,Bank transfer (automatic),31.6,222.63,Yes
C02984,Male,0,No,No,4,Yes,,Fiber optic,No,Yes,No,No,Yes,Yes,One year,Yes,Mailed check,77.85,274.2,Yes
C02985,Male,1,No,No,17,No,No phone service,Fiber optic,No,Yes,No,Yes,No,No,Month-to-month,No,Electronic check,57.11,919.18,Yes
C02986,Male,0,Yes,No,72,Yes,Yes,Fiber optic,No,No,Yes,No,Yes,No,One year,Yes,Electronic check,82.66,6161.76,No
C02987,Female,0,Yes,Yes,3,Yes,Yes,DSL,Yes,No,No,No,Yes,No,Month-to-month,No,Bank transfer (automatic),69.72,196.67,Yes
C02988,Male,0,No,No,0,Yes,Yes,Fiber optic,No,Yes,Yes,Yes,No,Yes,Month-to-month,Yes,Electronic check,97.9, ,Yes
C02989,Female,0,No,No,9,Yes,No,DSL,Yes,Yes,Yes,No,Yes,Yes,Month-to-month,Yes,Electronic check,82.67,758.57,No
C02990,Female,0,Yes,No,4,Yes,No,DSL,No,Yes,Yes,Yes,Yes,Yes,Month-to-month,No,Bank transfer (automatic),68.46,255.7,No
C02991,Female,0,Yes,No,47,Yes,Yes,Fiber optic,No,No,Yes,No,Yes,No,One year,Yes,Credit card (automatic),93.56,4191.9,No
C02992,Male,0,No,No,1,Yes,Yes,DSL,No,No,No,Yes,Yes,No,Month-to-month,No,Bank transfer (automatic),64.39,61.19,Yes
C02993,Female,0,No,No,39,Yes,No,Fiber optic,No,No,No,No,Yes,Yes,One year,No,Electronic check,81.99,2817.58,No
C02994,Female,0,Yes,No,46,Yes,No,Fiber optic,No,No,No,No,No,No,One year,No,Mailed check,71.58,3022.23,No
C02995,Male,0,Yes,Yes,57,Yes,No,DSL,Yes,No,Yes,No,No,Yes,Month-to-month,Yes,Electronic check,66.04,3768.51,No
C02996,Female,0,No,No,6,Yes,Yes,DSL,No,No,No,No,Yes,Yes,Month-to-month,Yes,Bank transfer (automatic),67.46,360.53,Yes
C02997,Male,0,No,No,2,Yes,No,Fiber optic,No,No,No,No,Yes,No,Month-to-month,Yes,Mailed check,77.34,145.83,Yes
C02998,Female,0,Yes,Yes,7,Yes,Yes,No,No internet service,No internet service,No internet service,No internet service,No internet service,No internet service,Month-to-month,Yes,Credit card (automatic),31.99,224.3,Yes
C02999,Male,0,No,No,1,Yes,No,Fiber optic,No,Yes,Yes,No,No,Yes,Month-to-month,Yes,Bank transfer (automatic),82.35,85.33,Yes
C03000,Female,0,No,No,64,Yes,No,No,No internet service,No internet service,No internet service,No internet service,No internet service,No internet service,Month-to-month,Yes,Electronic check,18.65,1243.26,No
C03001,Female,0,Yes,No,6,No,No phone service,No,No internet service,No internet service,No internet service,No internet service,No internet service,No internet service,Month-to-month,No,Electronic check,18.0,103.56,Yes
C03002,Male,0,Yes,Yes,3,No,No phone service,Fiber optic,Yes,No,No,No,No,No,One year,No,Mailed check,53.88,163.1,Yes
C03003,Female,0,No,No,45,Yes,Yes,Fiber optic,No,Yes,Yes,Yes,Yes,Yes,Month-to-month,No,Bank transfer (automatic),101.13,4032.89,Yes
C03004,Male,0,Yes,Yes,37,Yes,No,Fiber optic,No,Yes,No,No,Yes,Yes,Two year,Yes,Mailed check,81.49,2715.02,No
C03005,Female,0,Yes,Yes,38,Yes,No,DSL,No,No,No,No,No,No,Month-to-month,Yes,Credit card (automatic),45.99,1832.7,Yes
C03006,Female,0,No,Yes,49,Yes,No,DSL,Yes,Yes,Yes,No,Yes,Yes,One year,Yes,Bank transfer (automatic),74.82,3838.4,No
C03007,Male,1,No,No,62,Yes,Yes,DSL,Yes,Yes,Yes,No,No,Yes,One year,No,Credit card (automatic),73.67,4149.56,No
C03008,Male,0,No,No,4,Yes,No,DSL,Yes,No,Yes,Yes,No,Yes,Month-to-month,Yes,Credit card (automatic),62.22,258.22,Yes
C03009,Female,0,Yes,No,55,Yes,No,DSL,No,No,No,No,Yes,No,Two year,No,Mailed check,50.45,2726.47,No
C03010,Male,0,Yes,No,39,Yes,No,DSL,No,No,Yes,No,Yes,No,Month-to-month,Yes,Credit card (automatic),62.76,2450.12,No
C03011,Female,0,Yes,Yes,17,Yes,Yes,Fiber optic,No,No,No,Yes,Yes,No,Two year,Yes,Mailed check,85.51,1385.94,No
C03012,Female,0,No,No,29,Yes,Yes,Fiber optic,No,Yes,No,No,Yes,Yes,One year,No,Credit card (automatic),87.5,2329.96,No
C03013,Female,0,No,No,58,Yes,No,Fiber optic,Yes,No,Yes,No,No,No,Two year,Yes,Mailed check,78.71,4314.64,No
C03014,Male,1,No,No,7,Yes,Yes,Fiber optic,No,Yes,No,No,Yes,No,Month-to-month,Yes,Credit card (automatic),83.16,597.12,Yes
C03015,Female,0,Yes,No,1,Yes,No,Fiber optic,No,No,Yes,Yes,No,No,Month-to-month,Yes,Bank transfer (automatic),78.7,67.84,Yes
C03016,Female,0,No,No,36,Yes,Yes,Fiber optic,Yes,No,Yes,No,No,Yes,Two year,No,Mailed check,84.0,2702.83,No
C03017,Male,0,Yes,Yes,3,No,No phone service,Fiber optic,No,No,No,No,No,Yes,Month-to-month,Yes,Electronic check,50.02,143.37,Yes
C03018,Male,0,No,No,40,Yes,Yes,DSL,No,No,No,No,No,Yes,Two year,Yes,Bank transfer (automatic),58.12,1992.15,No
C03019,Male,0,Yes,Yes,11,Yes,No,No,No internet service,No internet service,No internet service,No internet service,No internet service,No internet service,Month-to-month,Yes,Credit card (automatic),18.58,194.25,No
C03020,Male,0,No,No,68,Yes,No,Fiber optic,Yes,Yes,Yes,No,No,Yes,Two year,Yes,Mailed check,91.09,5556.48,No
C03021,Female,0,Yes,Yes,4,Yes,Yes,Fiber optic,No,Yes,No,No,Yes,No,Month-to-month,Yes,Credit card (automatic),77.89,264.83,No
C03022,Male,0,Yes,No,1,Yes,No,Fiber optic,No,No,No,Yes,Yes,Yes,Month-to-month,Yes,Bank transfer (automatic),86.48,84.24,No
C03023,Female,1,No,No,6,Yes,Yes,No,No internet service,No internet service,No internet service,No internet service,No internet service,No internet service,One year,Yes,Credit card (automatic),26.42,156.65,No
C03024,Male,0,Yes,Yes,31,Yes,No,Fiber optic,Yes,Yes,No,No,No,Yes,One year,Yes,Credit card (automatic),78.31,2525.38,No
C03025,Male,0,Yes,Yes,1,Yes,No,No,No internet service,No internet service,No internet service,No internet service,No internet service,No internet service,Month-to-month,Yes,Credit card (automatic),21.15,18.97,No
C03026,Male,1,No,No,9,Yes,No,DSL,No,Yes,Yes,No,Yes,No,Month-to-month,Yes,Electronic check,62.98,559.49,No
C03027,Female,0,Yes,No,43,Yes,No,No,No internet service,No internet service,No internet service,No internet service,No internet service,No internet service,Two year,Yes,Mailed check,21.64,893.12,No
C03028,Female,1,No,No,19,Yes,No,No,No internet service,No internet service,No internet service,No internet service,No internet service,No internet service,One year,No,Credit card (automatic),25.57,485.35,No
C03029,Male,0,No,No,3,Yes,No,DSL,Yes,No,No,No,No,Yes,One year,Yes,Bank transfer (automatic),61.19,178.9,No
C03030,Female,0,No,No,24,Yes,No,DSL,No,No,No,Yes,Yes,Yes,One year,Yes,Electronic check,59.08,1447.15,No
C03031,Male,0,Yes,Yes,16,Yes,No,No,No internet service,No internet service,No internet service,No internet service,No internet service,No internet service,Month-to-month,Yes,Bank transfer (automatic),20.42,313.08,Yes
C03032,Male,0,No,No,60,Yes,No,Fiber optic,No,No,Yes,Yes,Yes,Yes,Month-to-month,Yes,Credit card (automatic),81.5,4174.54,No
C03033,Male,0,No,No,47,No,No phone service,DSL,No,No,No,No,Yes,Yes,Two year,Yes,Mailed check,35.56,1577.11,No
C03034,Female,1,Yes,No,2,Yes,No,Fiber optic,Yes,Yes,No,Yes,Yes,No,Month-to-month,No,Credit card (automatic),93.63,183.44,Yes
C03035,Female,1,No,No,13,No,No phone service,No,No internet service,No internet service,No internet service,No internet service,No internet service,No internet service,Two year,Yes,Electronic check,18.0,224.51,No
C03036,Female,1,No,Yes,53,Yes,No,No,No internet service,No internet service,No internet service,No internet service,No internet service,No internet service,Two year,Yes,Bank transfer (automatic),24.26,1167.52,No
C03037,Male,0,Yes,No,44,Yes,No,DSL,No,No,No,No,Yes,No,Two year,Yes,Credit card (automatic),51.34,2337.48,No
C03038,Male,0,Yes,No,10,Yes,No,Fiber optic,No,Yes,No,No,No,Yes,One year,No,Electronic check,74.65,771.52,No
C03039,Female,0,No,No,70,Yes,Yes,Fiber optic,Yes,No,Yes,No,No,Yes,Two year,Yes,Mailed check,86.32,6056.92,No
C03040,Male,0,Yes,Yes,36,Yes,No,DSL,No,No,Yes,No,No,No,Two year,Yes,Electronic check,51.88,1948.77,No
C03041,Female,0,No,No,64,Yes,No,DSL,Yes,No,Yes,No,No,Yes,Two year,Yes,Mailed check,69.37,4527.38,No
C03042,Female,0,Yes,No,64,Yes,Yes,DSL,Yes,No,No,Yes,No,Yes,Two year,Yes,Bank transfer (automatic),67.71,4442.42,No
C03043,Male,0,Yes,Yes,2,Yes,No,DSL,Yes,No,Yes,No,Yes,No,One year,Yes,Credit card (automatic),67.83,120.66,No
C03044,Female,0,No,No,2,Yes,No,Fiber optic,No,No,No,Yes,No,No,Month-to-month,No,Credit card (automatic),73.44,128.3,Yes
C03045,Female,0,No,Yes,29,Yes,No,DSL,No,Yes,Yes,No,No,No,Two year,Yes,Bank transfer (automatic),57.36,1702.32,No
C03046,Male,0,Yes,No,6,Yes,Yes,Fiber optic,Yes,Yes,Yes,No,Yes,Yes,Month-to-month,No,Credit card (automatic),101.82,639.77,Yes
C03047,Female,0,No,Yes,6,Yes,No,Fiber optic,Yes,No,No,No,No,Yes,Month-to-month,Yes,Mailed check,84.22,526.6,Yes
C03048,Female,1,Yes,Yes,7,Yes,Yes,DSL,Yes,No,Yes,No,Yes,No,Month-to-month,Yes,Credit card (automatic),68.68,436.27,Yes
C03049,Male,0,Yes,Yes,15,Yes,Yes,Fiber optic,No,No,No,No,No,Yes,Month-to-month,No,Credit card (automatic),75.69,1069.48,No
C03050,Female,0,Yes,Yes,59,Yes,No,DSL,Yes,Yes,No,No,No,Yes,Two year,Yes,Bank transfer (automatic),64.38,3341.82,No
C03051,Male,0,Yes,No,64,Yes,Yes,Fiber optic,No,Yes,No,Yes,Yes,Yes,Month-to-month,No,Electronic check,99.33,5682.5,No
C03052,Female,0,No,No,9,Yes,Yes,DSL,No,No,Yes,No,No,Yes,Month-to-month,Yes,Electronic check,64.33,495.63,No
C03053,Female,0,Yes,Yes,29,Yes,Yes,Fiber optic,No,Yes,Yes,Yes,Yes,Yes,Month-to-month,Yes,Mailed check,105.46,3147.76,No
C03054,Female,0,Yes,No,2,Yes,Yes,Fiber optic,Yes,No,No,No,Yes,No,Month-to-month,Yes,Bank transfer (automatic),79.48,139.19,Yes
C03055,Male,0,Yes,Yes,2,Yes,Yes,Fiber optic,No,Yes,Yes,No,No,No,One year,No,Electronic check,88.51,156.54,No
C03056,Female,0,No,Yes,52,No,No phone service,DSL,Yes,No,No,No,Yes,Yes,Two year,No,Mailed check,44.15,2265.08,No
C03057,Male,0,No,Yes,8,Yes,Yes,No,No internet service,No internet service,No internet service,No internet service,No internet service,No internet service,Month-to-month,Yes,Electronic check,27.74,200.01,Yes
C03058,Male,0,Yes,No,0,Yes,No,Fiber optic,Yes,Yes,No,No,Yes,No,Two year,No,Electronic check,85.55, ,No
C03059,Male,1,No,No,6,Yes,No,Fiber optic,Yes,No,No,No,Yes,No,Month-to-month,No,Mailed check,82.21,467.4,Yes
C03060,Female,1,No,Yes,72,Yes,Yes,Fiber optic,Yes,No,Yes,Yes,No,Yes,Two year,No,Bank transfer (automatic),101.96,6391.22,No
C03061,Male,0,Yes,No,53,Yes,Yes,No,No internet service,No internet service,No internet service,No internet service,No internet service,No internet service,Two year,Yes,Credit card (automatic),29.76,1590.97,No
C03062,Male,0,No,No,2,Yes,Yes,Fiber optic,No,No,No,No,Yes,No,Month-to-month,No,Credit card (automatic),81.82,171.01,Yes
C03063,Female,0,No,No,10,Yes,Yes,Fiber optic,No,No,Yes,No,No,No,Month-to-month,No,Credit card (automatic),67.48,662.16,No
C03064,Male,0,No,No,3,Yes,Yes,Fiber optic,No,No,Yes,Yes,No,Yes,One year,Yes,Mailed check,88.14,263.85,Yes
C03065,Male,1,Yes,No,1,No,No phone service,Fiber optic,No,No,Yes,No,Yes,No,Month-to-month,Yes,Credit card (automatic),57.11,55.77,Yes
C03066,Male,0,Yes,No,0,Yes,Yes,Fiber optic,Yes,No,No,No,No,Yes,Month-to-month,Yes,Bank transfer (automatic),84.1, ,No
C03067,Male,1,Yes,Yes,6,Yes,No,Fiber optic,No,Yes,No,Yes,No,Yes,Month-to-month,Yes,Electronic check,81.07,424.67,Yes
C03068,Female,0,Yes,Yes,19,Yes,Yes,Fiber optic,Yes,No,Yes,Yes,No,Yes,Month-to-month,Yes,Mailed check,95.84,1595.45,Yes
C03069,Male,0,Yes,No,25,Yes,No,Fiber optic,No,Yes,Yes,Yes,No,No,Month-to-month,No,Credit card (automatic),81.38,2060.98,Yes
C03070,Male,0,No,No,6,Yes,Yes,Fiber optic,No,Yes,No,No,Yes,Yes,One year,Yes,Electronic check,87.94,483.49,No
C03071,Female,1,Yes,Yes,0,Yes,Yes,DSL,,No,Yes,No,No,No,Month-to-month,No,Bank transfer (automatic),60.26, ,Yes
C03072,Female,0,Yes,Yes,35,Yes,Yes,Fiber optic,No,No,No,Yes,Yes,No,Month-to-month,No,Mailed check,94.15,2877.75,Yes
C03073,Female,0,Yes,No,72,Yes,No,Fiber optic,No,No,Yes,Yes,No,Yes,One year,No,Electronic check,80.45,6020.18,No
C03074,Female,0,Yes,Yes,51,No,No phone service,Fiber optic,Yes,Yes,No,No,Yes,Yes,One year,No,Mailed check,58.03,2980.15,No
C03075,Female,0,No,No,16,Yes,Yes,Fiber optic,No,Yes,Yes,No,Yes,Yes,Two year,Yes,Bank transfer (automatic),99.42,1659.41,No
C03076,Male,0,Yes,No,41,Yes,Yes,Fiber optic,Yes,No,Yes,No,No,No,Two year,No,Mailed check,92.17,3555.93,No
C03077,Female,0,No,No,62,Yes,No,DSL,Yes,No,No,No,No,Yes,Two year,Yes,Electronic check,57.62,3666.86,No
C03078,Female,0,No,No,22,Yes,No,Fiber optic,No,Yes,No,No,Yes,Yes,One year,Yes,Credit card (automatic),90.82,2089.45,No
C03079,Male,0,Yes,No,1,Yes,Yes,DSL,Yes,No,No,No,Yes,Yes,One year,No,Bank transfer (automatic),72.52,70.29,No
C03080,Male,0,No,No,42,Yes,Yes,DSL,No,No,Yes,Yes,No,Yes,One year,No,Electronic check,75.61,3179.51,No
C03081,Male,0,Yes,No,15,Yes,Yes,No,No internet service,No internet service,No internet service,No internet service,No internet service,No internet service,One year,No,Bank transfer (automatic),29.67,428.08,No
C03082,Female,0,Yes,No,1,Yes,Yes,Fiber optic,No,No,Yes,No,Yes,Yes,Month-to-month,Yes,Bank transfer (automatic),93.07,82.28,Yes
C03083,Female,1,No,Yes,17,Yes,Yes,DSL,No,No,No,Yes,No,No,Month-to-month,No,Electronic check,59.78,1010.87,No
C03084,Female,0,No,No,54,Yes,No,DSL,No,Yes,Yes,No,Yes,Yes,Two year,Yes,Mailed check,73.86,3706.09,Yes
C03085,Male,0,Yes,No,46,No,No phone service,DSL,No,No,No,No,No,Yes,Two year,No,Electronic check,28.34,1307.86,No
C03086,Male,0,Yes,Yes,5,Yes,No,DSL,No,Yes,No,No,No,No,Month-to-month,Yes,Bank transfer (automatic),49.09,248.07,No
C03087,Male,0,Yes,No,61,Yes,Yes,DSL,Yes,No,No,No,Yes,Yes,Month-to-month,Yes,Credit card (automatic),77.46,4472.39,No
C03088,Female,0,Yes,Yes,10,Yes,Yes,DSL,No,No,Yes,Yes,Yes,No,Month-to-month,Yes,Electronic check,72.02,753.33,Yes
C03089,Female,0,No,Yes,34,No,No phone service,No,No internet service,No internet service,No internet service,No internet service,No internet service,No internet service,Two year,No,Credit card (automatic),18.0,621.85,No
C03090,Female,0,Yes,Yes,4,Yes,Yes,Fiber optic,No,No,Yes,No,Yes,No,One year,Yes,Electronic check,85.3,339.74,Yes
C03091,Female,0,No,No,45,Yes,Yes,DSL,No,Yes,Yes,Yes,Yes,Yes,Two year,Yes,Mailed check,85.91,3575.85,No
C03092,Female,0,No,No,3,Yes,Yes,No,No internet service,No internet service,No internet service,No internet service,No internet service,No internet service,Month-to-month,No,Electronic check,29.49,87.54,Yes
C03093,Female,0,Yes,No,41,Yes,No,No,No internet service,No internet service,No internet service,No internet service,No internet service,No internet service,Month-to-month,Yes,Electronic check,23.55,938.68,Yes
C03094,Male,1,No,No,25,Yes,No,DSL,No,Yes,Yes,Yes,No,Yes,Month-to-month,Yes,Mailed check,68.58,1651.21,Yes
C03095,Male,0,No,No,17,Yes,No,DSL,No,No,No,Yes,Yes,No,Month-to-month,Yes,Mailed check,52.75,773.72,No
C03096,Male,0,Yes,No,10,No,No phone service,DSL,No,No,No,No,Yes,Yes,Month-to-month,Yes,Credit card (automatic),37.83,381.31,No
C03097,Male,1,No,No,4,Yes,No,Fiber optic,No,Yes,No,No,Yes,No,One year,Yes,Bank transfer (automatic),75.75,265.96,Yes
C03098,Male,0,No,No,27,Yes,No,Fiber optic,No,Yes,No,No,No,No,Two year,No,Electronic check,72.71,1779.09,No
C03099,Male,0,No,No,48,Yes,Yes,Fiber optic,No,No,Yes,Yes,No,Yes,One year,Yes,Electronic check,89.7,3861.84,No
C03100,Female,1,Yes,Yes,7,Yes,No,Fiber optic,Yes,Yes,No,Yes,No,Yes,Month-to-month,Yes,Bank transfer (automatic),88.46,579.39,No
C03101,Male,0,No,No,9,Yes,No,DSL,No,No,No,Yes,Yes,Yes,Month-to-month,Yes,Credit card (automatic),61.82,579.52,Yes
C03102,Female,1,No,No,72,Yes,Yes,DSL,No,No,No,Yes,No,Yes,Two year,No,Electronic check,60.66,4273.48,No
C03103,Female,0,No,No,13,No,No phone service,Fiber optic,No,No,Yes,No,Yes,No,Two year,No,Credit card (automatic),56.35,639.52,No
C03104,Female,0,Yes,No,5,Yes,No,Fiber optic,No,No,No,Yes,Yes,Yes,One year,Yes,Electronic check,83.07,381.78,Yes
C03105,Female,0,Yes,No,1,Yes,No,Fiber optic,No,No,Yes,Yes,Yes,No,One year,No,Mailed check,77.34,72.92,No
C03106,Male,0,No,No,5,Yes,No,DSL,Yes,Yes,No,Yes,No,Yes,Month-to-month,No,Bank transfer (automatic),65.63,336.65,Yes
C03107,Female,1,Yes,Yes,6,Yes,No,No,No internet service,No internet service,No internet service,No internet service,No internet service,No internet service,Month-to-month,Yes,Credit card (automatic),18.75,111.22,Yes
C03108,Male,1,No,No,0,Yes,No,Fiber optic,Yes,Yes,Yes,Yes,No,Yes,Two year,Yes,Electronic check,93.23, ,No
C03109,Female,0,No,Yes,72,Yes,Yes,DSL,No,Yes,Yes,Yes,No,No,Two year,No,Credit card (automatic),69.26,4861.94,No
C03110,Male,0,No,No,15,Yes,Yes,Fiber optic,Yes,No,No,No,Yes,Yes,Month-to-month,No,Mailed check,92.5,1231.67,Yes
C03111,Male,0,No,Yes,47,Yes,No,Fiber optic,No,Yes,Yes,No,No,No,One year,Yes,Credit card (automatic),75.83,3497.84,No
C03112,Female,0,Yes,No,5,Yes,Yes,Fiber optic,No,Yes,No,No,No,No,Month-to-month,No,Credit card (automatic),81.88,426.25,Yes
C03113,Female,1,No,Yes,7,Yes,No,Fiber optic,Yes,No,No,No,No,No,Month-to-month,No,Mailed check,70.0,495.55,No
C03114,Male,0,Yes,Yes,40,Yes,Yes,Fiber optic,No,No,No,No,No,No,One year,Yes,Credit card (automatic),67.17,2663.13,No
C03115,Female,0,No,No,8,Yes,No,Fiber optic,No,No,Yes,Yes,No,Yes,Month-to-month,No,Mailed check,88.3,668.49,No
C03116,Male,1,No,Yes,7,No,No phone service,DSL,Yes,Yes,No,Yes,Yes,No,Month-to-month,No,Mailed check,48.84,323.49,No
C03117,Female,0,Yes,No,6,Yes,No,Fiber optic,No,Yes,No,No,Yes,No,Month-to-month,Yes,Mailed check,71.72,427.51,Yes
C03118,Male,0,No,No,14,Yes,No,DSL,Yes,Yes,No,Yes,Yes,Yes,Month-to-month,Yes,Electronic check,77.22,1068.44,Yes
C03119,Male,0,No,No,69,Yes,Yes,No,No internet service,No internet service,No internet service,No internet service,No internet service,No internet service,Two year,Yes,Bank transfer (automatic),25.86,1830.16,No
C03120,Male,0,Yes,Yes,5,Yes,No,No,No internet service,No internet service,No internet service,No internet service,No internet service,No internet service,Month-to-month,No,Mailed check,18.49,91.21,Yes
C03121,Male,0,Yes,Yes,11,Yes,No,DSL,No,No,No,Yes,Yes,Yes,Month-to-month,Yes,Mailed check,59.81,573.06,No
C03122,Male,0,No,No,0,Yes,No,DSL,,No,No,Yes,Yes,No,Month-to-month,No,Credit card (automatic),55.61, ,Yes
C03123,Male,0,No,No,2,Yes,Yes,No,No internet service,No internet service,No internet service,No internet service,No internet service,No internet service,Month-to-month,Yes,Bank transfer (automatic),25.78,45.38,Yes
C03124,Male,0,Yes,No,1,Yes,No,Fiber optic,No,Yes,No,Yes,Yes,Yes,Month-to-month,Yes,Mailed check,87.23,90.25,Yes
C03125,Male,0,No,No,48,Yes,No,Fiber optic,Yes,No,Yes,No,No,No,Two year,Yes,Mailed check,77.5,3446.54,No
C03126,Female,0,Yes,Yes,63,Yes,Yes,DSL,Yes,No,No,Yes,Yes,Yes,One year,No,Bank transfer (automatic),79.2,5147.06,No
C03127,Male,1,No,No,25,Yes,No,DSL,Yes,No,No,No,Yes,No,One year,Yes,Bank transfer (automatic),54.4,1315.88,No
C03128,Female,0,Yes,Yes,26,Yes,No,DSL,No,No,Yes,Yes,Yes,No,One year,No,Electronic check,61.74,1378.94,No
C03129,Female,0,Yes,Yes,11,Yes,Yes,No,No internet service,No internet service,No internet service,No internet service,No internet service,No internet service,Month-to-month,No,Electronic check,19.49,197.59,Yes
C03130,Male,1,No,No,19,Yes,Yes,Fiber optic,Yes,Yes,No,No,Yes,Yes,Month-to-month,Yes,Bank transfer (automatic),89.76,1459.95,Yes
C03131,Female,0,Yes,Yes,15,Yes,Yes,Fiber optic,,Yes,No,No,No,No,One year,No,Credit card (automatic),85.3,1178.31,No
C03132,Male,0,No,No,17,Yes,No,No,No internet service,No internet service,No internet service,No internet service,No internet service,No internet service,Month-to-month,No,Electronic check,18.0,275.47,No
C03133,Male,1,Yes,Yes,59,Yes,No,Fiber optic,No,Yes,Yes,No,Yes,No,Month-to-month,Yes,Mailed check,82.41,4395.54,No
C03134,Female,0,Yes,No,63,No,No phone service,No,No internet service,No internet service,No internet service,No internet service,No internet service,No internet service,One year,Yes,Electronic check,18.0,1188.28,No
C03135,Female,0,No,No,60,Yes,No,No,No internet service,No internet service,No internet service,No internet service,No internet service,No internet service,One year,Yes,Bank transfer (automatic),18.0,927.77,No
C03136,Female,0,No,Yes,1,Yes,No,DSL,Yes,No,No,No,Yes,No,One year,No,Bank transfer (automatic),51.0,46.41,No
C03137,Male,0,Yes,No,39,Yes,Yes,No,No internet service,No internet service,No internet service,No internet service,No internet service,No internet service,Two year,Yes,Bank transfer (automatic),28.07,1089.98,No
C03138,Female,0,No,No,3,Yes,No,Fiber optic,No,No,Yes,No,No,No,One year,Yes,Electronic check,73.98,225.28,No
C03139,Male,0,Yes,No,46,Yes,No,Fiber optic,Yes,Yes,Yes,No,No,Yes,One year,Yes,Bank transfer (automatic),83.44,3379.47,No
C03140,Male,0,No,No,42,Yes,Yes,Fiber optic,No,Yes,Yes,No,Yes,Yes,One year,Yes,Bank transfer (automatic),99.06,4351.21,No
C03141,Male,0,Yes,No,1,No,No phone service,DSL,No,No,No,No,Yes,Yes,Month-to-month,No,Mailed check,42.28,43.14,Yes
C03142,Female,0,No,No,10,Yes,No,No,No internet service,No internet service,No internet service,No internet service,No internet service,No internet service,Month-to-month,Yes,Mailed check,19.28,175.47,No
C03143,Male,0,Yes,Yes,36,Yes,Yes,DSL,No,No,Yes,No,Yes,Yes,Month-to-month,Yes,Electronic check,66.0,2033.88,No
C03144,Female,0,No,No,65,Yes,No,Fiber optic,No,Yes,Yes,No,Yes,No,Month-to-month,Yes,Electronic check,91.63,5145.11,No
C03145,Female,1,No,No,47,Yes,Yes,Fiber optic,No,No,No,Yes,Yes,Yes,Two year,Yes,Bank transfer (automatic),92.32,3787.35,No
C03146,Female,0,No,No,2,Yes,No,Fiber optic,No,No,No,No,Yes,No,Month-to-month,Yes,Mailed check,76.79,158.19,Yes
C03147,Female,0,Yes,No,25,Yes,Yes,DSL,No,Yes,Yes,No,Yes,No,Month-to-month,No,Credit card (automatic),69.88,1516.93,No
C03148,Female,0,Yes,Yes,56,Yes,No,DSL,No,Yes,No,No,Yes,No,Two year,No,Mailed check,58.13,3133.43,No
C03149,Male,0,Yes,No,2,Yes,Yes,Fiber optic,Yes,Yes,Yes,Yes,No,No,Month-to-month,Yes,Credit card (automatic),94.66,198.23,Yes
C03150,Male,0,No,No,39,Yes,Yes,Fiber optic,No,No,Yes,No,No,Yes,Two year,Yes,Credit card (automatic),89.75,3419.07,No
C03151,Female,1,Yes,Yes,72,Yes,No,Fiber optic,No,Yes,No,No,No,Yes,Two year,Yes,Mailed check,78.08,5447.61,No
C03152,Male,0,No,No,15,Yes,No,Fiber optic,Yes,No,No,Yes,No,No,Month-to-month,Yes,Electronic check,75.64,1017.38,Yes
C03153,Male,0,Yes,No,49,Yes,No,Fiber optic,No,No,No,Yes,No,Yes,One year,Yes,Credit card (automatic),73.49,3080.78,No
C03154,Male,0,No,No,9,Yes,Yes,No,No internet service,No internet service,No internet service,No internet service,No internet service,No internet service,Two year,No,Electronic check,31.46,296.19,No
C03155,Male,0,Yes,Yes,72,Yes,Yes,DSL,No,No,No,No,No,Yes,Two year,Yes,Mailed check,55.87,3978.52,No
C03156,Male,0,No,No,0,Yes,No,Fiber optic,No,No,No,No,No,Yes,One year,No,Electronic check,67.55, ,Yes
C03157,Male,0,No,No,4,Yes,No,Fiber optic,Yes,Yes,No,No,Yes,Yes,Month-to-month,Yes,Credit card (automatic),92.45,344.3,Yes
C03158,Female,0,No,No,16,Yes,No,DSL,No,No,No,No,No,No,One year,No,Electronic check,43.82,663.78,No
C03159,Male,0,No,No,12,Yes,Yes,DSL,No,No,Yes,No,Yes,No,Month-to-month,Yes,Electronic check,66.3,828.6,Yes
C03160,Female,0,No,No,47,Yes,No,No,No internet service,No internet service,No internet service,No internet service,No internet service,No internet service,One year,Yes,Electronic check,18.0,808.71,No
C03161,Female,0,No,No,14,Yes,No,DSL,No,No,No,Yes,Yes,No,Month-to-month,No,Credit card (automatic),50.99,614.21,Yes
C03162,Male,0,Yes,Yes,9,No,No phone service,Fiber optic,No,No,No,Yes,Yes,Yes,Month-to-month,Yes,Electronic check,66.43,560.88,Yes
C03163,Female,0,Yes,Yes,1,Yes,Yes,DSL,Yes,No,No,Yes,No,No,Month-to-month,Yes,Electronic check,69.73,64.74,Yes
C03164,Female,0,No,No,15,No,No phone service,DSL,Yes,No,No,No,No,No,One year,No,Electronic check,30.05,412.5,No
C03165,Female,1,No,No,60,Yes,No,Fiber optic,No,No,No,Yes,No,No,Month-to-month,Yes,Mailed check,70.54,3762.63,No
C03166,Male,1,Yes,No,0,Yes,No,Fiber optic,No,No,No,Yes,Yes,No,Two year,No,Bank transfer (automatic),71.69, ,No
C03167,Male,0,Yes,No,0,Yes,Yes,Fiber optic,No,No,Yes,No,Yes,Yes,Month-to-month,No,Mailed check,90.16, ,Yes
C03168,Male,1,No,No,34,Yes,No,DSL,No,Yes,No,Yes,Yes,No,Two year,Yes,Bank transfer (automatic),61.68,1806.56,No
C03169,Female,0,Yes,No,57,Yes,No,Fiber optic,No,No,No,Yes,No,No,Two year,Yes,Electronic check,72.63,3653.91,No
C03170,Female,0,No,No,4,Yes,No,No,No internet service,No internet service,No internet service,No internet service,No internet service,No internet service,Month-to-month,No,Electronic check,18.0,67.64,Yes
C03171,Female,0,No,No,27,Yes,No,Fiber optic,No,Yes,Yes,Yes,Yes,No,One year,Yes,Bank transfer (automatic),92.84,2277.97,No
C03172,Female,1,Yes,No,23,Yes,Yes,No,No internet service,No internet service,No internet service,No internet service,No internet service,No internet service,One year,No,Mailed check,26.59,588.32,No
C03173,Female,0,Yes,Yes,49,Yes,No,DSL,Yes,No,Yes,Yes,Yes,No,Month-to-month,No,Credit card (automatic),69.51,2980.55,No
C03174,Female,0,Yes,Yes,4,Yes,No,Fiber optic,No,Yes,Yes,No,No,Yes,Month-to-month,No,Bank transfer (automatic),86.77,314.19,Yes
C03175,Male,0,Yes,Yes,26,Yes,No,Fiber optic,No,No,No,Yes,No,Yes,Two year,No,Bank transfer (automatic),73.05,1785.07,No
C03176,Female,0,No,No,13,Yes,Yes,No,No internet service,No internet service,No internet service,No internet service,No internet service,No internet service,Two year,Yes,Electronic check,26.07,299.32,No
C03177,Male,0,No,No,60,Yes,No,Fiber optic,No,No,Yes,No,No,Yes,Two year,Yes,Credit card (automatic),76.58,4570.23,No
C03178,Male,0,No,No,35,No,No phone service,DSL,No,No,No,Yes,No,Yes,Month-to-month,No,Credit card (automatic),36.67,1304.0,No
C03179,Female,0,Yes,No,6,Yes,No,Fiber optic,No,No,No,No,Yes,No,Month-to-month,No,Electronic check,69.35,355.18,Yes
C03180,Female,1,No,No,13,Yes,No,No,No internet service,No internet service,No internet service,No internet service,No internet service,No internet service,Month-to-month,Yes,Bank transfer (automatic),25.77,305.61,Yes
C03181,Male,0,Yes,No,32,Yes,Yes,No,No internet service,No internet service,No internet service,No internet service,No internet service,No internet service,One year,Yes,Credit card (automatic),25.11,687.72,No
C03182,Male,0,No,No,10,Yes,Yes,No,No internet service,No internet service,No internet service,No internet service,No internet service,No internet service,Month-to-month,No,Bank transfer (automatic),25.51,241.15,Yes
C03183,Male,0,Yes,No,12,Yes,Yes,Fiber optic,No,No,Yes,No,No,Yes,Month-to-month,No,Electronic check,82.29,1008.33,Yes
C03184,Male,0,No,Yes,3,Yes,No,DSL,Yes,Yes,Yes,No,Yes,Yes,One year,No,Mailed check,78.28,217.13,No
C03185,Male,0,No,Yes,55,Yes,No,DSL,No,No,Yes,Yes,Yes,No,Two year,No,Electronic check,61.1,3087.27,No
C03186,Female,0,Yes,No,5,Yes,Yes,Fiber optic,No,Yes,No,No,Yes,No,Month-to-month,Yes,Credit card (automatic),85.45,400.25,Yes
C03187,Female,0,No,No,39,Yes,No,DSL,No,No,No,No,Yes,No,One year,No,Electronic check,53.72,1999.13,No
C03188,Male,0,Yes,No,0,Yes,No,Fiber optic,No,No,No,No,No,Yes,Month-to-month,Yes,Bank transfer (automatic),69.93, ,Yes
C03189,Male,0,Yes,Yes,29,Yes,No,Fiber optic,No,Yes,No,Yes,No,No,Month-to-month,Yes,Credit card (automatic),74.5,2020.91,No
C03190,Male,1,No,No,66,Yes,No,DSL,Yes,Yes,Yes,Yes,No,No,One year,Yes,Bank transfer (automatic),69.78,4172.11,No
C03191,Male,0,Yes,Yes,60,Yes,No,DSL,Yes,Yes,Yes,No,Yes,No,Month-to-month,Yes,Electronic check,65.97,3421.06,No
C03192,Female,0,Yes,Yes,19,Yes,Yes,No,No internet service,No internet service,No internet service,No internet service,No internet service,No internet service,Month-to-month,Yes,Mailed check,20.21,331.99,Yes
C03193,Female,0,Yes,No,1,Yes,Yes,Fiber optic,No,No,No,No,Yes,Yes,One year,Yes,Credit card (automatic),81.27,76.53,Yes
C03194,Female,0,Yes,Yes,72,Yes,No,DSL,Yes,No,Yes,No,Yes,Yes,One year,Yes,Credit card (automatic),71.34,4855.4,No
C03195,Male,1,No,No,65,Yes,Yes,No,No internet service,No internet service,No internet service,No internet service,No internet service,No internet service,Two year,No,Mailed check,22.92,1421.18,No
C03196,Female,0,No,No,11,Yes,Yes,No,No internet service,No internet service,No internet service,No internet service,No internet service,No internet service,Month-to-month,No,Mailed check,22.01,235.84,Yes
C03197,Male,0,Yes,No,72,No,No phone service,Fiber optic,No,No,No,Yes,Yes,Yes,Two year,No,Mailed check,66.04,4560.78,No
C03198,Male,0,Yes,Yes,54,Yes,No,Fiber optic,No,No,Yes,Yes,Yes,No,Two year,No,Bank transfer (automatic),80.24,4293.58,No
C03199,Female,0,No,No,2,Yes,No,DSL,Yes,Yes,No,No,Yes,No,One year,No,Mailed check,59.73,111.36,No
C03200,Female,0,No,No,8,Yes,No,No,No internet service,No internet service,No internet service,No internet service,No internet service,No internet service,Month-to-month,No,Electronic check,18.0,150.74,No
C03201,Female,0,Yes,No,14,Yes,No,DSL,No,No,Yes,Yes,Yes,No,One year,Yes,Bank transfer (automatic),64.92,910.71,No
C03202,Female,0,No,No,4,Yes,No,DSL,No,No,Yes,Yes,Yes,Yes,One year,Yes,Bank transfer (automatic),69.27,246.17,No
C03203,Female,0,Yes,Yes,1,Yes,No,DSL,No,Yes,No,Yes,Yes,No,Month-to-month,No,Electronic check,59.98,58.19,No
C03204,Female,0,Yes,Yes,67,Yes,No,DSL,Yes,Yes,No,Yes,Yes,Yes,Month-to-month,Yes,Electronic check,77.12,5214.46,No
C03205,Male,0,No,No,32,Yes,Yes,DSL,No,No,No,Yes,No,Yes,Month-to-month,No,Mailed check,64.58,1864.57,No
C03206,Male,0,No,No,9,Yes,No,Fiber optic,No,Yes,Yes,No,Yes,Yes,Two year,No,Bank transfer (automatic),93.38,784.46,No
C03207,Male,0,Yes,No,10,Yes,No,DSL,Yes,Yes,Yes,No,No,Yes,Month-to-month,Yes,Credit card (automatic),63.59,558.14,Yes
C03208,Male,0,No,No,2,No,No phone service,Fiber optic,Yes,Yes,Yes,Yes,Yes,No,Month-to-month,Yes,Electronic check,80.21,143.46,Yes
C03209,Male,0,No,No,13,Yes,Yes,No,No internet service,No internet service,No internet service,No internet service,No internet service,No internet service,Two year,Yes,Mailed check,25.55,319.95,No
C03210,Male,0,No,No,2,Yes,No,DSL,No,Yes,No,Yes,No,Yes,Month-to-month,No,Electronic check,60.43,119.56,No
C03211,Female,0,No,No,1,Yes,No,Fiber optic,Yes,Yes,Yes,No,Yes,Yes,Month-to-month,No,Credit card (automatic),91.05,87.44,Yes
C03212,Female,0,Yes,Yes,43,Yes,Yes,DSL,Yes,No,No,No,Yes,Yes,Two year,Yes,Bank transfer (automatic),68.37,2503.67,No
C03213,Female,0,No,No,36,Yes,No,Fiber optic,No,Yes,No,Yes,Yes,No,Month-to-month,Yes,Bank transfer (automatic),77.29,2680.08,No
C03214,Male,0,Yes,No,72,Yes,Yes,DSL,No,Yes,Yes,Yes,No,Yes,One year,No,Electronic check,76.73,5188.26,No
C03215,Female,0,Yes,Yes,29,Yes,Yes,No,No internet service,No internet service,No internet service,No internet service,No internet service,No internet service,Month-to-month,Yes,Bank transfer (automatic),28.69,787.3,No
C03216,Male,0,Yes,Yes,2,No,No phone service,DSL,No,Yes,No,No,Yes,No,Month-to-month,Yes,Mailed check,39.28,67.44,Yes
C03217,Male,0,No,No,1,Yes,Yes,DSL,No,Yes,No,No,Yes,No,Month-to-month,No,Bank transfer (automatic),62.38,57.74,Yes
C03218,Male,0,Yes,Yes,40,Yes,Yes,Fiber optic,No,No,No,Yes,Yes,Yes,Month-to-month,Yes,Electronic check,91.14,3144.71,No
C03219,Male,0,Yes,No,43,Yes,No,Fiber optic,No,No,Yes,No,Yes,Yes,Two year,No,Mailed check,81.59,3288.23,No
C03220,Male,0,No,Yes,12,Yes,Yes,Fiber optic,No,No,Yes,No,Yes,Yes,Two year,Yes,Electronic check,92.64,950.4,No
C03221,Female,0,Yes,No,49,Yes,Yes,DSL,No,Yes,Yes,No,No,No,One year,No,Credit card (automatic),59.8,2993.36,No
C03222,Female,0,Yes,No,14,Yes,No,Fiber optic,No,No,No,No,No,No,Two year,No,Electronic check,64.36,783.93,No
C03223,Female,0,Yes,No,19,Yes,No,No,No internet service,No internet service,No internet service,No internet service,No internet service,No internet service,Two year,No,Electronic check,18.0,342.18,No
C03224,Male,0,No,No,5,Yes,No,Fiber optic,No,Yes,No,No,No,No,Month-to-month,No,Mailed check,71.78,343.26,Yes
C03225,Female,0,Yes,No,61,Yes,No,DSL,No,Yes,No,No,Yes,No,Two year,No,Mailed check,54.63,3313.13,No
C03226,Female,0,Yes,Yes,29,Yes,No,No,No internet service,No internet service,No internet service,No internet service,No internet service,No internet service,Two year,No,Credit card (automatic),18.0,525.58,No
C03227,Male,0,No,No,22,Yes,No,Fiber optic,Yes,No,No,No,No,Yes,One year,Yes,Credit card (automatic),76.19,1542.49,No
C03228,Female,0,No,Yes,47,Yes,No,Fiber optic,No,No,No,Yes,No,No,Two year,No,Electronic check,72.48,3026.45,Yes
C03229,Male,0,No,No,61,Yes,No,DSL,Yes,No,Yes,No,No,No,One year,Yes,Mailed check,53.59,2795.68,No
C03230,Male,0,Yes,Yes,5,Yes,No,DSL,No,Yes,Yes,No,No,Yes,One year,No,Credit card (automatic),71.65,372.31,No
C03231,Male,0,No,No,4,Yes,Yes,Fiber optic,No,No,No,Yes,No,Yes,Month-to-month,Yes,Mailed check,85.28,311.79,Yes
C03232,Female,0,No,No,60,Yes,Yes,Fiber optic,No,Yes,No,Yes,No,Yes,Two year,Yes,Electronic check,96.35,5994.91,No
C03233,Male,0,No,No,10,Yes,No,Fiber optic,Yes,No,No,No,Yes,No,One year,Yes,Mailed check,80.22,785.74,No
C03234,Male,0,Yes,Yes,11,No,No phone service,Fiber optic,No,Yes,Yes,No,Yes,Yes,Month-to-month,Yes,Electronic check,64.73,623.58,Yes
C03235,Male,0,Yes,Yes,1,Yes,Yes,DSL,No,Yes,No,No,Yes,Yes,Month-to-month,Yes,Mailed check,69.34,64.43,Yes
C03236,Female,0,No,No,41,Yes,No,No,No internet service,No internet service,No internet service,No internet service,No internet service,No internet service,Two year,No,Mailed check,18.0,746.71,No
C03237,Male,0,Yes,No,53,Yes,No,DSL,No,No,No,No,Yes,No,Two year,No,Electronic check,52.05,2581.73,No
C03238,Male,0,Yes,No,9,Yes,Yes,No,No internet service,No internet service,No internet service,No internet service,No internet service,No internet service,Month-to-month,Yes,Mailed check,26.27,223.07,No
C03239,Male,0,Yes,Yes,56,Yes,No,Fiber optic,Yes,No,Yes,Yes,Yes,No,Two year,No,Electronic check,90.43,5181.47,No
C03240,Female,0,Yes,No,27,Yes,Yes,Fiber optic,No,Yes,No,No,Yes,No,Month-to-month,Yes,Credit card (automatic),87.45,2214.56,Yes
C03241,Female,0,No,Yes,1,Yes,No,DSL,No,Yes,Yes,Yes,Yes,Yes,Month-to-month,No,Electronic check,79.77,70.39,Yes
C03242,Female,0,Yes,Yes,46,Yes,Yes,DSL,No,Yes,Yes,No,Yes,Yes,Month-to-month,Yes,Bank transfer (automatic),71.3,2918.84,No
C03243,Male,0,No,Yes,56,Yes,No,No,No internet service,No internet service,No internet service,No internet service,No internet service,No internet service,One year,No,Electronic check,20.13,1079.77,No
C03244,Male,0,No,No,72,Yes,Yes,No,No internet service,No internet service,No internet service,No internet service,No internet service,No internet service,Two year,Yes,Mailed check,24.96,1585.89,No
C03245,Female,0,Yes,No,0,Yes,No,Fiber optic,Yes,Yes,No,No,Yes,No,Month-to-month,Yes,Bank transfer (automatic),82.14, ,No
C03246,Male,0,Yes,No,54,Yes,Yes,Fiber optic,,No,No,Yes,No,No,Month-to-month,No,Credit card (automatic),78.28,3815.21,Yes
C03247,Female,0,Yes,No,6,Yes,No,Fiber optic,No,No,Yes,Yes,Yes,No,Month-to-month,No,Electronic check,83.4,425.37,Yes
C03248,Female,0,Yes,No,56,Yes,Yes,Fiber optic,No,No,No,No,Yes,Yes,Two year,No,Electronic check,82.92,4624.3,No
C03249,Male,1,No,No,69,Yes,No,No,No internet service,No internet service,No internet service,No internet service,No internet service,No internet service,Month-to-month,Yes,Mailed check,21.36,1493.16,No
C03250,Female,0,No,No,56,Yes,No,Fiber optic,Yes,No,Yes,Yes,No,No,One year,No,Mailed check,79.74,4649.16,No
C03251,Female,1,No,No,69,Yes,No,No,No internet service,No internet service,No internet service,No internet service,No internet service,No internet service,Two year,No,Credit card (automatic),18.0,1144.3,No
C03252,Male,1,No,No,0,Yes,No,Fiber optic,No,No,No,Yes,No,Yes,One year,No,Mailed check,70.57, ,Yes
C03253,Male,0,Yes,Yes,72,Yes,No,No,No internet service,No internet service,No internet service,No internet service,No internet service,No internet service,Two year,No,Mailed check,20.26,1360.82,No
C03254,Male,0,No,No,67,Yes,No,No,No internet service,No internet service,No internet service,No internet service,No internet service,No internet service,One year,No,Credit card (automatic),21.84,1478.14,No
C03255,Female,0,Yes,No,35,Yes,No,Fiber optic,Yes,Yes,No,Yes,No,No,Month-to-month,Yes,Mailed check,81.25,2956.02,No
C03256,Male,1,No,No,55,Yes,No,Fiber optic,No,No,Yes,Yes,No,No,Month-to-month,Yes,Electronic check,74.14,3581.18,Yes
C03257,Male,0,Yes,No,6,Yes,No,Fiber optic,No,No,Yes,Yes,Yes,No,One year,Yes,Electronic check,85.76,474.7,No
C03258,Female,0,Yes,Yes,0,No,No phone service,Fiber optic,Yes,No,Yes,No,Yes,Yes,Month-to-month,Yes,Mailed check,67.96, ,Yes
C03259,Male,1,No,Yes,28,Yes,Yes,DSL,Yes,No,Yes,Yes,No,Yes,Month-to-month,No,Electronic check,81.17,2256.07,Yes
C03260,Male,0,No,No,44,Yes,Yes,Fiber optic,No,No,No,No,Yes,No,Month-to-month,Yes,Electronic check,75.64,3407.09,No
C03261,Female,1,Yes,No,3,Yes,No,DSL,No,No,No,No,No,Yes,Month-to-month,No,Mailed check,54.34,156.49,Yes
C03262,Male,0,Yes,No,37,Yes,No,DSL,Yes,No,No,No,Yes,No,One year,No,Electronic check,56.04,1959.45,No
C03263,Male,0,No,No,5,Yes,Yes,Fiber optic,No,Yes,Yes,No,Yes,Yes,Month-to-month,No,Mailed check,104.07,472.65,No
C03264,Male,0,No,No,7,Yes,Yes,Fiber optic,Yes,No,No,Yes,No,Yes,Month-to-month,Yes,Credit card (automatic),90.13,549.39,No
C03265,Male,0,No,No,6,Yes,Yes,Fiber optic,Yes,Yes,Yes,No,Yes,No,Month-to-month,Yes,Mailed check,92.48,496.34,No
C03266,Male,0,Yes,Yes,16,Yes,Yes,Fiber optic,No,No,Yes,Yes,No,No,Month-to-month,Yes,Electronic check,79.15,1279.37,Yes
C03267,Female,0,Yes,No,12,Yes,No,No,No internet service,No internet service,No internet service,No internet service,No internet service,No internet service,One year,No,Mailed check,23.37,283.49,No
C03268,Female,0,No,No,3,Yes,Yes,Fiber optic,Yes,No,Yes,No,Yes,No,Month-to-month,No,Bank transfer (automatic),92.13,253.95,Yes
C03269,Male,0,No,No,7,Yes,No,No,No internet service,No internet service,No internet service,No internet service,No internet service,No internet service,Month-to-month,No,Credit card (automatic),20.23,123.73,Yes
C03270,Female,0,Yes,No,44,Yes,Yes,DSL,No,Yes,No,No,Yes,Yes,Month-to-month,Yes,Bank transfer (automatic),70.34,3174.77,No
C03271,Female,1,No,No,72,Yes,No,DSL,No,No,Yes,No,Yes,No,Two year,Yes,Bank transfer (automatic),55.94,3662.81,No
C03272,Female,0,Yes,Yes,58,Yes,Yes,DSL,No,No,No,Yes,No,No,One year,No,Mailed check,60.28,3636.0,No
C03273,Female,0,No,No,5,Yes,No,No,No internet service,No internet service,No internet service,No internet service,No internet service,No internet service,Month-to-month,No,Mailed check,19.07,87.67,No
C03274,Female,0,Yes,No,0,Yes,No,Fiber optic,No,No,No,No,Yes,Yes,Month-to-month,No,Credit card (automatic),77.76, ,Yes
C03275,Female,0,No,No,3,Yes,Yes,Fiber optic,No,Yes,No,Yes,No,Yes,Two year,Yes,Electronic check,93.77,247.41,No
C03276,Male,0,No,No,55,No,No phone service,No,No internet service,No internet service,No internet service,No internet service,No internet service,No internet service,One year,No,Bank transfer (automatic),18.0,932.8,No
C03277,Female,0,Yes,No,1,Yes,No,Fiber optic,No,Yes,No,No,No,Yes,Month-to-month,Yes,Bank transfer (automatic),74.16,71.97,Yes
C03278,Male,0,Yes,No,55,Yes,Yes,No,No internet service,No internet service,No internet service,No internet service,No internet service,No internet service,Month-to-month,No,Bank transfer (automatic),24.81,1271.05,No
C03279,Male,1,Yes,Yes,8,Yes,No,DSL,No,Yes,Yes,No,No,Yes,Month-to-month,No,Bank transfer (automatic),63.56,499.42,No
C03280,Female,0,Yes,Yes,1,Yes,No,No,No internet service,No internet service,No internet service,No internet service,No internet service,No internet service,Month-to-month,Yes,Electronic check,19.52,20.25,No
C03281,Male,1,No,No,21,Yes,No,Fiber optic,No,No,Yes,No,Yes,No,One year,Yes,Credit card (automatic),77.85,1543.69,No
C03282,Male,0,No,No,61,Yes,Yes,DSL,No,No,Yes,Yes,No,Yes,Month-to-month,Yes,Credit card (automatic),72.9,4297.32,No
C03283,Male,1,Yes,Yes,3,Yes,No,DSL,Yes,No,Yes,No,No,Yes,Month-to-month,Yes,Credit card (automatic),58.66,156.33,Yes
C03284,Male,0,No,No,2,Yes,No,Fiber optic,No,Yes,Yes,No,No,No,Month-to-month,Yes,Credit card (automatic),76.54,142.62,Yes
C03285,Female,0,Yes,Yes,70,Yes,No,Fiber optic,No,No,No,No,Yes,Yes,One year,No,Credit card (automatic),81.83,5261.96,No
C03286,Female,1,No,No,1,Yes,Yes,DSL,No,No,Yes,No,Yes,No,Month-to-month,Yes,Electronic check,64.79,66.32,No
C03287,Male,1,No,No,41,Yes,Yes,DSL,No,No,Yes,No,No,Yes,Two year,No,Electronic check,64.58,2291.42,No
C03288,Male,0,Yes,No,15,Yes,Yes,Fiber optic,Yes,No,No,Yes,No,No,Two year,No,Electronic check,82.98,1104.62,No
C03289,Male,0,No,Yes,70,Yes,Yes,DSL,Yes,No,No,Yes,No,No,One year,Yes,Electronic check,63.92,4601.06,No
C03290,Male,0,No,No,1,Yes,Yes,No,No internet service,No internet service,No internet service,No internet service,No internet service,No internet service,Month-to-month,No,Bank transfer (automatic),27.22,26.83,Yes
C03291,Female,0,Yes,Yes,29,Yes,No,No,No internet service,No internet service,No internet service,No internet service,No internet service,No internet service,Month-to-month,No,Electronic check,18.0,496.28,No
C03292,Female,1,No,No,12,Yes,No,DSL,Yes,Yes,No,Yes,Yes,No,One year,Yes,Electronic check,73.55,919.46,No
C03293,Male,0,Yes,Yes,4,Yes,No,No,No internet service,No internet service,No internet service,No internet service,No internet service,No internet service,Month-to-month,Yes,Bank transfer (automatic),20.62,82.28,No
C03294,Male,0,Yes,No,48,Yes,Yes,Fiber optic,No,Yes,No,Yes,No,Yes,Two year,No,Electronic check,99.37,4776.05,No
C03295,Female,0,No,No,6,Yes,No,DSL,No,Yes,Yes,Yes,No,Yes,Month-to-month,No,Bank transfer (automatic),74.28,401.99,Yes
C03296,Female,0,Yes,No,0,Yes,No,No,No internet service,No internet service,No internet service,No internet service,No internet service,No internet service,Month-to-month,Yes,Bank transfer (automatic),19.37, ,Yes
C03297,Male,0,Yes,No,16,Yes,Yes,DSL,Yes,Yes,No,No,No,Yes,One year,Yes,Electronic check,68.4,1070.75,No
C03298,Male,0,Yes,Yes,72,Yes,Yes,Fiber optic,Yes,No,No,No,Yes,No,Two year,Yes,Mailed check,80.36,5634.27,No
C03299,Male,1,Yes,No,3,Yes,No,Fiber optic,No,Yes,No,No,No,No,Month-to-month,No,Mailed check,65.2,188.89,Yes
C03300,Female,0,Yes,No,53,Yes,No,No,No internet service,No internet service,No internet service,No internet service,No internet service,No internet service,Month-to-month,Yes,Bank transfer (automatic),20.34,1040.44,No
C03301,Male,0,Yes,Yes,10,Yes,No,DSL,Yes,Yes,No,No,Yes,Yes,Month-to-month,No,Mailed check,70.17,606.82,No
C03302,Male,0,No,No,0,No,No phone service,Fiber optic,No,Yes,No,No,Yes,Yes,Month-to-month,Yes,Mailed check,64.63, ,Yes
C03303,Female,0,Yes,Yes,72,Yes,No,No,No internet service,No internet service,No internet service,No internet service,No internet service,No internet service,Month-to-month,Yes,Credit card (automatic),18.0,1138.96,No
C03304,Female,1,No,Yes,15,Yes,No,No,No internet service,No internet service,No internet service,No internet service,No internet service,No internet service,Two year,Yes,Credit card (automatic),28.3,372.53,No
C03305,Male,0,No,No,3,Yes,No,DSL,No,No,Yes,No,No,No,Month-to-month,Yes,Bank transfer (automatic),53.51,167.2,Yes
C03306,Male,0,Yes,Yes,38,Yes,Yes,DSL,No,Yes,No,Yes,No,No,Two year,Yes,Mailed check,57.22,2064.28,No
C03307,Male,0,No,No,3,Yes,Yes,DSL,Yes,No,Yes,No,Yes,No,Month-to-month,No,Mailed check,64.72,178.13,No
C03308,Female,0,No,No,61,Yes,No,DSL,,No,Yes,Yes,No,No,One year,No,Mailed check,55.78,3310.73,No
C03309,Male,0,No,No,1,Yes,Yes,No,No internet service,No internet service,No internet service,No internet service,No internet service,No internet service,Two year,Yes,Bank transfer (automatic),26.09,24.39,No
C03310,Female,0,No,No,0,Yes,No,DSL,No,Yes,No,No,No,Yes,Month-to-month,No,Bank transfer (automatic),60.74, ,No
C03311,Female,0,Yes,No,5,Yes,No,No,No internet service,No internet service,No internet service,No internet service,No internet service,No internet service,Month-to-month,Yes,Electronic check,20.45,87.78,Yes
C03312,Female,0,Yes,Yes,5,Yes,No,DSL,No,No,Yes,Yes,Yes,Yes,Two year,Yes,Bank transfer (automatic),71.93,369.68,No
C03313,Female,1,No,No,11,Yes,Yes,DSL,No,Yes,Yes,Yes,No,Yes,Month-to-month,Yes,Bank transfer (automatic),73.43,717.57,Yes
C03314,Male,0,Yes,No,49,Yes,Yes,Fiber optic,No,Yes,No,No,Yes,No,Two year,Yes,Mailed check,80.18,3905.8,No
C03315,Male,1,No,No,18,Yes,Yes,Fiber optic,Yes,No,No,No,Yes,No,Month-to-month,No,Electronic check,89.59,1619.63,No
C03316,Female,0,No,No,3,Yes,Yes,DSL,No,No,No,Yes,Yes,Yes,One year,Yes,Bank transfer (automatic),67.9,182.19,Yes
C03317,Male,0,Yes,Yes,63,Yes,,No,No internet service,No internet service,No internet service,No internet service,No internet service,No internet service,Two year,No,Electronic check,18.0,1058.7,No
C03318,Male,1,Yes,No,12,Yes,Yes,DSL,No,Yes,No,No,No,Yes,Month-to-month,Yes,Credit card (automatic),60.78,726.8,No
C03319,Male,0,No,No,3,Yes,No,No,No internet service,No internet service,No internet service,No internet service,No internet service,No internet service,Month-to-month,No,Bank transfer (automatic),21.58,66.93,Yes
C03320,Male,0,Yes,Yes,67,Yes,Yes,DSL,Yes,Yes,No,Yes,Yes,Yes,Two year,Yes,Electronic check,86.7,5298.68,No
C03321,Male,0,No,No,41,Yes,No,Fiber optic,Yes,No,Yes,No,No,Yes,Month-to-month,No,Bank transfer (automatic),91.08,3370.05,No
C03322,Female,0,No,No,56,No,No phone service,Fiber optic,No,Yes,No,Yes,No,No,One year,Yes,Bank transfer (automatic),59.43,3330.15,No
C03323,Female,0,Yes,Yes,26,Yes,No,Fiber optic,Yes,Yes,No,Yes,Yes,Yes,One year,Yes,Bank transfer (automatic),98.3,2614.9,No
C03324,Female,0,Yes,Yes,13,Yes,No,Fiber optic,No,No,No,Yes,Yes,No,Month-to-month,Yes,Mailed check,76.86,1029.97,No
C03325,Female,0,No,No,14,Yes,No,DSL,No,No,Yes,No,No,Yes,Two year,No,Bank transfer (automatic),56.35,690.69,No
C03326,Male,0,No,No,0,Yes,Yes,DSL,No,Yes,No,Yes,Yes,No,Month-to-month,Yes,Bank transfer (automatic),68.77, ,Yes
C03327,Female,0,Yes,No,10,No,No phone service,Fiber optic,No,Yes,No,No,Yes,Yes,Month-to-month,No,Mailed check,59.89,529.06,Yes
C03328,Female,0,Yes,No,47,Yes,Yes,Fiber optic,Yes,No,No,No,No,Yes,One year,No,Bank transfer (automatic),82.11,3358.73,No
C03329,Male,1,Yes,No,44,Yes,No,No,No internet service,No internet service,No internet service,No internet service,No internet service,No internet service,Two year,No,Electronic check,18.0,826.24,No
C03330,Female,0,Yes,Yes,58,Yes,No,DSL,No,Yes,Yes,No,No,No,One year,Yes,Mailed check,56.12,2833.02,No
C03331,Male,1,Yes,No,2,Yes,No,DSL,No,No,No,Yes,No,Yes,Two year,No,Electronic check,59.02,112.77,No
C03332,Male,0,Yes,No,68,Yes,Yes,DSL,No,No,Yes,No,No,Yes,Month-to-month,Yes,Electronic check,56.04,3776.54,No
C03333,Male,0,No,No,22,Yes,Yes,Fiber optic,Yes,No,No,No,No,No,Month-to-month,Yes,Electronic check,82.09,1538.43,Yes
C03334,Male,0,Yes,No,35,Yes,Yes,DSL,Yes,No,Yes,No,No,Yes,One year,Yes,Bank transfer (automatic),72.74,2325.6,No
C03335,Male,1,No,No,0,No,No phone service,Fiber optic,No,No,No,No,Yes,Yes,Month-to-month,No,Credit card (automatic),56.34, ,Yes
C03336,Female,0,No,Yes,11,No,No phone service,Fiber optic,No,No,Yes,Yes,Yes,No,Month-to-month,Yes,Mailed check,59.73,575.89,Yes
C03337,Female,1,No,No,3,Yes,Yes,Fiber optic,,Yes,No,Yes,No,Yes,Month-to-month,Yes,Mailed check,89.93,258.26,Yes
C03338,Male,0,No,No,11,Yes,No,Fiber optic,No,Yes,Yes,No,No,No,Month-to-month,No,Bank transfer (automatic),81.21,804.67,No
C03339,Female,0,Yes,No,72,Yes,No,Fiber optic,No,No,Yes,No,No,Yes,Month-to-month,Yes,Credit card (automatic),73.32,4979.89,No
C03340,Male,0,No,No,29,Yes,No,No,No internet service,No internet service,No internet service,No internet service,No internet service,No internet service,Month-to-month,No,Bank transfer (automatic),20.98,549.38,No
C03341,Female,1,Yes,Yes,72,Yes,No,Fiber optic,Yes,Yes,No,No,Yes,No,Month-to-month,Yes,Credit card (automatic),85.11,6242.15,No
C03342,Male,0,Yes,No,60,Yes,No,No,No internet service,No internet service,No internet service,No internet service,No internet service,No internet service,Month-to-month,No,Electronic check,21.85,1302.63,No
C03343,Male,1,No,No,0,Yes,No,Fiber optic,No,No,Yes,No,No,No,Month-to-month,No,Electronic check,63.29, ,Yes
C03344,Male,0,Yes,Yes,6,Yes,No,Fiber optic,No,Yes,Yes,Yes,No,Yes,Two year,Yes,Electronic check,95.73,601.34,No
C03345,Female,0,Yes,Yes,26,Yes,Yes,No,,No internet service,No internet service,No internet service,No internet service,No internet service,Month-to-month,Yes,Bank transfer (automatic),29.78,784.04,No
C03346,Female,0,No,No,2,Yes,Yes,No,No internet service,No internet service,No internet service,No internet service,No internet service,No internet service,Month-to-month,No,Mailed check,27.69,48.44,No
C03347,Female,0,Yes,No,2,Yes,No,DSL,No,No,No,Yes,Yes,Yes,Two year,No,Electronic check,65.51,130.08,Yes
C03348,Female,0,Yes,Yes,4,Yes,Yes,Fiber optic,No,Yes,Yes,No,No,No,One year,Yes,Credit card (automatic),86.97,327.1,No
C03349,Male,0,Yes,Yes,58,Yes,Yes,DSL,Yes,No,Yes,Yes,No,No,One year,Yes,Credit card (automatic),74.48,4257.31,No
C03350,Male,0,Yes,No,41,Yes,,DSL,Yes,No,No,No,No,Yes,Two year,Yes,Mailed check,59.31,2350.41,No
C03351,Male,0,No,No,0,Yes,Yes,No,No internet service,No internet service,No internet service,No internet service,No internet service,No internet service,One year,Yes,Bank transfer (automatic),25.88, ,No
C03352,Male,0,No,No,4,No,No phone service,No,No internet service,No internet service,No internet service,No internet service,No internet service,No internet service,Month-to-month,No,Credit card (automatic),18.0,71.87,Yes
C03353,Male,0,Yes,No,5,Yes,No,Fiber optic,No,Yes,No,Yes,No,Yes,Month-to-month,No,Credit card (automatic),84.85,413.81,Yes
C03354,Male,0,No,No,39,Yes,Yes,Fiber optic,Yes,No,Yes,No,Yes,Yes,Two year,No,Bank transfer (automatic),93.61,3822.74,No
C03355,Male,0,No,Yes,7,Yes,Yes,Fiber optic,No,Yes,Yes,No,No,Yes,Two year,Yes,Electronic check,95.04,572.78,Yes
C03356,Female,0,No,No,40,Yes,Yes,No,,No internet service,No internet service,No internet service,No internet service,No internet service,One year,No,Mailed check,29.88,1249.84,No
C03357,Male,0,No,No,4,Yes,Yes,No,No internet service,No internet service,No internet service,No internet service,No internet service,No internet service,One year,No,Electronic check,25.81,108.1,No
C03358,Female,0,No,No,13,Yes,Yes,No,No internet service,No internet service,No internet service,No internet service,No internet service,No internet service,Month-to-month,No,Mailed check,21.0,279.51,No
C03359,Female,0,No,Yes,68,Yes,No,Fiber optic,No,No,Yes,No,Yes,Yes,Two year,Yes,Mailed check,75.03,4517.0,No
C03360,Male,0,No,No,21,Yes,No,DSL,No,Yes,Yes,Yes,Yes,No,Two year,No,Credit card (automatic),67.6,1255.96,No
C03361,Male,0,Yes,No,4,Yes,Yes,DSL,No,No,No,Yes,Yes,Yes,Month-to-month,Yes,Electronic check,66.0,236.42,Yes
C03362,Female,0,Yes,No,17,Yes,No,DSL,No,No,Yes,No,No,Yes,Month-to-month,No,Electronic check,55.82,936.14,No
C03363,Female,0,Yes,Yes,0,Yes,No,Fiber optic,Yes,Yes,No,No,No,No,One year,Yes,Mailed check,76.34, ,Yes
C03364,Male,0,No,No,69,Yes,Yes,DSL,No,Yes,Yes,Yes,Yes,No,Two year,No,Mailed check,80.54,4870.02,No
C03365,Male,0,Yes,Yes,21,Yes,No,Fiber optic,Yes,Yes,Yes,Yes,No,Yes,One year,Yes,Credit card (automatic),97.04,2034.52,No
C03366,Female,0,No,No,9,Yes,Yes,No,No internet service,No internet service,No internet service,No internet service,No internet service,No internet service,Two year,Yes,Bank transfer (automatic),28.99,267.04,No
C03367,Female,0,Yes,No,0,Yes,No,No,No internet service,No internet service,No internet service,No internet service,No internet service,No internet service,Month-to-month,No,Mailed check,18.43, ,No
C03368,Male,0,No,No,4,Yes,Yes,DSL,No,No,Yes,No,Yes,No,Month-to-month,Yes,Electronic check,67.53,269.86,Yes
C03369,Male,1,Yes,No,64,Yes,No,DSL,Yes,No,No,Yes,Yes,Yes,Two year,Yes,Electronic check,63.78,3829.49,No
C03370,Female,0,Yes,Yes,56,No,No phone service,No,No internet service,No internet service,No internet service,No internet service,No internet service,No internet service,One year,Yes,Credit card (automatic),18.0,882.61,No
C03371,Male,0,Yes,Yes,7,Yes,No,No,No internet service,No internet service,No internet service,No internet service,No internet service,No internet service,Month-to-month,No,Mailed check,18.59,128.87,Yes
C03372,Female,0,No,No,31,Yes,No,No,No internet service,No internet service,No internet service,No internet service,No internet service,No internet service,One year,Yes,Electronic check,18.0,490.73,No
C03373,Male,0,Yes,Yes,0,Yes,Yes,No,No internet service,No internet service,No internet service,No internet service,No internet service,No internet service,Month-to-month,Yes,Electronic check,21.84, ,Yes
C03374,Female,0,Yes,No,25,Yes,No,DSL,Yes,No,Yes,No,Yes,No,One year,No,Mailed check,59.06,1509.2,No
C03375,Male,0,No,No,72,Yes,Yes,No,No internet service,No internet service,No internet service,No internet service,No internet service,No internet service,One year,No,Credit card (automatic),28.74,2032.82,No
C03376,Male,0,No,Yes,16,Yes,Yes,DSL,Yes,Yes,Yes,Yes,Yes,Yes,One year,Yes,Bank transfer (automatic),96.69,1399.12,No
C03377,Female,0,No,No,14,Yes,Yes,DSL,No,Yes,Yes,Yes,No,No,Month-to-month,No,Credit card (automatic),68.25,832.58,No
C03378,Male,0,No,Yes,40,Yes,No,Fiber optic,No,Yes,Yes,No,No,Yes,One year,No,Electronic check,81.98,3096.99,No
C03379,Female,0,Yes,Yes,1,Yes,No,No,No internet service,No internet service,No internet service,No internet service,No internet service,No internet service,Month-to-month,Yes,Mailed check,18.0,16.46,No
C03380,Male,0,No,No,67,Yes,Yes,Fiber optic,No,No,Yes,No,Yes,Yes,Two year,No,Credit card (automatic),95.71,5579.84,No
C03381,Female,0,Yes,Yes,8,Yes,No,DSL,No,No,No,No,No,Yes,One year,Yes,Mailed check,53.36,384.61,No
C03382,Female,0,No,No,59,Yes,Yes,No,No internet service,No internet service,No internet service,No internet service,No internet service,No internet service,One year,Yes,Electronic check,28.43,1657.24,No
C03383,Female,0,No,No,47,Yes,No,DSL,No,No,No,Yes,No,Yes,Two year,Yes,Mailed check,50.0,2066.23,No
C03384,Male,0,Yes,No,12,Yes,No,Fiber optic,No,No,Yes,No,No,Yes,Two year,Yes,Electronic check,81.69,1019.36,No
C03385,Female,0,Yes,Yes,7,Yes,Yes,Fiber optic,No,Yes,No,No,No,Yes,Month-to-month,Yes,Mailed check,81.5,541.83,No
C03386,Female,0,No,No,7,Yes,No,DSL,Yes,Yes,No,No,Yes,No,Month-to-month,Yes,Mailed check,60.58,391.71,Yes
C03387,Female,0,No,No,40,Yes,No,Fiber optic,Yes,Yes,No,Yes,No,Yes,Two year,Yes,Credit card (automatic),94.26,3295.64,No
C03388,Male,0,No,Yes,18,Yes,No,DSL,No,Yes,No,No,No,Yes,Month-to-month,Yes,Mailed check,59.15,995.4,No
C03389,Male,0,No,Yes,45,Yes,No,Fiber optic,No,No,Yes,No,No,No,Two year,Yes,Mailed check,73.84,3007.42,No
C03390,Male,0,No,No,50,Yes,Yes,Fiber optic,No,No,No,No,No,Yes,Two year,No,Electronic check,80.67,3432.75,No
C03391,Female,1,Yes,Yes,22,Yes,Yes,DSL,No,Yes,No,No,Yes,Yes,Month-to-month,No,Electronic check,66.99,1458.63,No
C03392,Female,0,No,Yes,14,Yes,No,Fiber optic,No,No,Yes,No,No,No,Two year,No,Credit card (automatic),66.06,810.43,No
C03393,Male,0,Yes,No,7,Yes,No,Fiber optic,No,No,Yes,No,No,Yes,Month-to-month,Yes,Mailed check,76.6,553.85,Yes
C03394,Female,0,No,No,70,Yes,Yes,Fiber optic,No,Yes,Yes,Yes,Yes,No,Month-to-month,No,Credit card (automatic),101.27,6985.49,No
C03395,Female,0,No,No,41,Yes,Yes,Fiber optic,No,No,Yes,No,No,No,One year,No,Mailed check,76.95,2711.69,No
C03396,Male,0,Yes,Yes,3,Yes,No,No,No internet service,No internet service,No internet service,No internet service,No internet service,No internet service,One year,No,Bank transfer (automatic),21.48,63.65,No
C03397,Male,0,No,Yes,9,Yes,No,Fiber optic,Yes,Yes,Yes,Yes,Yes,No,Month-to-month,Yes,Credit card (automatic),87.36,694.96,No
C03398,Female,1,No,No,11,Yes,No,Fiber optic,No,No,Yes,Yes,Yes,No,Month-to-month,No,Credit card (automatic),79.97,850.63,Yes
C03399,Female,0,Yes,No,14,Yes,No,DSL,No,No,Yes,No,No,Yes,Month-to-month,No,Bank transfer (automatic),59.37,783.04,No
C03400,Male,1,No,No,2,Yes,No,Fiber optic,No,No,No,No,Yes,Yes,Month-to-month,Yes,Mailed check,73.63,131.95,Yes
C03401,Female,0,No,Yes,5,Yes,No,DSL,Yes,Yes,No,Yes,No,No,Month-to-month,No,Electronic check,58.05,267.23,Yes
C03402,Female,0,Yes,Yes,9,Yes,Yes,Fiber optic,No,Yes,Yes,No,Yes,No,Month-to-month,Yes,Credit card (automatic),90.98,842.59,Yes
C03403,Female,0,Yes,No,45,Yes,No,Fiber optic,No,No,No,No,No,Yes,One year,Yes,Electronic check,70.31,2765.4,No
C03404,Female,0,Yes,Yes,56,Yes,No,No,No internet service,No internet service,No internet service,No internet service,No internet service,No internet service,One year,Yes,Mailed check,20.64,1054.27,No
C03405,Female,0,No,Yes,17,Yes,No,DSL,No,Yes,Yes,No,No,No,Month-to-month,Yes,Bank transfer (automatic),62.29,956.57,Yes
C03406,Female,0,Yes,Yes,68,Yes,No,No,No internet service,No internet service,No internet service,No internet service,No internet service,No internet service,One year,Yes,Mailed check,18.0,1137.83,No
C03407,Male,0,Yes,Yes,1,No,No phone service,DSL,No,No,No,Yes,No,No,Month-to-month,Yes,Electronic check,26.77,27.82,Yes
C03408,Female,0,No,No,69,Yes,Yes,Fiber optic,No,Yes,Yes,Yes,Yes,Yes,Month-to-month,Yes,Electronic check,104.1,7224.6,No
C03409,Male,0,No,No,6,Yes,No,DSL,Yes,No,No,No,No,Yes,Month-to-month,Yes,Bank transfer (automatic),54.67,322.7,Yes
C03410,Female,0,No,No,20,Yes,Yes,No,No internet service,No internet service,No internet service,No internet service,No internet service,No internet service,One year,No,Mailed check,28.06,516.84,No
C03411,Male,0,No,No,20,Yes,No,Fiber optic,No,Yes,No,Yes,No,No,Two year,Yes,Bank transfer (automatic),77.6,1616.02,No
C03412,Female,0,Yes,No,2,Yes,No,DSL,No,No,Yes,No,No,No,Month-to-month,Yes,Electronic check,56.82,106.57,Yes
C03413,Male,0,Yes,No,4,Yes,Yes,DSL,Yes,Yes,Yes,Yes,No,Yes,One year,No,Electronic check,76.29,313.84,No
C03414,Male,0,No,No,0,Yes,Yes,Fiber optic,No,No,Yes,No,No,Yes,Month-to-month,Yes,Electronic check,88.48, ,Yes
C03415,Male,1,No,No,72,Yes,Yes,No,No internet service,No internet service,No internet service,No internet service,No internet service,No internet service,Two year,Yes,Electronic check,23.81,1748.7,No
C03416,Female,0,Yes,No,49,Yes,,Fiber optic,Yes,Yes,No,Yes,No,No,Month-to-month,No,Bank transfer (automatic),84.04,3796.17,No
C03417,Female,0,No,No,8,Yes,No,Fiber optic,Yes,No,No,Yes,Yes,Yes,Month-to-month,No,Electronic check,88.03,648.49,No
C03418,Male,0,Yes,No,42,Yes,No,No,No internet service,No internet service,No internet service,No internet service,No internet service,No internet service,One year,No,Bank transfer (automatic),22.95,991.57,No
C03419,Female,0,No,No,70,Yes,No,Fiber optic,Yes,No,No,No,Yes,Yes,Two year,No,Electronic check,83.28,5396.13,No
C03420,Female,0,No,No,13,Yes,Yes,DSL,No,No,Yes,No,Yes,No,Two year,Yes,Mailed check,70.48,923.98,No
C03421,Male,0,No,No,3,Yes,Yes,DSL,No,No,No,No,Yes,No,Month-to-month,No,Electronic check,61.32,162.72,Yes
C03422,Female,0,Yes,Yes,1,Yes,No,Fiber optic,No,Yes,No,Yes,No,No,Month-to-month,No,Electronic check,78.28,68.36,Yes
C03423,Male,0,Yes,No,53,Yes,No,No,No internet service,No internet service,No internet service,No internet service,No internet service,No internet service,Two year,Yes,Credit card (automatic),23.26,1240.99,No
C03424,Male,0,No,No,53,Yes,Yes,Fiber optic,No,No,No,No,Yes,Yes,Two year,Yes,Mailed check,84.76,4706.88,No
C03425,Female,0,No,No,1,Yes,No,DSL,No,No,No,No,Yes,No,Month-to-month,Yes,Bank transfer (automatic),50.83,52.77,Yes
C03426,Male,0,Yes,Yes,70,Yes,No,Fiber optic,No,No,Yes,Yes,Yes,No,Month-to-month,Yes,Mailed check,81.27,5921.88,No
C03427,Female,0,Yes,Yes,59,Yes,No,DSL,No,No,Yes,No,Yes,No,Two year,Yes,Electronic check,59.42,3080.36,No
C03428,Female,0,No,No,0,Yes,Yes,No,No internet service,No internet service,No internet service,No internet service,No internet service,No internet service,Month-to-month,No,Credit card (automatic),26.42, ,No
C03429,Female,0,Yes,No,35,Yes,No,DSL,Yes,No,Yes,No,Yes,Yes,Month-to-month,Yes,Mailed check,68.81,2326.28,No
C03430,Female,0,Yes,No,1,Yes,Yes,No,No internet service,No internet service,No internet service,No internet service,No internet service,No internet service,One year,No,Electronic check,27.71,25.5,No
C03431,Female,0,Yes,Yes,20,Yes,Yes,Fiber optic,No,Yes,No,No,No,No,Two year,No,Credit card (automatic),77.9,1397.12,No
C03432,Female,0,Yes,Yes,10,Yes,Yes,Fiber optic,No,No,Yes,Yes,No,Yes,Month-to-month,Yes,Credit card (automatic),94.19,872.07,Yes
C03433,Male,0,Yes,Yes,49,Yes,No,Fiber optic,No,No,No,No,No,Yes,Two year,Yes,Bank transfer (automatic),75.33,3427.4,No
C03434,Male,0,Yes,Yes,28,Yes,No,No,No internet service,No internet service,No internet service,No internet service,No internet service,No internet service,Two year,Yes,Bank transfer (automatic),18.0,437.27,No
C03435,Female,1,No,No,25,Yes,No,Fiber optic,No,No,No,No,No,Yes,One year,Yes,Mailed check,74.96,1844.65,Yes
C03436,Male,0,Yes,No,72,Yes,Yes,Fiber optic,Yes,No,No,No,No,No,Two year,No,Credit card (automatic),80.09,5216.13,No
C03437,Male,1,No,Yes,66,Yes,No,DSL,Yes,Yes,No,Yes,No,No,Two year,Yes,Mailed check,64.34,4061.52,No
C03438,Male,1,Yes,No,15,Yes,Yes,DSL,No,Yes,No,No,No,Yes,One year,No,Bank transfer (automatic),65.68,974.75,No
C03439,Female,0,No,Yes,0,Yes,No,Fiber optic,No,No,Yes,No,No,No,Month-to-month,Yes,Credit card (automatic),72.56, ,Yes
C03440,Male,0,Yes,Yes,4,Yes,Yes,Fiber optic,Yes,Yes,Yes,No,No,Yes,Month-to-month,Yes,Bank transfer (automatic),98.48,369.42,Yes
C03441,Male,0,Yes,Yes,8,Yes,,Fiber optic,No,Yes,No,No,No,Yes,Month-to-month,No,Mailed check,83.24,577.53,Yes
C03442,Male,1,No,No,6,Yes,No,No,No internet service,No internet service,No internet service,No internet service,No internet service,No internet service,Month-to-month,Yes,Electronic check,19.78,113.72,No
C03443,Male,0,No,No,16,Yes,Yes,DSL,Yes,No,Yes,No,Yes,Yes,Month-to-month,Yes,Bank transfer (automatic),78.19,1180.7,Yes
C03444,Female,0,No,No,6,No,No phone service,DSL,No,No,No,No,No,No,Month-to-month,Yes,Mailed check,24.96,137.99,Yes
C03445,Male,0,Yes,No,1,Yes,No,Fiber optic,Yes,No,Yes,Yes,No,No,Month-to-month,No,Credit card (automatic),84.77,76.79,Yes
C03446,Female,1,Yes,No,1,No,No phone service,DSL,Yes,Yes,No,Yes,No,Yes,Month-to-month,Yes,Credit card (automatic),51.39,49.59,No
C03447,Female,0,Yes,No,2,Yes,Yes,DSL,No,Yes,No,No,No,No,One year,Yes,Electronic check,50.67,97.37,No
C03448,Male,0,No,No,0,Yes,No,Fiber optic,Yes,No,No,No,Yes,No,Month-to-month,No,Bank transfer (automatic),78.35, ,Yes
C03449,Female,0,Yes,No,0,Yes,Yes,Fiber optic,No,No,No,Yes,No,No,Month-to-month,Yes,Electronic check,80.63, ,Yes
C03450,Female,0,Yes,No,72,Yes,No,DSL,No,Yes,Yes,Yes,No,No,Two year,No,Bank transfer (automatic),63.8,4143.06,No
C03451,Female,1,Yes,No,2,Yes,No,DSL,Yes,No,No,No,No,Yes,Two year,No,Credit card (automatic),57.03,113.49,Yes
C03452,Male,0,No,No,3,Yes,,DSL,No,No,No,Yes,No,Yes,Month-to-month,Yes,Electronic check,59.43,180.54,Yes
C03453,Male,0,Yes,Yes,10,Yes,,No,No internet service,No internet service,No internet service,No internet service,No internet service,No internet service,Month-to-month,No,Electronic check,23.68,239.11,No
C03454,Female,0,Yes,No,36,Yes,Yes,Fiber optic,No,Yes,Yes,No,No,Yes,Two year,No,Bank transfer (automatic),86.57,2762.55,No
C03455,Female,0,No,No,65,Yes,No,DSL,Yes,No,No,No,No,No,Two year,No,Electronic check,50.65,3217.75,No
C03456,Female,0,No,No,40,Yes,Yes,Fiber optic,No,Yes,No,Yes,Yes,Yes,Two year,No,Bank transfer (automatic),91.42,3736.12,No
C03457,Female,0,No,No,38,Yes,Yes,Fiber optic,No,No,No,No,Yes,Yes,Month-to-month,No,Credit card (automatic),84.86,3149.78,Yes
C03458,Male,0,No,No,60,Yes,Yes,Fiber optic,No,No,Yes,Yes,Yes,No,One year,Yes,Mailed check,87.13,4491.04,No
C03459,Female,0,Yes,No,27,Yes,No,Fiber optic,No,No,No,No,Yes,No,Month-to-month,Yes,Electronic check,71.72,1950.07,No
C03460,Male,1,No,No,14,Yes,No,No,No internet service,No internet service,No internet service,No internet service,No internet service,No internet service,One year,No,Mailed check,18.0,221.91,No
C03461,Female,0,Yes,Yes,0,Yes,Yes,No,No internet service,No internet service,No internet service,No internet service,No internet service,No internet service,Month-to-month,Yes,Electronic check,33.53, ,No
C03462,Male,0,No,No,72,Yes,Yes,DSL,Yes,No,No,Yes,Yes,Yes,One year,Yes,Credit card (automatic),66.93,4798.03,No
C03463,Male,0,Yes,Yes,72,Yes,No,Fiber optic,Yes,Yes,No,No,Yes,Yes,Two year,No,Mailed check,93.29,5984.06,No
C03464,Female,0,No,Yes,16,Yes,Yes,Fiber optic,No,Yes,Yes,No,No,Yes,Month-to-month,No,Bank transfer (automatic),86.92,1223.55,Yes
C03465,Female,1,No,No,40,Yes,Yes,DSL,No,No,Yes,No,Yes,No,Month-to-month,Yes,Mailed check,54.75,2287.59,No
C03466,Female,0,Yes,Yes,21,Yes,Yes,No,No internet service,No internet service,No internet service,No internet service,No internet service,No internet service,Month-to-month,No,Credit card (automatic),23.2,502.25,No
C03467,Male,0,Yes,No,54,No,No phone service,No,No internet service,No internet service,No internet service,No internet service,No internet service,No internet service,Two year,Yes,Credit card (automatic),18.0,1001.19,No
C03468,Male,0,No,No,56,Yes,Yes,Fiber optic,Yes,No,No,Yes,No,No,Two year,Yes,Mailed check,92.55,4493.99,No
C03469,Female,0,Yes,No,16,Yes,No,DSL,No,Yes,Yes,Yes,No,No,One year,Yes,Electronic check,65.28,1014.48,No
C03470,Male,0,No,Yes,2,Yes,Yes,DSL,Yes,No,Yes,Yes,No,Yes,Month-to-month,Yes,Bank transfer (automatic),79.85,147.6,Yes
C03471,Male,0,Yes,No,24,Yes,Yes,DSL,No,No,No,Yes,Yes,No,Two year,No,Bank transfer (automatic),68.8,1414.09,No
C03472,Female,0,No,No,4,Yes,No,Fiber optic,No,No,Yes,No,No,Yes,Month-to-month,Yes,Mailed check,69.55,288.8,Yes
C03473,Male,0,No,No,62,Yes,No,DSL,No,Yes,No,Yes,No,Yes,Month-to-month,Yes,Electronic check,60.6,3239.74,No
C03474,Female,0,Yes,No,12,No,No phone service,Fiber optic,No,No,No,Yes,Yes,Yes,Two year,Yes,Credit card (automatic),59.17,626.76,No
C03475,Male,0,No,No,9,Yes,Yes,No,No internet service,No internet service,No internet service,No internet service,No internet service,No internet service,Month-to-month,Yes,Electronic check,26.93,221.23,No
C03476,Female,0,No,No,62,No,No phone service,DSL,Yes,No,No,No,No,Yes,Two year,No,Electronic check,42.41,2384.82,No
C03477,Female,0,No,No,53,Yes,No,No,No internet service,No internet service,No internet service,No internet service,No internet service,No internet service,Two year,Yes,Bank transfer (automatic),18.3,943.07,No
C03478,Female,0,No,No,6,Yes,No,Fiber optic,No,Yes,Yes,No,Yes,Yes,Month-to-month,Yes,Mailed check,86.22,528.11,No
C03479,Female,1,No,No,12,Yes,Yes,Fiber optic,No,Yes,No,Yes,Yes,No,One year,No,Credit card (automatic),94.22,1054.07,No
C03480,Male,1,No,No,15,Yes,No,DSL,No,No,Yes,No,Yes,No,Month-to-month,No,Credit card (automatic),54.7,729.54,No
C03481,Female,0,Yes,Yes,57,Yes,No,DSL,Yes,No,Yes,No,No,Yes,Two year,No,Electronic check,67.16,3527.18,No
C03482,Female,0,Yes,Yes,6,Yes,Yes,Fiber optic,No,No,No,No,Yes,No,Month-to-month,Yes,Mailed check,77.59,415.58,No
C03483,Female,0,No,No,15,Yes,No,Fiber optic,No,No,Yes,Yes,No,No,Month-to-month,Yes,Electronic check,77.18,1008.08,No
C03484,Female,0,No,No,4,Yes,No,Fiber optic,Yes,No,No,No,Yes,Yes,Month-to-month,No,Bank transfer (automatic),85.71,356.94,Yes
C03485,Female,0,Yes,Yes,7,Yes,Yes,DSL,Yes,No,No,Yes,No,Yes,Month-to-month,No,Electronic check,71.32,488.62,No
C03486,Female,0,No,No,56,Yes,No,Fiber optic,Yes,Yes,No,No,No,No,One year,No,Credit card (automatic),74.57,3581.52,No
C03487,Female,0,Yes,No,27,Yes,No,Fiber optic,No,No,No,Yes,Yes,Yes,Month-to-month,Yes,Bank transfer (automatic),84.17,1979.52,No
C03488,Male,1,No,No,3,No,No phone service,Fiber optic,No,No,No,No,No,No,Month-to-month,No,Bank transfer (automatic),50.03,129.94,Yes
C03489,Male,0,No,Yes,7,Yes,Yes,DSL,No,No,No,Yes,No,No,One year,Yes,Credit card (automatic),63.09,411.53,No
C03490,Female,0,No,No,43,No,No phone service,Fiber optic,Yes,Yes,No,Yes,No,Yes,Two year,Yes,Electronic check,73.06,3165.39,No
C03491,Male,0,No,Yes,23,Yes,No,No,No internet service,No internet service,No internet service,No internet service,No internet service,No internet service,Month-to-month,Yes,Mailed check,20.17,481.51,No
C03492,Female,1,No,No,72,Yes,Yes,No,No internet service,No internet service,No internet service,No internet service,No internet service,No internet service,Month-to-month,No,Electronic check,26.79,1743.82,No
C03493,Female,0,Yes,Yes,4,Yes,Yes,No,No internet service,No internet service,No internet service,No internet service,No internet service,No internet service,One year,Yes,Bank transfer (automatic),24.29,94.24,No
C03494,Male,1,No,No,10,No,No phone service,DSL,Yes,No,No,No,Yes,No,Month-to-month,No,Mailed check,39.6,343.87,No
C03495,Female,1,Yes,No,14,Yes,Yes,Fiber optic,No,Yes,Yes,No,No,Yes,Month-to-month,Yes,Electronic check,93.78,1262.58,Yes
C03496,Female,0,No,No,2,No,No phone service,Fiber optic,No,Yes,No,Yes,No,Yes,Two year,No,Electronic check,70.65,143.3,No
C03497,Female,0,No,No,23,Yes,Yes,Fiber optic,Yes,Yes,Yes,Yes,Yes,Yes,Month-to-month,Yes,Credit card (automatic),102.09,2064.01,Yes
C03498,Male,0,Yes,Yes,3,Yes,No,DSL,Yes,Yes,No,Yes,No,Yes,Month-to-month,No,Electronic check,71.61,191.57,Yes
C03499,Female,0,Yes,Yes,3,Yes,No,Fiber optic,Yes,Yes,No,No,No,Yes,Month-to-month,Yes,Electronic check,95.0,244.6,Yes
C03500,Male,0,Yes,No,55,Yes,Yes,No,No internet service,No internet service,No internet service,No internet service,No internet service,No internet service,Two year,Yes,Bank transfer (automatic),23.45,1276.26,No
C03501,Female,0,No,No,9,Yes,Yes,Fiber optic,No,No,No,No,No,Yes,One year,No,Mailed check,82.81,780.45,No
C03502,Male,0,Yes,No,63,Yes,Yes,Fiber optic,No,No,No,No,Yes,No,Two year,No,Mailed check,75.62,4263.62,No
C03503,Female,0,No,No,24,Yes,No,Fiber optic,Yes,No,No,No,No,No,One year,Yes,Electronic check,68.64,1438.99,No
C03504,Female,0,Yes,Yes,9,Yes,No,Fiber optic,Yes,No,Yes,No,Yes,Yes,Month-to-month,No,Mailed check,91.4,791.31,No
C03505,Female,0,No,No,58,Yes,No,DSL,Yes,Yes,Yes,No,No,No,One year,Yes,Mailed check,70.05,4125.49,No
C03506,Male,0,No,No,44,Yes,Yes,DSL,No,No,Yes,Yes,No,Yes,One year,Yes,Mailed check,75.53,3258.29,No
C03507,Female,0,Yes,Yes,2,Yes,No,Fiber optic,No,Yes,Yes,No,Yes,No,One year,Yes,Credit card (automatic),82.76,160.22,No
C03508,Female,0,No,No,5,Yes,Yes,No,No internet service,No internet service,No internet service,No internet service,No internet service,No internet service,Month-to-month,Yes,Electronic check,25.26,108.01,Yes
C03509,Male,0,Yes,No,72,Yes,No,No,No internet service,No internet service,No internet service,No internet service,No internet service,No internet service,One year,No,Credit card (automatic),22.26,1407.08,No
C03510,Female,0,No,No,9,Yes,Yes,No,No internet service,No internet service,No internet service,No internet service,No internet service,No internet service,Two year,Yes,Mailed check,25.83,227.44,No
C03511,Female,0,Yes,No,12,Yes,No,Fiber optic,No,Yes,Yes,No,No,No,Month-to-month,No,Electronic check,72.3,867.39,Yes
C03512,Female,0,No,No,18,No,No phone service,Fiber optic,Yes,Yes,No,Yes,No,No,Month-to-month,Yes,Mailed check,60.57,1104.26,No
C03513,Female,0,Yes,No,67,No,No phone service,No,No internet service,No internet service,No internet service,No internet service,No internet service,No internet service,One year,No,Mailed check,18.0,1228.43,No
C03514,Female,1,No,No,20,Yes,No,DSL,Yes,Yes,Yes,No,No,Yes,Two year,No,Electronic check,71.13,1411.73,No
C03515,Female,0,Yes,Yes,12,Yes,No,Fiber optic,Yes,No,Yes,No,No,Yes,Month-to-month,Yes,Bank transfer (automatic),77.96,940.43,Yes
C03516,Female,0,No,No,39,Yes,No,Fiber optic,No,No,No,No,No,No,Month-to-month,No,Bank transfer (automatic),63.54,2327.91,No
C03517,Male,0,Yes,No,15,Yes,No,No,No internet service,No internet service,No internet service,No internet service,No internet service,No internet service,Month-to-month,No,Credit card (automatic),18.92,253.96,Yes
C03518,Female,0,Yes,No,51,Yes,Yes,Fiber optic,No,Yes,Yes,No,No,No,Two year,No,Credit card (automatic),82.13,4181.03,No
C03519,Female,1,No,No,63,No,No phone service,No,No internet service,No internet service,No internet service,No internet service,No internet service,No internet service,One year,No,Credit card (automatic),18.0,988.55,No
C03520,Female,1,No,Yes,72,Yes,Yes,DSL,Yes,Yes,No,No,Yes,Yes,Two year,No,Mailed check,74.24,4655.34,No
C03521,Female,0,Yes,Yes,23,No,No phone service,DSL,No,No,No,No,No,No,Two year,No,Electronic check,22.05,476.89,No
C03522,Male,0,No,No,5,Yes,Yes,Fiber optic,Yes,No,Yes,Yes,No,No,Month-to-month,Yes,Mailed check,86.89,424.15,No
C03523,Male,0,Yes,No,2,Yes,No,DSL,Yes,No,No,Yes,No,No,Month-to-month,Yes,Electronic check,58.68,118.97,Yes
C03524,Female,1,No,No,1,Yes,No,No,No internet service,No internet service,No internet service,No internet service,No internet service,No internet service,Month-to-month,Yes,Credit card (automatic),26.37,24.03,Yes
C03525,Male,0,Yes,No,3,Yes,Yes,Fiber optic,No,Yes,Yes,Yes,No,No,Month-to-month,Yes,Bank transfer (automatic),89.32,263.03,Yes
C03526,Male,1,No,No,35,Yes,No,Fiber optic,No,No,No,No,Yes,Yes,One year,Yes,Credit card (automatic),77.08,2593.93,No
C03527,Male,0,No,No,61,Yes,No,DSL,Yes,No,No,No,No,Yes,Two year,No,Electronic check,57.37,3028.26,No
C03528,Female,0,Yes,Yes,19,Yes,No,No,No internet service,No internet service,No internet service,No internet service,No internet service,No internet service,Month-to-month,No,Electronic check,21.12,367.44,No
C03529,Male,0,Yes,No,13,Yes,No,No,No internet service,No internet service,No internet service,No internet service,No internet service,No internet service,Month-to-month,Yes,Electronic check,18.0,238.95,Yes
C03530,Male,0,No,No,8,Yes,No,No,No internet service,No internet service,No internet service,No internet service,No internet service,No internet service,Month-to-month,Yes,Mailed check,18.59,151.36,No
C03531,Male,0,No,No,66,No,No phone service,Fiber optic,No,Yes,No,No,Yes,No,One year,Yes,Bank transfer (automatic),54.37,3657.51,No
C03532,Male,0,Yes,No,54,Yes,No,Fiber optic,No,No,Yes,Yes,No,No,One year,No,Credit card (automatic),78.64,4165.72,No
C03533,Male,0,Yes,No,15,Yes,Yes,Fiber optic,Yes,No,Yes,No,No,Yes,Two year,No,Mailed check,87.8,1270.16,No
C03534,Female,0,Yes,No,72,No,No phone service,DSL,No,Yes,No,Yes,No,Yes,One year,Yes,Bank transfer (automatic),43.25,2932.27,No
C03535,Female,0,No,No,72,Yes,No,No,No internet service,No internet service,No internet service,No internet service,No internet service,No internet service,Month-to-month,Yes,Electronic check,19.89,1345.52,No
C03536,Male,0,No,No,32,Yes,Yes,DSL,No,No,No,No,Yes,No,One year,No,Electronic check,59.01,1634.97,No
C03537,Female,0,Yes,No,3,Yes,Yes,DSL,No,Yes,Yes,No,No,No,One year,Yes,Mailed check,68.55,185.15,No
C03538,Male,0,No,No,0,Yes,Yes,No,No internet service,No internet service,No internet service,No internet service,No internet service,No internet service,Month-to-month,No,Credit card (automatic),22.14, ,No
C03539,Male,1,No,No,2,Yes,Yes,Fiber optic,No,No,Yes,No,No,Yes,One year,Yes,Electronic check,86.86,158.23,Yes
C03540,Female,1,No,No,72,Yes,Yes,Fiber optic,Yes,Yes,No,Yes,No,Yes,One year,Yes,Electronic check,104.49,7527.76,No
C03541,Female,0,Yes,No,5,No,No phone service,DSL,No,No,Yes,No,No,Yes,Month-to-month,Yes,Mailed check,39.91,192.88,No
C03542,Female,0,Yes,Yes,30,Yes,Yes,No,No internet service,No internet service,No internet service,No internet service,No internet service,No internet service,One year,Yes,Mailed check,25.82,715.8,No
C03543,Male,0,Yes,No,43,Yes,No,Fiber optic,Yes,No,Yes,Yes,No,No,Two year,No,Electronic check,86.05,3196.09,No
C03544,Male,0,No,No,0,Yes,Yes,Fiber optic,No,No,Yes,No,Yes,Yes,Month-to-month,Yes,Mailed check,88.65, ,Yes
C03545,Male,1,Yes,No,26,Yes,No,DSL,Yes,No,No,No,No,Yes,Month-to-month,No,Electronic check,58.3,1439.55,No
C03546,Male,0,Yes,Yes,69,Yes,No,Fiber optic,Yes,Yes,No,No,Yes,No,Two year,No,Bank transfer (automatic),84.04,5450.13,No
C03547,Female,0,No,No,34,Yes,No,Fiber optic,No,No,Yes,No,No,No,Month-to-month,No,Credit card (automatic),70.06,2278.2,Yes
C03548,Male,0,No,No,49,Yes,Yes,DSL,No,No,No,Yes,No,Yes,One year,Yes,Bank transfer (automatic),59.66,2770.32,No
C03549,Female,0,Yes,No,19,Yes,No,Fiber optic,Yes,No,No,No,No,No,Month-to-month,Yes,Bank transfer (automatic),73.79,1420.69,No
C03550,Female,1,Yes,Yes,12,Yes,Yes,No,No internet service,No internet service,No internet service,No internet service,No internet service,No internet service,One year,No,Bank transfer (automatic),28.61,297.88,No
C03551,Female,0,Yes,Yes,37,Yes,No,DSL,Yes,No,No,No,Yes,Yes,Two year,No,Electronic check,63.4,2348.92,No
C03552,Male,1,Yes,No,15,Yes,Yes,DSL,Yes,Yes,Yes,No,No,Yes,One year,No,Mailed check,76.7,989.77,No
C03553,Female,0,Yes,Yes,4,Yes,Yes,No,No internet service,No internet service,No internet service,No internet service,No internet service,No internet service,Month-to-month,Yes,Electronic check,23.51,90.12,Yes
C03554,Male,0,Yes,No,72,Yes,Yes,Fiber optic,No,Yes,Yes,Yes,No,No,Month-to-month,No,Bank transfer (automatic),90.44,6271.14,No
C03555,Female,1,Yes,No,17,Yes,No,Fiber optic,Yes,Yes,Yes,No,No,No,Two year,No,Credit card (automatic),85.44,1354.34,No
C03556,Male,0,No,Yes,19,Yes,Yes,Fiber optic,No,Yes,No,No,Yes,No,Month-to-month,No,Electronic check,86.68,1568.68,Yes
C03557,Female,0,No,Yes,52,Yes,Yes,DSL,No,Yes,No,Yes,No,Yes,Month-to-month,No,Credit card (automatic),67.63,3075.08,No
C03558,Female,0,Yes,No,4,Yes,Yes,Fiber optic,Yes,Yes,No,No,Yes,Yes,One year,No,Credit card (automatic),102.78,367.06,No
C03559,Female,1,No,No,66,Yes,No,No,No internet service,No internet service,No internet service,No internet service,No internet service,No internet service,Two year,Yes,Credit card (automatic),21.6,1446.99,No
C03560,Female,0,Yes,No,5,Yes,Yes,Fiber optic,Yes,No,Yes,No,Yes,No,Month-to-month,Yes,Credit card (automatic),90.47,461.69,Yes
C03561,Male,0,No,No,40,Yes,No,No,No internet service,No internet service,No internet service,No internet service,No internet service,No internet service,Two year,Yes,Electronic check,18.0,684.79,No
C03562,Female,0,No,No,4,No,No phone service,Fiber optic,Yes,Yes,No,No,No,Yes,One year,Yes,Electronic check,64.73,229.49,Yes
C03563,Male,0,No,No,55,Yes,No,DSL,No,No,No,No,Yes,Yes,Month-to-month,No,Electronic check,56.56,3128.61,Yes
C03564,Female,0,No,No,61,No,No phone service,DSL,No,No,Yes,Yes,No,Yes,Two year,No,Credit card (automatic),40.92,2446.59,No
C03565,Female,0,Yes,Yes,18,Yes,No,DSL,No,No,No,Yes,Yes,No,Month-to-month,Yes,Mailed check,62.04,1108.59,No
C03566,Female,0,Yes,No,2,Yes,No,No,No internet service,No internet service,No internet service,No internet service,No internet service,No internet service,Month-to-month,No,Credit card (automatic),24.32,44.46,No
C03567,Male,0,Yes,No,59,Yes,No,No,No internet service,No internet service,No internet service,No internet service,No internet service,No internet service,Month-to-month,Yes,Bank transfer (automatic),19.3,1091.38,No
C03568,Female,0,Yes,Yes,12,Yes,No,DSL,Yes,No,No,Yes,No,No,Month-to-month,Yes,Credit card (automatic),54.48,571.36,No
C03569,Male,1,No,No,72,Yes,No,Fiber optic,Yes,Yes,No,No,No,No,Month-to-month,No,Electronic check,73.24,4917.79,No
C03570,Female,0,Yes,No,59,Yes,No,No,No internet service,No internet service,No internet service,No internet service,No internet service,No internet service,One year,Yes,Electronic check,20.0,1235.72,No
C03571,Male,0,Yes,Yes,2,No,No phone service,Fiber optic,No,No,No,No,Yes,Yes,One year,Yes,Electronic check,52.65,105.07,Yes
C03572,Male,0,No,No,4,Yes,Yes,No,No internet service,No internet service,No internet service,No internet service,No internet service,No internet service,Month-to-month,Yes,Bank transfer (automatic),29.61,118.53,Yes
C03573,Male,0,No,No,72,Yes,Yes,DSL,No,No,Yes,No,Yes,Yes,One year,Yes,Mailed check,63.41,4403.81,No
C03574,Male,0,No,No,4,Yes,No,DSL,No,Yes,No,No,No,Yes,Month-to-month,No,Electronic check,52.1,207.92,Yes
C03575,Male,0,No,Yes,0,Yes,Yes,DSL,Yes,Yes,No,Yes,No,No,Month-to-month,Yes,Bank transfer (automatic),71.17, ,Yes
C03576,Female,0,No,No,22,Yes,No,Fiber optic,No,Yes,Yes,No,No,Yes,One year,No,Electronic check,82.6,1762.44,Yes
C03577,Male,0,Yes,Yes,58,Yes,Yes,No,No internet service,No internet service,No internet service,No internet service,No internet service,No internet service,Two year,Yes,Credit card (automatic),29.16,1583.2,No
C03578,Female,0,No,No,0,Yes,,No,No internet service,No internet service,No internet service,No internet service,No internet service,No internet service,Month-to-month,No,Electronic check,31.28, ,Yes
C03579,Male,0,Yes,No,4,Yes,No,Fiber optic,Yes,No,Yes,Yes,Yes,Yes,Month-to-month,Yes,Electronic check,89.65,341.99,Yes
C03580,Female,0,Yes,No,2,Yes,,Fiber optic,No,No,Yes,Yes,Yes,No,Month-to-month,No,Electronic check,85.17,144.91,Yes
C03581,Female,0,No,Yes,10,Yes,No,No,No internet service,No internet service,No internet service,No internet service,No internet service,No internet service,One year,Yes,Credit card (automatic),22.74,203.02,No
C03582,Male,0,Yes,No,45,Yes,No,Fiber optic,No,Yes,Yes,Yes,No,Yes,Two year,Yes,Mailed check,86.08,3616.17,No
C03583,Female,0,Yes,No,9,Yes,No,Fiber optic,No,Yes,No,No,Yes,No,Month-to-month,No,Bank transfer (automatic),74.36,613.23,Yes
C03584,Female,0,Yes,No,36,No,No phone service,DSL,No,No,No,No,Yes,Yes,Month-to-month,Yes,Credit card (automatic),35.13,1093.3,No
C03585,Female,0,No,No,61,Yes,No,Fiber optic,No,Yes,No,Yes,Yes,No,One year,No,Bank transfer (automatic),83.69,5235.26,No
C03586,Male,0,No,No,7,Yes,Yes,DSL,No,Yes,Yes,No,No,Yes,One year,No,Mailed check,72.05,503.79,No
C03587,Male,1,Yes,Yes,59,Yes,No,Fiber optic,No,Yes,No,No,No,No,Two year,No,Mailed check,72.31,4421.85,No
C03588,Female,0,No,Yes,1,Yes,No,Fiber optic,No,No,No,No,No,No,Two year,Yes,Credit card (automatic),64.73,56.23,No
C03589,Male,0,Yes,Yes,50,Yes,No,Fiber optic,Yes,Yes,No,Yes,No,Yes,Two year,Yes,Bank transfer (automatic),93.42,4078.23,No
C03590,Female,0,No,No,8,Yes,,DSL,Yes,Yes,Yes,No,No,No,One year,No,Electronic check,66.41,530.75,No
C03591,Male,0,Yes,Yes,0,Yes,No,Fiber optic,No,Yes,Yes,No,No,No,Month-to-month,No,Bank transfer (automatic),84.69, ,Yes
C03592,Female,0,Yes,No,0,Yes,Yes,Fiber optic,Yes,No,Yes,No,Yes,Yes,Month-to-month,Yes,Electronic check,90.48, ,Yes
C03593,Male,0,No,No,6,Yes,Yes,DSL,Yes,No,No,Yes,No,Yes,Month-to-month,Yes,Credit card (automatic),72.31,404.27,No
C03594,Male,0,No,No,35,Yes,No,DSL,No,No,No,No,No,No,Two year,Yes,Mailed check,38.75,1166.29,No
C03595,Female,0,Yes,No,56,Yes,Yes,Fiber optic,No,No,Yes,No,No,No,Two year,Yes,Bank transfer (automatic),77.09,4317.33,No
C03596,Female,0,Yes,No,53,Yes,No,DSL,No,Yes,Yes,Yes,Yes,No,Two year,Yes,Bank transfer (automatic),66.22,3323.78,No
C03597,Female,0,No,No,72,Yes,No,Fiber optic,Yes,Yes,No,Yes,No,No,Two year,Yes,Electronic check,84.75,6081.51,No
C03598,Female,0,Yes,No,0,Yes,Yes,Fiber optic,Yes,No,No,No,Yes,No,One year,No,Credit card (automatic),84.6, ,No
C03599,Male,1,No,No,54,Yes,No,No,No internet service,No internet service,No internet service,No internet service,No internet service,No internet service,Month-to-month,Yes,Credit card (automatic),18.0,961.67,No
C03600,Male,0,No,No,33,Yes,No,Fiber optic,Yes,Yes,No,Yes,Yes,No,One year,Yes,Bank transfer (automatic),89.86,2758.57,No
C03601,Male,0,Yes,Yes,12,Yes,No,No,No internet service,No internet service,No internet service,No internet service,No internet service,No internet service,One year,Yes,Electronic check,18.62,199.89,No
C03602,Male,1,Yes,No,32,Yes,No,No,No internet service,No internet service,No internet service,No internet service,No internet service,No internet service,One year,No,Mailed check,29.66,956.12,No
C03603,Male,0,Yes,No,2,Yes,No,Fiber optic,No,No,Yes,No,Yes,Yes,Month-to-month,No,Electronic check,86.06,179.35,Yes
C03604,Female,0,Yes,Yes,72,Yes,Yes,DSL,No,No,No,Yes,No,Yes,One year,Yes,Mailed check,67.86,4958.74,No
C03605,Male,0,Yes,Yes,20,Yes,No,DSL,Yes,No,No,No,Yes,No,Month-to-month,No,Credit card (automatic),54.27,1009.69,Yes
C03606,Male,0,No,No,3,Yes,Yes,Fiber optic,No,No,No,Yes,No,Yes,One year,Yes,Bank transfer (automatic),88.34,277.66,No
C03607,Male,1,Yes,Yes,5,Yes,Yes,DSL,No,Yes,Yes,No,No,No,Month-to-month,Yes,Electronic check,73.22,327.0,Yes
C03608,Male,1,No,No,11,Yes,Yes,DSL,Yes,Yes,No,No,No,Yes,Month-to-month,Yes,Electronic check,71.75,783.67,Yes
C03609,Male,0,Yes,Yes,1,No,No phone service,DSL,No,No,No,Yes,Yes,No,Month-to-month,Yes,Electronic check,43.22,43.96,Yes
C03610,Female,0,Yes,Yes,8,Yes,No,DSL,No,Yes,Yes,Yes,Yes,No,Month-to-month,No,Electronic check,66.36,551.56,No
C03611,Male,0,No,No,63,Yes,No,DSL,No,Yes,No,No,Yes,No,One year,Yes,Bank transfer (automatic),58.97,3863.63,No
C03612,Female,1,Yes,Yes,9,No,,No,No internet service,No internet service,No internet service,No internet service,No internet service,No internet service,Month-to-month,Yes,Credit card (automatic),18.0,144.39,Yes
C03613,Female,0,No,No,2,Yes,No,DSL,,No,Yes,No,Yes,Yes,Month-to-month,Yes,Electronic check,65.37,135.87,Yes
C03614,Female,0,Yes,No,3,Yes,No,DSL,Yes,No,No,No,No,No,Month-to-month,Yes,Electronic check,55.43,147.88,Yes
C03615,Female,0,No,No,38,Yes,No,No,No internet service,No internet service,No internet service,No internet service,No internet service,No internet service,One year,No,Bank transfer (automatic),18.26,718.99,No
C03616,Male,0,No,No,45,Yes,Yes,No,No internet service,No internet service,No internet service,No internet service,No internet service,No internet service,Month-to-month,No,Electronic check,31.46,1346.67,No
C03617,Male,0,Yes,No,70,Yes,Yes,No,No internet service,No internet service,No internet service,No internet service,No internet service,No internet service,Two year,Yes,Bank transfer (automatic),27.44,1771.96,No
C03618,Male,1,No,No,9,Yes,Yes,No,No internet service,No internet service,No internet service,No internet service,No internet service,No internet service,Month-to-month,No,Mailed check,28.16,237.44,No
C03619,Female,0,Yes,Yes,13,Yes,Yes,Fiber optic,No,No,No,No,No,No,One year,Yes,Credit card (automatic),72.87,819.78,No
C03620,Female,0,Yes,Yes,2,Yes,No,DSL,Yes,Yes,No,No,Yes,No,Two year,No,Electronic check,57.37,113.52,No
C03621,Male,0,Yes,Yes,13,Yes,Yes,No,No internet service,No internet service,No internet service,No internet service,No internet service,No internet service,One year,Yes,Electronic check,30.0,392.87,No
C03622,Male,1,No,No,45,Yes,Yes,Fiber optic,No,No,Yes,No,Yes,No,Two year,No,Electronic check,92.35,4320.33,No
C03623,Female,0,No,No,12,Yes,No,DSL,Yes,Yes,No,No,No,No,Month-to-month,No,Mailed check,56.1,627.19,Yes
C03624,Female,0,No,Yes,51,Yes,No,Fiber optic,No,No,No,Yes,No,Yes,One year,No,Bank transfer (automatic),80.17,4219.35,Yes
C03625,Female,0,No,Yes,11,Yes,No,DSL,No,No,No,No,Yes,Yes,Month-to-month,No,Mailed check,58.28,587.79,Yes
C03626,Female,0,Yes,No,9,Yes,Yes,DSL,Yes,Yes,No,Yes,Yes,No,Two year,Yes,Bank transfer (automatic),72.99,664.01,No
C03627,Female,0,No,No,54,Yes,No,Fiber optic,No,Yes,Yes,Yes,No,No,Two year,No,Credit card (automatic),76.52,4171.07,No
C03628,Female,1,No,No,10,Yes,No,DSL,No,No,No,No,No,No,Month-to-month,Yes,Credit card (automatic),46.39,465.33,No
C03629,Male,0,No,Yes,53,Yes,Yes,DSL,,No,No,Yes,No,Yes,Two year,Yes,Electronic check,68.05,3677.38,No
C03630,Male,0,No,No,72,Yes,No,Fiber optic,No,No,No,Yes,No,Yes,One year,Yes,Mailed check,80.2,4944.01,No
C03631,Female,0,No,No,56,No,No phone service,DSL,Yes,Yes,No,No,Yes,Yes,Two year,Yes,Electronic check,45.83,2561.15,No
C03632,Female,1,Yes,No,38,Yes,Yes,No,No internet service,No internet service,No internet service,No internet service,No internet service,No internet service,Month-to-month,Yes,Mailed check,28.85,992.01,No
C03633,Male,0,No,No,66,Yes,Yes,DSL,No,Yes,Yes,No,No,Yes,Two year,No,Bank transfer (automatic),68.64,4419.54,No
C03634,Female,0,No,No,2,Yes,No,Fiber optic,No,Yes,No,No,Yes,Yes,Month-to-month,Yes,Mailed check,80.31,143.78,Yes
C03635,Male,0,No,Yes,47,Yes,,No,No internet service,No internet service,No internet service,No internet service,No internet service,No internet service,Two year,Yes,Electronic check,19.35,896.33,No
C03636,Female,1,Yes,Yes,42,Yes,No,DSL,No,Yes,Yes,No,No,No,One year,No,Electronic check,53.99,2226.48,No
C03637,Male,1,Yes,Yes,11,No,No phone service,No,No internet service,No internet service,No internet service,No internet service,No internet service,No internet service,Month-to-month,No,Bank transfer (automatic),18.0,206.71,Yes
C03638,Female,0,No,No,72,Yes,No,No,No internet service,No internet service,No internet service,No internet service,No internet service,No internet service,Month-to-month,No,Electronic check,18.0,1210.28,No
C03639,Female,0,No,No,19,Yes,No,DSL,No,Yes,Yes,Yes,No,No,One year,No,Bank transfer (automatic),66.68,1289.23,Yes
C03640,Male,0,No,No,55,Yes,No,Fiber optic,No,No,Yes,No,No,No,One year,No,Credit card (automatic),73.6,4161.07,No
C03641,Male,0,No,No,4,Yes,Yes,DSL,Yes,Yes,No,No,Yes,Yes,Month-to-month,Yes,Electronic check,75.67,298.25,Yes
C03642,Female,0,Yes,Yes,0,Yes,Yes,No,No internet service,No internet service,No internet service,No internet service,No internet service,No internet service,Month-to-month,Yes,Credit card (automatic),31.67, ,Yes
C03643,Male,1,No,No,13,Yes,No,No,No internet service,No internet service,No internet service,No internet service,No internet service,No internet service,Month-to-month,No,Electronic check,18.0,217.04,No
C03644,Male,0,Yes,Yes,58,Yes,Yes,Fiber optic,Yes,Yes,No,No,Yes,No,One year,No,Credit card (automatic),93.74,5608.66,No
C03645,Female,0,Yes,No,2,Yes,No,No,No internet service,No internet service,No internet service,No internet service,No internet service,No internet service,Month-to-month,No,Mailed check,18.81,34.02,No
C03646,Male,0,Yes,Yes,71,No,No phone service,DSL,Yes,No,Yes,No,No,Yes,Two year,No,Electronic check,39.98,2450.91,No
C03647,Male,0,Yes,No,20,Yes,Yes,Fiber optic,No,No,Yes,No,No,Yes,One year,No,Credit card (automatic),88.77,1591.67,Yes
C03648,Male,0,Yes,No,8,Yes,No,DSL,No,No,No,Yes,Yes,Yes,Month-to-month,Yes,Mailed check,59.95,490.98,No
C03649,Female,0,No,No,1,Yes,Yes,DSL,Yes,Yes,No,No,Yes,No,Month-to-month,No,Electronic check,74.88,70.46,Yes
C03650,Male,0,Yes,No,62,Yes,Yes,Fiber optic,Yes,Yes,Yes,No,No,No,Two year,No,Mailed check,96.91,5974.82,No
C03651,Male,0,No,No,43,Yes,No,Fiber optic,Yes,No,Yes,Yes,Yes,No,Two year,No,Mailed check,104.24,4085.58,No
C03652,Male,0,Yes,Yes,69,Yes,Yes,DSL,No,No,Yes,Yes,No,No,Month-to-month,No,Bank transfer (automatic),59.27,3980.68,No
C03653,Male,0,No,No,9,Yes,Yes,Fiber optic,No,No,Yes,Yes,No,No,Month-to-month,Yes,Electronic check,83.74,707.31,No
C03654,Male,0,Yes,No,2,Yes,Yes,No,No internet service,No internet service,No internet service,No internet service,No internet service,No internet service,One year,Yes,Bank transfer (automatic),26.88,50.65,No
C03655,Male,0,No,No,38,Yes,Yes,No,No internet service,No internet service,No internet service,No internet service,No internet service,No internet service,One year,Yes,Credit card (automatic),33.6,1300.14,No
C03656,Male,0,No,No,54,Yes,Yes,Fiber optic,No,No,Yes,Yes,No,No,One year,Yes,Electronic check,87.51,4716.43,No
C03657,Male,0,Yes,No,18,Yes,Yes,Fiber optic,No,No,No,No,No,No,Month-to-month,No,Electronic check,80.39,1420.14,Yes
C03658,Female,0,Yes,Yes,12,Yes,No,No,No internet service,No internet service,No internet service,No internet service,No internet service,No internet service,Two year,No,Credit card (automatic),21.84,231.31,No
C03659,Male,0,Yes,Yes,72,Yes,No,Fiber optic,Yes,No,Yes,Yes,No,No,Two year,Yes,Mailed check,85.83,5837.75,No
C03660,Male,0,Yes,Yes,63,Yes,No,Fiber optic,Yes,No,Yes,No,No,No,Month-to-month,Yes,Mailed check,78.09,4344.52,No
C03661,Female,0,Yes,No,2,Yes,No,DSL,No,Yes,No,No,No,No,Month-to-month,Yes,Bank transfer (automatic),44.86,84.24,Yes
C03662,Female,1,Yes,No,16,Yes,No,No,No internet service,No internet service,No internet service,No internet service,No internet service,No internet service,Month-to-month,Yes,Mailed check,18.0,300.9,Yes
C03663,Female,0,No,Yes,8,Yes,No,Fiber optic,No,No,Yes,Yes,Yes,No,Month-to-month,No,Credit card (automatic),84.44,623.31,Yes
C03664,Male,0,Yes,No,7,Yes,No,DSL,No,No,Yes,Yes,No,No,Two year,Yes,Credit card (automatic),59.16,425.16,No
C03665,Male,0,Yes,Yes,47,Yes,No,No,No internet service,No internet service,No internet service,No internet service,No internet service,No internet service,One year,No,Credit card (automatic),18.0,730.12,No
C03666,Male,0,Yes,Yes,10,Yes,No,Fiber optic,No,Yes,No,No,Yes,Yes,Month-to-month,Yes,Mailed check,88.81,928.92,Yes
C03667,Male,0,Yes,No,72,Yes,No,No,No internet service,No internet service,No internet service,No internet service,No internet service,No internet service,Two year,Yes,Credit card (automatic),18.0,1232.34,No
C03668,Male,0,Yes,No,11,Yes,Yes,DSL,Yes,Yes,No,Yes,Yes,No,Month-to-month,Yes,Bank transfer (automatic),79.25,877.01,Yes
C03669,Female,0,No,Yes,11,Yes,No,No,No internet service,No internet service,No internet service,No internet service,No internet service,No internet service,Month-to-month,Yes,Electronic check,23.9,244.1,No
C03670,Male,0,No,No,72,Yes,Yes,No,No internet service,No internet service,No internet service,No internet service,No internet service,No internet service,One year,Yes,Electronic check,32.6,2449.93,No
C03671,Female,0,Yes,No,48,Yes,No,Fiber optic,No,Yes,No,No,No,Yes,Two year,Yes,Mailed check,81.23,3416.79,No
C03672,Male,0,Yes,No,4,No,No phone service,No,No internet service,No internet service,No internet service,No internet service,No internet service,No internet service,Month-to-month,Yes,Credit card (automatic),18.0,72.68,Yes
C03673,Male,0,Yes,No,1,Yes,Yes,Fiber optic,Yes,Yes,No,Yes,No,No,Month-to-month,Yes,Mailed check,98.46,96.21,Yes
C03674,Female,1,No,No,7,Yes,Yes,Fiber optic,No,No,Yes,Yes,No,Yes,Month-to-month,No,Mailed check,93.38,624.29,Yes
C03675,Female,0,Yes,Yes,62,Yes,No,Fiber optic,No,No,Yes,No,No,No,Month-to-month,Yes,Credit card (automatic),73.73,4205.13,No
C03676,Male,0,No,Yes,7,Yes,Yes,No,No internet service,No internet service,No internet service,No internet service,No internet service,No internet service,Month-to-month,No,Credit card (automatic),23.07,159.64,No
C03677,Female,0,No,No,47,Yes,No,Fiber optic,No,Yes,Yes,No,No,No,Month-to-month,No,Electronic check,77.2,3391.42,Yes
C03678,Male,0,No,No,0,Yes,Yes,No,No internet service,No internet service,No internet service,No internet service,No internet service,No internet service,One year,No,Electronic check,30.83, ,Yes
C03679,Male,0,Yes,No,55,Yes,No,Fiber optic,,Yes,Yes,No,Yes,No,Two year,Yes,Credit card (automatic),88.61,4299.73,No
C03680,Female,0,No,No,56,Yes,No,Fiber optic,Yes,No,No,No,Yes,Yes,Two year,Yes,Electronic check,76.34,4111.67,No
C03681,Male,0,Yes,No,15,Yes,,Fiber optic,Yes,No,Yes,No,No,Yes,One year,Yes,Mailed check,85.25,1171.34,No
C03682,Male,0,Yes,Yes,38,Yes,No,No,No internet service,No internet service,No internet service,No internet service,No internet service,No internet service,One year,Yes,Electronic check,18.0,613.38,No
C03683,Male,1,No,No,54,Yes,No,Fiber optic,No,No,No,Yes,Yes,No,One year,Yes,Mailed check,67.35,3446.38,No
C03684,Male,0,No,No,48,Yes,Yes,No,No internet service,No internet service,No internet service,No internet service,No internet service,No internet service,Month-to-month,No,Electronic check,27.99,1343.29,No
C03685,Male,0,Yes,No,20,Yes,Yes,No,No internet service,No internet service,No internet service,No internet service,No internet service,No internet service,Two year,No,Electronic check,27.12,525.73,No
C03686,Male,0,Yes,No,5,Yes,No,Fiber optic,No,Yes,No,No,Yes,No,Month-to-month,No,Bank transfer (automatic),85.75,421.58,Yes
C03687,Female,1,Yes,Yes,5,Yes,No,DSL,Yes,Yes,Yes,No,Yes,No,Month-to-month,Yes,Bank transfer (automatic),66.85,344.38,No
C03688,Female,0,No,No,54,Yes,,Fiber optic,Yes,Yes,No,No,No,Yes,Two year,No,Electronic check,80.3,4103.99,No
C03689,Male,1,Yes,No,10,Yes,No,Fiber optic,No,Yes,No,Yes,No,No,Month-to-month,Yes,Bank transfer (automatic),75.33,653.27,No
C03690,Male,1,Yes,No,13,Yes,Yes,DSL,No,Yes,No,Yes,No,Yes,One year,Yes,Bank transfer (automatic),70.07,806.49,No
C03691,Female,0,Yes,Yes,15,Yes,,DSL,Yes,Yes,Yes,Yes,No,Yes,Month-to-month,No,Bank transfer (automatic),83.68,1183.83,No
C03692,Male,0,No,Yes,11,Yes,Yes,No,No internet service,No internet service,No internet service,No internet service,No internet service,No internet service,One year,No,Electronic check,32.38,340.13,No
C03693,Female,0,No,Yes,29,Yes,No,Fiber optic,No,No,No,Yes,Yes,Yes,Two year,Yes,Mailed check,85.26,2440.15,No
C03694,Female,0,Yes,No,5,Yes,No,No,No internet service,No internet service,No internet service,No internet service,No internet service,No internet service,Month-to-month,Yes,Mailed check,21.0,98.67,No
C03695,Male,0,No,No,72,Yes,No,DSL,Yes,Yes,No,Yes,Yes,No,Two year,Yes,Electronic check,66.83,4185.8,No
C03696,Male,0,Yes,No,57,Yes,Yes,No,No internet service,No internet service,No internet service,No internet service,No internet service,No internet service,One year,Yes,Bank transfer (automatic),29.51,1608.79,No
C03697,Male,0,No,No,8,Yes,No,Fiber optic,Yes,Yes,No,No,No,No,One year,Yes,Electronic check,83.33,598.32,No
C03698,Male,1,No,Yes,55,Yes,Yes,Fiber optic,No,Yes,Yes,No,No,No,One year,Yes,Bank transfer (automatic),81.89,4421.36,No
C03699,Male,1,No,No,11,Yes,No,Fiber optic,No,Yes,No,No,Yes,Yes,Two year,Yes,Credit card (automatic),82.64,837.75,Yes
C03700,Female,0,No,No,8,Yes,Yes,Fiber optic,Yes,Yes,No,No,Yes,No,One year,Yes,Electronic check,91.16,755.89,Yes
C03701,Male,0,No,No,53,No,No phone service,Fiber optic,No,Yes,Yes,No,Yes,No,One year,No,Electronic check,63.37,2938.24,No
C03702,Female,0,Yes,Yes,57,Yes,Yes,DSL,No,No,Yes,No,Yes,No,Month-to-month,No,Credit card (automatic),66.63,3883.87,No
C03703,Female,0,Yes,No,28,Yes,Yes,Fiber optic,Yes,No,Yes,No,Yes,No,One year,Yes,Electronic check,93.48,2292.65,No
C03704,Male,0,No,No,54,Yes,Yes,No,No internet service,No internet service,No internet service,No internet service,No internet service,No internet service,One year,No,Mailed check,26.84,1340.98,No
C03705,Male,0,Yes,Yes,0,Yes,No,No,No internet service,No internet service,No internet service,No internet service,No internet service,No internet service,Month-to-month,Yes,Mailed check,18.0, ,No
C03706,Male,1,No,No,2,Yes,No,No,No internet service,No internet service,No internet service,No internet service,No internet service,No internet service,Month-to-month,Yes,Mailed check,19.51,39.33,No
C03707,Female,0,Yes,Yes,6,Yes,No,No,No internet service,No internet service,No internet service,No internet service,No internet service,No internet service,Month-to-month,Yes,Bank transfer (automatic),18.0,100.9,No
C03708,Male,0,No,No,6,Yes,No,No,No internet service,No internet service,No internet service,No internet service,No internet service,No internet service,Month-to-month,Yes,Electronic check,18.0,99.23,Yes
C03709,Female,0,No,Yes,5,Yes,Yes,No,No internet service,No internet service,No internet service,No internet service,No internet service,No internet service,Month-to-month,No,Electronic check,26.0,117.07,Yes
C03710,Female,0,No,No,55,Yes,No,Fiber optic,No,Yes,No,No,Yes,Yes,Month-to-month,Yes,Mailed check,85.63,4130.09,Yes
C03711,Female,0,Yes,No,63,Yes,Yes,DSL,No,Yes,Yes,No,No,Yes,Month-to-month,Yes,Electronic check,71.05,4427.14,No
C03712,Female,0,No,No,10,Yes,Yes,Fiber optic,No,No,No,No,Yes,No,Month-to-month,Yes,Bank transfer (automatic),76.59,722.86,Yes
C03713,Female,0,Yes,No,14,Yes,Yes,DSL,No,No,No,Yes,Yes,Yes,One year,Yes,Bank transfer (automatic),70.15,866.59,No
C03714,Female,0,No,No,2,Yes,No,DSL,Yes,No,No,No,Yes,No,Month-to-month,Yes,Mailed check,58.05,119.52,Yes
C03715,Female,0,No,No,72,Yes,Yes,Fiber optic,Yes,No,No,Yes,No,No,Two year,Yes,Credit card (automatic),81.9,5252.64,No
C03716,Female,0,Yes,No,19,Yes,Yes,No,No internet service,No internet service,No internet service,No internet service,No internet service,No internet service,Two year,Yes,Electronic check,22.77,433.58,No
C03717,Female,0,No,No,11,Yes,Yes,DSL,Yes,Yes,Yes,No,No,Yes,Month-to-month,Yes,Mailed check,69.05,693.45,No
C03718,Female,0,Yes,No,48,No,No phone service,Fiber optic,No,No,No,No,Yes,Yes,Two year,Yes,Electronic check,56.85,2509.76,No
C03719,Male,0,Yes,Yes,2,No,No phone service,Fiber optic,Yes,Yes,No,Yes,Yes,No,Month-to-month,Yes,Electronic check,63.84,124.13,Yes
C03720,Female,0,No,No,0,Yes,No,No,No internet service,No internet service,No internet service,No internet service,No internet service,No internet service,Month-to-month,Yes,Electronic check,18.0, ,Yes
C03721,Female,0,Yes,Yes,71,Yes,No,Fiber optic,Yes,Yes,Yes,No,No,Yes,Month-to-month,Yes,Bank transfer (automatic),82.65,6125.49,No
C03722,Female,0,No,No,17,Yes,No,Fiber optic,No,Yes,No,Yes,No,Yes,Month-to-month,No,Bank transfer (automatic),70.36,1073.82,Yes
C03723,Male,0,Yes,No,33,Yes,No,Fiber optic,No,No,No,Yes,No,Yes,Two year,No,Credit card (automatic),77.03,2178.81,No
C03724,Female,1,Yes,Yes,6,Yes,No,Fiber optic,No,No,No,Yes,Yes,Yes,Month-to-month,No,Electronic check,85.65,485.26,Yes
C03725,Female,1,No,No,72,Yes,No,Fiber optic,Yes,No,Yes,No,No,No,One year,No,Bank transfer (automatic),78.53,5898.97,No
C03726,Female,0,Yes,Yes,7,No,No phone service,Fiber optic,Yes,Yes,No,No,Yes,No,One year,Yes,Mailed check,60.65,391.88,No
C03727,Male,0,No,No,47,Yes,Yes,Fiber optic,Yes,Yes,No,Yes,Yes,No,One year,Yes,Credit card (automatic),95.75,4263.96,No
C03728,Female,0,No,No,12,Yes,No,Fiber optic,Yes,Yes,No,No,No,Yes,Month-to-month,Yes,Electronic check,75.72,835.42,Yes
C03729,Female,1,No,No,2,Yes,No,Fiber optic,No,Yes,Yes,Yes,No,Yes,Month-to-month,No,Bank transfer (automatic),89.61,176.16,Yes
C03730,Female,0,Yes,No,50,Yes,No,DSL,No,No,No,No,No,Yes,Two year,No,Credit card (automatic),52.79,2414.48,No
C03731,Female,0,Yes,No,5,Yes,Yes,DSL,No,Yes,No,No,Yes,No,Month-to-month,Yes,Mailed check,60.35,295.43,No
C03732,Female,0,No,Yes,72,Yes,No,DSL,No,Yes,Yes,No,Yes,Yes,One year,No,Electronic check,65.69,4655.4,No
C03733,Female,1,Yes,No,0,Yes,No,No,No internet service,No internet service,No internet service,No internet service,No internet service,No internet service,Month-to-month,Yes,Credit card (automatic),23.62, ,Yes
C03734,Male,0,No,No,50,Yes,No,No,No internet service,No internet service,No internet service,No internet service,No internet service,No internet service,Two year,No,Bank transfer (automatic),18.0,895.54,No
C03735,Female,0,No,No,2,No,No phone service,DSL,No,Yes,Yes,No,No,No,Month-to-month,Yes,Bank transfer (automatic),34.24,65.35,Yes
C03736,Male,0,Yes,No,2,Yes,No,Fiber optic,No,No,No,No,No,No,Month-to-month,No,Mailed check,65.97,132.16,Yes
C03737,Female,0,No,Yes,10,Yes,Yes,Fiber optic,Yes,Yes,No,Yes,No,No,Month-to-month,No,Electronic check,89.0,819.73,No
C03738,Female,0,Yes,No,19,Yes,Yes,Fiber optic,No,No,Yes,No,Yes,No,One year,No,Credit card (automatic),87.05,1540.36,Yes
C03739,Male,0,No,No,57,Yes,No,Fiber optic,Yes,Yes,No,Yes,Yes,Yes,Two year,Yes,Electronic check,95.16,5163.27,No
C03740,Male,1,Yes,No,47,Yes,,Fiber optic,Yes,Yes,No,Yes,Yes,No,One year,Yes,Credit card (automatic),93.97,3841.45,No
C03741,Male,0,No,Yes,20,No,No phone service,Fiber optic,,No,No,Yes,No,Yes,Month-to-month,No,Mailed check,64.59,1259.18,No
C03742,Female,0,Yes,No,49,Yes,No,DSL,No,No,No,Yes,No,Yes,Two year,No,Mailed check,58.67,2651.6,No
C03743,Female,0,No,No,4,Yes,No,DSL,No,No,Yes,Yes,No,No,Month-to-month,No,Credit card (automatic),55.98,226.65,No
C03744,Male,0,Yes,Yes,28,Yes,No,Fiber optic,No,Yes,No,No,Yes,No,One year,Yes,Credit card (automatic),79.13,1919.65,No
C03745,Female,0,No,No,44,Yes,Yes,DSL,No,No,No,No,No,No,One year,No,Electronic check,45.98,1812.08,No
C03746,Male,0,No,Yes,43,Yes,Yes,No,No internet service,No internet service,No internet service,No internet service,No internet service,No internet service,One year,No,Credit card (automatic),23.61,994.29,No
C03747,Female,0,No,No,3,Yes,Yes,Fiber optic,No,No,No,Yes,No,Yes,Month-to-month,No,Electronic check,87.16,226.37,Yes
C03748,Male,0,No,No,6,Yes,Yes,DSL,No,No,No,Yes,Yes,No,One year,Yes,Electronic check,67.87,370.17,No
C03749,Male,0,Yes,Yes,7,Yes,No,Fiber optic,No,No,Yes,Yes,Yes,Yes,Month-to-month,Yes,Mailed check,87.19,562.52,Yes
C03750,Male,0,Yes,Yes,57,Yes,No,DSL,No,Yes,No,No,No,No,Month-to-month,Yes,Electronic check,57.61,3055.48,No
C03751,Female,0,Yes,Yes,31,Yes,Yes,Fiber optic,Yes,Yes,Yes,No,No,No,Month-to-month,No,Mailed check,91.74,2677.15,Yes
C03752,Male,0,No,No,71,Yes,No,Fiber optic,No,Yes,Yes,No,Yes,Yes,Two year,Yes,Mailed check,90.19,6600.57,No
C03753,Female,0,Yes,No,39,Yes,No,Fiber optic,Yes,Yes,Yes,No,Yes,Yes,Two year,Yes,Electronic check,91.7,3540.15,No
C03754,Male,0,Yes,Yes,72,Yes,Yes,Fiber optic,No,No,No,No,No,Yes,Two year,No,Electronic check,77.84,4829.54,No
C03755,Male,0,No,Yes,62,Yes,Yes,No,No internet service,No internet service,No internet service,No internet service,No internet service,No internet service,Two year,No,Credit card (automatic),23.27,1494.77,No
C03756,Male,0,Yes,No,20,Yes,No,DSL,No,No,No,No,No,No,One year,No,Mailed check,41.92,778.63,No
C03757,Male,0,No,No,4,Yes,Yes,Fiber optic,No,No,Yes,No,No,No,Month-to-month,Yes,Credit card (automatic),80.1,272.86,No
C03758,Female,1,Yes,Yes,3,Yes,No,No,No internet service,No internet service,No internet service,No internet service,No internet service,No internet service,Month-to-month,Yes,Credit card (automatic),19.3,52.03,Yes
C03759,Male,1,Yes,No,2,Yes,No,Fiber optic,No,No,No,Yes,Yes,Yes,Month-to-month,Yes,Mailed check,79.52,136.35,Yes
C03760,Female,0,No,Yes,27,Yes,Yes,No,No internet service,No internet service,No internet service,No internet service,No internet service,No internet service,One year,Yes,Electronic check,25.96,650.61,No
C03761,Male,0,Yes,No,3,No,No phone service,Fiber optic,Yes,No,No,Yes,Yes,No,Month-to-month,No,Electronic check,67.37,199.35,Yes
C03762,Male,0,No,Yes,44,Yes,No,Fiber optic,No,No,Yes,Yes,Yes,No,Two year,No,Mailed check,86.57,3332.47,No
C03763,Male,0,Yes,No,72,Yes,Yes,Fiber optic,Yes,No,No,Yes,No,No,Two year,Yes,Electronic check,86.37,5574.02,No
C03764,Male,0,Yes,Yes,1,Yes,No,No,No internet service,No internet service,No internet service,No internet service,No internet service,No internet service,Month-to-month,No,Electronic check,18.0,17.41,Yes
C03765,Female,0,Yes,Yes,27,Yes,Yes,No,,No internet service,No internet service,No internet service,No internet service,No internet service,Two year,No,Electronic check,25.76,671.62,No
C03766,Female,0,Yes,Yes,12,Yes,No,DSL,No,No,No,No,Yes,No,Month-to-month,No,Electronic check,49.6,508.78,Yes
C03767,Male,0,No,No,28,Yes,No,No,No internet service,No internet service,No internet service,No internet service,No internet service,No internet service,One year,No,Credit card (automatic),24.88,595.01,No
C03768,Female,0,Yes,No,2,Yes,No,DSL,No,Yes,No,Yes,No,No,Month-to-month,Yes,Credit card (automatic),54.01,95.15,Yes
C03769,Female,0,No,Yes,0,Yes,No,DSL,No,Yes,Yes,Yes,Yes,No,Month-to-month,No,Bank transfer (automatic),67.47, ,Yes
C03770,Female,0,No,No,0,Yes,No,Fiber optic,Yes,No,Yes,No,Yes,Yes,One year,No,Mailed check,88.79, ,No
C03771,Female,0,Yes,Yes,7,Yes,No,Fiber optic,No,Yes,Yes,No,Yes,Yes,Month-to-month,Yes,Mailed check,95.03,673.47,No
C03772,Female,0,No,Yes,72,Yes,Yes,DSL,No,No,No,No,Yes,Yes,Two year,Yes,Mailed check,64.44,4213.63,No
C03773,Female,0,Yes,Yes,8,Yes,No,No,No internet service,No internet service,No internet service,No internet service,No internet service,No internet service,Month-to-month,No,Mailed check,25.06,203.74,No
C03774,Female,0,No,No,4,Yes,No,DSL,Yes,No,Yes,No,Yes,Yes,One year,Yes,Electronic check,67.06,228.4,No
C03775,Male,0,Yes,Yes,72,Yes,No,DSL,No,No,No,No,Yes,No,One year,Yes,Mailed check,49.49,3541.0,No
C03776,Female,1,No,No,62,Yes,No,Fiber optic,No,Yes,Yes,Yes,No,No,Month-to-month,No,Electronic check,87.48,4844.46,No
C03777,Male,0,Yes,No,47,Yes,No,Fiber optic,No,No,No,No,Yes,Yes,Month-to-month,Yes,Mailed check,77.23,3291.26,Yes
C03778,Female,0,Yes,No,0,Yes,Yes,DSL,Yes,Yes,No,No,Yes,No,Month-to-month,No,Credit card (automatic),67.68, ,No
C03779,Female,0,Yes,Yes,33,Yes,Yes,No,No internet service,No internet service,No internet service,No internet service,No internet service,No internet service,Month-to-month,Yes,Bank transfer (automatic),23.54,760.42,No
C03780,Male,0,Yes,No,55,Yes,Yes,DSL,Yes,No,No,No,No,No,Month-to-month,No,Electronic check,58.4,2857.49,No
C03781,Female,0,No,No,5,Yes,,Fiber optic,Yes,Yes,No,No,Yes,Yes,Month-to-month,Yes,Bank transfer (automatic),89.91,412.0,Yes
C03782,Female,0,Yes,No,65,Yes,Yes,No,No internet service,No internet service,No internet service,No internet service,No internet service,No internet service,One year,Yes,Bank transfer (automatic),26.33,1502.0,No
C03783,Male,0,No,No,63,Yes,No,No,,No internet service,No internet service,No internet service,No internet service,No internet service,One year,Yes,Credit card (automatic),20.44,1129.73,No
C03784,Female,1,No,No,19,No,No phone service,Fiber optic,No,No,No,No,Yes,Yes,One year,No,Electronic check,66.81,1176.67,No
C03785,Female,1,Yes,No,0,Yes,No,DSL,No,No,No,No,Yes,No,One year,Yes,Electronic check,52.72, ,Yes
C03786,Female,0,Yes,Yes,38,No,No phone service,DSL,No,Yes,No,No,No,Yes,Two year,Yes,Bank transfer (automatic),41.7,1632.75,No
C03787,Male,0,Yes,Yes,8,Yes,,Fiber optic,Yes,No,Yes,Yes,Yes,No,Month-to-month,Yes,Bank transfer (automatic),90.84,722.27,No
C03788,Male,0,No,No,16,Yes,No,No,No internet service,No internet service,No internet service,No internet service,No internet service,No internet service,Two year,No,Bank transfer (automatic),19.25,266.75,No
C03789,Female,0,Yes,No,2,Yes,Yes,DSL,No,No,No,No,No,No,One year,Yes,Electronic check,54.44,94.48,No
C03790,Male,1,No,No,14,No,No phone service,No,No internet service,No internet service,No internet service,No internet service,No internet service,No internet service,Month-to-month,No,Electronic check,18.0,224.31,No
C03791,Male,0,Yes,No,11,Yes,Yes,No,No internet service,No internet service,No internet service,No internet service,No internet service,No internet service,Month-to-month,No,Bank transfer (automatic),30.87,311.39,Yes
C03792,Male,0,Yes,No,6,Yes,Yes,No,No internet service,No internet service,No internet service,No internet service,No internet service,No internet service,Month-to-month,Yes,Bank transfer (automatic),30.54,191.25,Yes
C03793,Male,1,Yes,No,9,Yes,Yes,DSL,No,Yes,No,No,Yes,Yes,Month-to-month,Yes,Mailed check,74.31,672.27,Yes
C03794,Female,0,No,No,60,Yes,Yes,DSL,No,No,Yes,No,No,No,Two year,No,Mailed check,57.89,3087.78,No
C03795,Female,0,Yes,No,54,Yes,No,Fiber optic,No,Yes,Yes,No,No,No,Month-to-month,Yes,Credit card (automatic),77.26,4120.73,No
C03796,Female,0,No,No,25,Yes,No,Fiber optic,No,Yes,No,Yes,No,Yes,One year,No,Electronic check,79.3,1705.46,No
C03797,Female,0,Yes,No,25,Yes,No,No,No internet service,No internet service,No internet service,No internet service,No internet service,No internet service,Month-to-month,No,Electronic check,18.0,403.1,No
C03798,Male,1,Yes,Yes,44,Yes,No,No,No internet service,No internet service,No internet service,No internet service,No internet service,No internet service,Two year,Yes,Electronic check,18.68,704.78,No
C03799,Male,1,No,Yes,1,Yes,No,DSL,Yes,Yes,No,No,Yes,Yes,One year,No,Bank transfer (automatic),68.46,60.15,Yes
C03800,Male,0,No,No,2,No,No phone service,No,No internet service,No internet service,No internet service,No internet service,No internet service,No internet service,One year,No,Credit card (automatic),18.0,37.73,No
C03801,Male,0,No,No,36,Yes,No,No,No internet service,No internet service,No internet service,No internet service,No internet service,No internet service,Two year,Yes,Mailed check,23.11,796.76,No
C03802,Male,0,Yes,No,6,No,No phone service,Fiber optic,No,No,No,Yes,No,No,Month-to-month,Yes,Credit card (automatic),49.3,285.85,Yes
C03803,Male,0,No,No,72,Yes,No,Fiber optic,No,Yes,No,No,Yes,Yes,Two year,Yes,Credit card (automatic),87.26,5926.01,No
C03804,Male,0,Yes,Yes,9,Yes,Yes,No,No internet service,No internet service,No internet service,No internet service,No internet service,No internet service,One year,Yes,Electronic check,27.68,241.11,No
C03805,Male,0,No,No,1,Yes,Yes,No,No internet service,No internet service,No internet service,No internet service,No internet service,No internet service,Month-to-month,No,Mailed check,27.73,25.87,No
C03806,Female,0,Yes,No,72,Yes,No,No,No internet service,No internet service,No internet service,No internet service,No internet service,No internet service,Two year,No,Bank transfer (automatic),20.69,1278.76,No
C03807,Female,0,No,No,4,No,No phone service,Fiber optic,Yes,Yes,No,No,No,No,Month-to-month,Yes,Credit card (automatic),59.15,238.91,No
C03808,Female,0,Yes,Yes,36,Yes,Yes,Fiber optic,Yes,No,No,No,Yes,No,Month-to-month,No,Mailed check,82.75,2860.77,No
C03809,Female,1,No,Yes,14,Yes,Yes,No,No internet service,No internet service,No internet service,No internet service,No internet service,No internet service,Month-to-month,No,Bank transfer (automatic),25.43,309.82,Yes
C03810,Female,0,No,No,47,Yes,Yes,DSL,Yes,Yes,Yes,Yes,No,Yes,Two year,Yes,Credit card (automatic),86.46,3898.65,No
C03811,Male,0,No,No,37,No,No phone service,No,No internet service,No internet service,No internet service,No internet service,No internet service,No internet service,Month-to-month,Yes,Bank transfer (automatic),18.0,630.87,No
C03812,Female,0,Yes,No,7,No,No phone service,DSL,Yes,Yes,No,Yes,No,No,One year,No,Bank transfer (automatic),44.51,282.49,No
C03813,Male,0,Yes,Yes,69,Yes,No,Fiber optic,No,Yes,Yes,No,No,Yes,One year,Yes,Electronic check,87.6,6287.08,No
C03814,Male,0,No,No,43,Yes,No,Fiber optic,No,No,Yes,No,Yes,Yes,Two year,No,Mailed check,84.9,3267.32,No
C03815,Male,0,No,Yes,25,Yes,Yes,DSL,No,No,No,No,No,No,One year,Yes,Electronic check,52.67,1122.0,No
C03816,Male,0,No,No,4,Yes,Yes,Fiber optic,No,No,No,No,No,No,Month-to-month,No,Electronic check,70.84,257.11,Yes
C03817,Male,0,Yes,Yes,72,Yes,No,DSL,No,Yes,Yes,No,Yes,Yes,Month-to-month,No,Electronic check,74.56,4613.99,No
C03818,Female,0,Yes,Yes,62,Yes,No,DSL,Yes,No,Yes,Yes,No,No,Two year,Yes,Bank transfer (automatic),64.12,3966.72,No
C03819,Female,0,Yes,No,8,No,No phone service,DSL,No,Yes,No,No,Yes,No,Two year,No,Electronic check,41.22,310.99,No
C03820,Female,1,No,No,23,Yes,No,DSL,Yes,Yes,Yes,No,No,Yes,Month-to-month,No,Electronic check,84.55,1923.28,No
C03821,Female,0,Yes,Yes,5,Yes,Yes,Fiber optic,No,Yes,No,No,No,No,Month-to-month,Yes,Bank transfer (automatic),70.17,304.07,Yes
C03822,Female,0,Yes,No,1,Yes,Yes,Fiber optic,No,No,Yes,No,Yes,Yes,One year,Yes,Mailed check,90.95,91.86,Yes
C03823,Male,0,No,Yes,18,Yes,No,DSL,No,No,No,No,No,No,Month-to-month,Yes,Mailed check,46.19,852.2,Yes
C03824,Female,0,No,No,4,Yes,No,DSL,No,No,No,Yes,No,No,Month-to-month,Yes,Electronic check,55.19,213.66,Yes
C03825,Female,0,No,No,23,Yes,No,Fiber optic,Yes,Yes,Yes,No,No,Yes,Two year,No,Electronic check,89.57,1862.16,No
C03826,Male,0,Yes,Yes,9,Yes,Yes,DSL,No,No,Yes,Yes,No,Yes,One year,No,Mailed check,70.02,598.1,No
C03827,Male,0,Yes,Yes,5,Yes,Yes,Fiber optic,Yes,No,Yes,No,Yes,No,Month-to-month,Yes,Mailed check,90.57,436.21,Yes
C03828,Female,0,Yes,Yes,64,Yes,No,Fiber optic,Yes,Yes,Yes,No,No,Yes,Two year,Yes,Credit card (automatic),92.48,5836.43,No
C03829,Female,0,Yes,No,41,Yes,No,No,No internet service,No internet service,No internet service,No internet service,No internet service,No internet service,Two year,Yes,Electronic check,18.0,653.59,No
C03830,Male,0,No,No,1,Yes,Yes,DSL,No,No,Yes,Yes,No,No,Month-to-month,Yes,Electronic check,56.87,54.77,Yes
C03831,Female,0,Yes,Yes,13,Yes,Yes,DSL,No,Yes,Yes,Yes,No,No,One year,Yes,Electronic check,69.18,853.11,No
C03832,Male,0,Yes,No,72,Yes,No,DSL,No,Yes,No,No,Yes,Yes,Two year,No,Electronic check,62.72,4559.37,No
C03833,Male,0,Yes,Yes,72,Yes,Yes,No,No internet service,No internet service,No internet service,No internet service,No internet service,No internet service,Two year,Yes,Bank transfer (automatic),22.01,1576.58,No
C03834,Male,0,No,Yes,10,No,No phone service,Fiber optic,Yes,No,Yes,No,Yes,Yes,Month-to-month,No,Electronic check,69.04,614.04,Yes
C03835,Male,0,No,No,42,Yes,Yes,Fiber optic,No,No,Yes,Yes,No,Yes,One year,No,Credit card (automatic),90.95,3401.48,No
C03836,Female,0,Yes,Yes,47,Yes,Yes,Fiber optic,Yes,No,No,Yes,Yes,Yes,One year,Yes,Mailed check,95.63,4442.16,No
C03837,Male,0,Yes,No,0,Yes,No,Fiber optic,Yes,Yes,Yes,No,Yes,Yes,Month-to-month,Yes,Mailed check,94.69, ,Yes
C03838,Female,0,Yes,No,4,Yes,No,No,No internet service,No internet service,No internet service,No internet service,No internet service,No internet service,Month-to-month,Yes,Bank transfer (automatic),18.0,62.32,No
C03839,Male,0,No,No,72,Yes,No,DSL,Yes,Yes,No,Yes,Yes,Yes,Two year,Yes,Credit card (automatic),72.05,4577.06,No
C03840,Female,0,Yes,No,19,Yes,No,Fiber optic,No,No,No,No,Yes,Yes,Month-to-month,Yes,Electronic check,78.57,1361.26,Yes
C03841,Female,0,Yes,Yes,37,Yes,Yes,No,No internet service,No internet service,No internet service,No internet service,No internet service,No internet service,Month-to-month,Yes,Bank transfer (automatic),28.91,1023.61,Yes
C03842,Female,0,No,No,0,No,No phone service,DSL,No,Yes,Yes,Yes,No,Yes,Month-to-month,No,Electronic check,45.29, ,Yes
C03843,Female,0,No,No,46,Yes,Yes,DSL,No,Yes,Yes,No,Yes,Yes,Two year,Yes,Mailed check,72.37,3292.62,No
C03844,Female,0,No,No,35,Yes,Yes,DSL,No,Yes,Yes,Yes,Yes,No,One year,No,Mailed check,76.14,2497.04,No
C03845,Female,1,Yes,No,48,Yes,Yes,No,No internet service,No internet service,No internet service,No internet service,No internet service,No internet service,One year,Yes,Bank transfer (automatic),27.64,1238.48,No
C03846,Female,0,No,No,59,Yes,Yes,No,No internet service,No internet service,No internet service,No internet service,No internet service,No internet service,Two year,Yes,Mailed check,25.56,1359.32,No
C03847,Female,0,Yes,Yes,9,Yes,Yes,Fiber optic,Yes,No,Yes,Yes,No,Yes,Month-to-month,Yes,Electronic check,98.46,928.57,No
C03848,Male,0,Yes,No,24,Yes,No,No,No internet service,No internet service,No internet service,No internet service,No internet service,No internet service,Two year,No,Credit card (automatic),18.0,438.93,No
C03849,Male,0,No,No,10,Yes,Yes,DSL,Yes,No,No,No,Yes,Yes,Month-to-month,No,Mailed check,68.8,630.34,Yes
C03850,Male,0,Yes,No,42,Yes,No,Fiber optic,Yes,No,Yes,No,No,Yes,Month-to-month,Yes,Bank transfer (automatic),87.44,3178.23,No
C03851,Male,0,No,No,47,Yes,Yes,Fiber optic,No,No,No,Yes,No,Yes,Two year,No,Mailed check,85.08,3691.37,No
C03852,Male,0,Yes,Yes,27,Yes,No,DSL,Yes,No,Yes,No,No,No,One year,Yes,Mailed check,55.49,1410.13,No
C03853,Male,0,Yes,Yes,56,Yes,No,Fiber optic,Yes,No,No,Yes,Yes,Yes,Two year,No,Mailed check,90.47,4679.16,No
C03854,Female,1,No,No,23,Yes,Yes,Fiber optic,Yes,Yes,No,No,Yes,No,Month-to-month,Yes,Electronic check,86.16,1795.01,Yes
C03855,Male,0,Yes,No,1,Yes,No,Fiber optic,Yes,Yes,Yes,No,Yes,Yes,One year,Yes,Mailed check,98.22,101.21,No
C03856,Female,0,No,No,52,Yes,No,No,No internet service,No internet service,No internet service,No internet service,No internet service,No internet service,Two year,No,Credit card (automatic),18.75,854.19,No
C03857,Male,0,No,No,61,No,No phone service,DSL,Yes,No,Yes,Yes,Yes,No,One year,No,Bank transfer (automatic),41.7,2264.23,No
C03858,Female,0,Yes,No,2,Yes,No,DSL,Yes,No,Yes,No,No,Yes,Month-to-month,No,Bank transfer (automatic),56.31,114.44,Yes
C03859,Male,0,No,No,59,Yes,Yes,No,No internet service,No internet service,No internet service,No internet service,No internet service,No internet service,Month-to-month,Yes,Electronic check,24.2,1382.96,No
C03860,Male,0,No,No,39,Yes,No,Fiber optic,No,No,No,No,Yes,No,One year,No,Mailed check,73.62,2515.32,Yes
C03861,Male,0,No,No,72,Yes,No,Fiber optic,Yes,No,Yes,No,Yes,No,One year,No,Bank transfer (automatic),84.24,5859.63,No
C03862,Female,0,Yes,No,31,Yes,No,Fiber optic,No,Yes,No,No,No,No,Month-to-month,No,Electronic check,73.11,2288.05,Yes
C03863,Male,0,No,No,5,Yes,No,No,No internet service,No internet service,No internet service,No internet service,No internet service,No internet service,Month-to-month,No,Electronic check,28.29,140.91,No
C03864,Female,0,No,No,16,Yes,No,DSL,No,No,No,Yes,No,No,Month-to-month,Yes,Mailed check,47.43,794.97,Yes
C03865,Male,0,No,No,26,Yes,No,DSL,No,Yes,Yes,No,Yes,No,Month-to-month,No,Bank transfer (automatic),66.59,1709.0,No
C03866,Female,0,Yes,Yes,10,No,No phone service,Fiber optic,No,Yes,No,Yes,Yes,Yes,Two year,Yes,Electronic check,68.28,584.98,No
C03867,Male,0,Yes,Yes,29,Yes,No,DSL,No,No,No,No,Yes,Yes,Month-to-month,Yes,Mailed check,57.46,1694.62,Yes
C03868,Female,0,No,No,5,Yes,No,No,No internet service,No internet service,No internet service,No internet service,No internet service,No internet service,One year,Yes,Electronic check,21.33,110.06,No
C03869,Male,1,No,No,72,Yes,Yes,DSL,No,No,Yes,No,No,Yes,Two year,No,Mailed check,66.26,4685.63,No
C03870,Male,0,No,No,54,Yes,No,Fiber optic,Yes,No,No,Yes,No,Yes,Month-to-month,Yes,Mailed check,84.8,4777.62,No
C03871,Male,0,No,No,41,No,No phone service,Fiber optic,Yes,No,Yes,Yes,Yes,Yes,Two year,No,Bank transfer (automatic),72.79,3033.61,No
C03872,Male,0,Yes,No,20,Yes,No,DSL,No,No,Yes,Yes,No,Yes,Two year,No,Electronic check,61.86,1196.34,No
C03873,Male,0,No,No,4,Yes,Yes,DSL,No,No,Yes,Yes,Yes,No,One year,No,Bank transfer (automatic),70.51,245.22,No
C03874,Female,1,Yes,No,72,Yes,Yes,DSL,Yes,No,Yes,No,No,Yes,One year,No,Credit card (automatic),63.11,4456.29,No
C03875,Male,0,Yes,No,38,Yes,No,Fiber optic,No,Yes,Yes,No,No,Yes,Month-to-month,No,Electronic check,85.01,3131.79,No
C03876,Male,0,Yes,Yes,72,Yes,No,DSL,No,No,No,No,No,Yes,One year,No,Mailed check,56.46,3457.61,No
C03877,Female,0,No,No,10,Yes,Yes,No,No internet service,No internet service,No internet service,No internet service,No internet service,No internet service,Month-to-month,No,Electronic check,32.15,298.94,Yes
C03878,Male,0,Yes,No,50,Yes,No,No,No internet service,No internet service,No internet service,No internet service,No internet service,No internet service,One year,Yes,Mailed check,18.0,878.99,No
C03879,Male,0,Yes,Yes,4,Yes,No,DSL,Yes,Yes,No,Yes,No,No,One year,Yes,Bank transfer (automatic),64.63,249.57,No
C03880,Female,0,Yes,Yes,54,Yes,Yes,DSL,Yes,Yes,No,Yes,No,Yes,Two year,No,Mailed check,78.87,4093.84,No
C03881,Female,1,Yes,No,6,Yes,Yes,DSL,No,No,No,No,Yes,Yes,One year,Yes,Electronic check,64.71,336.86,No
C03882,Female,0,No,No,7,Yes,No,No,No internet service,No internet service,No internet service,No internet service,No internet service,No internet service,Month-to-month,Yes,Electronic check,18.57,125.59,Yes
C03883,Male,1,Yes,No,13,Yes,No,No,No internet service,No internet service,No internet service,No internet service,No internet service,No internet service,Month-to-month,No,Bank transfer (automatic),20.74,236.75,Yes
C03884,Female,1,Yes,No,8,Yes,No,Fiber optic,Yes,No,Yes,No,No,Yes,Month-to-month,Yes,Electronic check,86.66,622.14,Yes
C03885,Male,0,Yes,Yes,0,Yes,No,Fiber optic,Yes,No,Yes,No,No,Yes,One year,No,Credit card (automatic),78.96, ,No
C03886,Female,0,No,No,63,Yes,No,Fiber optic,No,Yes,No,Yes,No,Yes,One year,Yes,Electronic check,83.35,4616.94,No
C03887,Female,1,No,No,1,Yes,Yes,No,No internet service,No internet service,No internet service,No internet service,No internet service,No internet service,Month-to-month,No,Electronic check,28.52,24.61,Yes
C03888,Female,0,No,No,4,Yes,Yes,No,No internet service,No internet service,No internet service,No internet service,No internet service,No internet service,Month-to-month,Yes,Mailed check,29.78,116.24,Yes
C03889,Male,0,Yes,Yes,63,Yes,No,DSL,No,No,No,Yes,No,Yes,One year,No,Bank transfer (automatic),57.67,3666.08,No
C03890,Male,0,Yes,Yes,72,Yes,Yes,No,No internet service,No internet service,No internet service,No internet service,No internet service,No internet service,Month-to-month,Yes,Credit card (automatic),29.08,1943.55,No
C03891,Female,0,Yes,No,25,No,No phone service,DSL,No,No,No,Yes,No,No,Month-to-month,Yes,Electronic check,26.65,689.11,Yes
C03892,Female,1,No,No,32,Yes,No,DSL,Yes,No,No,Yes,No,No,Two year,No,Bank transfer (automatic),58.17,1635.29,No
C03893,Female,0,Yes,No,56,Yes,Yes,No,,No internet service,No internet service,No internet service,No internet service,No internet service,Two year,Yes,Electronic check,30.84,1565.38,No
C03894,Female,0,Yes,Yes,1,Yes,Yes,Fiber optic,No,No,Yes,No,No,Yes,One year,Yes,Credit card (automatic),81.38,75.84,Yes
C03895,Female,1,No,No,45,Yes,Yes,DSL,Yes,No,No,Yes,Yes,No,Two year,No,Bank transfer (automatic),74.78,2990.98,No
C03896,Male,0,No,Yes,47,Yes,No,DSL,Yes,Yes,No,Yes,No,No,Two year,Yes,Electronic check,65.16,2753.73,No
C03897,Male,0,Yes,No,58,Yes,No,DSL,Yes,Yes,No,No,No,No,One year,Yes,Electronic check,56.99,3336.8,No
C03898,Male,0,No,No,51,Yes,Yes,DSL,No,No,No,No,No,No,One year,Yes,Credit card (automatic),57.92,2770.65,No
C03899,Male,0,Yes,No,0,No,No phone service,No,No internet service,No internet service,No internet service,No internet service,No internet service,No internet service,Month-to-month,Yes,Credit card (automatic),18.0, ,No
C03900,Male,0,Yes,Yes,7,Yes,No,Fiber optic,No,Yes,Yes,No,No,Yes,One year,Yes,Mailed check,82.46,514.23,No
C03901,Female,0,Yes,Yes,3,Yes,No,Fiber optic,No,Yes,Yes,Yes,No,Yes,One year,Yes,Electronic check,92.76,287.27,No
C03902,Female,0,No,Yes,52,Yes,No,No,No internet service,No internet service,No internet service,No internet service,No internet service,No internet service,Two year,No,Bank transfer (automatic),18.0,937.78,No
C03903,Female,0,Yes,No,38,No,No phone service,DSL,No,Yes,Yes,No,Yes,Yes,One year,Yes,Electronic check,47.08,1800.07,No
C03904,Male,0,No,No,44,Yes,No,DSL,,Yes,Yes,Yes,Yes,No,Month-to-month,Yes,Credit card (automatic),81.91,3415.2,No
C03905,Female,0,Yes,No,67,Yes,No,Fiber optic,No,No,No,Yes,Yes,Yes,Month-to-month,No,Credit card (automatic),87.05,5481.78,No
C03906,Female,0,No,No,0,Yes,Yes,Fiber optic,No,Yes,Yes,No,Yes,Yes,Month-to-month,Yes,Mailed check,92.94, ,Yes
C03907,Female,0,No,No,17,Yes,No,DSL,No,No,Yes,Yes,No,No,Two year,No,Bank transfer (automatic),53.95,885.92,No
C03908,Female,0,No,No,57,Yes,No,Fiber optic,Yes,No,No,Yes,Yes,No,Month-to-month,Yes,Electronic check,79.04,4561.61,Yes
C03909,Female,1,No,Yes,2,Yes,Yes,Fiber optic,,No,No,No,Yes,Yes,One year,Yes,Mailed check,91.58,189.55,No
C03910,Female,0,No,No,9,Yes,No,DSL,No,No,No,No,Yes,Yes,Month-to-month,No,Mailed check,63.99,577.9,No
C03911,Male,0,No,No,39,Yes,No,Fiber optic,Yes,No,No,Yes,Yes,Yes,One year,Yes,Bank transfer (automatic),90.0,3552.2,No
C03912,Female,0,Yes,Yes,45,Yes,No,Fiber optic,No,Yes,No,Yes,No,Yes,Month-to-month,No,Bank transfer (automatic),84.38,3956.92,Yes
C03913,Male,0,No,No,20,Yes,No,No,No internet service,No internet service,No internet service,No internet service,No internet service,No internet service,Month-to-month,No,Mailed check,19.46,392.11,No
C03914,Male,1,No,No,46,Yes,No,No,No internet service,No internet service,No internet service,No internet service,No internet service,No internet service,Two year,No,Mailed check,22.86,957.29,No
C03915,Male,1,No,No,0,No,No phone service,DSL,Yes,Yes,Yes,No,Yes,No,Month-to-month,Yes,Electronic check,48.3, ,Yes
C03916,Female,0,Yes,No,64,Yes,No,DSL,Yes,No,Yes,No,No,No,One year,Yes,Electronic check,59.21,3736.02,No
C03917,Female,0,Yes,Yes,29,Yes,No,Fiber optic,Yes,No,No,Yes,No,Yes,Month-to-month,Yes,Credit card (automatic),92.29,2760.62,Yes
C03918,Female,0,No,No,22,Yes,Yes,Fiber optic,No,Yes,No,No,No,Yes,Month-to-month,Yes,Electronic check,85.75,1762.65,Yes
C03919,Male,0,Yes,Yes,0,Yes,Yes,No,No internet service,No internet service,No internet service,No internet service,No internet service,No internet service,Month-to-month,Yes,Electronic check,26.99, ,Yes
C03920,Male,0,Yes,Yes,2,Yes,No,No,No internet service,No internet service,No internet service,No internet service,No internet service,No internet service,Month-to-month,Yes,Bank transfer (automatic),20.95,38.88,Yes
C03921,Female,0,No,Yes,1,Yes,No,Fiber optic,Yes,Yes,No,Yes,No,No,Month-to-month,Yes,Bank transfer (automatic),85.74,83.56,No
C03922,Male,0,No,No,42,Yes,No,No,No internet service,No internet service,No internet service,No internet service,No internet service,No internet service,Month-to-month,Yes,Credit card (automatic),18.0,776.64,No
C03923,Female,0,Yes,Yes,69,Yes,Yes,Fiber optic,Yes,No,Yes,Yes,No,No,Two year,No,Electronic check,99.68,7129.24,No
C03924,Male,0,No,No,46,Yes,No,Fiber optic,No,No,Yes,No,No,No,Month-to-month,Yes,Mailed check,75.5,3308.02,Yes
C03925,Female,0,Yes,No,51,Yes,Yes,Fiber optic,Yes,Yes,Yes,No,No,Yes,Two year,Yes,Electronic check,99.26,4656.12,No
C03926,Female,0,Yes,Yes,3,Yes,No,Fiber optic,No,No,No,No,No,No,Month-to-month,Yes,Electronic check,69.6,210.01,Yes
C03927,Female,1,No,No,20,Yes,Yes,DSL,No,Yes,Yes,Yes,Yes,No,One year,No,Electronic check,75.65,1315.72,No
C03928,Male,1,No,Yes,22,Yes,No,DSL,No,Yes,No,No,No,No,Month-to-month,No,Credit card (automatic),49.25,1102.51,No
C03929,Female,0,No,Yes,12,Yes,No,DSL,No,Yes,Yes,No,No,Yes,One year,Yes,Electronic check,63.0,752.86,No
C03930,Female,0,Yes,No,6,Yes,No,Fiber optic,No,No,No,No,No,Yes,Month-to-month,Yes,Mailed check,68.37,362.05,Yes
C03931,Female,0,Yes,No,2,Yes,No,Fiber optic,No,No,Yes,Yes,No,No,Month-to-month,Yes,Electronic check,82.26,143.72,Yes
C03932,Female,0,Yes,Yes,0,Yes,Yes,DSL,Yes,No,Yes,No,No,Yes,Month-to-month,Yes,Credit card (automatic),69.43, ,Yes
C03933,Male,0,No,No,53,Yes,No,No,No internet service,No internet service,No internet service,No internet service,No internet service,No internet service,Two year,Yes,Electronic check,20.44,1055.06,No
C03934,Male,0,Yes,No,9,Yes,No,Fiber optic,No,No,No,No,Yes,Yes,Month-to-month,No,Electronic check,80.11,666.16,Yes
C03935,Male,0,Yes,No,72,Yes,Yes,Fiber optic,No,No,No,Yes,Yes,No,Two year,Yes,Electronic check,85.94,5738.73,No
C03936,Male,0,Yes,No,44,Yes,Yes,DSL,Yes,Yes,No,No,Yes,Yes,Month-to-month,Yes,Credit card (automatic),67.03,2868.64,No
C03937,Female,0,No,No,15,Yes,No,DSL,No,Yes,Yes,No,Yes,No,Month-to-month,Yes,Bank transfer (automatic),68.6,1069.35,Yes
C03938,Male,0,Yes,No,61,Yes,Yes,Fiber optic,No,Yes,No,No,No,No,Two year,No,Credit card (automatic),80.67,4330.96,No
C03939,Male,1,No,No,28,Yes,Yes,Fiber optic,No,No,No,No,No,No,Month-to-month,No,Electronic check,77.91,1857.47,No
C03940,Male,0,No,No,1,Yes,No,No,No internet service,No internet service,No internet service,No internet service,No internet service,No internet service,Month-to-month,Yes,Electronic check,20.63,20.27,Yes
C03941,Male,1,Yes,No,21,Yes,Yes,Fiber optic,Yes,No,No,No,No,No,Month-to-month,Yes,Mailed check,78.74,1648.65,Yes
C03942,Male,0,Yes,Yes,0,Yes,No,DSL,Yes,No,No,No,Yes,No,One year,Yes,Bank transfer (automatic),58.43, ,No
C03943,Female,0,Yes,Yes,15,Yes,Yes,Fiber optic,Yes,Yes,Yes,No,Yes,Yes,Month-to-month,Yes,Bank transfer (automatic),103.39,1614.69,No
C03944,Male,1,No,No,9,No,No phone service,No,No internet service,No internet service,No internet service,No internet service,No internet service,No internet service,Month-to-month,Yes,Electronic check,18.0,162.92,Yes
C03945,Female,1,No,Yes,64,Yes,Yes,No,No internet service,No internet service,No internet service,No internet service,No internet service,No internet service,Two year,No,Credit card (automatic),32.72,2066.74,No
C03946,Male,1,Yes,Yes,53,Yes,No,No,No internet service,No internet service,No internet service,No internet service,No internet service,No internet service,One year,No,Credit card (automatic),20.89,1123.5,No
C03947,Male,0,No,No,56,No,No phone service,No,No internet service,No internet service,No internet service,No internet service,No internet service,No internet service,Month-to-month,No,Credit card (automatic),18.0,1035.71,No
C03948,Female,0,Yes,No,2,Yes,No,DSL,No,Yes,No,Yes,Yes,No,Month-to-month,Yes,Electronic check,62.01,129.32,No
C03949,Male,0,No,Yes,49,Yes,No,Fiber optic,Yes,No,No,No,No,No,Month-to-month,No,Mailed check,71.25,3640.68,No
C03950,Male,0,No,No,21,Yes,No,Fiber optic,No,No,Yes,No,No,No,Two year,Yes,Electronic check,72.35,1495.28,No
C03951,Female,1,No,No,68,Yes,Yes,No,No internet service,No internet service,No internet service,No internet service,No internet service,No internet service,Two year,Yes,Electronic check,31.56,2061.08,No
C03952,Female,0,Yes,Yes,0,Yes,No,No,No internet service,No internet service,No internet service,No internet service,No internet service,No internet service,One year,Yes,Mailed check,23.86, ,No
C03953,Female,0,Yes,No,43,Yes,Yes,Fiber optic,No,Yes,Yes,No,Yes,Yes,Two year,Yes,Electronic check,94.87,3710.84,No
C03954,Male,1,No,No,12,Yes,Yes,DSL,Yes,Yes,No,Yes,Yes,No,Month-to-month,No,Electronic check,76.4,816.44,No
C03955,Female,1,Yes,No,59,Yes,No,Fiber optic,Yes,No,No,No,Yes,Yes,Two year,Yes,Mailed check,87.66,5029.72,No
C03956,Female,1,No,No,3,No,No phone service,No,No internet service,No internet service,No internet service,No internet service,No internet service,No internet service,Month-to-month,Yes,Mailed check,18.0,55.01,Yes
C03957,Female,0,No,No,4,Yes,No,Fiber optic,No,No,Yes,No,Yes,Yes,One year,Yes,Bank transfer (automatic),75.89,282.24,No
C03958,Male,0,No,No,8,Yes,Yes,DSL,Yes,Yes,Yes,Yes,Yes,No,Two year,No,Electronic check,81.77,566.72,No
C03959,Male,1,No,Yes,0,No,No phone service,Fiber optic,Yes,Yes,Yes,Yes,No,No,Month-to-month,Yes,Credit card (automatic),72.3, ,Yes
C03960,Male,0,Yes,Yes,1,Yes,No,Fiber optic,Yes,No,Yes,No,No,No,Month-to-month,Yes,Bank transfer (automatic),77.17,79.82,Yes
C03961,Male,0,No,No,47,Yes,No,No,No internet service,No internet service,No internet service,No internet service,No internet service,No internet service,One year,Yes,Electronic check,19.21,783.77,No
C03962,Female,1,Yes,No,11,Yes,No,Fiber optic,Yes,No,No,Yes,No,No,One year,Yes,Mailed check,74.27,728.94,No
C03963,Male,0,No,No,7,Yes,No,No,No internet service,No internet service,No internet service,No internet service,No internet service,No internet service,Month-to-month,No,Credit card (automatic),24.8,162.07,No
C03964,Male,0,Yes,No,0,Yes,No,DSL,No,Yes,No,No,No,Yes,Month-to-month,No,Credit card (automatic),57.62, ,Yes
C03965,Male,0,No,No,11,No,No phone service,Fiber optic,No,Yes,Yes,No,Yes,Yes,One year,No,Electronic check,70.7,812.55,No
C03966,Male,0,No,Yes,72,Yes,Yes,DSL,Yes,No,No,Yes,No,Yes,Month-to-month,Yes,Credit card (automatic),72.35,5182.77,No
C03967,Male,1,No,No,56,Yes,No,Fiber optic,No,No,Yes,Yes,Yes,No,One year,No,Electronic check,84.34,4214.32,No
C03968,Male,0,Yes,No,19,Yes,Yes,No,No internet service,No internet service,No internet service,No internet service,No internet service,No internet service,One year,Yes,Mailed check,30.22,492.81,No
C03969,Male,0,Yes,Yes,1,Yes,No,No,No internet service,No internet service,No internet service,No internet service,No internet service,No internet service,Month-to-month,No,Bank transfer (automatic),18.0,16.45,Yes
C03970,Female,0,No,No,2,Yes,Yes,Fiber optic,No,No,Yes,Yes,No,No,Month-to-month,Yes,Credit card (automatic),86.07,175.31,Yes
C03971,Male,1,No,No,23,No,No phone service,Fiber optic,No,No,Yes,No,No,No,Month-to-month,Yes,Electronic check,53.71,1199.86,Yes
C03972,Female,1,Yes,No,54,No,No phone service,No,No internet service,No internet service,No internet service,No internet service,No internet service,No internet service,One year,Yes,Electronic check,18.0,997.97,No
C03973,Male,0,No,No,9,Yes,Yes,No,No internet service,No internet service,No internet service,No internet service,No internet service,No internet service,Month-to-month,Yes,Bank transfer (automatic),32.8,307.27,Yes
C03974,Male,0,No,No,60,Yes,Yes,Fiber optic,No,No,Yes,No,Yes,No,Two year,Yes,Credit card (automatic),84.06,4753.28,No
C03975,Male,0,No,No,1,Yes,Yes,Fiber optic,No,Yes,No,No,No,Yes,One year,No,Bank transfer (automatic),83.12,70.88,Yes
C03976,Male,0,No,No,38,Yes,Yes,No,No internet service,No internet service,No internet service,No internet service,No internet service,No internet service,Two year,Yes,Credit card (automatic),23.11,843.24,No
C03977,Male,0,No,Yes,3,Yes,Yes,Fiber optic,No,No,No,Yes,Yes,Yes,Month-to-month,No,Electronic check,92.05,278.92,Yes
C03978,Male,0,No,No,8,Yes,No,Fiber optic,No,No,No,No,Yes,No,One year,Yes,Electronic check,71.83,585.03,Yes
C03979,Female,0,Yes,No,11,Yes,No,No,No internet service,No internet service,No internet service,No internet service,No internet service,No internet service,Month-to-month,No,Credit card (automatic),23.22,221.67,No
C03980,Male,0,No,No,60,Yes,No,Fiber optic,No,No,Yes,Yes,Yes,Yes,Two year,Yes,Mailed check,85.27,4773.22,No
C03981,Male,0,No,No,4,Yes,No,Fiber optic,No,Yes,Yes,No,No,Yes,One year,Yes,Bank transfer (automatic),85.21,305.37,Yes
C03982,Female,0,No,No,72,Yes,Yes,DSL,No,No,Yes,No,No,No,Two year,Yes,Electronic check,63.31,4100.2,No
C03983,Male,0,No,No,1,Yes,No,Fiber optic,No,No,No,No,No,Yes,Month-to-month,No,Mailed check,66.6,58.39,Yes
C03984,Male,0,No,No,10,Yes,,Fiber optic,No,No,No,Yes,Yes,No,Month-to-month,Yes,Credit card (automatic),75.35,660.62,Yes
C03985,Male,0,Yes,No,2,Yes,Yes,DSL,No,Yes,No,Yes,No,Yes,Month-to-month,Yes,Bank transfer (automatic),75.09,133.33,Yes
C03986,Male,0,Yes,No,6,No,No phone service,No,No internet service,No internet service,No internet service,No internet service,No internet service,No internet service,Month-to-month,Yes,Credit card (automatic),18.0,96.29,No
C03987,Male,1,Yes,No,14,Yes,No,No,No internet service,No internet service,No internet service,No internet service,No internet service,No internet service,Month-to-month,No,Mailed check,22.46,314.18,No
C03988,Female,0,No,Yes,58,Yes,Yes,No,No internet service,No internet service,No internet service,No internet service,No internet service,No internet service,Two year,No,Electronic check,23.81,1357.39,No
C03989,Female,1,No,Yes,2,Yes,Yes,Fiber optic,No,No,No,Yes,Yes,Yes,Month-to-month,Yes,Credit card (automatic),90.98,180.64,Yes
C03990,Female,0,Yes,No,5,Yes,No,Fiber optic,No,Yes,Yes,Yes,Yes,Yes,Month-to-month,Yes,Electronic check,94.9,433.95,Yes
C03991,Male,0,Yes,No,70,Yes,Yes,DSL,No,No,Yes,No,No,No,One year,Yes,Credit card (automatic),56.96,3923.1,No
C03992,Male,0,No,No,72,Yes,Yes,Fiber optic,No,Yes,No,No,Yes,No,Two year,Yes,Electronic check,80.47,5352.73,No
C03993,Male,0,Yes,Yes,0,No,No phone service,DSL,No,Yes,No,No,No,Yes,Month-to-month,Yes,Credit card (automatic),37.85, ,Yes
C03994,Male,1,Yes,Yes,52,Yes,Yes,Fiber optic,Yes,Yes,No,No,Yes,Yes,Two year,No,Electronic check,94.72,4752.81,No
C03995,Male,0,Yes,Yes,25,Yes,No,DSL,No,Yes,Yes,Yes,No,Yes,One year,No,Electronic check,71.32,1744.88,No
C03996,Male,0,No,No,39,Yes,No,DSL,No,No,Yes,Yes,Yes,No,Two year,Yes,Electronic check,65.29,2642.25,No
C03997,Male,0,No,No,49,Yes,No,Fiber optic,Yes,No,No,Yes,Yes,Yes,Two year,Yes,Electronic check,97.74,4079.26,Yes
C03998,Male,0,No,No,51,Yes,No,DSL,No,Yes,No,No,Yes,No,Two year,No,Credit card (automatic),55.31,2447.17,No
C03999,Male,1,Yes,No,53,Yes,Yes,No,No internet service,No internet service,No internet service,No internet service,No internet service,No internet service,Two year,No,Mailed check,24.19,1093.94,No
C04000,Female,0,Yes,No,3,Yes,Yes,DSL,No,No,No,No,Yes,Yes,Month-to-month,No,Electronic check,68.79,180.41,Yes
C04001,Male,0,No,No,72,Yes,Yes,Fiber optic,No,Yes,Yes,No,No,Yes,Two year,No,Electronic check,85.9,5686.07,No
C04002,Female,1,No,No,53,No,No phone service,DSL,No,No,No,No,Yes,No,Month-to-month,No,Electronic check,35.71,1747.53,No
C04003,Male,1,Yes,Yes,2,Yes,No,Fiber optic,No,No,No,Yes,Yes,No,Month-to-month,Yes,Credit card (automatic),74.17,130.24,Yes
C04004,Female,0,No,No,72,Yes,No,DSL,No,Yes,Yes,No,No,No,Month-to-month,Yes,Mailed check,57.84,3659.43,No
C04005,Male,0,No,No,1,Yes,Yes,No,No internet service,No internet service,No internet service,No internet service,No internet service,No internet service,Month-to-month,No,Credit card (automatic),18.85,18.32,Yes
C04006,Male,0,No,No,6,Yes,No,No,No internet service,No internet service,No internet service,No internet service,No internet service,No internet service,Month-to-month,No,Electronic check,19.88,110.03,Yes
C04007,Male,0,Yes,No,0,No,No phone service,No,No internet service,No internet service,No internet service,No internet service,No internet service,No internet service,Month-to-month,Yes,Credit card (automatic),18.0, ,Yes
C04008,Male,0,Yes,No,13,Yes,Yes,DSL,No,Yes,No,No,No,Yes,Month-to-month,Yes,Electronic check,61.91,688.48,No
C04009,Female,1,Yes,No,53,Yes,No,Fiber optic,No,No,Yes,Yes,No,Yes,Two year,Yes,Electronic check,83.21,4004.72,No
C04010,Male,0,No,No,45,Yes,No,No,No internet service,No internet service,No internet service,No internet service,No internet service,No internet service,Two year,Yes,Bank transfer (automatic),21.26,941.38,No
C04011,Male,1,No,No,5,Yes,No,Fiber optic,Yes,No,No,No,No,Yes,Month-to-month,No,Electronic check,74.57,388.73,Yes
C04012,Female,0,Yes,No,47,Yes,No,DSL,No,Yes,No,No,No,No,Two year,Yes,Bank transfer (automatic),48.34,2363.57,No
C04013,Male,0,Yes,Yes,0,Yes,No,Fiber optic,No,No,No,Yes,Yes,No,Month-to-month,Yes,Credit card (automatic),75.36, ,Yes
C04014,Female,1,Yes,Yes,4,Yes,No,No,No internet service,No internet service,No internet service,No internet service,No internet service,No internet service,Two year,Yes,Bank transfer (automatic),21.43,77.34,No
C04015,Female,0,No,No,72,Yes,No,DSL,No,No,Yes,No,No,No,One year,Yes,Bank transfer (automatic),50.12,3581.6,No
C04016,Male,0,No,No,3,No,No phone service,DSL,,No,No,Yes,No,No,Month-to-month,Yes,Mailed check,36.76,97.48,Yes
C04017,Male,0,Yes,Yes,40,Yes,No,Fiber optic,No,No,No,Yes,No,No,One year,No,Mailed check,71.96,2559.87,No
C04018,Male,0,No,No,0,Yes,Yes,DSL,No,No,No,No,No,Yes,One year,Yes,Electronic check,60.98, ,Yes
C04019,Female,0,No,No,4,Yes,No,Fiber optic,Yes,Yes,No,No,No,Yes,Month-to-month,No,Mailed check,89.93,336.01,No
C04020,Male,0,No,No,23,Yes,No,Fiber optic,Yes,No,Yes,Yes,Yes,No,One year,Yes,Mailed check,87.44,2009.95,No
C04021,Male,1,No,No,13,Yes,Yes,Fiber optic,No,No,No,No,Yes,Yes,One year,No,Electronic check,84.42,949.78,Yes
C04022,Male,1,Yes,No,49,Yes,No,DSL,No,No,Yes,Yes,Yes,No,Two year,No,Bank transfer (automatic),56.28,2811.68,No
C04023,Female,0,No,No,52,Yes,Yes,Fiber optic,No,Yes,No,Yes,No,Yes,Two year,Yes,Mailed check,94.99,4433.04,No
C04024,Female,0,No,No,30,Yes,Yes,Fiber optic,No,Yes,No,Yes,No,No,Month-to-month,Yes,Mailed check,86.52,2556.0,Yes
C04025,Female,0,No,No,2,Yes,No,Fiber optic,Yes,No,No,No,Yes,No,Month-to-month,Yes,Electronic check,78.76,153.43,Yes
C04026,Female,0,No,No,61,No,No phone service,Fiber optic,No,Yes,No,No,No,No,Two year,Yes,Credit card (automatic),48.7,2613.64,No
C04027,Female,0,Yes,No,2,Yes,Yes,Fiber optic,No,No,Yes,No,No,No,One year,Yes,Electronic check,77.41,143.67,Yes
C04028,Male,0,No,No,33,Yes,No,Fiber optic,No,No,Yes,Yes,Yes,Yes,Month-to-month,No,Bank transfer (automatic),89.88,2873.61,Yes
C04029,Female,1,No,Yes,3,Yes,No,DSL,No,Yes,No,No,Yes,No,Month-to-month,No,Bank transfer (automatic),54.63,165.82,Yes
C04030,Female,0,Yes,No,37,Yes,No,No,No internet service,No internet service,No internet service,No internet service,No internet service,No internet service,One year,Yes,Mailed check,22.08,709.55,No
C04031,Male,0,No,Yes,4,Yes,No,Fiber optic,No,No,Yes,No,No,Yes,Month-to-month,Yes,Electronic check,76.34,283.16,Yes
C04032,Female,1,Yes,No,22,Yes,No,Fiber optic,No,Yes,No,Yes,No,No,Month-to-month,No,Mailed check,75.92,1497.82,Yes
C04033,Female,0,No,No,51,Yes,,Fiber optic,No,No,No,Yes,No,No,Two year,Yes,Electronic check,67.88,3005.17,No
C04034,Male,1,No,Yes,64,Yes,No,DSL,No,No,Yes,No,Yes,No,Two year,Yes,Credit card (automatic),58.35,3565.3,No
C04035,Male,1,Yes,No,59,Yes,No,No,No internet service,No internet service,No internet service,No internet service,No internet service,No internet service,One year,No,Mailed check,18.0,1034.31,No
C04036,Male,0,No,No,56,No,No phone service,DSL,No,No,Yes,No,No,No,Two year,Yes,Mailed check,32.91,1910.71,No
C04037,Female,0,No,No,56,Yes,No,Fiber optic,Yes,Yes,Yes,No,No,No,One year,No,Bank transfer (automatic),84.61,4732.6,No
C04038,Male,0,No,No,2,Yes,No,No,No internet service,No internet service,No internet service,No internet service,No internet service,No internet service,Month-to-month,No,Credit card (automatic),19.49,37.76,Yes
C04039,Female,1,No,Yes,2,Yes,Yes,Fiber optic,No,Yes,No,No,Yes,Yes,One year,Yes,Mailed check,91.22,168.14,Yes
C04040,Male,1,Yes,Yes,57,Yes,No,DSL,No,No,Yes,Yes,No,No,Month-to-month,No,Credit card (automatic),53.5,3006.73,No
C04041,Female,0,No,No,4,Yes,No,No,No internet service,No internet service,No internet service,No internet service,No internet service,No internet service,One year,Yes,Electronic check,18.0,70.18,No
C04042,Male,0,No,No,55,Yes,Yes,Fiber optic,No,No,No,No,No,Yes,Two year,Yes,Mailed check,83.23,4469.02,No
C04043,Female,0,Yes,Yes,16,Yes,No,DSL,No,No,Yes,No,No,Yes,One year,No,Electronic check,56.99,943.98,No
C04044,Male,0,No,Yes,9,Yes,No,Fiber optic,No,No,No,No,Yes,No,Month-to-month,No,Credit card (automatic),68.45,536.38,Yes
C04045,Male,0,Yes,No,59,No,No phone service,Fiber optic,No,No,Yes,Yes,No,No,Two year,Yes,Mailed check,54.8,3267.83,No
C04046,Male,1,Yes,Yes,44,Yes,No,Fiber optic,No,No,No,Yes,Yes,Yes,Month-to-month,Yes,Mailed check,79.54,3422.76,Yes
C04047,Male,0,No,No,47,Yes,No,Fiber optic,No,Yes,Yes,No,Yes,No,Two year,No,Credit card (automatic),81.23,3464.0,No
C04048,Male,0,No,No,6,Yes,,No,No internet service,No internet service,No internet service,No internet service,No internet service,No internet service,Month-to-month,No,Credit card (automatic),18.47,107.69,No
C04049,Female,0,Yes,No,10,Yes,Yes,DSL,No,Yes,No,No,Yes,No,Month-to-month,No,Electronic check,67.66,688.16,Yes
C04050,Female,0,No,No,72,Yes,Yes,Fiber optic,No,No,No,No,Yes,No,Two year,Yes,Electronic check,78.88,5054.38,No
C04051,Female,0,Yes,No,13,No,No phone service,Fiber optic,No,No,Yes,Yes,Yes,Yes,Month-to-month,Yes,Bank transfer (automatic),68.41,893.4,Yes
C04052,Female,1,No,No,6,Yes,Yes,No,No internet service,No internet service,No internet service,No internet service,No internet service,No internet service,Month-to-month,Yes,Credit card (automatic),29.1,171.9,Yes
C04053,Male,0,Yes,Yes,63,Yes,No,DSL,No,No,Yes,No,No,Yes,Two year,No,Electronic check,56.28,3405.36,No
C04054,Female,0,Yes,Yes,62,Yes,,DSL,No,Yes,Yes,No,No,No,Two year,Yes,Mailed check,54.37,2979.01,No
C04055,Female,0,Yes,No,29,Yes,Yes,No,No internet service,No internet service,No internet service,No internet service,No internet service,No internet service,One year,No,Electronic check,29.04,841.44,No
C04056,Male,0,Yes,Yes,13,Yes,No,No,No internet service,No internet service,No internet service,No internet service,No internet service,No internet service,One year,Yes,Credit card (automatic),24.12,320.52,No
C04057,Female,0,Yes,No,32,Yes,No,Fiber optic,No,No,Yes,No,Yes,Yes,Two year,Yes,Credit card (automatic),77.26,2134.35,No
C04058,Male,1,No,Yes,0,No,No phone service,Fiber optic,No,Yes,Yes,Yes,No,No,One year,Yes,Bank transfer (automatic),66.17, ,No
C04059,Female,0,No,Yes,5,Yes,Yes,No,No internet service,No internet service,No internet service,No internet service,No internet service,No internet service,Month-to-month,Yes,Electronic check,27.68,120.11,No
C04060,Female,0,No,No,61,Yes,No,Fiber optic,No,No,Yes,No,No,Yes,One year,Yes,Bank transfer (automatic),74.83,3924.95,No
C04061,Female,0,Yes,No,3,Yes,No,DSL,No,No,No,No,Yes,Yes,Month-to-month,Yes,Mailed check,53.88,139.06,Yes
C04062,Male,0,No,Yes,2,Yes,Yes,No,No internet service,No internet service,No internet service,No internet service,No internet service,No internet service,Month-to-month,No,Mailed check,28.02,54.48,Yes
C04063,Female,0,Yes,Yes,10,Yes,Yes,Fiber optic,No,Yes,No,No,Yes,No,One year,Yes,Electronic check,89.59,924.69,No
C04064,Male,0,No,No,6,Yes,No,DSL,Yes,No,No,No,No,Yes,Month-to-month,Yes,Credit card (automatic),58.15,305.35,No
C04065,Female,0,No,No,59,Yes,No,Fiber optic,Yes,Yes,Yes,No,Yes,Yes,Two year,Yes,Mailed check,97.14,5658.6,No
C04066,Male,1,Yes,Yes,70,Yes,No,No,No internet service,No internet service,No internet service,No internet service,No internet service,No internet service,Two year,No,Mailed check,21.0,1319.21,No
C04067,Female,0,Yes,Yes,2,Yes,No,No,No internet service,No internet service,No internet service,No internet service,No internet service,No internet service,Month-to-month,No,Electronic check,19.64,37.01,Yes
C04068,Female,0,No,No,64,Yes,No,DSL,Yes,No,Yes,No,No,No,Month-to-month,No,Bank transfer (automatic),56.36,3389.26,No
C04069,Male,0,Yes,Yes,56,Yes,No,DSL,Yes,No,No,No,No,Yes,Month-to-month,No,Credit card (automatic),53.2,2814.07,No
C04070,Male,1,No,No,47,Yes,No,No,No internet service,No internet service,No internet service,No internet service,No internet service,No internet service,Two year,No,Credit card (automatic),20.21,853.33,No
C04071,Female,0,No,No,41,Yes,No,Fiber optic,No,Yes,Yes,No,Yes,No,One year,Yes,Credit card (automatic),77.03,3209.79,No
C04072,Male,1,Yes,Yes,43,Yes,No,No,No internet service,No internet service,No internet service,No internet service,No internet service,No internet service,Month-to-month,Yes,Electronic check,23.37,886.25,No
C04073,Male,0,Yes,No,18,No,No phone service,Fiber optic,No,No,No,No,Yes,Yes,Month-to-month,Yes,Electronic check,59.01,929.05,Yes
C04074,Male,1,No,No,10,Yes,No,DSL,Yes,Yes,Yes,Yes,No,Yes,Month-to-month,No,Credit card (automatic),84.19,831.87,Yes
C04075,Male,0,No,No,50,Yes,Yes,Fiber optic,No,No,Yes,No,Yes,Yes,Two year,Yes,Electronic check,91.73,4254.75,No
C04076,Female,0,Yes,Yes,72,Yes,No,DSL,No,Yes,No,Yes,No,No,Month-to-month,No,Electronic check,57.48,4327.17,No
C04077,Female,0,Yes,Yes,12,Yes,No,Fiber optic,Yes,Yes,No,Yes,Yes,Yes,One year,No,Mailed check,94.66,1099.47,Yes
C04078,Male,0,Yes,No,0,Yes,Yes,Fiber optic,No,Yes,Yes,Yes,No,No,Month-to-month,No,Credit card (automatic),83.77, ,Yes
C04079,Male,0,No,No,50,Yes,No,Fiber optic,No,No,No,No,No,No,One year,Yes,Credit card (automatic),64.11,2954.71,No
C04080,Male,0,No,No,47,Yes,No,Fiber optic,Yes,No,No,Yes,No,No,Two year,Yes,Electronic check,72.17,3239.6,No
C04081,Male,0,No,Yes,72,No,No phone service,DSL,Yes,Yes,Yes,No,No,No,Month-to-month,Yes,Mailed check,46.15,3233.36,No
C04082,Female,0,No,No,1,No,No phone service,No,No internet service,No internet service,No internet service,No internet service,No internet service,No internet service,Month-to-month,Yes,Electronic check,18.0,16.6,Yes
C04083,Male,0,No,No,49,Yes,No,DSL,No,Yes,No,Yes,Yes,Yes,Month-to-month,Yes,Bank transfer (automatic),65.52,3214.06,No
C04084,Female,0,No,No,44,Yes,Yes,DSL,No,No,Yes,Yes,Yes,Yes,Month-to-month,No,Mailed check,78.15,3455.51,No
C04085,Female,1,Yes,No,72,Yes,No,DSL,No,No,Yes,Yes,Yes,No,Two year,Yes,Mailed check,62.68,4347.48,No
C04086,Female,0,Yes,Yes,72,No,No phone service,Fiber optic,Yes,No,No,Yes,Yes,Yes,Two year,Yes,Credit card (automatic),70.82,4612.35,No
C04087,Female,0,No,No,62,No,No phone service,No,No internet service,No internet service,No internet service,No internet service,No internet service,No internet service,Two year,Yes,Credit card (automatic),18.0,1081.01,No
C04088,Male,1,No,No,0,Yes,No,No,No internet service,No internet service,No internet service,No internet service,No internet service,No internet service,One year,No,Mailed check,19.39, ,Yes
C04089,Male,0,Yes,Yes,19,Yes,No,Fiber optic,No,No,No,Yes,No,No,One year,No,Mailed check,67.74,1240.91,No
C04090,Male,0,No,No,20,No,No phone service,Fiber optic,Yes,Yes,No,Yes,Yes,No,Month-to-month,No,Electronic check,74.43,1347.85,Yes
C04091,Female,0,No,Yes,70,Yes,Yes,DSL,No,No,No,No,No,No,Two year,No,Bank transfer (automatic),51.89,3612.25,No
C04092,Female,0,Yes,Yes,7,No,No phone service,Fiber optic,No,Yes,No,No,No,Yes,Month-to-month,Yes,Credit card (automatic),51.47,316.06,No
C04093,Male,0,Yes,Yes,13,Yes,Yes,DSL,No,Yes,No,No,No,No,One year,Yes,Electronic check,61.71,765.52,No
C04094,Male,0,Yes,No,22,Yes,Yes,DSL,No,Yes,No,No,No,No,Month-to-month,Yes,Mailed check,56.4,1214.96,No
C04095,Male,0,Yes,No,2,Yes,Yes,No,No internet service,No internet service,No internet service,No internet service,No internet service,No internet service,One year,No,Credit card (automatic),25.69,52.79,No
C04096,Female,0,Yes,No,0,Yes,No,Fiber optic,No,Yes,No,No,Yes,Yes,Month-to-month,Yes,Electronic check,87.93, ,Yes
C04097,Female,0,No,No,11,No,No phone service,No,No internet service,No internet service,No internet service,No internet service,No internet service,No internet service,One year,No,Bank transfer (automatic),18.0,175.23,No
C04098,Female,0,No,No,1,Yes,No,Fiber optic,No,No,No,No,Yes,Yes,Month-to-month,No,Electronic check,74.79,72.0,Yes
C04099,Female,0,Yes,No,16,Yes,No,Fiber optic,No,Yes,No,No,Yes,No,One year,Yes,Electronic check,75.91,1146.55,No
C04100,Male,1,Yes,No,3,No,No phone service,Fiber optic,No,No,Yes,No,No,Yes,Month-to-month,No,Credit card (automatic),54.32,160.37,Yes
C04101,Female,0,No,No,52,Yes,No,No,No internet service,No internet service,No internet service,No internet service,No internet service,No internet service,Month-to-month,Yes,Bank transfer (automatic),19.63,898.58,No
C04102,Female,0,Yes,Yes,1,Yes,No,DSL,No,No,Yes,Yes,No,Yes,Month-to-month,Yes,Credit card (automatic),58.44,50.66,No
C04103,Male,0,Yes,Yes,54,Yes,No,DSL,Yes,Yes,No,No,No,No,Two year,No,Electronic check,48.95,2322.46,No
C04104,Female,1,Yes,Yes,8,Yes,Yes,Fiber optic,No,No,Yes,Yes,No,Yes,Month-to-month,No,Mailed check,88.48,616.07,No
C04105,Male,0,No,No,42,Yes,No,Fiber optic,Yes,No,No,No,No,No,Two year,No,Mailed check,75.02,2852.19,No
C04106,Female,0,Yes,No,5,Yes,No,Fiber optic,No,No,No,Yes,No,No,One year,No,Electronic check,67.9,356.26,No
C04107,Female,0,Yes,No,0,Yes,No,No,No internet service,No internet service,No internet service,No internet service,No internet service,No internet service,One year,No,Credit card (automatic),18.18, ,No
C04108,Female,0,No,No,9,Yes,Yes,No,No internet service,No internet service,No internet service,No internet service,No internet service,No internet service,Month-to-month,No,Electronic check,25.85,210.45,Yes
C04109,Female,0,No,No,57,No,No phone service,Fiber optic,Yes,No,Yes,No,Yes,No,One year,No,Credit card (automatic),61.08,3182.54,No
C04110,Male,0,No,No,34,Yes,No,Fiber optic,No,No,Yes,Yes,Yes,Yes,Two year,Yes,Electronic check,90.88,2889.65,No
C04111,Female,0,No,No,23,Yes,No,Fiber optic,No,Yes,No,No,Yes,No,Two year,No,Bank transfer (automatic),73.63,1530.92,No
C04112,Female,0,No,No,12,Yes,Yes,Fiber optic,No,No,No,No,No,No,Month-to-month,Yes,Electronic check,77.43,829.99,Yes
C04113,Male,0,Yes,No,8,Yes,Yes,No,No internet service,No internet service,No internet service,No internet service,No internet service,No internet service,Month-to-month,Yes,Electronic check,22.01,174.13,Yes
C04114,Female,0,Yes,Yes,13,Yes,No,DSL,No,No,No,Yes,Yes,No,Month-to-month,No,Mailed check,61.62,696.15,Yes
C04115,Male,0,Yes,Yes,26,Yes,No,DSL,No,Yes,No,Yes,Yes,Yes,One year,No,Electronic check,69.09,1761.5,No
C04116,Female,0,Yes,Yes,52,Yes,No,Fiber optic,Yes,Yes,Yes,No,Yes,No,Two year,Yes,Electronic check,85.29,4560.42,No
C04117,Female,0,Yes,No,2,Yes,No,DSL,Yes,No,No,No,Yes,Yes,Month-to-month,No,Bank transfer (automatic),66.2,119.86,Yes
C04118,Male,0,Yes,Yes,23,Yes,Yes,DSL,No,No,Yes,No,Yes,No,One year,No,Electronic check,65.48,1486.62,Yes
C04119,Male,0,No,No,2,Yes,No,DSL,Yes,No,No,No,Yes,No,Month-to-month,Yes,Credit card (automatic),50.09,92.26,No
C04120,Female,1,No,Yes,2,Yes,Yes,No,No internet service,No internet service,No internet service,No internet service,No internet service,No internet service,Month-to-month,Yes,Electronic check,24.5,43.95,Yes
C04121,Female,0,Yes,No,13,Yes,No,No,No internet service,No internet service,No internet service,No internet service,No internet service,No internet service,One year,Yes,Bank transfer (automatic),18.07,215.92,No
C04122,Female,0,Yes,No,5,Yes,Yes,Fiber optic,No,Yes,No,Yes,Yes,Yes,Month-to-month,Yes,Credit card (automatic),92.6,479.0,Yes
C04123,Male,0,Yes,No,40,Yes,No,Fiber optic,No,Yes,Yes,Yes,No,Yes,One year,Yes,Mailed check,87.43,3576.93,No
C04124,Female,1,No,No,46,Yes,No,DSL,Yes,No,Yes,No,Yes,No,One year,Yes,Credit card (automatic),67.05,2665.85,No
C04125,Male,0,Yes,Yes,49,Yes,No,No,No internet service,No internet service,No internet service,No internet service,No internet service,No internet service,One year,No,Mailed check,19.0,800.26,No
C04126,Female,0,Yes,Yes,9,Yes,Yes,DSL,Yes,Yes,Yes,Yes,Yes,No,One year,Yes,Electronic check,82.87,664.33,No
C04127,Male,0,Yes,No,68,Yes,No,Fiber optic,Yes,No,Yes,No,Yes,No,Two year,No,Bank transfer (automatic),88.52,5228.04,No
C04128,Female,0,No,No,7,Yes,Yes,Fiber optic,No,No,Yes,No,Yes,Yes,Month-to-month,Yes,Mailed check,88.28,619.71,Yes
C04129,Female,0,No,No,47,Yes,,DSL,No,Yes,Yes,No,No,No,Two year,No,Bank transfer (automatic),55.67,2338.57,No
C04130,Female,0,No,No,40,Yes,No,Fiber optic,No,Yes,No,Yes,No,No,Two year,Yes,Electronic check,73.9,2906.38,No
C04131,Female,0,Yes,No,56,Yes,Yes,Fiber optic,No,No,Yes,Yes,No,Yes,Month-to-month,Yes,Electronic check,88.89,4240.42,Yes
C04132,Male,0,Yes,Yes,8,Yes,No,Fiber optic,Yes,Yes,Yes,No,No,No,Month-to-month,Yes,Mailed check,76.26,540.22,Yes
C04133,Female,1,Yes,No,44,Yes,Yes,Fiber optic,No,No,No,No,Yes,Yes,Two year,Yes,Bank transfer (automatic),84.1,3453.46,No
C04134,Female,0,No,No,10,Yes,No,DSL,Yes,Yes,No,No,No,Yes,Month-to-month,No,Credit card (automatic),64.63,549.47,Yes
C04135,Male,1,Yes,No,3,Yes,No,No,No internet service,No internet service,No internet service,No internet service,No internet service,No internet service,Two year,Yes,Bank transfer (automatic),18.0,53.76,No
C04136,Male,1,Yes,No,7,Yes,No,Fiber optic,No,No,No,No,No,Yes,Month-to-month,Yes,Mailed check,70.3,433.41,No
C04137,Female,1,No,No,38,Yes,No,No,No internet service,No internet service,No internet service,No internet service,No internet service,No internet service,Two year,Yes,Mailed check,21.6,833.51,No
C04138,Female,0,Yes,No,22,No,No phone service,Fiber optic,No,No,Yes,No,No,No,One year,Yes,Mailed check,46.24,965.21,No
C04139,Female,0,Yes,No,58,Yes,Yes,Fiber optic,Yes,No,No,No,No,Yes,Two year,Yes,Electronic check,84.92,4216.75,Yes
C04140,Male,0,No,No,18,No,No phone service,Fiber optic,Yes,Yes,No,No,Yes,No,Two year,Yes,Mailed check,59.98,962.43,No
C04141,Female,0,Yes,Yes,12,Yes,No,DSL,Yes,Yes,Yes,Yes,Yes,No,Month-to-month,No,Mailed check,76.03,898.3,No
C04142,Male,0,No,No,6,Yes,Yes,DSL,,No,No,Yes,No,No,Month-to-month,Yes,Bank transfer (automatic),60.22,325.49,No
C04143,Male,0,Yes,No,0,Yes,Yes,Fiber optic,No,No,No,No,No,No,Month-to-month,Yes,Credit card (automatic),74.52, ,Yes
C04144,Male,0,No,No,50,Yes,Yes,Fiber optic,Yes,Yes,No,No,Yes,No,Two year,Yes,Credit card (automatic),84.55,4239.55,No
C04145,Male,0,Yes,Yes,38,No,No phone service,Fiber optic,No,No,No,Yes,No,No,Two year,Yes,Credit card (automatic),56.99,2029.34,No
C04146,Male,0,No,No,11,Yes,No,No,No internet service,No internet service,No internet service,No internet service,No internet service,No internet service,Month-to-month,Yes,Mailed check,18.65,205.92,No
C04147,Female,0,No,No,14,Yes,No,No,No internet service,No internet service,No internet service,No internet service,No internet service,No internet service,Month-to-month,Yes,Credit card (automatic),18.42,244.47,No
C04148,Male,0,No,No,72,Yes,No,Fiber optic,Yes,Yes,Yes,No,Yes,No,Month-to-month,Yes,Credit card (automatic),89.1,6454.75,No
C04149,Male,0,No,No,11,Yes,Yes,DSL,No,No,No,No,Yes,No,Month-to-month,Yes,Electronic check,56.32,552.8,Yes
C04150,Male,0,No,No,10,No,No phone service,Fiber optic,Yes,Yes,No,No,Yes,No,Month-to-month,No,Electronic check,65.94,576.39,Yes
C04151,Female,0,Yes,Yes,1,Yes,Yes,No,No internet service,No internet service,No internet service,No internet service,No internet service,No internet service,Two year,No,Bank transfer (automatic),33.28,30.02,No
C04152,Male,0,Yes,No,0,Yes,Yes,DSL,Yes,Yes,Yes,Yes,No,No,Month-to-month,No,Credit card (automatic),78.33, ,No
C04153,Male,0,Yes,Yes,0,Yes,No,DSL,No,Yes,No,No,No,No,Two year,Yes,Bank transfer (automatic),54.59, ,No
C04154,Female,0,Yes,No,10,Yes,No,Fiber optic,Yes,Yes,No,No,Yes,Yes,Month-to-month,Yes,Mailed check,98.02,837.6,Yes
C04155,Male,0,Yes,Yes,3,Yes,No,DSL,No,No,No,No,No,No,Month-to-month,Yes,Bank transfer (automatic),45.64,132.71,Yes
C04156,Female,1,No,No,61,Yes,No,Fiber optic,No,No,Yes,Yes,Yes,Yes,Two year,Yes,Electronic check,89.75,4952.12,No
C04157,Male,1,No,Yes,72,Yes,No,No,No internet service,No internet service,No internet service,No internet service,No internet service,No internet service,Two year,Yes,Bank transfer (automatic),20.72,1503.8,No
C04158,Male,0,No,Yes,1,Yes,No,Fiber optic,No,No,No,No,Yes,No,Month-to-month,No,Credit card (automatic),68.77,71.26,Yes
C04159,Male,0,Yes,No,6,Yes,No,No,No internet service,No internet service,No internet service,No internet service,No internet service,No internet service,One year,Yes,Credit card (automatic),18.0,109.18,No
C04160,Female,0,No,No,58,Yes,Yes,Fiber optic,No,No,No,Yes,No,No,Month-to-month,No,Credit card (automatic),79.16,4373.04,No
C04161,Male,0,No,No,64,Yes,Yes,Fiber optic,No,Yes,Yes,No,No,Yes,One year,Yes,Bank transfer (automatic),89.64,5839.64,No
C04162,Female,0,No,No,69,Yes,No,DSL,No,Yes,No,Yes,Yes,No,Two year,Yes,Mailed check,57.92,3970.65,No
C04163,Male,1,No,Yes,21,Yes,No,Fiber optic,No,No,No,No,No,No,One year,Yes,Mailed check,67.21,1238.6,No
C04164,Female,0,Yes,No,7,Yes,No,Fiber optic,No,Yes,No,No,Yes,Yes,Month-to-month,Yes,Electronic check,82.2,492.25,Yes
C04165,Male,0,Yes,No,2,No,No phone service,DSL,Yes,No,Yes,No,No,Yes,Month-to-month,Yes,Mailed check,45.17,85.49,Yes
C04166,Male,0,No,No,60,Yes,No,No,No internet service,No internet service,No internet service,No internet service,No internet service,No internet service,One year,No,Credit card (automatic),18.0,1103.67,No
C04167,Male,1,No,No,0,Yes,Yes,Fiber optic,Yes,No,Yes,No,No,No,Month-to-month,Yes,Bank transfer (automatic),83.07, ,Yes
C04168,Female,0,No,No,20,Yes,No,Fiber optic,No,Yes,Yes,No,Yes,No,Month-to-month,Yes,Mailed check,79.58,1591.03,Yes
C04169,Male,0,No,No,56,Yes,Yes,Fiber optic,No,No,Yes,Yes,No,No,Month-to-month,Yes,Mailed check,82.0,4615.51,No
C04170,Female,0,No,Yes,7,No,No phone service,No,No internet service,No internet service,No internet service,No internet service,No internet service,No internet service,Month-to-month,No,Electronic check,18.0,132.04,No
C04171,Female,0,No,No,39,Yes,No,DSL,No,No,No,Yes,No,No,Two year,No,Bank transfer (automatic),48.0,1778.15,No
C04172,Female,0,No,No,60,Yes,Yes,Fiber optic,No,Yes,No,No,Yes,Yes,Two year,Yes,Mailed check,86.15,4448.67,No
C04173,Male,1,No,No,36,No,No phone service,DSL,No,No,Yes,No,No,No,Two year,Yes,Bank transfer (automatic),29.18,1091.74,No
C04174,Female,0,Yes,Yes,52,Yes,Yes,Fiber optic,Yes,No,Yes,No,No,No,One year,Yes,Electronic check,86.9,4542.18,No
C04175,Female,0,Yes,No,71,Yes,No,DSL,Yes,Yes,Yes,No,No,No,Two year,No,Mailed check,57.8,4187.44,No
C04176,Female,0,Yes,No,65,Yes,No,Fiber optic,No,No,Yes,Yes,No,Yes,Two year,Yes,Credit card (automatic),81.57,4524.92,No
C04177,Female,0,Yes,Yes,69,Yes,Yes,Fiber optic,Yes,No,No,No,Yes,Yes,Month-to-month,Yes,Mailed check,87.24,5430.68,No
C04178,Female,1,No,No,55,Yes,No,DSL,No,No,Yes,Yes,No,No,One year,Yes,Credit card (automatic),55.32,2777.33,No
C04179,Female,0,No,No,3,Yes,Yes,DSL,Yes,Yes,No,No,No,No,Month-to-month,Yes,Mailed check,56.26,152.69,Yes
C04180,Female,0,Yes,No,72,No,No phone service,No,No internet service,No internet service,No internet service,No internet service,No internet service,No internet service,Two year,Yes,Bank transfer (automatic),18.0,1273.21,No
C04181,Male,0,Yes,Yes,57,Yes,Yes,DSL,Yes,No,No,No,Yes,Yes,Two year,Yes,Electronic check,70.25,4076.95,No
C04182,Female,0,Yes,Yes,8,Yes,No,DSL,Yes,Yes,No,No,Yes,Yes,Month-to-month,Yes,Mailed check,61.85,451.88,No
C04183,Male,1,No,No,14,No,No phone service,No,No internet service,No internet service,No internet service,No internet service,No internet service,No internet service,One year,No,Electronic check,18.0,251.68,No
C04184,Female,0,No,No,6,Yes,Yes,Fiber optic,No,Yes,No,No,No,Yes,Month-to-month,Yes,Electronic check,82.33,451.69,No
C04185,Female,0,Yes,No,4,Yes,Yes,DSL,No,No,No,Yes,No,Yes,One year,No,Credit card (automatic),62.46,240.68,No
C04186,Male,1,Yes,Yes,23,Yes,No,DSL,No,Yes,Yes,No,No,No,Month-to-month,Yes,Credit card (automatic),62.06,1245.6,No
C04187,Male,0,No,No,0,Yes,,No,,No internet service,No internet service,No internet service,No internet service,No internet service,Month-to-month,Yes,Credit card (automatic),30.93, ,Yes
C04188,Male,0,No,No,0,Yes,No,Fiber optic,No,No,Yes,No,Yes,Yes,One year,Yes,Electronic check,75.91, ,Yes
C04189,Male,0,No,No,50,Yes,Yes,DSL,No,No,No,No,Yes,No,Two year,Yes,Electronic check,62.55,3116.68,No
C04190,Male,0,No,Yes,12,Yes,No,Fiber optic,No,No,No,No,Yes,No,Month-to-month,Yes,Mailed check,69.84,825.3,Yes
C04191,Female,0,Yes,Yes,3,Yes,Yes,DSL,Yes,No,Yes,Yes,No,No,Month-to-month,No,Credit card (automatic),70.46,197.47,No
C04192,Female,0,Yes,Yes,29,Yes,No,DSL,No,No,No,Yes,No,Yes,Two year,Yes,Mailed check,56.19,1541.25,No
C04193,Female,0,Yes,No,41,Yes,Yes,No,No internet service,No internet service,No internet service,No internet service,No internet service,No internet service,Two year,Yes,Bank transfer (automatic),32.39,1237.44,No
C04194,Male,0,Yes,No,7,Yes,No,No,No internet service,No internet service,No internet service,No internet service,No internet service,No internet service,Month-to-month,No,Bank transfer (automatic),20.59,142.07,No
C04195,Female,0,Yes,No,36,Yes,Yes,Fiber optic,No,Yes,No,No,No,No,Month-to-month,No,Mailed check,74.42,2431.65,No
C04196,Male,0,Yes,Yes,0,Yes,Yes,Fiber optic,No,No,Yes,Yes,No,Yes,Month-to-month,No,Bank transfer (automatic),97.3, ,Yes
C04197,Female,0,Yes,No,58,Yes,No,Fiber optic,No,Yes,Yes,No,Yes,No,Two year,No,Credit card (automatic),85.17,4641.58,No
C04198,Male,0,No,No,1,Yes,No,DSL,No,No,No,No,No,Yes,Month-to-month,No,Electronic check,49.29,42.61,Yes
C04199,Male,0,Yes,Yes,6,Yes,No,Fiber optic,Yes,No,Yes,No,Yes,Yes,Month-to-month,No,Electronic check,90.36,493.08,Yes
C04200,Male,0,No,Yes,58,Yes,No,Fiber optic,Yes,Yes,No,No,No,Yes,Two year,Yes,Bank transfer (automatic),84.35,4388.98,No
C04201,Female,0,Yes,No,16,Yes,No,Fiber optic,Yes,No,No,Yes,No,Yes,Month-to-month,Yes,Mailed check,81.27,1220.83,No
C04202,Male,0,Yes,No,12,Yes,No,Fiber optic,Yes,No,Yes,No,No,Yes,Two year,Yes,Mailed check,77.3,870.55,No
C04203,Female,0,Yes,No,25,Yes,No,DSL,No,No,No,No,No,Yes,Month-to-month,No,Mailed check,53.21,1344.76,No
C04204,Female,0,Yes,No,50,Yes,Yes,Fiber optic,No,No,No,No,Yes,Yes,One year,No,Bank transfer (automatic),85.05,4082.32,No
C04205,Female,0,Yes,Yes,47,Yes,Yes,No,No internet service,No internet service,No internet service,No internet service,No internet service,No internet service,Two year,Yes,Bank transfer (automatic),24.49,1022.08,No
C04206,Male,0,No,No,3,Yes,Yes,Fiber optic,No,No,No,No,Yes,No,Month-to-month,Yes,Electronic check,75.64,198.49,Yes
C04207,Male,0,No,No,0,Yes,No,Fiber optic,No,No,No,No,No,No,Month-to-month,Yes,Credit card (automatic),63.67, ,Yes
C04208,Male,0,Yes,No,5,Yes,No,DSL,No,Yes,No,No,Yes,No,Month-to-month,Yes,Credit card (automatic),62.53,322.27,Yes
C04209,Male,0,Yes,No,6,Yes,Yes,Fiber optic,No,No,No,No,No,No,Month-to-month,Yes,Mailed check,69.2,379.09,Yes
C04210,Female,0,Yes,Yes,1,Yes,No,Fiber optic,Yes,No,No,No,Yes,No,Month-to-month,Yes,Bank transfer (automatic),77.22,70.41,Yes
C04211,Male,0,No,No,1,Yes,No,Fiber optic,No,No,No,Yes,No,Yes,Two year,No,Bank transfer (automatic),74.44,66.28,No
C04212,Male,0,Yes,Yes,6,Yes,No,Fiber optic,No,No,No,No,Yes,Yes,Two year,Yes,Electronic check,78.64,478.03,No
C04213,Male,0,Yes,Yes,35,Yes,,No,No internet service,No internet service,No internet service,No internet service,No internet service,No internet service,Month-to-month,Yes,Credit card (automatic),22.59,829.84,No
C04214,Female,0,No,Yes,14,Yes,No,DSL,No,Yes,Yes,No,Yes,Yes,Month-to-month,No,Electronic check,65.66,869.62,No
C04215,Male,0,No,Yes,4,No,No phone service,Fiber optic,No,Yes,No,No,Yes,No,Month-to-month,No,Electronic check,56.13,201.84,Yes
C04216,Female,1,No,No,69,Yes,Yes,DSL,No,Yes,Yes,No,Yes,No,Two year,No,Electronic check,71.86,4341.29,No
C04217,Male,0,Yes,No,51,Yes,No,DSL,No,No,Yes,Yes,No,Yes,One year,Yes,Electronic check,61.46,2795.2,No
C04218,Female,0,Yes,Yes,64,Yes,Yes,Fiber optic,No,No,No,Yes,No,Yes,One year,Yes,Mailed check,85.38,5441.58,No
C04219,Female,0,Yes,Yes,72,Yes,No,Fiber optic,No,No,Yes,No,No,No,One year,No,Mailed check,71.05,5362.78,No
C04220,Male,0,No,No,17,Yes,Yes,Fiber optic,Yes,No,Yes,No,Yes,No,Two year,Yes,Mailed check,95.72,1569.13,No
C04221,Male,0,No,No,1,Yes,,Fiber optic,No,No,Yes,No,No,No,Month-to-month,Yes,Mailed check,65.78,58.46,Yes
C04222,Male,0,Yes,Yes,3,Yes,,Fiber optic,Yes,No,No,No,Yes,No,Month-to-month,No,Mailed check,79.48,217.9,Yes
C04223,Male,0,No,No,72,Yes,No,DSL,No,No,No,No,No,No,Month-to-month,No,Bank transfer (automatic),44.15,2833.03,No
C04224,Male,0,Yes,No,0,No,No phone service,No,No internet service,No internet service,No internet service,No internet service,No internet service,No internet service,Month-to-month,Yes,Credit card (automatic),18.0, ,No
C04225,Female,0,No,No,11,Yes,Yes,No,No internet service,No internet service,No internet service,No internet service,No internet service,No internet service,Month-to-month,No,Electronic check,30.13,290.66,Yes
C04226,Female,0,Yes,Yes,3,Yes,Yes,DSL,Yes,Yes,Yes,No,No,Yes,Month-to-month,No,Mailed check,79.47,245.13,Yes
C04227,Male,0,Yes,No,38,Yes,Yes,No,No internet service,No internet service,No internet service,No internet service,No internet service,No internet service,Month-to-month,Yes,Electronic check,25.21,959.68,No
C04228,Female,0,Yes,No,47,Yes,Yes,No,No internet service,No internet service,No internet service,No internet service,No internet service,No internet service,Month-to-month,Yes,Mailed check,32.34,1354.17,No
C04229,Male,0,No,Yes,4,Yes,No,DSL,No,No,Yes,No,No,No,Month-to-month,Yes,Electronic check,53.97,196.23,Yes
C04230,Female,0,Yes,No,70,Yes,No,Fiber optic,Yes,Yes,Yes,Yes,No,Yes,Two year,Yes,Electronic check,93.41,5778.29,No
C04231,Male,1,Yes,No,4,Yes,No,DSL,Yes,Yes,No,Yes,No,No,Month-to-month,Yes,Electronic check,64.24,249.68,Yes
C04232,Female,0,No,No,35,Yes,No,Fiber optic,Yes,No,No,No,No,No,Month-to-month,No,Mailed check,72.19,2188.77,No
C04233,Female,0,No,No,20,Yes,Yes,DSL,No,Yes,No,No,No,No,Month-to-month,Yes,Credit card (automatic),55.57,1012.95,No
C04234,Male,0,No,No,10,Yes,No,DSL,Yes,No,Yes,No,No,No,Month-to-month,Yes,Bank transfer (automatic),59.71,597.36,No
C04235,Male,0,No,No,46,Yes,No,Fiber optic,No,No,Yes,No,No,Yes,Month-to-month,No,Credit card (automatic),76.7,3524.73,No
C04236,Male,0,No,No,49,Yes,Yes,DSL,No,Yes,No,No,Yes,No,Two year,No,Credit card (automatic),60.54,2616.29,No
C04237,Female,0,No,Yes,53,Yes,Yes,Fiber optic,Yes,Yes,No,Yes,No,Yes,One year,Yes,Electronic check,100.94,5219.03,No
C04238,Female,0,Yes,No,28,Yes,Yes,No,No internet service,No internet service,No internet service,No internet service,No internet service,No internet service,One year,Yes,Electronic check,26.06,631.17,No
C04239,Female,0,Yes,No,55,Yes,No,Fiber optic,No,Yes,No,No,Yes,No,Two year,Yes,Electronic check,82.04,4143.21,No
C04240,Female,0,Yes,No,0,Yes,Yes,No,No internet service,No internet service,No internet service,No internet service,No internet service,No internet service,One year,No,Credit card (automatic),29.44, ,No
C04241,Female,0,Yes,No,9,Yes,Yes,DSL,No,No,Yes,No,No,Yes,Month-to-month,No,Bank transfer (automatic),60.57,548.15,Yes
C04242,Male,0,Yes,Yes,24,Yes,Yes,Fiber optic,Yes,No,Yes,Yes,No,Yes,Month-to-month,Yes,Bank transfer (automatic),92.02,2086.51,Yes
C04243,Female,0,Yes,Yes,52,Yes,Yes,DSL,No,Yes,No,Yes,Yes,No,Month-to-month,Yes,Credit card (automatic),73.46,3307.3,No
C04244,Female,0,Yes,Yes,65,Yes,No,Fiber optic,No,Yes,No,No,No,No,One year,Yes,Mailed check,73.63,4512.99,Yes
C04245,Male,0,No,No,0,Yes,Yes,Fiber optic,Yes,Yes,Yes,Yes,Yes,No,Month-to-month,No,Credit card (automatic),99.72, ,Yes
C04246,Female,0,No,No,0,No,No phone service,Fiber optic,Yes,No,No,Yes,No,Yes,Month-to-month,No,Mailed check,66.15, ,Yes
C04247,Male,0,No,No,72,Yes,No,Fiber optic,No,No,No,No,No,No,Two year,Yes,Credit card (automatic),60.69,3916.38,No
C04248,Male,0,No,Yes,8,Yes,No,Fiber optic,Yes,No,No,No,No,No,Month-to-month,No,Credit card (automatic),69.53,569.78,Yes
C04249,Female,0,Yes,No,17,Yes,No,DSL,,Yes,No,Yes,No,Yes,One year,Yes,Electronic check,60.46,1036.71,No
C04250,Male,0,Yes,No,51,Yes,Yes,DSL,No,Yes,Yes,No,Yes,No,One year,No,Mailed check,63.58,3256.74,No
C04251,Male,0,Yes,No,14,Yes,No,DSL,No,No,Yes,No,Yes,Yes,Month-to-month,Yes,Mailed check,65.95,945.82,No
C04252,Male,0,No,No,3,Yes,Yes,No,No internet service,No internet service,No internet service,No internet service,No internet service,No internet service,Month-to-month,Yes,Bank transfer (automatic),30.04,84.36,Yes
C04253,Female,0,Yes,Yes,53,Yes,No,No,No internet service,No internet service,No internet service,No internet service,No internet service,No internet service,Month-to-month,Yes,Mailed check,19.09,1052.42,No
C04254,Female,0,No,No,59,Yes,,DSL,No,Yes,Yes,No,Yes,No,One year,No,Bank transfer (automatic),65.59,3604.43,No
C04255,Male,0,Yes,Yes,46,Yes,Yes,Fiber optic,No,No,Yes,No,No,No,Two year,No,Mailed check,83.85,3449.02,No
C04256,Male,0,Yes,Yes,1,Yes,No,DSL,Yes,No,Yes,No,No,Yes,Month-to-month,No,Mailed check,60.78,63.36,Yes
C04257,Male,0,No,Yes,8,Yes,Yes,Fiber optic,Yes,No,No,No,Yes,No,Month-to-month,No,Electronic check,87.54,630.38,Yes
C04258,Female,0,Yes,No,19,No,No phone service,DSL,No,No,No,No,No,No,Month-to-month,Yes,Mailed check,25.03,411.2,No
C04259,Male,0,No,No,9,Yes,No,No,No internet service,No internet service,No internet service,No internet service,No internet service,No internet service,Two year,No,Bank transfer (automatic),18.0,165.91,No
C04260,Female,0,No,Yes,1,Yes,Yes,DSL,No,No,No,No,No,No,Month-to-month,No,Bank transfer (automatic),54.41,48.09,Yes
C04261,Female,1,No,Yes,23,Yes,No,Fiber optic,Yes,Yes,No,No,Yes,No,Month-to-month,Yes,Mailed check,85.58,2014.18,Yes
C04262,Male,0,No,No,3,Yes,No,DSL,Yes,No,No,No,No,No,One year,Yes,Credit card (automatic),47.84,134.36,Yes
C04263,Female,0,Yes,No,33,Yes,No,Fiber optic,No,No,No,No,Yes,No,One year,No,Electronic check,76.76,2569.75,Yes
C04264,Female,0,Yes,Yes,3,Yes,Yes,DSL,Yes,No,No,Yes,No,No,Month-to-month,Yes,Electronic check,71.13,194.03,Yes
C04265,Female,0,No,No,1,No,No phone service,DSL,No,Yes,No,No,No,Yes,Month-to-month,No,Mailed check,36.92,36.74,No
C04266,Male,0,Yes,No,19,Yes,Yes,No,No internet service,No internet service,No internet service,No internet service,No internet service,No internet service,Month-to-month,No,Mailed check,31.11,566.8,No
C04267,Female,0,Yes,No,32,Yes,No,Fiber optic,Yes,No,Yes,Yes,No,No,One year,No,Bank transfer (automatic),83.33,2296.28,No
C04268,Female,0,Yes,No,68,Yes,No,Fiber optic,No,Yes,Yes,No,Yes,Yes,Month-to-month,No,Electronic check,82.74,5801.89,Yes
C04269,Female,0,No,No,3,Yes,No,Fiber optic,Yes,Yes,Yes,Yes,No,No,One year,Yes,Electronic check,89.5,259.62,Yes
C04270,Female,0,Yes,No,6,Yes,Yes,DSL,No,Yes,Yes,No,No,No,Month-to-month,No,Bank transfer (automatic),63.81,370.2,Yes
C04271,Male,0,No,No,5,No,No phone service,No,No internet service,No internet service,No internet service,No internet service,No internet service,No internet service,Month-to-month,Yes,Credit card (automatic),18.0,77.18,No
C04272,Female,1,Yes,No,49,Yes,No,DSL,Yes,No,No,Yes,No,No,Two year,No,Bank transfer (automatic),54.84,2472.54,No
C04273,Female,0,Yes,Yes,1,Yes,No,Fiber optic,Yes,No,Yes,No,Yes,No,Month-to-month,Yes,Bank transfer (automatic),82.54,75.55,Yes
C04274,Male,0,Yes,Yes,56,No,No phone service,No,No internet service,No internet service,No internet service,No internet service,No internet service,No internet service,Two year,No,Mailed check,18.0,873.95,No
C04275,Male,0,Yes,No,24,No,No phone service,Fiber optic,Yes,No,Yes,No,No,No,Month-to-month,No,Electronic check,52.89,1273.91,Yes
C04276,Male,0,Yes,No,0,Yes,No,Fiber optic,Yes,Yes,No,No,No,Yes,Month-to-month,Yes,Bank transfer (automatic),81.64, ,Yes
C04277,Female,0,No,No,11,Yes,No,DSL,No,No,Yes,Yes,Yes,No,One year,No,Bank transfer (automatic),67.01,659.34,No
C04278,Male,0,Yes,No,38,Yes,No,DSL,No,Yes,Yes,Yes,Yes,No,One year,Yes,Electronic check,69.29,2749.52,No
C04279,Female,0,Yes,No,9,Yes,Yes,DSL,No,No,No,Yes,Yes,No,Month-to-month,Yes,Electronic check,63.22,572.95,Yes
C04280,Male,0,Yes,No,4,Yes,Yes,Fiber optic,No,No,No,Yes,Yes,Yes,One year,No,Credit card (automatic),89.89,353.27,Yes
C04281,Male,0,Yes,No,30,Yes,Yes,No,No internet service,No internet service,No internet service,No internet service,No internet service,No internet service,One year,No,Credit card (automatic),22.94,662.51,No
C04282,Female,0,No,No,72,Yes,No,Fiber optic,No,No,No,No,No,No,One year,Yes,Credit card (automatic),71.92,5084.72,No
C04283,Male,0,Yes,Yes,13,Yes,No,DSL,No,No,No,No,No,Yes,One year,No,Mailed check,54.85,742.83,No
C04284,Female,1,No,No,50,Yes,Yes,DSL,No,No,No,No,Yes,Yes,Two year,Yes,Mailed check,61.13,3078.67,No
C04285,Male,0,Yes,No,3,No,No phone service,DSL,No,Yes,No,No,No,Yes,One year,Yes,Electronic check,35.87,95.41,No
C04286,Female,1,No,No,56,Yes,Yes,No,No internet service,No internet service,No internet service,No internet service,No internet service,No internet service,Two year,Yes,Bank transfer (automatic),28.47,1468.27,No
C04287,Male,1,No,No,35,No,No phone service,DSL,No,No,Yes,Yes,Yes,Yes,One year,No,Credit card (automatic),51.52,1610.35,No
C04288,Female,0,Yes,Yes,39,Yes,No,Fiber optic,Yes,No,No,No,No,Yes,Two year,No,Electronic check,78.01,3015.43,No
C04289,Female,0,No,No,18,Yes,No,No,No internet service,No internet service,No internet service,No internet service,No internet service,No internet service,Month-to-month,No,Bank transfer (automatic),20.76,366.2,No
C04290,Male,0,Yes,No,12,Yes,Yes,No,No internet service,No internet service,No internet service,No internet service,No internet service,No internet service,Month-to-month,No,Mailed check,30.96,358.95,No
C04291,Male,0,Yes,No,1,No,No phone service,DSL,No,Yes,No,No,Yes,No,Month-to-month,No,Electronic check,32.41,30.13,Yes
C04292,Male,0,No,No,53,Yes,No,No,No internet service,No internet service,No internet service,No internet service,No internet service,No internet service,One year,No,Mailed check,22.5,1229.48,No
C04293,Female,0,Yes,No,41,Yes,No,DSL,Yes,No,Yes,No,No,No,One year,Yes,Credit card (automatic),58.85,2466.59,Yes
C04294,Female,0,No,No,4,Yes,,No,No internet service,No internet service,No internet service,No internet service,No internet service,No internet service,Month-to-month,Yes,Electronic check,22.59,77.16,Yes
C04295,Male,1,No,No,51,Yes,No,DSL,No,No,No,No,No,No,Two year,Yes,Credit card (automatic),44.04,1954.68,No
C04296,Male,0,Yes,Yes,53,Yes,No,DSL,No,No,Yes,Yes,No,No,Two year,Yes,Credit card (automatic),60.24,2853.12,No
C04297,Female,1,Yes,Yes,55,Yes,Yes,No,No internet service,No internet service,No internet service,No internet service,No internet service,No internet service,Two year,Yes,Electronic check,31.48,1534.85,No
C04298,Female,0,No,Yes,0,Yes,Yes,Fiber optic,Yes,No,No,No,Yes,Yes,Month-to-month,No,Electronic check,83.16, ,Yes
C04299,Female,0,Yes,No,0,Yes,No,No,No internet service,No internet service,No internet service,No internet service,No internet service,No internet service,One year,Yes,Electronic check,21.57, ,Yes
C04300,Male,0,No,No,15,Yes,No,Fiber optic,Yes,No,No,Yes,Yes,Yes,Month-to-month,Yes,Credit card (automatic),89.27,1250.94,No
C04301,Female,1,Yes,No,1,Yes,No,Fiber optic,No,Yes,No,No,No,No,Month-to-month,No,Electronic check,73.65,66.16,Yes
C04302,Female,1,Yes,No,19,Yes,No,Fiber optic,No,Yes,No,No,No,No,One year,No,Electronic check,68.63,1237.4,No
C04303,Male,1,No,Yes,52,Yes,Yes,No,No internet service,No internet service,No internet service,No internet service,No internet service,No internet service,One year,No,Electronic check,26.89,1386.26,Yes
C04304,Male,0,No,Yes,9,Yes,Yes,DSL,No,Yes,No,No,No,No,One year,No,Bank transfer (automatic),62.15,552.41,No
C04305,Male,0,No,No,50,Yes,Yes,Fiber optic,No,No,No,Yes,No,Yes,One year,No,Mailed check,90.56,4489.11,No
C04306,Female,0,No,No,68,Yes,Yes,DSL,,Yes,No,Yes,No,No,Month-to-month,Yes,Bank transfer (automatic),67.39,4682.75,Yes
C04307,Male,1,Yes,No,68,Yes,No,DSL,No,Yes,No,No,Yes,No,Two year,Yes,Mailed check,58.92,3637.58,No
C04308,Female,0,Yes,No,68,Yes,No,DSL,No,No,No,Yes,No,No,Two year,Yes,Credit card (automatic),47.32,2792.38,No
C04309,Female,0,Yes,No,56,Yes,No,DSL,,Yes,No,Yes,Yes,Yes,Two year,Yes,Mailed check,64.45,3582.47,No
C04310,Female,0,Yes,No,4,Yes,Yes,DSL,Yes,No,Yes,No,No,Yes,Month-to-month,Yes,Bank transfer (automatic),69.68,251.96,Yes
C04311,Female,0,Yes,No,5,Yes,No,Fiber optic,Yes,No,No,No,Yes,Yes,Month-to-month,No,Mailed check,85.13,422.81,Yes
C04312,Male,0,No,No,58,Yes,No,Fiber optic,No,No,No,Yes,Yes,No,One year,No,Electronic check,75.17,4022.36,No
C04313,Female,0,Yes,Yes,7,Yes,Yes,DSL,Yes,No,No,Yes,Yes,Yes,Month-to-month,Yes,Electronic check,77.57,565.12,Yes
C04314,Male,0,Yes,No,4,Yes,No,Fiber optic,No,No,No,Yes,Yes,Yes,Month-to-month,Yes,Mailed check,85.69,335.1,Yes
C04315,Female,0,No,No,8,Yes,No,No,No internet service,No internet service,No internet service,No internet service,No internet service,No internet service,One year,No,Electronic check,20.63,159.33,No
C04316,Female,0,Yes,Yes,69,Yes,No,No,No internet service,No internet service,No internet service,No internet service,No internet service,No internet service,One year,No,Credit card (automatic),21.54,1496.38,No
C04317,Female,0,No,No,0,Yes,No,Fiber optic,Yes,Yes,No,Yes,No,No,Month-to-month,No,Bank transfer (automatic),82.71, ,No
C04318,Female,0,Yes,No,8,Yes,No,Fiber optic,No,Yes,No,No,No,Yes,Two year,Yes,Bank transfer (automatic),75.07,570.5,No
C04319,Male,0,Yes,Yes,3,Yes,No,Fiber optic,No,No,No,Yes,Yes,No,Month-to-month,No,Electronic check,79.58,244.38,Yes
C04320,Female,0,No,No,5,Yes,No,Fiber optic,Yes,Yes,Yes,No,Yes,No,Month-to-month,Yes,Bank transfer (automatic),88.09,427.43,Yes
C04321,Female,0,No,No,8,Yes,No,Fiber optic,No,Yes,No,No,No,Yes,Two year,Yes,Mailed check,77.32,546.11,Yes
C04322,Female,0,No,No,1,Yes,Yes,Fiber optic,Yes,Yes,No,Yes,No,No,Month-to-month,No,Bank transfer (automatic),93.94,85.48,Yes
C04323,Male,1,No,Yes,1,Yes,Yes,No,No internet service,No internet service,No internet service,No internet service,No internet service,No internet service,Month-to-month,Yes,Mailed check,32.62,32.57,Yes
C04324,Male,0,Yes,No,3,Yes,No,Fiber optic,No,No,Yes,No,Yes,No,Month-to-month,No,Mailed check,74.96,197.31,Yes
C04325,Female,0,No,No,9,Yes,Yes,Fiber optic,No,No,No,No,No,Yes,Month-to-month,Yes,Credit card (automatic),77.46,635.27,No
C04326,Male,0,Yes,Yes,7,Yes,No,No,No internet service,No internet service,No internet service,No internet service,No internet service,No internet service,One year,Yes,Credit card (automatic),18.0,113.35,No
C04327,Female,0,No,No,20,No,No phone service,No,No internet service,No internet service,No internet service,No internet service,No internet service,No internet service,Month-to-month,No,Mailed check,18.0,345.37,No
C04328,Female,0,Yes,Yes,56,Yes,No,Fiber optic,No,No,Yes,Yes,Yes,No,Two year,No,Credit card (automatic),76.11,3819.25,No
C04329,Female,1,Yes,No,9,Yes,Yes,Fiber optic,Yes,Yes,No,No,No,Yes,Month-to-month,Yes,Mailed check,86.88,767.26,Yes
C04330,Male,0,Yes,No,17,No,No phone service,No,No internet service,No internet service,No internet service,No internet service,No internet service,No internet service,Month-to-month,No,Electronic check,18.0,292.15,No
C04331,Female,1,No,No,72,Yes,No,Fiber optic,No,Yes,No,Yes,Yes,No,One year,No,Electronic check,84.57,6124.08,No
C04332,Male,0,Yes,No,58,Yes,Yes,No,No internet service,No internet service,No internet service,No internet service,No internet service,No internet service,Two year,Yes,Mailed check,26.11,1424.77,No
C04333,Male,0,No,No,2,Yes,Yes,DSL,No,No,No,No,No,Yes,Month-to-month,No,Electronic check,56.47,101.49,Yes
C04334,Female,0,Yes,No,2,Yes,No,No,No internet service,No internet service,No internet service,No internet service,No internet service,No internet service,Month-to-month,No,Electronic check,21.19,44.12,No
C04335,Male,0,Yes,No,10,Yes,Yes,Fiber optic,Yes,Yes,No,No,No,Yes,Month-to-month,Yes,Mailed check,87.57,824.01,Yes
C04336,Male,0,Yes,Yes,40,No,No phone service,DSL,Yes,No,Yes,No,Yes,Yes,Two year,Yes,Electronic check,44.04,1842.97,No
C04337,Male,0,No,No,47,Yes,Yes,DSL,No,No,No,No,No,No,One year,No,Mailed check,56.29,2305.1,No
C04338,Female,0,No,No,45,Yes,No,Fiber optic,No,No,No,No,No,Yes,Two year,Yes,Mailed check,74.19,3450.04,No
C04339,Female,0,Yes,Yes,67,Yes,Yes,DSL,Yes,No,Yes,Yes,No,No,Month-to-month,No,Mailed check,69.45,4268.07,No
C04340,Male,0,Yes,No,39,Yes,Yes,DSL,Yes,No,No,No,Yes,No,Month-to-month,Yes,Electronic check,64.75,2525.52,No
C04341,Male,0,No,No,12,Yes,Yes,DSL,No,No,Yes,No,No,No,Month-to-month,Yes,Credit card (automatic),54.8,593.99,Yes
C04342,Female,0,Yes,Yes,71,Yes,No,DSL,No,No,Yes,No,No,Yes,One year,Yes,Electronic check,56.22,3778.23,No
C04343,Male,0,No,No,50,Yes,Yes,DSL,No,Yes,Yes,No,No,Yes,Two year,Yes,Bank transfer (automatic),74.92,3799.75,No
C04344,Female,0,No,No,50,Yes,Yes,Fiber optic,Yes,Yes,No,No,No,Yes,Two year,Yes,Bank transfer (automatic),95.24,4125.47,No
C04345,Female,0,Yes,Yes,60,Yes,Yes,Fiber optic,No,No,No,Yes,Yes,No,Two year,Yes,Bank transfer (automatic),82.2,4772.5,No
C04346,Female,0,No,No,0,No,No phone service,Fiber optic,Yes,No,Yes,No,No,No,One year,No,Mailed check,49.66, ,No
C04347,Female,0,No,No,6,Yes,No,Fiber optic,Yes,Yes,No,No,Yes,No,One year,No,Credit card (automatic),83.06,426.89,No
C04348,Female,0,Yes,No,61,Yes,No,DSL,No,Yes,Yes,No,Yes,Yes,Month-to-month,No,Bank transfer (automatic),66.46,3809.58,Yes
C04349,Female,1,Yes,No,7,Yes,No,No,No internet service,No internet service,No internet service,No internet service,No internet service,No internet service,Month-to-month,Yes,Electronic check,20.3,137.32,Yes
C04350,Male,0,Yes,Yes,57,No,No phone service,No,No internet service,No internet service,No internet service,No internet service,No internet service,No internet service,Two year,No,Bank transfer (automatic),18.0,904.59,No
C04351,Male,0,No,Yes,6,Yes,Yes,No,No internet service,No internet service,No internet service,No internet service,No internet service,No internet service,Two year,No,Mailed check,32.3,196.31,No
C04352,Female,0,No,No,24,Yes,Yes,DSL,,Yes,No,Yes,Yes,Yes,Two year,Yes,Bank transfer (automatic),82.81,1862.45,No
C04353,Male,0,Yes,Yes,9,No,No phone service,No,No internet service,No internet service,No internet service,No internet service,No internet service,No internet service,Month-to-month,Yes,Bank transfer (automatic),18.0,152.19,Yes
C04354,Female,0,Yes,No,65,Yes,,Fiber optic,No,Yes,Yes,No,Yes,Yes,Month-to-month,No,Bank transfer (automatic),83.29,4689.82,Yes
C04355,Female,0,Yes,No,8,Yes,No,Fiber optic,No,Yes,No,No,No,No,One year,Yes,Bank transfer (automatic),67.32,499.82,No
C04356,Female,0,Yes,Yes,8,Yes,No,No,No internet service,No internet service,No internet service,No internet service,No internet service,No internet service,Month-to-month,Yes,Electronic check,18.49,151.26,Yes
C04357,Male,1,Yes,No,67,Yes,No,DSL,No,Yes,No,No,No,Yes,Two year,Yes,Bank transfer (automatic),55.0,3281.15,No
C04358,Male,0,Yes,No,0,Yes,Yes,Fiber optic,Yes,No,No,No,No,No,Month-to-month,No,Bank transfer (automatic),75.79, ,Yes
C04359,Female,0,Yes,Yes,10,No,No phone service,DSL,No,Yes,No,No,Yes,Yes,Month-to-month,No,Credit card (automatic),42.78,441.06,Yes
C04360,Male,0,No,No,9,Yes,Yes,DSL,No,No,No,No,Yes,No,Month-to-month,Yes,Credit card (automatic),56.21,504.89,No
C04361,Female,0,No,No,42,Yes,Yes,No,No internet service,No internet service,No internet service,No internet service,No internet service,No internet service,One year,Yes,Credit card (automatic),20.88,845.07,No
C04362,Female,1,Yes,Yes,44,Yes,No,Fiber optic,No,No,Yes,Yes,No,No,One year,No,Mailed check,69.54,2655.15,No
C04363,Female,0,No,No,31,Yes,No,Fiber optic,No,Yes,Yes,No,No,Yes,One year,No,Bank transfer (automatic),86.87,2516.99,No
C04364,Female,0,Yes,No,64,Yes,Yes,Fiber optic,No,No,Yes,No,Yes,Yes,Two year,Yes,Credit card (automatic),91.22,5428.29,No
C04365,Male,1,Yes,No,53,Yes,No,No,No internet service,No internet service,No internet service,No internet service,No internet service,No internet service,Two year,No,Credit card (automatic),18.0,831.91,No
C04366,Male,0,No,No,19,Yes,No,Fiber optic,No,No,No,Yes,No,No,Month-to-month,No,Mailed check,64.95,1147.46,Yes
C04367,Female,0,No,No,44,Yes,Yes,DSL,No,Yes,No,Yes,Yes,Yes,Month-to-month,No,Mailed check,69.16,2612.94,Yes
C04368,Male,0,Yes,Yes,3,Yes,No,DSL,No,Yes,Yes,No,No,No,Month-to-month,No,Electronic check,57.82,151.41,Yes
C04369,Male,0,Yes,No,68,Yes,Yes,DSL,No,Yes,No,No,Yes,Yes,Two year,Yes,Bank transfer (automatic),66.97,4556.83,No
C04370,Male,0,No,No,14,Yes,Yes,No,No internet service,No internet service,No internet service,No internet service,No internet service,No internet service,One year,Yes,Electronic check,29.75,427.41,No
C04371,Male,0,Yes,Yes,2,No,No phone service,DSL,No,No,No,No,No,No,Month-to-month,No,Bank transfer (automatic),22.21,45.35,No
C04372,Female,0,No,Yes,28,Yes,No,DSL,No,No,No,No,No,No,Month-to-month,Yes,Bank transfer (automatic),45.5,1334.29,Yes
C04373,Male,1,No,No,38,No,No phone service,Fiber optic,No,No,Yes,No,Yes,No,Two year,No,Bank transfer (automatic),58.66,2287.01,No
C04374,Female,0,Yes,Yes,37,Yes,No,DSL,Yes,Yes,No,No,Yes,No,Month-to-month,Yes,Bank transfer (automatic),57.14,1881.84,No
C04375,Male,0,No,No,63,Yes,No,Fiber optic,Yes,Yes,Yes,Yes,No,Yes,Two year,Yes,Electronic check,94.29,6058.03,No
C04376,Female,1,No,No,8,Yes,Yes,No,No internet service,No internet service,No internet service,No internet service,No internet service,No internet service,One year,Yes,Electronic check,25.85,203.73,No
C04377,Male,0,Yes,No,35,Yes,No,No,No internet service,No internet service,No internet service,No internet service,No internet service,No internet service,Month-to-month,Yes,Electronic check,19.75,667.64,No
C04378,Female,0,No,No,36,Yes,Yes,No,No internet service,No internet service,No internet service,No internet service,No internet service,No internet service,One year,Yes,Electronic check,25.09,892.27,Yes
C04379,Male,0,No,No,4,Yes,No,Fiber optic,Yes,No,Yes,Yes,No,Yes,Month-to-month,Yes,Electronic check,87.53,354.76,Yes
C04380,Female,0,Yes,No,65,Yes,No,No,No internet service,No internet service,No internet service,No internet service,No internet service,No internet service,Month-to-month,Yes,Electronic check,18.0,1042.33,No
C04381,Male,0,Yes,No,10,Yes,No,Fiber optic,No,No,No,No,No,No,Month-to-month,No,Electronic check,66.16,613.35,Yes
C04382,Male,0,Yes,Yes,0,Yes,No,DSL,,No,Yes,Yes,No,Yes,One year,Yes,Electronic check,65.76, ,No
C04383,Male,0,No,Yes,63,Yes,No,No,No internet service,No internet service,No internet service,No internet service,No internet service,No internet service,Month-to-month,No,Credit card (automatic),24.21,1341.44,No
C04384,Female,0,No,No,6,Yes,Yes,No,No internet service,No internet service,No internet service,No internet service,No internet service,No internet service,One year,No,Electronic check,26.94,141.21,No
C04385,Female,0,Yes,No,0,Yes,No,Fiber optic,No,No,No,No,Yes,No,Month-to-month,No,Mailed check,71.11, ,Yes
C04386,Male,0,No,No,1,Yes,No,DSL,Yes,No,No,No,Yes,No,Month-to-month,Yes,Electronic check,59.0,51.76,Yes
C04387,Male,0,Yes,No,69,Yes,No,Fiber optic,No,Yes,Yes,Yes,Yes,No,Month-to-month,Yes,Mailed check,90.89,6044.1,Yes
C04388,Female,0,No,No,23,Yes,Yes,Fiber optic,Yes,No,Yes,Yes,Yes,Yes,One year,No,Electronic check,102.9,2174.95,No
C04389,Female,0,No,No,51,Yes,Yes,No,No internet service,No internet service,No internet service,No internet service,No internet service,No internet service,Two year,No,Credit card (automatic),24.22,1096.84,No
C04390,Male,0,Yes,No,49,Yes,No,Fiber optic,Yes,No,No,No,Yes,Yes,One year,No,Mailed check,82.2,3707.83,No
C04391,Female,0,Yes,No,3,Yes,No,Fiber optic,Yes,No,Yes,Yes,Yes,Yes,One year,Yes,Bank transfer (automatic),93.68,246.94,Yes
C04392,Female,0,Yes,Yes,1,Yes,No,DSL,No,No,No,No,No,No,Month-to-month,Yes,Mailed check,42.4,41.97,No
C04393,Female,0,No,No,62,Yes,Yes,Fiber optic,No,No,No,Yes,No,No,Two year,Yes,Mailed check,74.0,4788.62,No
C04394,Male,1,Yes,Yes,57,Yes,Yes,Fiber optic,Yes,Yes,Yes,Yes,Yes,No,Two year,Yes,Mailed check,103.06,5921.6,No
C04395,Male,0,No,No,8,Yes,,DSL,Yes,No,No,Yes,No,No,Month-to-month,No,Electronic check,58.36,407.62,No
C04396,Male,0,Yes,Yes,7,Yes,No,DSL,Yes,No,No,No,No,No,One year,Yes,Bank transfer (automatic),45.99,306.22,No
C04397,Female,0,Yes,No,8,Yes,No,DSL,Yes,Yes,No,No,Yes,No,Month-to-month,Yes,Mailed check,65.11,449.24,No
C04398,Male,0,No,No,72,Yes,No,Fiber optic,Yes,No,No,No,No,Yes,Two year,No,Mailed check,78.53,5746.43,No
C04399,Female,1,No,No,16,Yes,No,DSL,Yes,Yes,No,Yes,Yes,Yes,Month-to-month,No,Credit card (automatic),73.8,1212.17,Yes
C04400,Female,0,No,No,20,Yes,Yes,Fiber optic,No,No,Yes,No,Yes,Yes,Month-to-month,Yes,Electronic check,90.48,1758.75,No
C04401,Female,0,Yes,No,3,Yes,No,DSL,No,No,No,No,Yes,Yes,Month-to-month,Yes,Electronic check,56.99,156.43,Yes
C04402,Male,0,Yes,Yes,4,Yes,No,No,No internet service,No internet service,No internet service,No internet service,No internet service,No internet service,Month-to-month,Yes,Credit card (automatic),20.32,84.57,Yes
C04403,Male,0,Yes,No,49,Yes,Yes,No,No internet service,No internet service,No internet service,No internet service,No internet service,No internet service,One year,Yes,Electronic check,31.57,1515.77,No
C04404,Male,0,Yes,No,3,Yes,No,Fiber optic,Yes,No,No,Yes,No,No,One year,Yes,Credit card (automatic),75.69,209.59,No
C04405,Female,0,No,No,40,Yes,No,DSL,Yes,No,No,Yes,No,No,Two year,Yes,Bank transfer (automatic),58.15,2157.14,No
C04406,Female,0,Yes,No,23,Yes,Yes,DSL,Yes,Yes,Yes,Yes,Yes,Yes,Two year,Yes,Bank transfer (automatic),90.19,2078.38,No
C04407,Male,0,Yes,No,5,Yes,Yes,DSL,Yes,Yes,No,No,Yes,Yes,Month-to-month,Yes,Electronic check,75.93,356.39,Yes
C04408,Female,0,Yes,No,10,Yes,No,Fiber optic,Yes,Yes,Yes,Yes,No,No,Month-to-month,No,Credit card (automatic),90.19,851.99,Yes
C04409,Male,0,No,No,1,Yes,No,DSL,No,No,Yes,No,No,Yes,Month-to-month,Yes,Mailed check,57.38,50.72,Yes
C04410,Male,0,No,No,35,Yes,No,Fiber optic,No,Yes,Yes,No,No,No,Two year,No,Electronic check,80.7,2591.6,No
C04411,Male,0,No,No,9,Yes,No,No,No internet service,No internet service,No internet service,No internet service,No internet service,No internet service,Month-to-month,No,Bank transfer (automatic),20.63,189.98,No
C04412,Female,0,No,No,6,Yes,No,DSL,No,Yes,No,No,No,No,One year,Yes,Mailed check,52.1,301.51,No
C04413,Male,0,Yes,No,16,Yes,Yes,No,No internet service,No internet service,No internet service,No internet service,No internet service,No internet service,Month-to-month,Yes,Bank transfer (automatic),26.01,381.32,No
C04414,Male,1,Yes,No,0,Yes,No,Fiber optic,Yes,No,Yes,No,No,No,Month-to-month,Yes,Electronic check,77.87, ,Yes
C04415,Female,0,Yes,No,35,Yes,Yes,DSL,Yes,No,Yes,No,No,Yes,One year,No,Electronic check,67.97,2321.28,No
C04416,Female,0,Yes,No,19,Yes,Yes,DSL,No,No,Yes,Yes,Yes,No,One year,No,Electronic check,77.18,1473.38,No
C04417,Male,0,No,No,4,Yes,No,DSL,No,No,No,No,No,Yes,Month-to-month,Yes,Mailed check,46.73,184.48,Yes
C04418,Male,0,No,No,25,Yes,No,Fiber optic,No,No,Yes,No,No,No,Month-to-month,No,Electronic check,75.43,1867.11,Yes
C04419,Female,1,Yes,No,39,Yes,Yes,DSL,Yes,No,No,No,No,Yes,One year,Yes,Credit card (automatic),54.43,2103.06,No
C04420,Male,0,No,No,53,Yes,No,Fiber optic,No,No,No,No,Yes,No,Two year,No,Electronic check,67.5,3250.19,No
C04421,Male,0,Yes,No,57,Yes,Yes,Fiber optic,No,No,Yes,No,Yes,No,Month-to-month,Yes,Electronic check,83.15,4972.49,No
C04422,Female,0,No,No,52,Yes,No,Fiber optic,No,No,No,No,Yes,Yes,Month-to-month,No,Electronic check,80.92,4043.07,No
C04423,Male,0,Yes,Yes,44,Yes,Yes,DSL,Yes,No,Yes,Yes,Yes,No,Month-to-month,No,Credit card (automatic),82.74,3168.58,No
C04424,Female,0,No,Yes,1,Yes,No,No,No internet service,No internet service,No internet service,No internet service,No internet service,No internet service,Month-to-month,Yes,Bank transfer (automatic),22.37,23.24,Yes
C04425,Male,0,Yes,Yes,50,Yes,Yes,DSL,No,No,Yes,No,Yes,Yes,Two year,No,Electronic check,74.42,3470.11,No
C04426,Male,0,No,No,3,Yes,Yes,Fiber optic,No,No,No,Yes,No,Yes,Month-to-month,Yes,Mailed check,87.01,234.28,Yes
C04427,Male,0,No,No,1,Yes,No,Fiber optic,No,Yes,No,Yes,Yes,No,Two year,No,Electronic check,81.55,78.25,No
C04428,Male,0,Yes,Yes,2,Yes,No,No,No internet service,No internet service,No internet service,No internet service,No internet service,No internet service,Month-to-month,No,Electronic check,18.0,36.11,Yes
C04429,Male,1,No,No,23,Yes,No,Fiber optic,Yes,No,No,No,No,No,One year,Yes,Electronic check,67.55,1410.28,Yes
C04430,Male,0,No,No,52,Yes,No,No,No internet service,No internet service,No internet service,No internet service,No internet service,No internet service,Two year,No,Mailed check,18.96,1034.27,No
C04431,Female,0,No,No,1,Yes,Yes,DSL,No,Yes,Yes,No,No,No,One year,No,Electronic check,65.61,62.98,Yes
C04432,Female,0,No,No,3,Yes,No,Fiber optic,Yes,No,No,No,Yes,Yes,Month-to-month,Yes,Electronic check,78.42,210.94,Yes
C04433,Male,1,No,No,9,Yes,Yes,Fiber optic,No,No,Yes,No,No,No,Month-to-month,No,Bank transfer (automatic),73.15,687.56,Yes
C04434,Female,0,No,No,4,Yes,No,No,No internet service,No internet service,No internet service,No internet service,No internet service,No internet service,Month-to-month,Yes,Bank transfer (automatic),18.0,73.85,Yes
C04435,Female,0,No,No,12,Yes,,Fiber optic,Yes,Yes,No,No,No,No,Two year,Yes,Electronic check,80.04,939.14,No
C04436,Female,0,Yes,Yes,12,Yes,No,Fiber optic,Yes,No,Yes,Yes,Yes,Yes,Month-to-month,Yes,Credit card (automatic),91.21,1003.91,No
C04437,Male,0,No,No,57,Yes,Yes,No,No internet service,No internet service,No internet service,No internet service,No internet service,No internet service,Month-to-month,Yes,Electronic check,26.18,1458.21,No
C04438,Male,0,Yes,Yes,46,Yes,No,Fiber optic,No,No,Yes,Yes,No,No,Two year,Yes,Bank transfer (automatic),72.66,3264.26,No
C04439,Male,1,Yes,No,58,No,No phone service,Fiber optic,Yes,No,No,No,No,Yes,Two year,Yes,Credit card (automatic),52.96,3057.21,No
C04440,Male,0,No,Yes,63,Yes,Yes,Fiber optic,No,No,No,Yes,Yes,Yes,One year,Yes,Electronic check,95.46,5290.42,No
C04441,Male,0,Yes,Yes,40,Yes,No,DSL,Yes,Yes,No,No,Yes,Yes,Two year,Yes,Bank transfer (automatic),61.17,2290.25,No
C04442,Female,0,Yes,No,69,Yes,No,Fiber optic,No,No,No,No,Yes,Yes,Two year,No,Credit card (automatic),79.12,4999.62,No
C04443,Female,0,No,No,72,Yes,Yes,Fiber optic,Yes,No,Yes,No,No,Yes,One year,Yes,Electronic check,99.67,6994.73,No
C04444,Male,0,No,No,9,Yes,No,Fiber optic,Yes,No,No,No,Yes,No,Month-to-month,Yes,Electronic check,80.8,688.97,Yes
C04445,Male,0,Yes,No,57,Yes,No,No,No internet service,No internet service,No internet service,No internet service,No internet service,No internet service,Month-to-month,Yes,Electronic check,18.23,1051.87,No
C04446,Male,0,Yes,No,28,Yes,No,Fiber optic,Yes,Yes,No,Yes,Yes,Yes,One year,Yes,Credit card (automatic),90.99,2657.58,No
C04447,Male,0,Yes,Yes,7,Yes,Yes,Fiber optic,No,No,No,Yes,Yes,Yes,Month-to-month,Yes,Electronic check,86.02,617.08,Yes
C04448,Female,0,Yes,Yes,72,Yes,Yes,DSL,No,Yes,No,No,No,No,Two year,Yes,Bank transfer (automatic),59.72,3777.76,No
C04449,Male,0,Yes,No,17,Yes,Yes,No,No internet service,No internet service,No internet service,No internet service,No internet service,No internet service,Month-to-month,No,Mailed check,28.28,420.55,No
C04450,Female,0,Yes,Yes,1,Yes,Yes,No,No internet service,No internet service,No internet service,No internet service,No internet service,No internet service,Month-to-month,Yes,Credit card (automatic),31.66,32.87,Yes
C04451,Female,1,No,Yes,25,Yes,Yes,Fiber optic,Yes,Yes,No,Yes,Yes,No,One year,Yes,Mailed check,101.62,2568.59,No
C04452,Female,0,No,No,40,Yes,No,DSL,No,No,Yes,No,No,No,One year,Yes,Bank transfer (automatic),52.39,2001.03,No
C04453,Female,0,No,No,3,Yes,No,Fiber optic,Yes,No,Yes,Yes,No,Yes,Month-to-month,No,Bank transfer (automatic),88.96,255.3,Yes
C04454,Female,0,No,Yes,26,Yes,No,DSL,Yes,No,Yes,No,No,No,Two year,Yes,Electronic check,57.0,1395.12,No
C04455,Male,0,No,No,68,No,No phone service,DSL,Yes,Yes,Yes,Yes,No,Yes,Two year,Yes,Electronic check,56.18,3754.97,No
C04456,Male,0,No,No,9,Yes,Yes,DSL,Yes,No,No,No,No,No,Month-to-month,Yes,Electronic check,61.32,546.38,Yes
C04457,Female,0,Yes,Yes,2,Yes,No,DSL,Yes,Yes,No,Yes,Yes,Yes,Month-to-month,Yes,Credit card (automatic),75.25,146.63,No
C04458,Male,1,No,No,39,Yes,No,No,No internet service,No internet service,No internet service,No internet service,No internet service,No internet service,Two year,No,Credit card (automatic),23.59,824.67,No
C04459,Female,0,No,No,58,Yes,Yes,Fiber optic,No,Yes,Yes,Yes,No,Yes,One year,No,Electronic check,99.18,5451.78,No
C04460,Male,0,Yes,Yes,12,Yes,Yes,Fiber optic,No,No,Yes,Yes,Yes,No,Month-to-month,Yes,Electronic check,87.97,1024.02,Yes
C04461,Male,0,Yes,No,15,Yes,No,Fiber optic,Yes,Yes,Yes,Yes,Yes,No,One year,No,Electronic check,93.78,1376.91,No
C04462,Male,0,Yes,Yes,8,Yes,No,Fiber optic,No,No,No,No,Yes,Yes,Month-to-month,Yes,Electronic check,83.07,598.55,Yes
C04463,Female,0,Yes,No,35,Yes,No,No,No internet service,No internet service,No internet service,No internet service,No internet service,No internet service,One year,Yes,Electronic check,22.72,737.56,No
C04464,Male,1,No,Yes,25,Yes,Yes,Fiber optic,Yes,No,No,Yes,No,Yes,Two year,No,Mailed check,93.19,2157.98,No
C04465,Male,0,Yes,Yes,3,Yes,No,DSL,No,Yes,Yes,Yes,Yes,Yes,Month-to-month,Yes,Electronic check,78.72,229.85,Yes
C04466,Male,0,Yes,No,15,Yes,No,Fiber optic,Yes,No,Yes,No,No,Yes,Month-to-month,Yes,Electronic check,81.76,1184.84,No
C04467,Female,0,Yes,No,0,Yes,No,Fiber optic,No,No,Yes,No,No,No,Month-to-month,Yes,Electronic check,67.48, ,No
C04468,Female,0,No,No,0,Yes,Yes,Fiber optic,Yes,No,No,No,Yes,No,Month-to-month,Yes,Mailed check,87.06, ,Yes
C04469,Male,0,Yes,No,72,Yes,No,DSL,Yes,No,Yes,No,No,No,Month-to-month,No,Credit card (automatic),57.8,4027.07,No
C04470,Female,0,Yes,No,56,No,No phone service,Fiber optic,No,Yes,No,No,No,Yes,One year,Yes,Credit card (automatic),60.5,3472.12,No
C04471,Male,0,No,No,49,No,No phone service,DSL,No,Yes,No,No,No,Yes,Two year,No,Credit card (automatic),34.75,1699.77,No
C04472,Female,0,No,No,64,Yes,No,No,No internet service,No internet service,No internet service,No internet service,No internet service,No internet service,Two year,Yes,Bank transfer (automatic),22.18,1236.88,No
C04473,Male,0,Yes,Yes,8,Yes,Yes,Fiber optic,Yes,Yes,No,No,Yes,No,Month-to-month,Yes,Credit card (automatic),95.95,729.24,Yes
C04474,Male,0,No,No,7,Yes,Yes,Fiber optic,No,Yes,No,Yes,Yes,Yes,Month-to-month,Yes,Mailed check,90.33,570.27,Yes
C04475,Female,0,Yes,Yes,15,Yes,Yes,Fiber optic,No,No,No,No,No,Yes,Two year,Yes,Bank transfer (automatic),74.99,1002.49,No
C04476,Female,0,No,No,10,Yes,No,No,No internet service,No internet service,No internet service,No internet service,No internet service,No internet service,Month-to-month,No,Bank transfer (automatic),18.79,165.26,Yes
C04477,Male,1,No,Yes,72,Yes,Yes,DSL,Yes,No,Yes,Yes,No,No,Two year,No,Electronic check,70.52,5248.8,No
C04478,Female,0,No,Yes,1,Yes,No,Fiber optic,No,Yes,Yes,No,No,Yes,Month-to-month,No,Bank transfer (automatic),77.24,73.29,Yes
C04479,Female,1,Yes,No,21,No,No phone service,Fiber optic,No,Yes,No,Yes,No,Yes,One year,Yes,Mailed check,60.6,1188.72,No
C04480,Male,0,No,No,63,No,No phone service,Fiber optic,Yes,No,Yes,No,No,Yes,One year,Yes,Bank transfer (automatic),64.12,3479.84,No
C04481,Female,0,Yes,Yes,11,Yes,Yes,Fiber optic,Yes,Yes,No,No,No,Yes,Two year,No,Bank transfer (automatic),81.35,795.25,No
C04482,Female,0,Yes,Yes,23,Yes,No,No,,No internet service,No internet service,No internet service,No internet service,No internet service,Month-to-month,Yes,Bank transfer (automatic),18.0,378.8,No
C04483,Male,0,No,Yes,17,No,No phone service,Fiber optic,Yes,Yes,Yes,No,No,Yes,Two year,No,Credit card (automatic),71.79,1250.3,No
C04484,Female,0,No,Yes,1,Yes,No,No,No internet service,No internet service,No internet service,No internet service,No internet service,No internet service,Month-to-month,No,Mailed check,18.0,15.87,No
C04485,Male,0,Yes,Yes,51,Yes,No,Fiber optic,No,Yes,No,Yes,Yes,No,One year,Yes,Electronic check,83.15,4137.59,No
C04486,Female,1,No,No,15,No,No phone service,Fiber optic,No,No,No,Yes,Yes,Yes,One year,Yes,Electronic check,67.07,921.85,No
C04487,Male,1,Yes,Yes,57,Yes,Yes,Fiber optic,No,No,Yes,No,Yes,Yes,One year,No,Mailed check,88.13,5079.18,No
C04488,Male,0,No,No,5,Yes,Yes,Fiber optic,No,Yes,Yes,No,Yes,Yes,Month-to-month,Yes,Electronic check,96.34,469.7,Yes
C04489,Female,0,Yes,No,4,Yes,No,No,No internet service,No internet service,No internet service,No internet service,No internet service,No internet service,Month-to-month,No,Credit card (automatic),18.0,67.44,Yes
C04490,Female,0,Yes,No,24,Yes,Yes,Fiber optic,No,No,No,No,Yes,Yes,One year,No,Electronic check,86.59,1887.02,No
C04491,Female,0,No,No,7,Yes,No,Fiber optic,No,No,Yes,No,Yes,No,Month-to-month,Yes,Electronic check,76.3,468.28,Yes
C04492,Female,0,Yes,No,53,Yes,Yes,Fiber optic,No,Yes,No,No,Yes,No,Two year,No,Electronic check,81.03,4462.18,No
C04493,Male,0,No,No,4,Yes,Yes,DSL,Yes,Yes,Yes,No,No,Yes,Month-to-month,Yes,Mailed check,74.19,283.09,No
C04494,Male,0,Yes,Yes,8,Yes,Yes,Fiber optic,,No,No,Yes,Yes,Yes,One year,No,Mailed check,91.57,638.88,No
C04495,Male,0,No,Yes,4,Yes,No,DSL,No,Yes,No,Yes,No,Yes,Month-to-month,Yes,Bank transfer (automatic),58.92,210.07,Yes
C04496,Male,0,Yes,Yes,26,Yes,Yes,Fiber optic,Yes,No,Yes,No,Yes,No,One year,Yes,Credit card (automatic),90.67,2399.87,No
C04497,Male,1,No,No,62,Yes,No,No,No internet service,No internet service,No internet service,No internet service,No internet service,No internet service,Month-to-month,No,Electronic check,18.0,1104.18,No
C04498,Female,0,No,No,4,Yes,No,DSL,No,Yes,Yes,No,No,No,One year,Yes,Electronic check,58.16,226.93,No
C04499,Female,0,No,No,0,No,No phone service,Fiber optic,Yes,Yes,Yes,Yes,No,Yes,Month-to-month,Yes,Bank transfer (automatic),73.44, ,Yes
C04500,Male,0,Yes,No,53,Yes,Yes,No,No internet service,No internet service,No internet service,No internet service,No internet service,No internet service,One year,Yes,Bank transfer (automatic),30.43,1380.07,No
C04501,Male,0,No,No,49,Yes,Yes,DSL,No,No,No,No,Yes,Yes,One year,Yes,Electronic check,66.49,2954.37,No
C04502,Female,0,No,No,5,Yes,Yes,Fiber optic,Yes,No,Yes,No,No,No,Month-to-month,Yes,Credit card (automatic),83.61,366.68,Yes
C04503,Male,0,Yes,No,20,No,No phone service,DSL,No,No,Yes,Yes,Yes,Yes,Month-to-month,No,Electronic check,44.9,865.48,No
C04504,Male,1,No,No,59,No,No phone service,Fiber optic,No,Yes,Yes,No,No,Yes,Two year,No,Bank transfer (automatic),60.17,3388.57,No
C04505,Male,0,No,Yes,2,Yes,Yes,Fiber optic,Yes,No,Yes,No,No,Yes,Month-to-month,Yes,Electronic check,90.64,167.54,Yes
C04506,Male,0,No,No,71,Yes,Yes,Fiber optic,No,No,No,No,Yes,Yes,Month-to-month,No,Credit card (automatic),90.49,6338.92,No
C04507,Male,0,Yes,No,9,Yes,No,No,No internet service,No internet service,No internet service,No internet service,No internet service,No internet service,Month-to-month,Yes,Mailed check,18.0,148.32,No
C04508,Female,1,No,No,72,Yes,No,Fiber optic,No,No,No,Yes,No,Yes,One year,Yes,Credit card (automatic),76.79,5757.82,No
C04509,Male,0,No,No,37,Yes,No,DSL,Yes,No,No,No,Yes,No,One year,No,Electronic check,60.4,1904.6,No
C04510,Female,0,No,No,22,Yes,No,No,No internet service,No internet service,No internet service,No internet service,No internet service,No internet service,Month-to-month,No,Credit card (automatic),23.57,543.74,No
C04511,Female,1,No,No,48,No,No phone service,DSL,No,Yes,Yes,No,Yes,No,Month-to-month,Yes,Credit card (automatic),44.8,2019.56,No
C04512,Female,0,No,No,14,Yes,No,Fiber optic,No,No,No,No,Yes,No,Month-to-month,No,Credit card (automatic),70.88,852.46,Yes
C04513,Male,0,Yes,Yes,58,Yes,Yes,Fiber optic,No,No,Yes,No,Yes,No,One year,No,Electronic check,85.69,4802.53,No
C04514,Male,0,Yes,Yes,3,Yes,Yes,DSL,No,No,No,No,Yes,Yes,Month-to-month,Yes,Electronic check,69.4,186.65,Yes
C04515,Male,0,No,No,6,Yes,No,DSL,No,No,Yes,Yes,Yes,Yes,Month-to-month,No,Mailed check,74.44,418.64,Yes
C04516,Male,1,No,No,6,Yes,Yes,No,No internet service,No internet service,No internet service,No internet service,No internet service,No internet service,Month-to-month,No,Electronic check,31.04,167.77,Yes
C04517,Male,0,No,No,2,Yes,No,DSL,No,Yes,No,No,No,Yes,Month-to-month,Yes,Electronic check,60.36,111.77,Yes
C04518,Female,0,No,No,35,Yes,Yes,No,No internet service,No internet service,No internet service,No internet service,No internet service,No internet service,One year,Yes,Credit card (automatic),24.54,876.24,No
C04519,Male,0,Yes,Yes,31,Yes,No,Fiber optic,Yes,Yes,Yes,No,No,Yes,Month-to-month,Yes,Bank transfer (automatic),88.09,2510.19,No
C04520,Male,0,Yes,Yes,35,Yes,No,Fiber optic,No,Yes,Yes,No,Yes,No,Two year,Yes,Mailed check,79.83,2802.21,No
C04521,Male,0,Yes,No,26,Yes,Yes,Fiber optic,No,Yes,Yes,Yes,Yes,Yes,One year,Yes,Credit card (automatic),103.62,2673.36,No
C04522,Female,1,No,No,21,Yes,No,No,No internet service,No internet service,No internet service,No internet service,No internet service,No internet service,One year,Yes,Mailed check,18.35,348.06,No
C04523,Female,0,Yes,No,1,Yes,Yes,DSL,Yes,No,Yes,Yes,No,No,Month-to-month,Yes,Bank transfer (automatic),69.34,61.43,Yes
C04524,Female,1,No,Yes,61,Yes,No,Fiber optic,No,Yes,No,No,No,Yes,One year,No,Mailed check,83.81,4750.8,No
C04525,Female,0,Yes,Yes,44,Yes,No,No,No internet service,No internet service,No internet service,No internet service,No internet service,No internet service,One year,No,Electronic check,18.47,796.52,No
C04526,Female,0,Yes,No,4,Yes,No,DSL,No,Yes,Yes,No,No,Yes,Month-to-month,Yes,Credit card (automatic),56.15,199.43,Yes
C04527,Female,0,Yes,No,63,Yes,Yes,Fiber optic,No,Yes,Yes,No,Yes,Yes,Two year,Yes,Electronic check,101.84,6299.36,No
C04528,Male,0,No,No,11,Yes,No,No,No internet service,No internet service,No internet service,No internet service,No internet service,No internet service,One year,Yes,Electronic check,18.95,214.91,No
C04529,Female,0,Yes,Yes,70,Yes,No,No,No internet service,No internet service,No internet service,No internet service,No internet service,No internet service,Two year,Yes,Mailed check,22.82,1644.98,No
C04530,Female,0,No,No,72,Yes,No,No,No internet service,No internet service,No internet service,No internet service,No internet service,No internet service,One year,Yes,Mailed check,25.52,1686.1,No
C04531,Male,0,No,Yes,52,No,No phone service,DSL,Yes,No,No,Yes,No,Yes,Two year,Yes,Mailed check,41.27,1888.78,No
C04532,Female,0,Yes,Yes,11,Yes,No,Fiber optic,No,No,Yes,No,No,Yes,Month-to-month,No,Electronic check,74.77,752.83,Yes
C04533,Male,0,No,No,57,Yes,No,Fiber optic,Yes,Yes,No,No,No,No,One year,Yes,Bank transfer (automatic),78.93,4259.25,No
C04534,Male,0,Yes,Yes,7,Yes,Yes,DSL,No,Yes,No,No,Yes,No,One year,Yes,Mailed check,59.91,411.49,Yes
C04535,Male,0,Yes,Yes,1,No,No phone service,Fiber optic,Yes,Yes,No,Yes,No,No,Two year,No,Electronic check,56.86,52.04,No
C04536,Female,0,Yes,No,51,Yes,Yes,No,No internet service,No internet service,No internet service,No internet service,No internet service,No internet service,Two year,No,Bank transfer (automatic),28.96,1530.52,No
C04537,Female,0,No,No,24,Yes,Yes,Fiber optic,No,Yes,No,No,Yes,Yes,One year,Yes,Credit card (automatic),95.16,2050.08,No
C04538,Male,0,No,No,0,Yes,No,Fiber optic,No,Yes,Yes,No,Yes,Yes,One year,Yes,Electronic check,88.55, ,No
C04539,Male,0,Yes,No,1,Yes,Yes,Fiber optic,No,Yes,Yes,No,No,No,Month-to-month,Yes,Electronic check,80.02,77.63,Yes
C04540,Male,1,No,No,24,Yes,Yes,DSL,No,No,Yes,No,Yes,Yes,Month-to-month,No,Electronic check,68.15,1596.51,Yes
C04541,Male,0,No,No,72,Yes,Yes,Fiber optic,No,No,No,Yes,No,No,Month-to-month,Yes,Credit card (automatic),78.14,5004.34,No
C04542,Female,0,No,No,19,Yes,Yes,Fiber optic,,No,Yes,No,Yes,Yes,Two year,No,Electronic check,96.9,1614.57,No
C04543,Male,1,No,No,6,Yes,Yes,Fiber optic,,No,Yes,Yes,Yes,No,Month-to-month,Yes,Electronic check,95.56,541.15,No
C04544,Male,0,No,Yes,0,Yes,Yes,Fiber optic,Yes,Yes,Yes,No,Yes,No,Month-to-month,Yes,Bank transfer (automatic),94.94, ,Yes
C04545,Male,0,No,No,5,Yes,No,Fiber optic,Yes,No,No,No,Yes,No,Month-to-month,Yes,Mailed check,76.48,343.14,No
C04546,Female,0,Yes,Yes,0,Yes,Yes,DSL,No,No,Yes,No,Yes,No,Month-to-month,Yes,Bank transfer (automatic),65.6, ,Yes
C04547,Male,0,No,No,7,Yes,Yes,Fiber optic,No,No,No,Yes,No,No,Month-to-month,Yes,Electronic check,78.99,579.39,Yes
C04548,Female,0,Yes,Yes,19,No,No phone service,No,No internet service,No internet service,No internet service,No internet service,No internet service,No internet service,Month-to-month,Yes,Electronic check,18.0,311.97,No
C04549,Male,0,No,No,58,Yes,Yes,Fiber optic,No,Yes,Yes,Yes,Yes,No,Two year,No,Electronic check,99.45,5678.7,No
C04550,Male,0,No,Yes,5,Yes,Yes,Fiber optic,Yes,Yes,No,No,Yes,Yes,Month-to-month,No,Electronic check,96.84,467.06,Yes
C04551,Female,1,Yes,Yes,2,Yes,No,Fiber optic,No,No,Yes,No,No,No,Two year,No,Bank transfer (automatic),67.8,121.15,Yes
C04552,Male,0,Yes,No,38,Yes,Yes,Fiber optic,Yes,No,Yes,No,No,No,Two year,Yes,Credit card (automatic),84.74,3367.89,No
C04553,Female,0,No,Yes,39,No,No phone service,No,No internet service,No internet service,No internet service,No internet service,No internet service,No internet service,One year,Yes,Electronic check,18.0,677.29,No
C04554,Male,0,No,No,30,Yes,No,No,No internet service,No internet service,No internet service,No internet service,No internet service,No internet service,Month-to-month,Yes,Electronic check,23.51,645.28,Yes
C04555,Female,0,No,No,9,Yes,No,No,No internet service,No internet service,No internet service,No internet service,No internet service,No internet service,Month-to-month,No,Credit card (automatic),18.0,143.82,No
C04556,Female,0,No,No,38,No,No phone service,Fiber optic,No,No,No,No,No,Yes,Two year,No,Mailed check,52.43,1949.89,No
C04557,Female,1,Yes,No,13,Yes,No,DSL,Yes,No,Yes,Yes,Yes,No,One year,Yes,Electronic check,66.69,824.81,No
C04558,Male,0,Yes,Yes,17,No,No phone service,Fiber optic,No,Yes,No,No,Yes,No,Two year,Yes,Electronic check,59.05,869.11,No
C04559,Female,0,No,Yes,9,Yes,Yes,Fiber optic,No,Yes,Yes,Yes,Yes,No,Two year,Yes,Electronic check,96.15,744.64,No
C04560,Female,1,No,No,63,Yes,No,DSL,Yes,No,Yes,Yes,No,Yes,One year,Yes,Mailed check,72.49,4350.27,No
C04561,Male,0,No,No,2,Yes,No,No,No internet service,No internet service,No internet service,No internet service,No internet service,No internet service,One year,No,Electronic check,21.29,41.74,No
C04562,Male,0,Yes,Yes,5,Yes,No,No,No internet service,No internet service,No internet service,No internet service,No internet service,No internet service,One year,No,Mailed check,21.27,107.26,No
C04563,Female,0,Yes,Yes,21,Yes,Yes,Fiber optic,No,No,Yes,No,No,Yes,One year,No,Credit card (automatic),90.15,1635.8,No
C04564,Male,0,No,No,26,Yes,Yes,Fiber optic,Yes,Yes,No,Yes,No,No,Two year,Yes,Electronic check,97.83,2463.9,No
C04565,Female,0,No,No,8,Yes,No,Fiber optic,No,No,No,No,No,No,Month-to-month,Yes,Electronic check,65.7,543.02,Yes
C04566,Female,0,No,Yes,6,Yes,No,No,No internet service,No internet service,No internet service,No internet service,No internet service,No internet service,Month-to-month,No,Electronic check,18.0,92.32,No
C04567,Male,0,Yes,Yes,63,Yes,Yes,Fiber optic,Yes,Yes,Yes,No,Yes,Yes,Month-to-month,Yes,Credit card (automatic),100.29,6531.17,No
C04568,Female,0,No,No,6,Yes,Yes,DSL,No,No,No,No,Yes,Yes,Month-to-month,No,Credit card (automatic),56.84,355.26,Yes
C04569,Female,0,Yes,Yes,13,Yes,No,No,No internet service,No internet service,No internet service,No internet service,No internet service,No internet service,One year,No,Electronic check,20.87,242.92,No
C04570,Male,0,No,No,36,Yes,No,No,No internet service,No internet service,No internet service,No internet service,No internet service,No internet service,One year,Yes,Mailed check,24.93,764.19,No
C04571,Female,1,No,No,72,Yes,Yes,DSL,Yes,Yes,No,No,Yes,Yes,One year,Yes,Bank transfer (automatic),78.49,5073.22,No
C04572,Male,0,Yes,Yes,42,Yes,No,Fiber optic,Yes,Yes,No,Yes,No,Yes,Month-to-month,Yes,Credit card (automatic),90.69,3916.35,No
C04573,Male,1,No,No,3,Yes,Yes,Fiber optic,Yes,No,No,Yes,No,No,Month-to-month,No,Electronic check,81.44,253.17,Yes
C04574,Female,0,No,No,19,Yes,No,No,,No internet service,No internet service,No internet service,No internet service,No internet service,One year,Yes,Credit card (automatic),19.01,319.97,No
C04575,Male,0,Yes,Yes,13,Yes,No,Fiber optic,No,Yes,Yes,No,Yes,No,Two year,Yes,Credit card (automatic),83.83,1088.02,No
C04576,Female,0,No,No,47,Yes,Yes,Fiber optic,Yes,Yes,No,No,No,Yes,Month-to-month,No,Bank transfer (automatic),87.98,3742.82,No
C04577,Male,0,Yes,No,50,Yes,Yes,Fiber optic,No,No,Yes,No,No,No,Month-to-month,Yes,Mailed check,74.1,3371.22,Yes
C04578,Male,0,No,No,6,Yes,No,No,No internet service,No internet service,No internet service,No internet service,No internet service,No internet service,Month-to-month,Yes,Credit card (automatic),24.63,146.25,Yes
C04579,Male,0,Yes,No,2,Yes,No,DSL,No,No,Yes,No,Yes,No,One year,No,Credit card (automatic),50.32,96.43,No
C04580,Female,0,Yes,No,17,Yes,Yes,Fiber optic,Yes,No,Yes,No,Yes,Yes,One year,Yes,Mailed check,94.42,1547.42,No
C04581,Female,0,No,No,2,Yes,No,DSL,No,Yes,No,No,No,No,Month-to-month,No,Mailed check,60.0,104.86,No
C04582,Female,0,Yes,No,13,Yes,Yes,DSL,No,No,Yes,No,No,No,Month-to-month,No,Electronic check,62.27,834.34,No
C04583,Female,0,No,Yes,4,Yes,No,Fiber optic,Yes,No,Yes,No,No,Yes,Month-to-month,Yes,Electronic check,82.2,318.68,Yes
C04584,Female,1,No,No,23,Yes,No,Fiber optic,No,Yes,No,No,No,Yes,One year,Yes,Bank transfer (automatic),80.24,1701.15,No
C04585,Female,1,Yes,No,41,Yes,No,No,No internet service,No internet service,No internet service,No internet service,No internet service,No internet service,One year,Yes,Mailed check,19.23,760.92,No
C04586,Female,0,Yes,Yes,22,Yes,No,Fiber optic,No,Yes,Yes,No,Yes,Yes,One year,No,Bank transfer (automatic),87.16,1857.09,No
C04587,Female,0,Yes,No,72,Yes,Yes,No,No internet service,No internet service,No internet service,No internet service,No internet service,No internet service,One year,Yes,Bank transfer (automatic),26.62,1883.29,No
C04588,Female,0,Yes,No,59,No,No phone service,Fiber optic,No,Yes,Yes,Yes,No,Yes,One year,No,Credit card (automatic),68.1,3937.09,No
C04589,Female,0,Yes,Yes,0,Yes,No,DSL,No,No,Yes,No,No,Yes,Month-to-month,Yes,Bank transfer (automatic),54.12, ,Yes
C04590,Male,0,Yes,No,2,Yes,No,Fiber optic,Yes,Yes,Yes,Yes,Yes,No,Month-to-month,Yes,Mailed check,97.84,195.35,No
C04591,Male,0,Yes,No,11,No,No phone service,DSL,Yes,Yes,No,No,Yes,Yes,Month-to-month,Yes,Bank transfer (automatic),51.09,586.89,No
C04592,Female,1,No,No,12,Yes,No,Fiber optic,Yes,No,No,No,No,Yes,Month-to-month,Yes,Electronic check,77.07,818.17,Yes
C04593,Male,0,Yes,No,46,Yes,Yes,Fiber optic,No,No,No,No,Yes,Yes,Two year,Yes,Electronic check,83.67,3508.09,No
C04594,Male,0,Yes,Yes,0,No,No phone service,DSL,Yes,Yes,No,No,No,No,Month-to-month,No,Bank transfer (automatic),40.71, ,Yes
C04595,Female,0,Yes,Yes,56,Yes,Yes,Fiber optic,No,No,Yes,Yes,Yes,Yes,One year,No,Bank transfer (automatic),94.55,5412.41,No
C04596,Male,0,Yes,No,68,Yes,No,Fiber optic,No,No,No,No,No,No,Two year,No,Mailed check,63.48,4271.49,No
C04597,Male,0,Yes,No,13,Yes,No,Fiber optic,Yes,No,No,Yes,Yes,Yes,Month-to-month,No,Electronic check,87.64,976.47,Yes
C04598,Male,0,Yes,No,38,Yes,No,DSL,No,No,No,No,No,Yes,Two year,Yes,Electronic check,48.79,1934.82,Yes
C04599,Male,0,Yes,No,59,Yes,No,No,No internet service,No internet service,No internet service,No internet service,No internet service,No internet service,Two year,Yes,Electronic check,24.3,1364.94,No
C04600,Female,1,No,No,3,Yes,Yes,No,No internet service,No internet service,No internet service,No internet service,No internet service,No internet service,Month-to-month,Yes,Electronic check,25.33,66.53,Yes
C04601,Female,0,Yes,Yes,4,Yes,No,DSL,,No,Yes,No,No,No,One year,Yes,Credit card (automatic),47.4,196.82,No
C04602,Female,0,Yes,No,2,Yes,Yes,Fiber optic,No,No,Yes,No,Yes,Yes,Month-to-month,Yes,Credit card (automatic),88.5,176.47,No
C04603,Female,1,No,No,50,Yes,No,Fiber optic,No,No,No,No,Yes,No,One year,Yes,Electronic check,68.57,3415.6,No
C04604,Female,0,Yes,Yes,2,Yes,Yes,No,No internet service,No internet service,No internet service,No internet service,No internet service,No internet service,Month-to-month,Yes,Electronic check,30.46,52.44,Yes
C04605,Male,0,Yes,Yes,5,Yes,Yes,Fiber optic,Yes,No,No,No,Yes,No,One year,Yes,Mailed check,84.89,361.69,No
C04606,Female,0,No,No,4,Yes,No,Fiber optic,Yes,No,No,No,Yes,Yes,Month-to-month,No,Credit card (automatic),89.46,317.77,Yes
C04607,Male,0,No,No,13,Yes,Yes,DSL,Yes,No,No,No,No,Yes,Month-to-month,Yes,Electronic check,65.64,816.43,Yes
C04608,Male,0,No,No,7,Yes,No,DSL,No,Yes,Yes,Yes,No,No,One year,Yes,Credit card (automatic),66.83,419.3,No
C04609,Female,0,No,No,0,Yes,No,No,No internet service,No internet service,No internet service,No internet service,No internet service,No internet service,One year,No,Mailed check,20.62, ,No
C04610,Female,0,No,No,40,No,No phone service,Fiber optic,,Yes,No,No,No,Yes,Two year,No,Mailed check,53.49,1830.58,No
C04611,Male,0,No,No,12,Yes,No,DSL,No,Yes,Yes,Yes,No,Yes,Month-to-month,No,Electronic check,70.29,839.95,No
C04612,Female,0,Yes,No,72,Yes,No,Fiber optic,No,Yes,No,Yes,Yes,Yes,Two year,No,Electronic check,85.12,6220.1,No
C04613,Male,0,No,No,12,Yes,No,Fiber optic,Yes,No,No,No,Yes,Yes,Month-to-month,Yes,Electronic check,84.53,885.17,Yes
C04614,Male,1,No,No,3,Yes,Yes,DSL,No,Yes,No,No,No,No,Month-to-month,Yes,Credit card (automatic),49.47,126.16,Yes
C04615,Male,0,Yes,No,9,Yes,Yes,Fiber optic,Yes,Yes,Yes,No,Yes,Yes,Month-to-month,No,Bank transfer (automatic),105.09,922.31,Yes
C04616,Male,0,Yes,Yes,5,No,No phone service,DSL,No,Yes,No,No,Yes,Yes,One year,Yes,Credit card (automatic),37.7,167.3,No
C04617,Female,0,No,No,2,Yes,Yes,Fiber optic,Yes,No,Yes,Yes,Yes,No,Month-to-month,Yes,Credit card (automatic),97.43,201.55,No
C04618,Male,0,No,No,12,Yes,Yes,No,No internet service,No internet service,No internet service,No internet service,No internet service,No internet service,Month-to-month,Yes,Bank transfer (automatic),28.92,297.77,Yes
C04619,Female,0,No,No,8,Yes,Yes,Fiber optic,No,Yes,Yes,No,Yes,Yes,Month-to-month,No,Bank transfer (automatic),99.09,750.51,Yes
C04620,Male,0,Yes,Yes,8,Yes,No,No,No internet service,No internet service,No internet service,No internet service,No internet service,No internet service,Month-to-month,Yes,Bank transfer (automatic),22.06,184.66,No
C04621,Female,0,No,No,7,Yes,No,DSL,Yes,Yes,No,No,Yes,No,One year,Yes,Bank transfer (automatic),68.82,459.67,No
C04622,Female,0,Yes,Yes,45,Yes,Yes,No,No internet service,No internet service,No internet service,No internet service,No internet service,No internet service,One year,No,Mailed check,22.76,913.36,No
C04623,Female,0,No,No,72,Yes,Yes,Fiber optic,Yes,Yes,No,Yes,No,No,Two year,No,Mailed check,92.66,6956.97,No
C04624,Male,0,Yes,No,72,Yes,Yes,Fiber optic,No,No,Yes,Yes,No,No,Month-to-month,Yes,Credit card (automatic),87.93,5595.06,No
C04625,Female,0,Yes,Yes,11,Yes,No,Fiber optic,Yes,Yes,No,No,No,Yes,Month-to-month,Yes,Credit card (automatic),79.54,798.48,No
C04626,Female,0,Yes,Yes,4,Yes,Yes,Fiber optic,No,No,Yes,No,Yes,Yes,Month-to-month,No,Bank transfer (automatic),92.95,364.96,Yes
C04627,Male,1,Yes,No,0,Yes,Yes,No,No internet service,No internet service,No internet service,No internet service,No internet service,No internet service,Month-to-month,Yes,Electronic check,28.81, ,Yes
C04628,Male,0,Yes,Yes,1,Yes,Yes,No,No internet service,No internet service,No internet service,No internet service,No internet service,No internet service,Two year,Yes,Electronic check,29.57,27.22,No
C04629,Male,0,No,No,63,No,No phone service,DSL,Yes,Yes,Yes,No,Yes,Yes,Two year,No,Mailed check,58.81,3698.75,No
C04630,Male,0,Yes,Yes,53,Yes,No,Fiber optic,No,No,No,No,No,No,One year,Yes,Credit card (automatic),64.5,3262.86,No
C04631,Male,0,No,No,44,Yes,Yes,DSL,Yes,No,Yes,No,Yes,Yes,Two year,Yes,Electronic check,71.99,2903.13,No
C04632,Male,0,No,No,44,Yes,No,DSL,No,Yes,No,No,No,Yes,Two year,No,Electronic check,58.64,2429.55,No
C04633,Male,0,Yes,No,48,Yes,Yes,DSL,Yes,Yes,Yes,Yes,Yes,No,One year,No,Bank transfer (automatic),77.27,3825.02,No
C04634,Female,0,No,No,4,Yes,No,Fiber optic,No,No,Yes,No,No,No,One year,No,Mailed check,67.32,271.06,No
C04635,Male,0,No,No,48,No,No phone service,Fiber optic,No,Yes,No,No,Yes,Yes,Two year,Yes,Mailed check,65.06,3193.44,No
C04636,Male,0,No,No,64,Yes,Yes,No,No internet service,No internet service,No internet service,No internet service,No internet service,No internet service,Two year,Yes,Bank transfer (automatic),27.82,1569.15,No
C04637,Female,0,No,No,18,Yes,No,Fiber optic,Yes,No,Yes,No,Yes,No,Month-to-month,Yes,Bank transfer (automatic),83.0,1317.5,Yes
C04638,Male,1,No,Yes,3,No,No phone service,DSL,No,Yes,Yes,No,Yes,Yes,Month-to-month,No,Mailed check,47.2,132.85,Yes
C04639,Male,1,No,No,8,Yes,Yes,Fiber optic,Yes,No,No,No,Yes,No,One year,Yes,Credit card (automatic),80.17,635.81,No
C04640,Male,0,Yes,No,4,Yes,No,DSL,No,No,No,No,Yes,Yes,Month-to-month,Yes,Credit card (automatic),62.75,216.14,Yes
C04641,Male,0,Yes,No,5,Yes,No,Fiber optic,No,No,Yes,No,No,No,One year,Yes,Electronic check,68.88,345.74,No
C04642,Male,0,No,Yes,1,Yes,No,Fiber optic,Yes,Yes,Yes,No,No,No,One year,Yes,Bank transfer (automatic),86.07,80.05,Yes
C04643,Male,0,Yes,No,0,Yes,No,DSL,No,No,No,No,No,No,One year,Yes,Bank transfer (automatic),41.96, ,No
C04644,Male,0,No,No,3,Yes,No,DSL,No,No,No,Yes,No,No,Month-to-month,Yes,Electronic check,52.41,134.14,Yes
C04645,Female,0,Yes,No,0,Yes,No,Fiber optic,No,No,Yes,Yes,No,No,Month-to-month,Yes,Electronic check,77.4, ,Yes
C04646,Female,0,Yes,No,37,Yes,No,DSL,Yes,No,No,Yes,No,No,One year,No,Bank transfer (automatic),51.54,1622.6,No
C04647,Male,0,No,No,56,Yes,No,Fiber optic,No,Yes,No,No,No,No,Month-to-month,Yes,Credit card (automatic),68.96,3973.41,No
C04648,Male,0,Yes,No,2,Yes,Yes,Fiber optic,No,Yes,No,No,No,Yes,Month-to-month,No,Electronic check,83.57,167.09,Yes
C04649,Male,0,Yes,Yes,56,Yes,No,Fiber optic,No,Yes,No,No,No,Yes,One year,Yes,Credit card (automatic),79.64,4137.92,No
C04650,Female,0,No,No,5,Yes,No,Fiber optic,Yes,No,Yes,Yes,Yes,No,Month-to-month,No,Electronic check,87.44,432.08,Yes
C04651,Female,0,No,No,66,Yes,No,DSL,Yes,No,Yes,No,No,No,Two year,No,Bank transfer (automatic),59.75,3612.34,No
C04652,Male,0,No,No,72,Yes,No,DSL,Yes,Yes,No,Yes,No,Yes,One year,No,Electronic check,73.96,5338.84,No
C04653,Male,0,Yes,Yes,54,Yes,No,No,No internet service,No internet service,No internet service,No internet service,No internet service,No internet service,One year,No,Credit card (automatic),23.89,1251.66,No
C04654,Male,0,No,No,40,Yes,No,Fiber optic,No,No,No,No,No,No,Two year,Yes,Bank transfer (automatic),60.87,2235.71,No
C04655,Female,0,No,No,14,No,No phone service,DSL,No,Yes,Yes,No,Yes,No,Month-to-month,No,Credit card (automatic),46.94,619.42,No
C04656,Female,0,No,Yes,64,Yes,Yes,Fiber optic,Yes,Yes,Yes,No,No,No,Two year,Yes,Credit card (automatic),87.92,5500.77,No
C04657,Male,0,Yes,Yes,0,Yes,No,Fiber optic,No,No,Yes,No,Yes,No,Month-to-month,Yes,Electronic check,78.84, ,No
C04658,Female,0,Yes,Yes,15,Yes,Yes,Fiber optic,Yes,Yes,No,Yes,No,No,Month-to-month,No,Electronic check,93.21,1195.88,Yes
C04659,Male,1,No,No,42,Yes,No,DSL,No,No,Yes,Yes,Yes,Yes,One year,Yes,Electronic check,71.29,2605.83,Yes
C04660,Female,0,No,Yes,3,Yes,No,DSL,No,No,Yes,No,No,No,Month-to-month,Yes,Credit card (automatic),46.89,137.07,Yes
C04661,Female,0,Yes,No,14,Yes,No,Fiber optic,No,Yes,No,No,No,No,One year,No,Electronic check,71.83,1015.65,No
C04662,Male,0,No,No,55,Yes,Yes,Fiber optic,No,No,No,No,Yes,Yes,Two year,No,Bank transfer (automatic),85.48,4228.38,No
C04663,Male,0,No,No,59,Yes,Yes,Fiber optic,Yes,No,No,No,No,Yes,Month-to-month,No,Credit card (automatic),85.9,4323.42,No
C04664,Female,0,Yes,No,0,Yes,No,No,No internet service,No internet service,No internet service,No internet service,No internet service,No internet service,Month-to-month,Yes,Bank transfer (automatic),18.0, ,Yes
C04665,Male,0,Yes,No,62,Yes,Yes,DSL,No,No,Yes,No,No,Yes,Two year,Yes,Mailed check,65.39,3766.93,No
C04666,Female,0,Yes,No,0,Yes,No,Fiber optic,No,Yes,No,No,No,No,Month-to-month,No,Electronic check,65.54, ,Yes
C04667,Male,1,No,No,2,Yes,No,No,No internet service,No internet service,No internet service,No internet service,No internet service,No internet service,Month-to-month,Yes,Mailed check,18.0,33.58,No
C04668,Female,0,No,No,54,Yes,No,Fiber optic,No,Yes,Yes,No,No,Yes,Two year,Yes,Electronic check,86.82,4557.48,No
C04669,Male,0,No,No,72,Yes,No,Fiber optic,No,No,Yes,No,Yes,Yes,Two year,No,Credit card (automatic),81.25,5543.7,No
C04670,Male,0,No,Yes,54,Yes,No,Fiber optic,Yes,Yes,Yes,No,Yes,Yes,One year,No,Bank transfer (automatic),89.39,4399.75,No
C04671,Male,0,No,No,1,Yes,Yes,Fiber optic,No,No,No,No,No,Yes,Month-to-month,Yes,Credit card (automatic),86.18,77.75,Yes
C04672,Male,0,Yes,Yes,35,Yes,No,No,No internet service,No internet service,No internet service,No internet service,No internet service,No internet service,Two year,Yes,Credit card (automatic),20.93,682.7,No
C04673,Male,0,No,No,7,Yes,Yes,Fiber optic,No,No,No,No,No,No,Month-to-month,No,Bank transfer (automatic),74.53,523.44,Yes
C04674,Female,0,No,No,17,Yes,No,Fiber optic,No,Yes,No,No,No,Yes,Two year,Yes,Electronic check,74.79,1093.23,No
C04675,Male,0,Yes,No,47,No,No phone service,Fiber optic,Yes,No,Yes,No,Yes,No,Two year,Yes,Electronic check,63.93,3038.97,No
C04676,Male,0,No,No,2,Yes,Yes,Fiber optic,No,No,No,No,Yes,Yes,Month-to-month,Yes,Electronic check,90.3,182.68,Yes
C04677,Male,1,Yes,No,68,Yes,Yes,Fiber optic,No,No,Yes,No,No,Yes,Two year,Yes,Credit card (automatic),84.48,4896.54,No
C04678,Male,0,No,No,8,Yes,No,Fiber optic,No,No,No,Yes,No,Yes,Month-to-month,No,Bank transfer (automatic),70.99,549.06,No
C04679,Female,0,No,No,59,Yes,No,Fiber optic,No,Yes,No,Yes,Yes,No,Two year,No,Mailed check,89.5,5297.77,No
C04680,Female,0,No,No,31,Yes,No,Fiber optic,No,No,Yes,Yes,No,No,Month-to-month,Yes,Electronic check,79.53,2252.47,No
C04681,Male,0,No,Yes,29,Yes,Yes,Fiber optic,No,No,Yes,No,Yes,Yes,Month-to-month,No,Bank transfer (automatic),83.89,2482.33,No
C04682,Female,1,Yes,No,64,Yes,Yes,DSL,No,No,No,Yes,No,Yes,Month-to-month,No,Bank transfer (automatic),67.53,3790.51,No
C04683,Female,1,No,No,41,Yes,No,Fiber optic,No,Yes,No,Yes,Yes,Yes,One year,Yes,Bank transfer (automatic),81.73,3065.43,Yes
C04684,Female,1,No,No,32,Yes,Yes,No,No internet service,No internet service,No internet service,No internet service,No internet service,No internet service,One year,Yes,Electronic check,21.36,602.94,No
C04685,Male,1,Yes,Yes,61,No,No phone service,DSL,No,Yes,No,No,No,No,Two year,Yes,Electronic check,31.15,1908.89,No
C04686,Male,0,Yes,No,6,Yes,No,DSL,No,Yes,No,Yes,Yes,No,Month-to-month,No,Credit card (automatic),60.26,328.85,No
C04687,Male,0,No,No,37,Yes,No,No,No internet service,No internet service,No internet service,No internet service,No internet service,No internet service,Two year,No,Credit card (automatic),23.16,786.62,No
C04688,Female,0,Yes,Yes,18,Yes,No,Fiber optic,No,Yes,No,Yes,No,No,One year,No,Electronic check,76.92,1399.15,No
C04689,Female,0,Yes,No,23,Yes,No,Fiber optic,No,No,Yes,No,No,No,One year,No,Electronic check,69.49,1465.1,No
C04690,Male,0,Yes,No,5,No,No phone service,Fiber optic,No,Yes,No,No,No,No,Month-to-month,No,Credit card (automatic),61.25,283.71,Yes
C04691,Male,0,Yes,Yes,4,Yes,No,Fiber optic,No,No,No,No,Yes,Yes,Month-to-month,Yes,Mailed check,74.41,273.01,Yes
C04692,Female,0,No,No,16,Yes,No,DSL,Yes,No,No,Yes,Yes,Yes,Month-to-month,Yes,Mailed check,64.67,930.46,No
C04693,Female,0,Yes,No,43,Yes,No,Fiber optic,No,No,Yes,Yes,No,No,One year,Yes,Credit card (automatic),76.04,2797.26,No
C04694,Male,0,Yes,Yes,15,Yes,Yes,Fiber optic,No,No,No,No,No,Yes,Two year,No,Bank transfer (automatic),80.12,1102.49,No
C04695,Female,1,No,No,72,Yes,Yes,Fiber optic,No,Yes,Yes,No,No,No,Two year,Yes,Bank transfer (automatic),84.67,5698.08,No
C04696,Male,0,Yes,No,50,Yes,No,Fiber optic,Yes,No,No,No,No,Yes,Two year,Yes,Electronic check,73.22,3500.11,No
C04697,Male,0,No,No,72,No,No phone service,No,No internet service,No internet service,No internet service,No internet service,No internet service,No internet service,Two year,Yes,Bank transfer (automatic),18.0,1107.57,No
C04698,Female,0,Yes,No,32,Yes,No,No,No internet service,No internet service,No internet service,No internet service,No internet service,No internet service,One year,Yes,Bank transfer (automatic),18.0,530.69,No
C04699,Female,0,Yes,No,12,Yes,Yes,DSL,No,No,Yes,No,No,No,Month-to-month,No,Mailed check,55.88,573.01,No
C04700,Female,0,No,No,24,Yes,Yes,Fiber optic,Yes,Yes,No,No,Yes,No,Month-to-month,Yes,Mailed check,86.41,2119.5,No
C04701,Male,0,No,Yes,71,Yes,Yes,DSL,No,Yes,No,No,No,Yes,Month-to-month,Yes,Mailed check,69.76,5066.98,No
C04702,Male,0,No,No,10,Yes,No,No,No internet service,No internet service,No internet service,No internet service,No internet service,No internet service,Month-to-month,No,Credit card (automatic),18.0,155.53,Yes
C04703,Male,0,Yes,Yes,53,Yes,Yes,DSL,No,No,No,No,No,Yes,Two year,Yes,Mailed check,61.73,2906.06,No
C04704,Male,0,Yes,Yes,9,Yes,No,Fiber optic,No,No,No,No,No,Yes,Month-to-month,Yes,Credit card (automatic),73.36,599.23,Yes
C04705,Male,0,Yes,No,18,Yes,No,Fiber optic,Yes,Yes,No,No,Yes,Yes,One year,Yes,Bank transfer (automatic),91.22,1650.49,No
C04706,Male,0,No,Yes,44,Yes,No,Fiber optic,No,No,No,Yes,Yes,Yes,Two year,Yes,Electronic check,80.43,3537.39,No
C04707,Male,0,Yes,Yes,25,Yes,Yes,Fiber optic,No,No,Yes,Yes,Yes,No,One year,No,Mailed check,84.85,2120.06,No
C04708,Male,0,No,No,67,No,No phone service,DSL,No,No,No,No,No,Yes,Two year,Yes,Electronic check,28.09,1600.52,No
C04709,Male,0,No,No,48,Yes,Yes,Fiber optic,No,No,No,No,No,No,Two year,Yes,Bank transfer (automatic),70.55,3075.26,No
C04710,Female,0,Yes,No,29,Yes,No,DSL,No,No,No,No,Yes,Yes,Month-to-month,No,Electronic check,57.47,1735.49,Yes
C04711,Male,0,Yes,Yes,1,Yes,No,DSL,No,No,No,Yes,No,No,Month-to-month,No,Electronic check,54.22,50.77,Yes
C04712,Female,0,Yes,Yes,51,Yes,No,DSL,Yes,No,No,Yes,No,No,Two year,Yes,Mailed check,58.53,2585.47,No
C04713,Female,0,No,No,32,No,No phone service,No,No internet service,No internet service,No internet service,No internet service,No internet service,No internet service,Month-to-month,Yes,Credit card (automatic),18.0,532.04,No
C04714,Female,1,No,No,2,Yes,Yes,DSL,,Yes,No,Yes,No,Yes,Month-to-month,Yes,Mailed check,71.26,148.37,Yes
C04715,Male,1,No,No,64,Yes,No,DSL,Yes,Yes,No,No,Yes,Yes,Two year,Yes,Credit card (automatic),73.28,4743.29,No
C04716,Male,0,Yes,Yes,20,Yes,Yes,DSL,No,Yes,Yes,No,No,Yes,Two year,No,Credit card (automatic),62.37,1157.97,No
C04717,Female,0,Yes,No,1,Yes,Yes,DSL,Yes,No,No,No,Yes,No,Month-to-month,Yes,Credit card (automatic),58.71,59.46,Yes
C04718,Female,0,Yes,Yes,39,Yes,No,DSL,Yes,Yes,Yes,No,No,No,One year,Yes,Mailed check,66.53,2391.04,No
C04719,Male,1,Yes,No,15,Yes,No,Fiber optic,No,Yes,Yes,No,Yes,No,Two year,No,Bank transfer (automatic),86.39,1141.13,Yes
C04720,Male,0,No,No,70,Yes,No,Fiber optic,No,Yes,Yes,No,Yes,Yes,Two year,Yes,Bank transfer (automatic),92.06,6098.85,No
C04721,Female,0,No,No,7,Yes,No,Fiber optic,Yes,No,No,No,No,No,Month-to-month,Yes,Credit card (automatic),71.3,454.16,Yes
C04722,Male,0,No,No,51,No,No phone service,No,No internet service,No internet service,No internet service,No internet service,No internet service,No internet service,Two year,No,Mailed check,18.0,806.56,No
C04723,Female,0,No,No,8,Yes,No,DSL,No,Yes,Yes,Yes,No,No,One year,Yes,Mailed check,63.38,473.15,No
C04724,Male,0,Yes,No,11,No,No phone service,Fiber optic,No,Yes,No,Yes,Yes,Yes,Month-to-month,No,Bank transfer (automatic),68.16,772.5,No
C04725,Male,0,No,Yes,46,Yes,Yes,Fiber optic,Yes,No,No,No,Yes,Yes,One year,No,Mailed check,88.41,4145.33,No
C04726,Female,0,No,No,15,Yes,Yes,Fiber optic,No,No,Yes,No,No,No,Two year,Yes,Credit card (automatic),80.05,1166.45,No
C04727,Male,0,Yes,No,54,Yes,Yes,DSL,No,No,Yes,No,No,Yes,Two year,No,Mailed check,71.9,3422.99,No
C04728,Female,0,Yes,No,53,Yes,Yes,Fiber optic,No,No,No,Yes,Yes,No,Two year,Yes,Bank transfer (automatic),85.25,4388.69,No
C04729,Male,0,No,No,22,Yes,No,DSL,Yes,No,No,No,Yes,Yes,Two year,No,Bank transfer (automatic),61.08,1300.24,No
C04730,Male,1,No,No,69,Yes,No,Fiber optic,No,Yes,Yes,Yes,No,No,Two year,Yes,Bank transfer (automatic),80.16,5442.21,No
C04731,Female,0,Yes,No,4,Yes,No,Fiber optic,No,No,No,Yes,No,No,Month-to-month,No,Mailed check,68.88,279.34,Yes
C04732,Male,1,No,No,49,Yes,Yes,DSL,Yes,Yes,No,No,No,No,One year,Yes,Electronic check,57.84,2914.11,No
C04733,Male,0,No,Yes,50,Yes,No,No,No internet service,No internet service,No internet service,No internet service,No internet service,No internet service,Two year,No,Electronic check,18.0,796.29,No
C04734,Female,0,No,No,4,No,No phone service,No,No internet service,No internet service,No internet service,No internet service,No internet service,No internet service,Month-to-month,Yes,Bank transfer (automatic),18.0,70.97,Yes
C04735,Female,1,Yes,No,0,Yes,Yes,Fiber optic,Yes,Yes,No,Yes,No,No,Month-to-month,Yes,Electronic check,90.86, ,Yes
C04736,Female,0,Yes,No,0,No,No phone service,No,No internet service,No internet service,No internet service,No internet service,No internet service,No internet service,One year,Yes,Electronic check,18.0, ,No
C04737,Male,0,No,No,14,Yes,No,Fiber optic,No,Yes,Yes,Yes,Yes,No,One year,Yes,Mailed check,90.08,1315.61,No
C04738,Male,0,Yes,No,23,Yes,Yes,DSL,Yes,No,No,No,No,Yes,Month-to-month,Yes,Electronic check,65.59,1370.31,No
C04739,Female,0,Yes,Yes,4,Yes,No,No,No internet service,No internet service,No internet service,No internet service,No internet service,No internet service,Month-to-month,Yes,Mailed check,18.36,66.24,Yes
C04740,Male,0,No,Yes,1,Yes,No,DSL,No,No,Yes,Yes,Yes,Yes,One year,Yes,Mailed check,73.16,66.03,Yes
C04741,Male,0,Yes,Yes,72,Yes,Yes,DSL,Yes,No,No,No,Yes,No,One year,No,Electronic check,64.62,4367.36,No
C04742,Female,1,No,Yes,47,Yes,Yes,DSL,No,No,No,No,Yes,Yes,Month-to-month,No,Electronic check,71.66,2996.8,Yes
C04743,Male,0,No,No,4,Yes,No,Fiber optic,Yes,Yes,No,Yes,Yes,No,One year,Yes,Bank transfer (automatic),85.29,290.8,No
C04744,Male,0,Yes,Yes,45,Yes,Yes,DSL,Yes,No,Yes,Yes,No,Yes,Two year,Yes,Electronic check,78.52,3276.69,No
C04745,Male,1,No,No,56,Yes,No,Fiber optic,Yes,No,Yes,No,No,No,One year,No,Credit card (automatic),77.23,4394.39,Yes
C04746,Male,0,Yes,No,8,No,No phone service,No,No internet service,No internet service,No internet service,No internet service,No internet service,No internet service,Month-to-month,Yes,Electronic check,18.0,150.53,No
C04747,Female,0,Yes,No,4,No,No phone service,No,No internet service,No internet service,No internet service,No internet service,No internet service,No internet service,Month-to-month,No,Mailed check,18.0,65.38,No
C04748,Female,0,Yes,Yes,63,Yes,No,No,No internet service,No internet service,No internet service,No internet service,No internet service,No internet service,One year,Yes,Credit card (automatic),18.16,996.33,No
C04749,Male,0,Yes,No,0,Yes,No,DSL,Yes,Yes,No,Yes,Yes,No,Two year,No,Mailed check,65.4, ,No
C04750,Male,1,Yes,Yes,7,Yes,Yes,Fiber optic,Yes,Yes,No,Yes,No,No,Month-to-month,No,Credit card (automatic),92.62,640.86,Yes
C04751,Female,0,No,No,6,Yes,Yes,No,No internet service,No internet service,No internet service,No internet service,No internet service,No internet service,Month-to-month,Yes,Electronic check,21.92,128.27,No
C04752,Male,0,No,No,7,Yes,Yes,DSL,No,No,Yes,Yes,Yes,No,Month-to-month,Yes,Mailed check,73.68,469.28,No
C04753,Male,0,Yes,Yes,32,No,No phone service,No,No internet service,No internet service,No internet service,No internet service,No internet service,No internet service,One year,Yes,Electronic check,18.0,599.83,No
C04754,Female,0,Yes,No,14,Yes,Yes,Fiber optic,Yes,Yes,No,No,Yes,Yes,Month-to-month,No,Credit card (automatic),98.25,1214.6,No
C04755,Female,0,No,No,72,Yes,No,No,No internet service,No internet service,No internet service,No internet service,No internet service,No internet service,One year,No,Mailed check,19.46,1309.66,No
C04756,Male,1,No,Yes,0,Yes,No,DSL,No,Yes,No,Yes,Yes,Yes,Month-to-month,No,Bank transfer (automatic),74.15, ,Yes
C04757,Female,0,Yes,No,50,Yes,No,DSL,No,No,Yes,Yes,Yes,Yes,Two year,Yes,Bank transfer (automatic),71.14,3406.1,No
C04758,Male,0,Yes,Yes,9,Yes,No,No,No internet service,No internet service,No internet service,No internet service,No internet service,No internet service,One year,Yes,Mailed check,18.0,147.25,No
C04759,Female,0,Yes,No,0,Yes,No,DSL,Yes,Yes,Yes,Yes,No,Yes,Month-to-month,No,Credit card (automatic),77.32, ,Yes
C04760,Male,0,No,No,2,Yes,No,No,No internet service,No internet service,No internet service,No internet service,No internet service,No internet service,Month-to-month,Yes,Electronic check,23.82,49.63,Yes
C04761,Male,0,Yes,Yes,31,Yes,No,DSL,Yes,Yes,Yes,Yes,Yes,No,Month-to-month,No,Bank transfer (automatic),78.06,2058.5,No
C04762,Female,0,No,No,3,Yes,No,Fiber optic,No,Yes,Yes,No,No,Yes,Month-to-month,No,Credit card (automatic),83.44,213.5,Yes
C04763,Female,0,Yes,Yes,1,Yes,No,Fiber optic,No,No,Yes,Yes,No,Yes,One year,Yes,Bank transfer (automatic),87.41,88.86,Yes
C04764,Male,1,No,No,11,Yes,Yes,No,No internet service,No internet service,No internet service,No internet service,No internet service,No internet service,One year,Yes,Bank transfer (automatic),25.14,263.41,No
C04765,Male,0,No,No,10,Yes,No,Fiber optic,No,No,Yes,Yes,No,No,Month-to-month,Yes,Electronic check,76.11,676.82,No
C04766,Female,0,Yes,No,15,Yes,No,Fiber optic,No,No,Yes,Yes,Yes,No,One year,Yes,Electronic check,84.48,1286.48,No
C04767,Female,0,No,No,11,Yes,No,DSL,No,No,Yes,Yes,Yes,Yes,Month-to-month,Yes,Mailed check,69.03,658.2,No
C04768,Male,0,No,No,10,Yes,Yes,DSL,No,Yes,No,No,Yes,Yes,Month-to-month,Yes,Electronic check,72.28,634.17,Yes
C04769,Female,0,No,No,23,Yes,Yes,Fiber optic,Yes,Yes,No,Yes,No,No,Month-to-month,No,Mailed check,89.37,2097.83,Yes
C04770,Female,0,Yes,No,11,Yes,No,Fiber optic,No,No,Yes,Yes,Yes,Yes,Month-to-month,No,Bank transfer (automatic),93.71,897.03,Yes
C04771,Male,0,Yes,No,0,Yes,No,No,No internet service,No internet service,No internet service,No internet service,No internet service,No internet service,Month-to-month,Yes,Bank transfer (automatic),23.13, ,No
C04772,Male,0,Yes,Yes,56,Yes,Yes,DSL,No,No,No,No,No,Yes,One year,Yes,Bank transfer (automatic),62.36,3166.16,No
C04773,Male,0,No,Yes,10,No,No phone service,DSL,No,Yes,No,Yes,No,No,Month-to-month,Yes,Electronic check,43.24,437.97,No
C04774,Male,0,No,No,14,Yes,Yes,Fiber optic,Yes,No,No,No,No,Yes,Month-to-month,Yes,Mailed check,79.7,1003.97,Yes
C04775,Male,0,Yes,No,68,Yes,No,Fiber optic,No,Yes,No,No,Yes,Yes,Two year,Yes,Credit card (automatic),85.85,5774.23,No
C04776,Male,0,Yes,No,6,Yes,Yes,Fiber optic,No,Yes,No,Yes,No,No,Month-to-month,Yes,Mailed check,80.28,410.88,No
C04777,Male,0,Yes,Yes,11,Yes,No,DSL,No,Yes,No,No,No,No,Month-to-month,Yes,Bank transfer (automatic),49.25,491.53,Yes
C04778,Male,0,Yes,No,38,Yes,Yes,No,No internet service,No internet service,No internet service,No internet service,No internet service,No internet service,Two year,Yes,Bank transfer (automatic),35.24,1220.42,No
C04779,Female,1,Yes,No,26,Yes,Yes,Fiber optic,No,No,No,Yes,Yes,No,Month-to-month,No,Bank transfer (automatic),88.57,2015.82,Yes
C04780,Male,0,No,No,10,Yes,Yes,Fiber optic,Yes,No,Yes,Yes,No,No,Month-to-month,Yes,Credit card (automatic),87.23,847.46,Yes
C04781,Female,0,No,Yes,0,Yes,Yes,DSL,Yes,Yes,No,No,Yes,No,One year,Yes,Credit card (automatic),67.21, ,No
C04782,Female,0,Yes,Yes,54,Yes,No,DSL,Yes,Yes,Yes,Yes,Yes,No,One year,Yes,Electronic check,73.28,3592.27,No
C04783,Female,0,Yes,No,9,Yes,Yes,Fiber optic,No,Yes,Yes,No,No,Yes,One year,Yes,Electronic check,91.84,837.06,No
C04784,Female,0,Yes,No,13,Yes,No,Fiber optic,Yes,Yes,No,No,No,No,Month-to-month,No,Credit card (automatic),77.1,904.62,No
C04785,Female,0,Yes,No,2,Yes,No,Fiber optic,No,No,No,No,Yes,No,One year,No,Mailed check,76.1,145.71,Yes
C04786,Male,0,No,No,22,Yes,No,DSL,No,No,No,No,Yes,Yes,Month-to-month,Yes,Bank transfer (automatic),49.42,1131.98,Yes
C04787,Female,0,Yes,Yes,11,Yes,No,Fiber optic,No,No,Yes,Yes,No,No,Two year,Yes,Mailed check,84.16,856.52,No
C04788,Male,0,No,No,51,Yes,Yes,Fiber optic,No,No,No,No,Yes,No,Month-to-month,No,Credit card (automatic),74.42,3455.23,No
C04789,Female,0,No,No,24,Yes,No,DSL,Yes,Yes,No,Yes,Yes,No,Two year,Yes,Credit card (automatic),68.37,1493.81,No
C04790,Male,0,Yes,No,68,Yes,No,DSL,No,Yes,Yes,Yes,No,Yes,One year,No,Bank transfer (automatic),67.73,4754.43,No
C04791,Male,0,No,No,4,Yes,No,Fiber optic,Yes,No,Yes,No,No,No,Month-to-month,Yes,Electronic check,81.41,331.11,Yes
C04792,Male,0,No,No,2,Yes,No,DSL,No,No,No,No,No,Yes,Month-to-month,No,Bank transfer (automatic),53.3,92.2,Yes
C04793,Female,0,No,Yes,62,Yes,No,DSL,No,Yes,Yes,Yes,No,No,Month-to-month,Yes,Credit card (automatic),63.52,3444.31,No
C04794,Male,0,Yes,No,3,Yes,Yes,Fiber optic,Yes,No,Yes,No,No,Yes,Month-to-month,Yes,Electronic check,94.05,248.22,Yes
C04795,Male,0,No,No,17,Yes,,DSL,Yes,Yes,No,No,No,Yes,Month-to-month,Yes,Bank transfer (automatic),55.91,932.97,No
C04796,Male,0,Yes,Yes,7,Yes,No,Fiber optic,No,Yes,Yes,Yes,Yes,No,Month-to-month,Yes,Credit card (automatic),88.71,617.18,Yes
C04797,Male,0,Yes,No,5,Yes,Yes,Fiber optic,No,No,No,No,No,No,Month-to-month,Yes,Electronic check,65.64,313.62,Yes
C04798,Female,0,No,No,12,Yes,Yes,DSL,No,Yes,No,No,No,Yes,One year,Yes,Mailed check,68.04,844.99,No
C04799,Female,0,Yes,Yes,63,Yes,Yes,DSL,No,Yes,No,Yes,No,No,Two year,Yes,Electronic check,64.15,3824.08,No
C04800,Male,0,Yes,No,7,No,No phone service,DSL,No,Yes,No,No,No,No,Month-to-month,No,Electronic check,30.64,209.79,No
C04801,Male,0,Yes,No,71,No,No phone service,No,No internet service,No internet service,No internet service,No internet service,No internet service,No internet service,Two year,No,Electronic check,18.0,1189.23,No
C04802,Male,0,Yes,No,8,Yes,Yes,DSL,No,No,No,No,No,No,One year,No,Bank transfer (automatic),48.86,396.52,No
C04803,Male,0,Yes,No,10,Yes,No,Fiber optic,No,No,No,No,No,No,Month-to-month,No,Electronic check,64.55,658.3,Yes
C04804,Female,0,Yes,No,44,Yes,Yes,No,No internet service,No internet service,No internet service,No internet service,No internet service,No internet service,Two year,Yes,Electronic check,31.78,1260.97,No
C04805,Female,0,No,No,7,No,No phone service,DSL,No,No,No,No,Yes,No,Month-to-month,No,Credit card (automatic),34.97,228.75,Yes
C04806,Male,0,No,No,8,No,No phone service,DSL,No,Yes,Yes,No,Yes,Yes,Month-to-month,No,Bank transfer (automatic),47.08,320.98,Yes
C04807,Female,0,Yes,No,1,Yes,No,No,No internet service,No internet service,No internet service,No internet service,No internet service,No internet service,One year,Yes,Electronic check,24.45,25.66,No
C04808,Male,0,No,No,72,Yes,Yes,Fiber optic,Yes,No,Yes,Yes,No,Yes,Two year,No,Electronic check,92.58,6877.94,No
C04809,Female,1,No,No,3,Yes,No,DSL,No,No,Yes,Yes,Yes,Yes,Month-to-month,Yes,Credit card (automatic),70.99,223.29,Yes
C04810,Female,1,No,Yes,2,Yes,Yes,DSL,No,Yes,Yes,Yes,No,Yes,Month-to-month,No,Credit card (automatic),78.23,150.84,Yes
C04811,Female,0,No,Yes,14,Yes,Yes,No,No internet service,No internet service,No internet service,No internet service,No internet service,No internet service,One year,No,Mailed check,25.59,347.46,No
C04812,Female,1,No,No,8,Yes,No,DSL,No,No,Yes,Yes,No,No,Month-to-month,Yes,Credit card (automatic),54.65,374.6,No
C04813,Female,1,Yes,No,51,Yes,Yes,Fiber optic,No,No,Yes,No,No,No,Two year,No,Bank transfer (automatic),79.81,3728.51,No
C04814,Male,0,No,No,10,Yes,No,DSL,Yes,Yes,No,No,Yes,No,One year,No,Electronic check,61.52,579.52,No
C04815,Male,0,No,No,44,Yes,,Fiber optic,Yes,Yes,No,Yes,Yes,Yes,Month-to-month,Yes,Bank transfer (automatic),96.18,4020.42,Yes
C04816,Male,0,No,No,0,Yes,Yes,DSL,No,Yes,Yes,No,No,Yes,Month-to-month,No,Credit card (automatic),74.64, ,Yes
C04817,Male,0,Yes,No,0,Yes,No,DSL,No,Yes,No,No,No,Yes,Month-to-month,Yes,Bank transfer (automatic),55.76, ,No
C04818,Female,0,No,Yes,0,Yes,Yes,Fiber optic,Yes,Yes,No,Yes,No,Yes,Month-to-month,Yes,Bank transfer (automatic),100.58, ,Yes
C04819,Female,0,No,No,72,Yes,Yes,Fiber optic,No,No,Yes,No,Yes,Yes,Month-to-month,Yes,Mailed check,92.62,6808.15,No
C04820,Female,0,Yes,No,63,Yes,Yes,DSL,No,Yes,No,Yes,No,No,Two year,Yes,Electronic check,67.16,3952.7,No
C04821,Male,0,No,No,45,Yes,Yes,DSL,No,Yes,No,Yes,No,No,Two year,Yes,Bank transfer (automatic),59.18,2483.26,No
C04822,Female,0,No,No,1,Yes,No,Fiber optic,Yes,No,No,Yes,Yes,Yes,Month-to-month,Yes,Electronic check,87.13,83.82,Yes
C04823,Female,0,No,No,72,Yes,Yes,Fiber optic,No,No,No,Yes,Yes,No,Month-to-month,Yes,Electronic check,85.29,5618.31,Yes
C04824,Male,0,Yes,Yes,19,Yes,Yes,Fiber optic,No,No,No,Yes,No,No,One year,Yes,Electronic check,80.64,1557.13,Yes
C04825,Male,0,No,Yes,45,Yes,No,DSL,No,Yes,No,No,No,No,Two year,No,Mailed check,49.85,2292.02,No
C04826,Male,0,No,Yes,6,Yes,Yes,Fiber optic,No,No,No,No,Yes,Yes,Month-to-month,Yes,Mailed check,88.14,456.47,Yes
C04827,Male,0,Yes,No,4,Yes,Yes,Fiber optic,No,No,No,Yes,No,No,Month-to-month,No,Bank transfer (automatic),80.5,302.29,Yes
C04828,Female,0,No,No,6,Yes,No,DSL,No,No,Yes,Yes,Yes,No,Month-to-month,No,Mailed check,66.99,403.58,No
C04829,Female,0,Yes,No,6,Yes,No,Fiber optic,No,No,No,Yes,Yes,No,Month-to-month,No,Mailed check,81.83,489.11,No
C04830,Female,0,No,No,23,Yes,No,DSL,No,Yes,No,No,Yes,No,One year,Yes,Electronic check,53.68,1059.53,No
C04831,Male,0,No,No,5,Yes,Yes,DSL,No,No,No,Yes,Yes,Yes,Month-to-month,Yes,Bank transfer (automatic),66.98,310.45,Yes
C04832,Female,0,No,No,61,No,No phone service,Fiber optic,Yes,Yes,No,No,No,Yes,Two year,Yes,Electronic check,61.4,3794.89,No
C04833,Female,0,No,No,0,Yes,No,DSL,No,Yes,No,Yes,No,No,Month-to-month,No,Electronic check,50.5, ,Yes
C04834,Male,0,Yes,No,10,No,No phone service,No,No internet service,No internet service,No internet service,No internet service,No internet service,No internet service,One year,Yes,Mailed check,18.0,161.74,No
C04835,Female,1,No,No,1,Yes,Yes,DSL,No,No,No,No,No,No,One year,Yes,Mailed check,52.97,51.54,No
C04836,Male,0,Yes,No,56,Yes,No,DSL,No,No,No,No,Yes,No,Month-to-month,Yes,Mailed check,49.97,2858.57,No
C04837,Male,1,No,No,0,Yes,No,DSL,No,No,No,No,Yes,No,One year,No,Electronic check,48.35, ,No
C04838,Male,0,Yes,Yes,72,Yes,Yes,No,No internet service,No internet service,No internet service,No internet service,No internet service,No internet service,Two year,No,Mailed check,24.89,1789.36,No
C04839,Male,0,No,No,32,Yes,No,No,No internet service,No internet service,No internet service,No internet service,No internet service,No internet service,Two year,No,Bank transfer (automatic),18.0,569.85,No
C04840,Female,1,No,No,2,Yes,Yes,No,No internet service,No internet service,No internet service,No internet service,No internet service,No internet service,Month-to-month,No,Mailed check,28.57,55.31,Yes
C04841,Male,1,No,No,16,Yes,No,No,No internet service,No internet service,No internet service,No internet service,No internet service,No internet service,Two year,No,Electronic check,24.55,374.85,Yes
C04842,Male,0,Yes,No,40,Yes,No,No,No internet service,No internet service,No internet service,No internet service,No internet service,No internet service,One year,No,Electronic check,28.76,1143.32,No
C04843,Male,0,Yes,Yes,0,Yes,Yes,No,No internet service,No internet service,No internet service,No internet service,No internet service,No internet service,Month-to-month,Yes,Mailed check,28.84, ,No
C04844,Male,0,Yes,No,24,Yes,No,Fiber optic,No,No,No,No,Yes,No,Two year,Yes,Mailed check,69.57,1541.12,No
C04845,Male,0,Yes,Yes,6,No,No phone service,Fiber optic,No,No,Yes,No,No,Yes,One year,No,Electronic check,55.77,350.88,No
C04846,Male,0,No,No,6,Yes,No,DSL,Yes,No,Yes,No,Yes,Yes,Month-to-month,Yes,Electronic check,69.2,380.37,No
C04847,Female,0,No,No,39,Yes,No,No,No internet service,No internet service,No internet service,No internet service,No internet service,No internet service,One year,No,Electronic check,18.0,696.88,No
C04848,Male,0,No,No,4,Yes,Yes,DSL,No,Yes,Yes,Yes,No,No,Two year,Yes,Mailed check,71.41,288.32,No
C04849,Female,0,Yes,No,19,Yes,No,Fiber optic,No,Yes,No,No,Yes,No,One year,No,Electronic check,79.63,1389.35,No
C04850,Male,0,Yes,Yes,17,No,No phone service,DSL,No,No,Yes,No,Yes,Yes,One year,Yes,Credit card (automatic),43.07,627.74,No
C04851,Female,0,Yes,Yes,42,Yes,No,Fiber optic,No,No,Yes,No,No,No,Month-to-month,No,Electronic check,68.72,2867.74,No
C04852,Female,0,No,No,8,Yes,No,No,No internet service,No internet service,No internet service,No internet service,No internet service,No internet service,Month-to-month,Yes,Credit card (automatic),18.67,136.3,Yes
C04853,Male,1,No,No,5,Yes,No,Fiber optic,Yes,No,No,Yes,No,Yes,Month-to-month,Yes,Electronic check,83.61,371.16,No
C04854,Male,0,No,No,6,No,No phone service,No,No internet service,No internet service,No internet service,No internet service,No internet service,No internet service,Month-to-month,No,Credit card (automatic),18.0,92.37,Yes
C04855,Female,0,Yes,Yes,72,Yes,Yes,DSL,Yes,No,Yes,No,No,Yes,One year,Yes,Electronic check,66.51,4087.64,No
C04856,Male,0,No,No,3,Yes,No,Fiber optic,No,Yes,Yes,No,Yes,No,Month-to-month,No,Bank transfer (automatic),89.35,244.22,Yes
C04857,Female,0,No,Yes,36,Yes,No,No,No internet service,No internet service,No internet service,No internet service,No internet service,No internet service,Month-to-month,Yes,Bank transfer (automatic),22.94,753.84,No
C04858,Male,0,Yes,Yes,6,Yes,No,Fiber optic,No,Yes,No,No,Yes,No,One year,No,Bank transfer (automatic),77.16,464.27,No
C04859,Male,0,No,No,65,Yes,Yes,Fiber optic,No,No,No,No,Yes,Yes,Month-to-month,Yes,Mailed check,88.65,5536.54,Yes
C04860,Female,1,No,Yes,6,Yes,No,Fiber optic,No,No,Yes,Yes,Yes,Yes,Month-to-month,Yes,Electronic check,88.14,472.34,No
C04861,Female,1,Yes,No,7,Yes,Yes,Fiber optic,Yes,Yes,No,No,No,No,One year,Yes,Mailed check,80.32,571.05,No
C04862,Male,0,No,No,2,Yes,No,Fiber optic,No,Yes,No,Yes,No,No,One year,No,Mailed check,78.76,163.02,No
C04863,Female,0,No,No,22,Yes,No,DSL,No,No,No,No,Yes,Yes,Month-to-month,Yes,Electronic check,58.61,1305.37,No
C04864,Female,0,No,No,41,Yes,No,DSL,No,Yes,No,Yes,No,No,Two year,Yes,Mailed check,59.28,2225.09,No
C04865,Male,0,Yes,No,59,Yes,No,Fiber optic,No,No,No,Yes,Yes,No,Month-to-month,Yes,Credit card (automatic),75.07,4485.62,Yes
C04866,Male,0,Yes,No,12,Yes,Yes,DSL,No,Yes,No,No,No,Yes,Month-to-month,Yes,Electronic check,68.97,745.96,No
C04867,Male,0,No,No,0,Yes,No,No,No internet service,No internet service,No internet service,No internet service,No internet service,No internet service,One year,Yes,Credit card (automatic),25.21, ,No
C04868,Male,0,Yes,Yes,13,Yes,No,Fiber optic,No,No,No,No,Yes,Yes,Month-to-month,No,Electronic check,78.05,1022.45,Yes
C04869,Female,0,Yes,No,64,Yes,Yes,No,No internet service,No internet service,No internet service,No internet service,No internet service,No internet service,One year,Yes,Bank transfer (automatic),34.66,2124.13,No
C04870,Male,0,Yes,No,36,Yes,No,Fiber optic,Yes,Yes,Yes,Yes,No,No,Two year,No,Mailed check,87.27,2820.71,No
C04871,Male,0,Yes,Yes,58,Yes,No,No,No internet service,No internet service,No internet service,No internet service,No internet service,No internet service,One year,Yes,Electronic check,18.0,999.53,No
C04872,Female,0,No,No,2,Yes,No,DSL,No,Yes,Yes,No,Yes,Yes,One year,Yes,Electronic check,67.24,139.62,No
C04873,Female,0,No,No,5,Yes,No,Fiber optic,No,Yes,No,No,No,Yes,Month-to-month,No,Bank transfer (automatic),76.02,355.01,Yes
C04874,Female,0,Yes,Yes,54,Yes,Yes,DSL,Yes,Yes,No,No,Yes,No,One year,Yes,Credit card (automatic),67.97,3385.06,No
C04875,Female,0,No,No,32,Yes,Yes,DSL,No,No,No,Yes,No,No,One year,Yes,Bank transfer (automatic),56.52,1627.88,No
C04876,Male,0,Yes,No,4,Yes,Yes,DSL,Yes,No,Yes,Yes,Yes,Yes,Month-to-month,Yes,Mailed check,82.03,331.79,Yes
C04877,Female,0,Yes,Yes,54,Yes,Yes,Fiber optic,Yes,Yes,No,No,Yes,No,Two year,No,Bank transfer (automatic),92.15,4858.0,No
C04878,Male,0,Yes,No,1,Yes,No,Fiber optic,No,No,Yes,No,No,Yes,One year,Yes,Electronic check,77.43,74.78,No
C04879,Male,0,Yes,No,4,Yes,No,DSL,,Yes,Yes,No,Yes,No,Month-to-month,Yes,Bank transfer (automatic),62.96,226.42,Yes
C04880,Male,0,Yes,No,40,Yes,Yes,No,No internet service,No internet service,No internet service,No internet service,No internet service,No internet service,Two year,No,Bank transfer (automatic),30.78,1226.15,No
C04881,Female,0,No,No,46,Yes,No,No,No internet service,No internet service,No internet service,No internet service,No internet service,No internet service,Two year,Yes,Credit card (automatic),18.64,811.34,No
C04882,Female,0,Yes,Yes,11,Yes,No,No,No internet service,No internet service,No internet service,No internet service,No internet service,No internet service,Month-to-month,Yes,Bank transfer (automatic),22.87,247.78,Yes
C04883,Male,1,No,No,0,Yes,Yes,Fiber optic,Yes,No,Yes,No,Yes,Yes,Month-to-month,No,Bank transfer (automatic),95.15, ,Yes
C04884,Female,0,Yes,No,0,Yes,No,Fiber optic,Yes,No,No,No,No,Yes,Month-to-month,No,Electronic check,76.61, ,Yes
C04885,Female,0,No,No,72,Yes,No,Fiber optic,No,Yes,Yes,Yes,No,No,One year,Yes,Electronic check,81.36,5834.85,Yes
C04886,Male,1,No,No,60,Yes,No,Fiber optic,Yes,Yes,No,No,Yes,Yes,Two year,No,Electronic check,92.63,5596.89,No
C04887,Female,0,Yes,No,5,Yes,Yes,DSL,No,Yes,No,Yes,No,Yes,Month-to-month,Yes,Electronic check,68.23,319.62,No
C04888,Male,0,No,Yes,14,No,No phone service,No,No internet service,No internet service,No internet service,No internet service,No internet service,No internet service,One year,No,Electronic check,18.0,231.07,No
C04889,Female,0,No,No,14,Yes,Yes,Fiber optic,Yes,No,Yes,Yes,No,No,Two year,Yes,Credit card (automatic),93.53,1268.55,No
C04890,Male,0,Yes,No,43,Yes,No,Fiber optic,Yes,Yes,No,Yes,No,No,Month-to-month,No,Electronic check,80.72,3008.07,Yes
C04891,Male,0,No,No,52,Yes,Yes,DSL,Yes,No,Yes,Yes,Yes,No,Two year,No,Electronic check,76.59,4132.06,No
C04892,Male,0,No,No,61,No,No phone service,Fiber optic,No,No,Yes,Yes,Yes,No,Month-to-month,No,Mailed check,62.82,3578.25,No
C04893,Male,0,Yes,No,7,Yes,Yes,DSL,Yes,No,Yes,No,No,Yes,Month-to-month,No,Mailed check,69.83,423.39,No
C04894,Female,0,No,No,44,No,No phone service,No,No internet service,No internet service,No internet service,No internet service,No internet service,No internet service,One year,No,Electronic check,18.0,701.09,No
C04895,Male,0,Yes,No,72,Yes,Yes,Fiber optic,,No,Yes,No,No,Yes,Two year,Yes,Electronic check,91.35,6284.39,No
C04896,Male,0,No,No,35,Yes,Yes,Fiber optic,No,Yes,No,No,Yes,Yes,Month-to-month,No,Mailed check,91.6,2767.95,No
C04897,Female,0,No,No,60,Yes,No,Fiber optic,Yes,No,Yes,Yes,No,Yes,Two year,Yes,Bank transfer (automatic),93.67,5808.17,No
C04898,Female,0,No,Yes,30,Yes,No,No,No internet service,No internet service,No internet service,No internet service,No internet service,No internet service,Month-to-month,No,Bank transfer (automatic),18.34,490.6,No
C04899,Female,1,No,No,54,Yes,No,DSL,Yes,Yes,Yes,No,Yes,Yes,Two year,Yes,Electronic check,74.25,3958.49,No
C04900,Male,0,No,No,1,Yes,No,Fiber optic,No,No,No,Yes,No,No,Month-to-month,Yes,Electronic check,65.04,60.32,Yes
C04901,Male,0,Yes,Yes,71,Yes,No,Fiber optic,No,Yes,No,No,Yes,No,One year,Yes,Credit card (automatic),80.15,5025.6,No
C04902,Male,0,Yes,No,9,Yes,No,No,No internet service,No internet service,No internet service,No internet service,No internet service,No internet service,One year,Yes,Credit card (automatic),18.0,165.85,No
C04903,Female,0,No,No,11,Yes,Yes,Fiber optic,Yes,No,No,Yes,No,No,Month-to-month,Yes,Electronic check,82.55,828.19,No
C04904,Female,0,Yes,No,66,Yes,Yes,DSL,No,No,Yes,No,Yes,Yes,Two year,No,Bank transfer (automatic),67.83,4493.23,No
C04905,Female,0,No,No,44,Yes,Yes,DSL,Yes,No,No,Yes,No,Yes,Two year,Yes,Mailed check,71.27,2743.73,No
C04906,Female,0,Yes,Yes,30,Yes,No,No,No internet service,No internet service,No internet service,No internet service,No internet service,No internet service,Month-to-month,No,Bank transfer (automatic),18.0,546.68,Yes
C04907,Male,0,Yes,Yes,72,Yes,No,DSL,No,Yes,Yes,No,No,Yes,Month-to-month,Yes,Electronic check,61.2,3902.42,No
C04908,Female,0,Yes,Yes,26,No,No phone service,DSL,No,No,No,Yes,No,No,Two year,Yes,Electronic check,34.55,867.97,No
C04909,Male,0,No,No,53,Yes,No,No,No internet service,No internet service,No internet service,No internet service,No internet service,No internet service,Two year,No,Bank transfer (automatic),21.07,1052.12,No
C04910,Male,1,Yes,No,44,Yes,Yes,No,No internet service,No internet service,No internet service,No internet service,No internet service,No internet service,Two year,No,Mailed check,23.38,953.16,No
C04911,Male,1,Yes,No,14,Yes,No,Fiber optic,No,Yes,Yes,No,No,Yes,One year,Yes,Electronic check,85.5,1232.13,No
C04912,Male,1,No,No,44,Yes,Yes,DSL,Yes,No,No,Yes,No,Yes,Two year,No,Mailed check,74.97,2855.51,No
C04913,Female,0,No,No,1,Yes,No,Fiber optic,Yes,Yes,Yes,Yes,No,Yes,Month-to-month,No,Electronic check,96.2,94.16,No
C04914,Male,1,No,No,1,Yes,No,DSL,No,Yes,Yes,No,No,No,Month-to-month,Yes,Credit card (automatic),57.29,58.1,No
C04915,Female,0,Yes,Yes,1,Yes,Yes,DSL,No,Yes,Yes,No,No,No,One year,Yes,Mailed check,72.64,74.63,No
C04916,Female,0,Yes,No,8,Yes,No,Fiber optic,Yes,Yes,No,No,Yes,No,One year,No,Mailed check,82.71,676.3,No
C04917,Female,0,No,No,16,Yes,No,No,No internet service,No internet service,No internet service,No internet service,No internet service,No internet service,One year,No,Bank transfer (automatic),26.3,412.93,No
C04918,Female,1,Yes,No,5,Yes,No,DSL,No,No,Yes,Yes,No,No,One year,No,Electronic check,62.83,323.35,Yes
C04919,Male,0,Yes,Yes,64,Yes,Yes,Fiber optic,No,No,No,Yes,No,No,Month-to-month,No,Electronic check,73.27,4444.63,No
C04920,Male,0,No,No,7,Yes,Yes,DSL,No,No,No,Yes,Yes,No,Month-to-month,No,Credit card (automatic),67.44,460.85,Yes
C04921,Male,0,Yes,Yes,5,Yes,Yes,DSL,Yes,No,No,Yes,Yes,No,Month-to-month,No,Mailed check,70.14,328.16,Yes
C04922,Male,0,No,No,8,Yes,No,DSL,Yes,No,Yes,Yes,Yes,No,Month-to-month,Yes,Credit card (automatic),69.21,530.63,No
C04923,Female,0,Yes,No,3,No,No phone service,DSL,Yes,Yes,Yes,No,No,Yes,Month-to-month,No,Mailed check,44.02,117.31,Yes
C04924,Male,0,Yes,Yes,64,Yes,Yes,DSL,Yes,No,No,No,No,No,Month-to-month,No,Mailed check,57.74,3319.09,No
C04925,Male,0,Yes,Yes,14,Yes,No,DSL,Yes,Yes,No,Yes,No,No,One year,Yes,Electronic check,69.79,906.04,No
C04926,Male,0,No,No,0,Yes,Yes,DSL,Yes,No,No,No,No,Yes,Month-to-month,No,Mailed check,69.99, ,Yes
C04927,Male,0,No,Yes,72,Yes,No,Fiber optic,No,No,No,No,No,No,One year,Yes,Mailed check,61.96,4565.24,No
C04928,Female,0,No,Yes,48,Yes,No,DSL,Yes,No,Yes,No,No,No,One year,No,Electronic check,55.08,2679.2,No
C04929,Male,0,Yes,No,61,Yes,No,DSL,No,Yes,No,Yes,Yes,No,Month-to-month,No,Electronic check,66.54,3789.12,No
C04930,Female,0,No,Yes,56,Yes,,Fiber optic,No,Yes,No,No,Yes,Yes,One year,Yes,Bank transfer (automatic),81.39,4544.17,No
C04931,Female,0,No,Yes,4,Yes,Yes,Fiber optic,Yes,No,No,No,No,Yes,Month-to-month,Yes,Electronic check,88.75,369.69,Yes
C04932,Female,0,No,No,2,Yes,No,Fiber optic,No,No,No,No,Yes,Yes,Month-to-month,Yes,Electronic check,77.89,162.29,Yes
C04933,Male,0,No,No,30,Yes,No,No,No internet service,No internet service,No internet service,No internet service,No internet service,No internet service,Month-to-month,No,Bank transfer (automatic),22.9,591.93,No
C04934,Female,1,No,No,40,Yes,No,DSL,No,Yes,No,No,Yes,Yes,Two year,Yes,Mailed check,61.12,2299.06,No
C04935,Male,0,No,No,0,Yes,No,Fiber optic,No,Yes,Yes,No,Yes,Yes,Month-to-month,No,Credit card (automatic),82.34, ,Yes
C04936,Male,1,Yes,Yes,37,Yes,No,Fiber optic,No,Yes,Yes,No,No,No,One year,Yes,Bank transfer (automatic),77.04,2723.34,No
C04937,Female,1,No,No,2,Yes,No,Fiber optic,No,No,No,No,No,No,One year,No,Electronic check,66.56,139.72,No
C04938,Female,0,Yes,No,7,Yes,No,DSL,Yes,Yes,Yes,No,No,No,Month-to-month,No,Mailed check,61.5,449.75,No
C04939,Male,0,No,No,9,Yes,No,DSL,No,Yes,No,Yes,Yes,Yes,Month-to-month,Yes,Bank transfer (automatic),72.96,622.3,No
C04940,Female,0,Yes,No,0,Yes,No,Fiber optic,No,No,No,Yes,No,No,One year,Yes,Bank transfer (automatic),73.09, ,Yes
C04941,Male,0,Yes,No,35,Yes,Yes,DSL,Yes,Yes,No,Yes,Yes,Yes,Month-to-month,No,Bank transfer (automatic),77.1,2650.62,No
C04942,Female,0,Yes,Yes,70,Yes,No,No,No internet service,No internet service,No internet service,No internet service,No internet service,No internet service,Two year,No,Credit card (automatic),18.0,1187.26,No
C04943,Female,0,No,Yes,35,Yes,No,DSL,No,Yes,No,No,Yes,No,One year,Yes,Bank transfer (automatic),61.5,1841.14,No
C04944,Female,0,Yes,No,20,Yes,No,Fiber optic,Yes,No,No,Yes,No,No,One year,Yes,Electronic check,76.11,1405.35,No
C04945,Female,0,No,No,60,Yes,Yes,Fiber optic,Yes,Yes,No,No,Yes,No,Two year,Yes,Electronic check,91.06,5509.53,No
C04946,Female,0,No,No,6,Yes,Yes,No,No internet service,No internet service,No internet service,No internet service,No internet service,No internet service,One year,Yes,Mailed check,26.51,137.17,No
C04947,Female,0,Yes,No,6,No,No phone service,DSL,No,Yes,Yes,Yes,Yes,No,Month-to-month,Yes,Mailed check,47.14,253.18,No
C04948,Female,0,No,No,6,Yes,No,Fiber optic,Yes,Yes,No,Yes,Yes,Yes,Month-to-month,No,Electronic check,94.64,558.71,Yes
C04949,Female,0,No,No,24,Yes,No,Fiber optic,Yes,No,Yes,Yes,No,Yes,Month-to-month,Yes,Bank transfer (automatic),91.39,1941.9,No
C04950,Male,1,No,No,13,Yes,Yes,DSL,Yes,Yes,No,Yes,Yes,Yes,One year,No,Mailed check,88.37,1184.7,No
C04951,Female,0,Yes,No,40,Yes,Yes,Fiber optic,No,No,No,No,No,Yes,Two year,No,Mailed check,78.38,2757.36,No
C04952,Male,0,No,No,4,Yes,No,DSL,No,Yes,Yes,Yes,Yes,Yes,Month-to-month,Yes,Electronic check,73.16,279.61,Yes
C04953,Female,1,Yes,Yes,5,Yes,No,No,No internet service,No internet service,No internet service,No internet service,No internet service,No internet service,Month-to-month,Yes,Electronic check,19.09,98.6,Yes
C04954,Male,1,No,No,44,Yes,Yes,No,No internet service,No internet service,No internet service,No internet service,No internet service,No internet service,Two year,Yes,Mailed check,21.83,996.79,No
C04955,Male,0,No,No,4,Yes,Yes,DSL,No,Yes,No,Yes,Yes,Yes,Month-to-month,No,Electronic check,77.73,313.99,No
C04956,Female,0,Yes,No,56,Yes,No,Fiber optic,No,No,Yes,No,No,Yes,Two year,No,Credit card (automatic),75.69,3699.03,No
C04957,Male,0,Yes,No,69,Yes,Yes,DSL,No,No,No,No,No,No,Month-to-month,No,Mailed check,54.7,3235.53,No
C04958,Male,0,No,Yes,9,Yes,Yes,No,No internet service,No internet service,No internet service,No internet service,No internet service,No internet service,Month-to-month,No,Bank transfer (automatic),29.22,249.19,Yes
C04959,Female,0,Yes,Yes,56,Yes,No,DSL,No,No,Yes,Yes,No,Yes,Month-to-month,Yes,Bank transfer (automatic),66.11,3498.02,No
C04960,Male,0,Yes,Yes,51,Yes,No,Fiber optic,No,Yes,No,Yes,Yes,No,Two year,No,Electronic check,83.19,4165.77,No
C04961,Male,0,Yes,No,5,Yes,Yes,No,No internet service,No internet service,No internet service,No internet service,No internet service,No internet service,Month-to-month,No,Mailed check,32.37,151.78,No
C04962,Male,0,No,No,2,Yes,No,DSL,No,No,No,Yes,Yes,Yes,Month-to-month,Yes,Bank transfer (automatic),55.38,98.98,Yes
C04963,Male,0,Yes,Yes,48,Yes,No,No,No internet service,No internet service,No internet service,No internet service,No internet service,No internet service,Two year,No,Credit card (automatic),21.33,1061.56,No
C04964,Male,0,Yes,No,1,Yes,No,Fiber optic,No,No,No,No,Yes,Yes,Month-to-month,Yes,Mailed check,72.48,63.52,Yes
C04965,Male,0,No,No,54,Yes,Yes,Fiber optic,Yes,No,Yes,Yes,No,No,Two year,No,Electronic check,93.32,4385.56,No
C04966,Male,0,No,No,1,Yes,No,DSL,No,No,No,Yes,No,No,One year,No,Mailed check,56.01,48.58,Yes
C04967,Male,0,No,No,52,Yes,Yes,Fiber optic,Yes,Yes,Yes,No,Yes,No,Month-to-month,Yes,Credit card (automatic),93.74,4871.88,Yes
C04968,Male,0,No,No,8,Yes,No,Fiber optic,No,No,No,No,No,Yes,Month-to-month,No,Electronic check,72.52,605.97,Yes
C04969,Female,0,Yes,No,59,Yes,No,Fiber optic,No,Yes,No,Yes,No,Yes,One year,Yes,Mailed check,83.9,4750.03,No
C04970,Female,0,Yes,Yes,35,Yes,Yes,Fiber optic,Yes,Yes,No,No,Yes,Yes,One year,Yes,Mailed check,94.1,2910.82,No
C04971,Male,0,Yes,Yes,21,Yes,Yes,Fiber optic,No,No,No,Yes,No,No,Two year,Yes,Mailed check,77.82,1546.9,No
C04972,Male,1,Yes,Yes,65,Yes,No,Fiber optic,No,No,Yes,Yes,Yes,No,Two year,Yes,Credit card (automatic),82.97,4635.82,No
C04973,Female,0,Yes,No,32,Yes,Yes,Fiber optic,No,No,Yes,No,Yes,No,Month-to-month,Yes,Credit card (automatic),83.06,2341.98,No
C04974,Female,0,No,Yes,25,No,No phone service,Fiber optic,Yes,Yes,No,No,No,No,Month-to-month,Yes,Mailed check,58.57,1377.27,No
C04975,Male,0,Yes,No,7,Yes,No,No,No internet service,No internet service,No internet service,No internet service,No internet service,No internet service,Month-to-month,No,Credit card (automatic),22.34,163.4,No
C04976,Male,0,Yes,No,1,Yes,No,Fiber optic,No,Yes,No,Yes,Yes,Yes,Month-to-month,Yes,Electronic check,85.59,83.56,Yes
C04977,Male,0,No,No,43,Yes,No,DSL,No,No,No,Yes,No,No,Two year,Yes,Mailed check,51.1,2107.78,No
C04978,Female,0,Yes,No,28,No,No phone service,No,No internet service,No internet service,No internet service,No internet service,No internet service,No internet service,One year,No,Electronic check,18.0,527.35,No
C04979,Female,1,No,No,37,Yes,No,No,No internet service,No internet service,No internet service,No internet service,No internet service,No internet service,Two year,Yes,Electronic check,23.07,794.84,No
C04980,Female,0,Yes,No,0,Yes,No,No,No internet service,No internet service,No internet service,No internet service,No internet service,No internet service,Month-to-month,Yes,Credit card (automatic),18.85, ,No
C04981,Male,0,No,No,1,Yes,Yes,DSL,No,Yes,Yes,No,No,No,Month-to-month,Yes,Credit card (automatic),59.01,55.12,Yes
C04982,Male,0,Yes,No,0,Yes,No,Fiber optic,No,No,Yes,No,No,No,Month-to-month,No,Credit card (automatic),76.92, ,Yes
C04983,Male,0,Yes,No,40,Yes,Yes,DSL,No,Yes,No,No,Yes,Yes,One year,No,Credit card (automatic),67.87,2383.16,No
C04984,Male,0,No,No,3,Yes,No,No,No internet service,No internet service,No internet service,No internet service,No internet service,No internet service,Month-to-month,Yes,Electronic check,18.0,47.06,Yes
C04985,Male,0,Yes,No,5,Yes,No,Fiber optic,Yes,No,Yes,Yes,Yes,Yes,Month-to-month,No,Electronic check,102.53,501.89,Yes
C04986,Female,0,Yes,No,0,No,No phone service,DSL,No,No,No,No,Yes,Yes,Month-to-month,Yes,Electronic check,35.21, ,Yes
C04987,Male,0,Yes,No,72,Yes,No,DSL,No,No,Yes,Yes,No,No,Two year,Yes,Mailed check,58.47,4074.47,No
C04988,Female,1,No,No,6,Yes,Yes,No,No internet service,No internet service,No internet service,No internet service,No internet service,No internet service,Month-to-month,Yes,Credit card (automatic),26.7,156.9,Yes
C04989,Male,0,Yes,Yes,38,Yes,No,Fiber optic,Yes,Yes,Yes,No,Yes,Yes,One year,Yes,Credit card (automatic),94.2,3159.98,Yes
C04990,Male,1,No,No,56,Yes,Yes,Fiber optic,No,No,No,Yes,No,No,One year,Yes,Bank transfer (automatic),75.58,4280.86,No
C04991,Female,0,No,No,3,Yes,Yes,DSL,No,No,Yes,Yes,No,Yes,Month-to-month,No,Credit card (automatic),76.6,232.64,No
C04992,Female,1,No,No,35,Yes,No,DSL,Yes,Yes,No,No,Yes,No,Month-to-month,Yes,Credit card (automatic),68.83,2058.75,No
C04993,Male,0,No,No,2,Yes,Yes,Fiber optic,No,Yes,Yes,Yes,No,Yes,Month-to-month,Yes,Bank transfer (automatic),100.87,174.07,No
C04994,Female,0,Yes,No,28,Yes,Yes,DSL,No,No,Yes,No,No,Yes,One year,No,Credit card (automatic),71.24,1802.76,No
C04995,Male,0,No,Yes,17,Yes,Yes,DSL,No,No,No,No,No,Yes,Month-to-month,Yes,Credit card (automatic),65.16,1115.3,No
C04996,Male,0,Yes,No,58,Yes,Yes,Fiber optic,Yes,Yes,No,No,No,Yes,One year,No,Mailed check,92.25,5383.05,No
C04997,Male,0,Yes,Yes,59,Yes,No,DSL,No,Yes,Yes,No,Yes,Yes,One year,No,Electronic check,68.8,3719.3,No
C04998,Male,0,No,No,1,Yes,No,No,No internet service,No internet service,No internet service,No internet service,No internet service,No internet service,Month-to-month,No,Electronic check,19.88,20.21,Yes
C04999,Female,0,No,No,0,Yes,Yes,Fiber optic,No,Yes,No,No,No,Yes,Month-to-month,Yes,Credit card (automatic),81.38, ,Yes
C05000,Male,0,Yes,Yes,0,Yes,No,DSL,No,No,Yes,Yes,No,Yes,One year,Yes,Electronic check,58.75, ,Yes
C05001,Female,0,No,No,12,Yes,No,DSL,No,Yes,No,No,Yes,No,One year,Yes,Electronic check,56.19,697.56,No
C05002,Female,0,No,Yes,72,Yes,No,Fiber optic,Yes,Yes,No,Yes,Yes,Yes,One year,Yes,Bank transfer (automatic),104.51,7819.01,No
C05003,Male,1,Yes,No,72,Yes,No,Fiber optic,No,No,No,Yes,Yes,No,One year,Yes,Electronic check,80.08,5401.62,No
C05004,Male,0,No,No,17,Yes,Yes,Fiber optic,No,Yes,Yes,Yes,Yes,Yes,One year,Yes,Credit card (automatic),99.93,1591.86,No
C05005,Male,0,No,No,72,Yes,No,Fiber optic,No,Yes,No,No,Yes,Yes,Two year,Yes,Electronic check,85.44,5435.02,No
C05006,Female,0,No,No,69,Yes,Yes,Fiber optic,,Yes,Yes,No,No,Yes,Month-to-month,No,Credit card (automatic),91.97,5911.73,No
C05007,Female,1,No,No,20,Yes,No,Fiber optic,Yes,No,Yes,No,No,No,Month-to-month,Yes,Mailed check,75.5,1538.94,No
C05008,Female,0,Yes,No,72,Yes,Yes,DSL,No,No,No,Yes,No,Yes,Two year,Yes,Mailed check,60.56,3910.96,No
C05009,Male,0,No,No,72,Yes,No,DSL,Yes,No,No,Yes,No,No,Month-to-month,Yes,Mailed check,55.21,4088.29,No
C05010,Male,1,Yes,No,52,Yes,Yes,DSL,No,No,Yes,No,No,No,Two year,No,Mailed check,59.34,2794.03,No
C05011,Female,0,No,No,43,Yes,No,Fiber optic,No,No,No,No,Yes,Yes,Two year,No,Electronic check,75.97,3153.16,No
C05012,Male,1,No,No,24,Yes,,DSL,No,Yes,No,No,No,Yes,One year,Yes,Credit card (automatic),56.52,1355.06,No
C05013,Female,0,No,No,50,Yes,No,DSL,No,No,No,No,Yes,No,Month-to-month,Yes,Bank transfer (automatic),55.0,2451.88,No
C05014,Male,0,Yes,No,0,Yes,No,DSL,No,No,No,No,No,No,One year,No,Electronic check,43.92, ,Yes
C05015,Male,0,Yes,No,36,Yes,Yes,No,No internet service,No internet service,No internet service,No internet service,No internet service,No internet service,Month-to-month,No,Mailed check,24.28,759.39,No
C05016,Female,1,No,No,4,Yes,Yes,DSL,No,No,No,Yes,No,Yes,Month-to-month,No,Credit card (automatic),57.78,237.61,Yes
C05017,Male,1,Yes,Yes,20,Yes,No,Fiber optic,No,No,Yes,No,Yes,Yes,Month-to-month,No,Credit card (automatic),82.24,1514.31,Yes
C05018,Female,0,Yes,No,10,Yes,No,No,No internet service,No internet service,No internet service,No internet service,No internet service,No internet service,Month-to-month,Yes,Mailed check,19.77,184.62,No
C05019,Male,0,Yes,Yes,72,Yes,No,No,No internet service,No internet service,No internet service,No internet service,No internet service,No internet service,Two year,Yes,Bank transfer (automatic),20.23,1500.49,No
C05020,Female,0,No,No,72,No,No phone service,No,No internet service,No internet service,No internet service,No internet service,No internet service,No internet service,One year,Yes,Bank transfer (automatic),18.0,1320.62,No
C05021,Female,0,Yes,Yes,25,Yes,No,Fiber optic,Yes,No,Yes,No,Yes,No,One year,Yes,Electronic check,84.85,2207.57,No
C05022,Female,0,No,Yes,42,Yes,No,DSL,No,Yes,Yes,Yes,Yes,Yes,Two year,No,Electronic check,75.61,3119.17,No
C05023,Female,0,Yes,Yes,46,Yes,No,Fiber optic,No,No,Yes,No,Yes,No,One year,No,Credit card (automatic),76.63,3091.37,No
C05024,Female,0,No,Yes,72,Yes,No,Fiber optic,No,Yes,Yes,No,Yes,No,Two year,Yes,Mailed check,79.64,5034.82,No
C05025,Female,0,Yes,No,45,Yes,No,Fiber optic,No,No,Yes,Yes,No,Yes,One year,Yes,Electronic check,77.83,3208.39,No
C05026,Male,1,Yes,No,1,No,No phone service,Fiber optic,No,Yes,Yes,No,No,No,One year,Yes,Bank transfer (automatic),60.62,54.45,No
C05027,Male,0,Yes,Yes,28,Yes,Yes,DSL,No,No,Yes,Yes,No,Yes,Month-to-month,Yes,Electronic check,71.67,1818.68,Yes
C05028,Female,0,Yes,Yes,6,Yes,No,DSL,No,No,No,No,Yes,Yes,Month-to-month,No,Credit card (automatic),55.95,303.55,Yes
C05029,Male,0,No,Yes,2,No,No phone service,Fiber optic,,No,No,No,Yes,No,One year,Yes,Credit card (automatic),50.65,94.75,Yes
C05030,Male,0,No,No,0,Yes,Yes,No,No internet service,No internet service,No internet service,No internet service,No internet service,No internet service,One year,No,Bank transfer (automatic),27.75, ,Yes
C05031,Female,0,No,No,0,Yes,No,Fiber optic,No,No,Yes,No,Yes,No,Month-to-month,Yes,Bank transfer (automatic),75.3, ,Yes
C05032,Male,0,No,No,3,Yes,No,DSL,Yes,No,No,No,Yes,Yes,Month-to-month,Yes,Electronic check,58.46,172.73,Yes
C05033,Female,0,No,No,13,Yes,No,No,No internet service,No internet service,No internet service,No internet service,No internet service,No internet service,Two year,No,Mailed check,18.44,224.12,No
C05034,Female,0,No,No,1,No,No phone service,Fiber optic,No,No,Yes,Yes,No,Yes,One year,No,Credit card (automatic),61.0,60.09,Yes
C05035,Male,1,No,Yes,58,Yes,Yes,No,No internet service,No internet service,No internet service,No internet service,No internet service,No internet service,Two year,Yes,Mailed check,25.01,1392.78,No
C05036,Female,0,Yes,Yes,29,Yes,No,No,No internet service,No internet service,No internet service,No internet service,No internet service,No internet service,Month-to-month,Yes,Electronic check,18.44,559.97,No
C05037,Male,0,Yes,Yes,2,Yes,Yes,Fiber optic,No,No,Yes,No,Yes,No,Month-to-month,No,Mailed check,88.13,165.2,Yes
C05038,Female,0,No,No,23,Yes,No,No,No internet service,No internet service,No internet service,No internet service,No internet service,No internet service,Two year,Yes,Electronic check,22.08,440.13,No
C05039,Female,0,No,No,8,Yes,No,Fiber optic,No,No,Yes,Yes,Yes,Yes,Month-to-month,Yes,Mailed check,86.72,723.28,Yes
C05040,Male,0,No,No,63,No,No phone service,No,No internet service,No internet service,No internet service,No internet service,No internet service,No internet service,Two year,Yes,Credit card (automatic),18.0,1064.39,No
C05041,Male,0,Yes,Yes,8,Yes,Yes,DSL,No,Yes,No,No,No,No,Month-to-month,No,Mailed check,58.25,472.16,No
C05042,Male,1,No,No,39,Yes,No,No,No internet service,No internet service,No internet service,No internet service,No internet service,No internet service,Two year,No,Credit card (automatic),21.92,796.52,No
C05043,Male,0,Yes,No,4,Yes,No,Fiber optic,No,Yes,Yes,No,No,No,Month-to-month,Yes,Mailed check,76.69,317.9,Yes
C05044,Male,0,Yes,No,22,Yes,No,DSL,No,No,Yes,No,No,Yes,Month-to-month,Yes,Mailed check,54.88,1212.6,No
C05045,Female,0,No,No,5,Yes,No,Fiber optic,No,No,Yes,Yes,Yes,Yes,Month-to-month,No,Mailed check,81.22,387.36,Yes
C05046,Male,0,No,Yes,1,Yes,Yes,DSL,No,Yes,Yes,Yes,Yes,No,One year,No,Bank transfer (automatic),78.87,77.13,No
C05047,Female,0,Yes,No,32,Yes,Yes,Fiber optic,No,Yes,Yes,No,Yes,Yes,One year,Yes,Bank transfer (automatic),97.22,2695.44,No
C05048,Male,0,Yes,No,41,Yes,Yes,Fiber optic,No,No,No,No,No,Yes,Two year,Yes,Electronic check,75.92,3203.85,No
C05049,Female,0,No,No,4,Yes,No,Fiber optic,Yes,No,No,No,Yes,Yes,Two year,No,Electronic check,79.93,303.84,Yes
C05050,Male,0,Yes,Yes,19,Yes,Yes,Fiber optic,No,Yes,Yes,No,Yes,Yes,Month-to-month,Yes,Mailed check,101.32,1776.51,No
C05051,Male,0,Yes,Yes,21,No,No phone service,Fiber optic,No,No,Yes,No,Yes,Yes,Two year,Yes,Bank transfer (automatic),66.48,1292.64,No
C05052,Female,0,No,No,2,Yes,No,No,No internet service,No internet service,No internet service,No internet service,No internet service,No internet service,Month-to-month,No,Electronic check,25.52,45.93,Yes
C05053,Male,0,No,Yes,2,Yes,No,No,No internet service,No internet service,No internet service,No internet service,No internet service,No internet service,Month-to-month,Yes,Electronic check,19.28,39.36,Yes
C05054,Female,1,Yes,No,40,Yes,Yes,DSL,No,Yes,Yes,Yes,No,Yes,One year,Yes,Bank transfer (automatic),80.02,2942.58,No
C05055,Male,0,No,Yes,0,No,No phone service,DSL,No,Yes,No,No,Yes,Yes,Two year,No,Mailed check,37.9, ,No
C05056,Female,0,No,No,72,Yes,No,DSL,No,Yes,Yes,No,No,Yes,Two year,Yes,Bank transfer (automatic),59.36,3831.46,No
C05057,Female,1,Yes,Yes,54,Yes,Yes,Fiber optic,No,Yes,Yes,No,No,No,Month-to-month,Yes,Electronic check,86.61,4203.71,Yes
C05058,Female,0,Yes,No,61,Yes,No,DSL,No,No,Yes,Yes,No,No,Two year,Yes,Credit card (automatic),48.97,2671.84,No
C05059,Male,0,Yes,No,22,Yes,Yes,Fiber optic,No,No,No,No,Yes,Yes,One year,No,Credit card (automatic),81.31,1782.94,Yes
C05060,Male,0,Yes,No,54,Yes,No,No,No internet service,No internet service,No internet service,No internet service,No internet service,No internet service,Two year,Yes,Electronic check,18.69,921.3,No
C05061,Male,0,No,No,3,Yes,No,Fiber optic,Yes,Yes,No,Yes,Yes,No,Month-to-month,No,Electronic check,90.02,233.62,Yes
C05062,Male,0,Yes,No,26,Yes,No,Fiber optic,Yes,Yes,No,Yes,Yes,No,Month-to-month,No,Mailed check,92.65,2288.7,No
C05063,Male,0,No,No,49,No,No phone service,DSL,No,Yes,Yes,No,Yes,No,Month-to-month,No,Electronic check,43.99,1869.45,Yes
C05064,Female,0,Yes,Yes,11,Yes,Yes,DSL,Yes,No,No,Yes,No,No,Month-to-month,Yes,Electronic check,63.17,725.43,Yes
C05065,Female,0,No,No,36,Yes,Yes,DSL,No,No,Yes,Yes,Yes,Yes,Month-to-month,No,Credit card (automatic),72.94,2489.79,No
C05066,Female,0,No,No,27,Yes,No,DSL,No,No,No,Yes,Yes,No,One year,Yes,Bank transfer (automatic),56.88,1441.62,No
C05067,Male,1,No,No,5,Yes,No,Fiber optic,Yes,Yes,No,No,Yes,Yes,Month-to-month,Yes,Credit card (automatic),90.77,454.28,Yes
C05068,Male,0,No,No,1,Yes,Yes,No,No internet service,No internet service,No internet service,No internet service,No internet service,No internet service,Month-to-month,Yes,Credit card (automatic),26.35,27.0,Yes
C05069,Male,0,Yes,No,24,Yes,No,No,No internet service,No internet service,No internet service,No internet service,No internet service,No internet service,Two year,No,Electronic check,18.98,457.49,No
C05070,Male,0,Yes,No,48,Yes,No,No,No internet service,No internet service,No internet service,No internet service,No internet service,No internet service,One year,Yes,Credit card (automatic),22.78,989.35,No
C05071,Male,0,No,No,14,Yes,Yes,DSL,No,No,No,No,Yes,Yes,Month-to-month,No,Mailed check,65.38,925.33,No
C05072,Male,0,No,Yes,27,Yes,No,Fiber optic,,Yes,Yes,No,No,Yes,Month-to-month,Yes,Mailed check,85.17,2113.1,Yes
C05073,Female,0,No,No,70,Yes,No,DSL,No,Yes,Yes,Yes,No,No,One year,No,Mailed check,65.97,4698.23,No
C05074,Female,0,Yes,No,8,Yes,Yes,DSL,No,Yes,Yes,No,Yes,Yes,Month-to-month,Yes,Bank transfer (automatic),74.24,602.41,No
C05075,Male,1,Yes,Yes,1,Yes,No,DSL,No,Yes,No,Yes,Yes,No,Month-to-month,Yes,Mailed check,59.06,57.18,No
C05076,Male,0,Yes,Yes,1,Yes,,Fiber optic,No,No,No,No,No,Yes,Month-to-month,No,Electronic check,65.99,67.99,Yes
C05077,Male,1,No,No,1,Yes,No,Fiber optic,No,No,No,No,No,No,Month-to-month,Yes,Mailed check,60.47,55.59,Yes
C05078,Male,0,Yes,Yes,22,Yes,Yes,No,No internet service,No internet service,No internet service,No internet service,No internet service,No internet service,Two year,Yes,Bank transfer (automatic),25.49,548.27,No
C05079,Female,0,Yes,Yes,71,Yes,Yes,DSL,No,Yes,Yes,Yes,No,No,Month-to-month,No,Mailed check,77.99,5051.83,Yes
C05080,Male,1,No,No,43,Yes,No,Fiber optic,Yes,Yes,No,Yes,No,Yes,Month-to-month,Yes,Credit card (automatic),86.04,3319.03,Yes
C05081,Female,1,Yes,No,29,Yes,Yes,Fiber optic,No,No,No,No,Yes,No,One year,Yes,Credit card (automatic),74.83,1956.24,Yes
C05082,Male,0,No,No,7,Yes,No,Fiber optic,Yes,Yes,No,Yes,Yes,Yes,Month-to-month,No,Mailed check,93.86,595.58,No
C05083,Male,0,Yes,Yes,72,Yes,Yes,Fiber optic,No,Yes,No,Yes,No,No,Two year,Yes,Bank transfer (automatic),75.34,5323.57,No
C05084,Female,1,No,No,45,Yes,No,DSL,No,Yes,No,No,No,No,Two year,Yes,Credit card (automatic),45.93,1859.59,No
C05085,Male,0,Yes,Yes,2,Yes,Yes,Fiber optic,Yes,Yes,No,No,No,Yes,Month-to-month,Yes,Bank transfer (automatic),90.79,180.43,Yes
C05086,Female,0,No,Yes,7,Yes,No,DSL,Yes,Yes,No,No,No,Yes,Month-to-month,Yes,Mailed check,67.29,470.32,Yes
C05087,Male,0,No,No,4,Yes,Yes,DSL,Yes,Yes,No,No,No,No,Month-to-month,No,Bank transfer (automatic),58.88,213.92,Yes
C05088,Female,0,Yes,Yes,8,No,No phone service,DSL,No,No,Yes,No,No,Yes,Two year,No,Mailed check,38.81,302.81,No
C05089,Male,0,Yes,No,72,Yes,Yes,Fiber optic,No,No,Yes,No,No,Yes,Two year,No,Electronic check,81.75,5383.45,No
C05090,Male,0,No,Yes,7,Yes,Yes,No,No internet service,No internet service,No internet service,No internet service,No internet service,No internet service,Month-to-month,Yes,Bank transfer (automatic),31.9,194.03,Yes
C05091,Female,0,No,No,7,Yes,Yes,DSL,No,Yes,Yes,No,No,Yes,Month-to-month,No,Electronic check,68.78,462.87,Yes
C05092,Male,0,Yes,No,1,Yes,No,Fiber optic,No,No,Yes,No,No,Yes,Month-to-month,Yes,Electronic check,77.91,75.68,Yes
C05093,Male,0,No,No,3,Yes,Yes,DSL,No,No,Yes,Yes,Yes,Yes,Month-to-month,Yes,Mailed check,73.88,200.8,Yes
C05094,Female,0,Yes,No,6,Yes,No,DSL,No,No,No,No,Yes,Yes,Month-to-month,Yes,Mailed check,53.99,334.98,No
C05095,Female,0,Yes,No,0,Yes,Yes,Fiber optic,No,Yes,No,No,Yes,No,Two year,Yes,Electronic check,88.11, ,No
C05096,Female,0,Yes,No,46,Yes,No,No,No internet service,No internet service,No internet service,No internet service,No internet service,No internet service,Two year,Yes,Credit card (automatic),20.24,918.04,No
C05097,Female,0,Yes,Yes,0,Yes,Yes,DSL,No,No,No,No,Yes,No,Month-to-month,Yes,Credit card (automatic),64.58, ,Yes
C05098,Female,1,Yes,No,57,Yes,Yes,DSL,Yes,Yes,No,Yes,Yes,No,Month-to-month,Yes,Mailed check,72.86,4316.19,No
C05099,Female,0,Yes,Yes,51,Yes,No,No,No internet service,No internet service,No internet service,No internet service,No internet service,No internet service,One year,No,Bank transfer (automatic),18.0,951.56,No
C05100,Female,0,Yes,Yes,15,Yes,Yes,Fiber optic,No,No,Yes,No,No,Yes,One year,No,Credit card (automatic),85.89,1153.54,No
C05101,Male,0,Yes,No,17,Yes,No,DSL,No,Yes,No,No,Yes,No,Month-to-month,Yes,Electronic check,51.16,843.18,Yes
C05102,Male,0,No,No,21,Yes,No,DSL,No,No,Yes,Yes,No,Yes,One year,Yes,Electronic check,68.68,1327.85,No
C05103,Female,0,No,No,24,Yes,No,No,No internet service,No internet service,No internet service,No internet service,No internet service,No internet service,One year,Yes,Bank transfer (automatic),20.35,494.7,No
C05104,Female,0,Yes,Yes,8,Yes,Yes,No,No internet service,No internet service,No internet service,No internet service,No internet service,No internet service,Month-to-month,Yes,Mailed check,28.33,232.43,Yes
C05105,Male,0,Yes,No,3,Yes,Yes,Fiber optic,Yes,Yes,Yes,No,No,Yes,Month-to-month,Yes,Electronic check,97.7,280.46,Yes
C05106,Male,0,No,No,7,Yes,Yes,DSL,Yes,Yes,No,Yes,No,No,Month-to-month,Yes,Bank transfer (automatic),64.46,400.74,Yes
C05107,Male,0,No,No,26,Yes,Yes,Fiber optic,No,No,No,No,No,Yes,One year,No,Credit card (automatic),77.7,2116.5,No
C05108,Female,0,No,No,0,Yes,No,Fiber optic,No,Yes,Yes,Yes,No,Yes,One year,Yes,Electronic check,95.22, ,No
C05109,Female,0,Yes,Yes,2,Yes,No,DSL,No,No,Yes,No,Yes,Yes,Month-to-month,Yes,Mailed check,63.22,125.29,Yes
C05110,Male,0,Yes,Yes,7,Yes,No,DSL,No,No,No,Yes,Yes,Yes,One year,No,Credit card (automatic),63.63,386.99,No
C05111,Female,0,Yes,No,64,Yes,No,DSL,,No,No,No,No,No,One year,No,Bank transfer (automatic),52.85,3159.37,Yes
C05112,Female,0,No,No,18,Yes,No,DSL,No,Yes,No,No,Yes,No,One year,Yes,Credit card (automatic),60.94,1035.96,No
C05113,Female,0,Yes,No,14,Yes,No,Fiber optic,Yes,Yes,Yes,No,No,No,Month-to-month,Yes,Mailed check,79.08,990.86,No
C05114,Male,0,Yes,Yes,72,Yes,Yes,Fiber optic,No,No,No,No,No,Yes,One year,Yes,Bank transfer (automatic),81.91,5307.48,No
C05115,Female,0,Yes,Yes,63,Yes,Yes,No,No internet service,No internet service,No internet service,No internet service,No internet service,No internet service,One year,Yes,Electronic check,31.68,1722.42,No
C05116,Female,0,No,No,72,Yes,Yes,No,No internet service,No internet service,No internet service,No internet service,No internet service,No internet service,Two year,No,Electronic check,25.16,1848.28,No
C05117,Female,0,Yes,Yes,68,Yes,Yes,No,No internet service,No internet service,No internet service,No internet service,No internet service,No internet service,Month-to-month,Yes,Electronic check,22.33,1340.91,No
C05118,Male,0,No,No,3,Yes,No,DSL,Yes,No,Yes,No,No,Yes,Month-to-month,No,Credit card (automatic),58.15,162.69,Yes
C05119,Female,0,Yes,No,8,No,No phone service,Fiber optic,No,No,Yes,No,No,Yes,Month-to-month,No,Bank transfer (automatic),59.19,471.64,Yes
C05120,Female,0,Yes,No,12,Yes,Yes,DSL,No,No,Yes,Yes,Yes,No,One year,Yes,Mailed check,67.55,778.03,No
C05121,Male,0,Yes,Yes,13,Yes,Yes,Fiber optic,Yes,No,No,No,Yes,Yes,Month-to-month,Yes,Bank transfer (automatic),92.17,1252.25,Yes
C05122,Male,0,No,No,31,Yes,No,DSL,Yes,No,Yes,No,Yes,No,Month-to-month,Yes,Credit card (automatic),63.94,1906.03,Yes
C05123,Female,1,Yes,Yes,3,Yes,No,Fiber optic,No,No,No,No,Yes,Yes,Month-to-month,Yes,Bank transfer (automatic),76.69,204.74,Yes
C05124,Female,1,Yes,No,49,Yes,Yes,DSL,Yes,No,No,No,No,Yes,One year,Yes,Electronic check,68.62,2995.3,No
C05125,Male,0,No,No,41,Yes,No,Fiber optic,Yes,No,No,Yes,Yes,No,Month-to-month,Yes,Electronic check,82.2,3420.8,Yes
C05126,Male,0,Yes,No,0,Yes,No,Fiber optic,Yes,No,Yes,No,Yes,Yes,Month-to-month,No,Electronic check,86.21, ,Yes
C05127,Male,0,Yes,Yes,23,Yes,Yes,DSL,No,No,Yes,No,No,Yes,One year,No,Bank transfer (automatic),65.84,1341.07,No
C05128,Female,0,Yes,Yes,5,Yes,No,No,No internet service,No internet service,No internet service,No internet service,No internet service,No internet service,Two year,Yes,Credit card (automatic),20.2,89.12,No
C05129,Female,1,No,No,19,Yes,No,DSL,Yes,Yes,Yes,No,No,No,One year,Yes,Mailed check,62.85,1036.76,No
C05130,Male,0,Yes,Yes,68,Yes,No,DSL,No,No,Yes,No,Yes,No,Two year,No,Bank transfer (automatic),63.0,3840.6,No
C05131,Male,0,No,No,6,Yes,No,Fiber optic,No,Yes,No,Yes,No,No,Month-to-month,No,Bank transfer (automatic),71.25,376.0,Yes
C05132,Male,0,No,No,7,Yes,Yes,Fiber optic,No,Yes,Yes,No,Yes,No,Month-to-month,No,Electronic check,90.66,541.97,No
C05133,Male,0,No,No,39,Yes,No,No,No internet service,No internet service,No internet service,No internet service,No internet service,No internet service,Two year,Yes,Mailed check,18.0,722.22,No
C05134,Female,1,Yes,No,12,Yes,No,Fiber optic,Yes,No,Yes,Yes,No,Yes,Month-to-month,No,Electronic check,90.59,1094.69,No
C05135,Male,0,No,No,46,Yes,No,DSL,No,No,No,Yes,No,No,Two year,Yes,Mailed check,56.22,2372.17,No
C05136,Male,0,No,No,7,Yes,Yes,Fiber optic,Yes,No,Yes,No,Yes,Yes,Month-to-month,No,Electronic check,86.31,515.82,Yes
C05137,Male,0,No,No,23,Yes,No,No,No internet service,No internet service,No internet service,No internet service,No internet service,No internet service,One year,No,Credit card (automatic),20.64,434.3,No
C05138,Male,0,Yes,No,1,Yes,No,DSL,No,No,Yes,No,Yes,Yes,Two year,No,Mailed check,66.29,59.61,No
C05139,Female,0,No,No,6,Yes,No,DSL,No,Yes,Yes,Yes,Yes,Yes,One year,Yes,Credit card (automatic),79.86,498.76,No
C05140,Female,0,No,No,65,Yes,No,No,No internet service,No internet service,No internet service,No internet service,No internet service,No internet service,Two year,No,Mailed check,18.0,1105.22,No
C05141,Female,0,No,Yes,1,Yes,No,No,No internet service,No internet service,No internet service,No internet service,No internet service,No internet service,One year,No,Credit card (automatic),19.49,18.68,No
C05142,Male,1,Yes,Yes,72,Yes,No,No,No internet service,No internet service,No internet service,No internet service,No internet service,No internet service,One year,No,Electronic check,21.11,1311.07,No
C05143,Female,0,No,No,0,Yes,No,DSL,No,Yes,No,No,Yes,Yes,Month-to-month,Yes,Electronic check,61.01, ,Yes
C05144,Male,0,No,Yes,5,Yes,No,No,No internet service,No internet service,No internet service,No internet service,No internet service,No internet service,Month-to-month,Yes,Electronic check,19.28,87.01,No
C05145,Female,0,No,No,72,Yes,Yes,DSL,No,Yes,No,No,Yes,No,One year,Yes,Credit card (automatic),69.23,4553.26,No
C05146,Female,0,No,Yes,1,Yes,Yes,Fiber optic,No,Yes,No,Yes,Yes,No,Month-to-month,Yes,Electronic check,89.22,93.08,No
C05147,Male,0,No,Yes,15,Yes,Yes,DSL,No,No,No,No,No,Yes,Month-to-month,Yes,Electronic check,63.84,998.03,No
C05148,Female,0,Yes,No,32,Yes,Yes,Fiber optic,Yes,No,Yes,No,Yes,Yes,Two year,Yes,Mailed check,97.64,2924.58,No
C05149,Male,0,Yes,No,2,Yes,No,No,No internet service,No internet service,No internet service,No internet service,No internet service,No internet service,Month-to-month,No,Credit card (automatic),20.21,39.07,Yes
C05150,Female,0,Yes,Yes,1,Yes,No,DSL,No,No,No,Yes,No,No,Month-to-month,No,Bank transfer (automatic),49.98,48.55,Yes
C05151,Male,1,No,No,72,Yes,No,DSL,Yes,No,Yes,No,No,No,Two year,Yes,Electronic check,53.81,3716.86,No
C05152,Male,0,Yes,Yes,12,Yes,No,Fiber optic,Yes,No,Yes,Yes,Yes,Yes,One year,Yes,Mailed check,93.94,989.34,No
C05153,Male,0,No,No,12,Yes,Yes,No,No internet service,No internet service,No internet service,No internet service,No internet service,No internet service,Two year,Yes,Mailed check,24.9,304.97,No
C05154,Male,0,No,No,42,Yes,Yes,Fiber optic,Yes,No,No,No,Yes,Yes,One year,Yes,Credit card (automatic),90.41,3824.36,No
C05155,Male,0,No,No,2,Yes,Yes,Fiber optic,No,No,No,No,Yes,Yes,Month-to-month,Yes,Mailed check,86.35,177.89,Yes
C05156,Male,1,No,No,1,Yes,No,No,No internet service,No internet service,No internet service,No internet service,No internet service,No internet service,Month-to-month,No,Electronic check,24.8,21.66,Yes
C05157,Female,0,No,No,55,Yes,Yes,Fiber optic,No,Yes,No,Yes,Yes,Yes,Two year,No,Electronic check,100.14,5360.17,No
C05158,Male,0,Yes,Yes,55,Yes,Yes,Fiber optic,Yes,No,Yes,Yes,No,No,Two year,Yes,Credit card (automatic),92.85,4693.95,No
C05159,Male,1,No,No,50,Yes,Yes,Fiber optic,No,No,Yes,No,No,No,Month-to-month,No,Mailed check,82.98,3829.75,Yes
C05160,Female,0,No,No,66,Yes,No,DSL,,No,Yes,Yes,No,Yes,One year,Yes,Electronic check,61.58,4200.26,No
C05161,Female,0,No,No,40,Yes,No,DSL,,Yes,No,No,Yes,No,Month-to-month,Yes,Bank transfer (automatic),54.84,2037.2,Yes
C05162,Male,0,Yes,Yes,38,Yes,Yes,DSL,Yes,No,No,No,Yes,No,One year,Yes,Credit card (automatic),67.53,2657.67,No
C05163,Male,0,Yes,No,9,Yes,Yes,Fiber optic,No,Yes,Yes,No,No,No,Month-to-month,Yes,Credit card (automatic),78.41,673.79,No
C05164,Female,0,No,No,6,Yes,Yes,DSL,No,Yes,No,Yes,No,No,One year,Yes,Electronic check,60.69,336.39,No
C05165,Female,0,Yes,No,5,Yes,No,DSL,No,Yes,No,No,No,Yes,Month-to-month,Yes,Electronic check,57.59,301.11,Yes
C05166,Male,0,No,No,21,Yes,Yes,Fiber optic,No,No,No,No,Yes,No,One year,Yes,Mailed check,75.27,1652.45,No
C05167,Female,1,No,No,50,Yes,Yes,No,No internet service,No internet service,No internet service,No internet service,No internet service,No internet service,Two year,Yes,Electronic check,27.4,1271.83,No
C05168,Male,0,No,No,48,Yes,Yes,DSL,Yes,No,Yes,No,No,No,Two year,Yes,Bank transfer (automatic),67.33,3081.48,No
C05169,Male,0,Yes,No,38,Yes,No,No,No internet service,No internet service,No internet service,No internet service,No internet service,No internet service,One year,Yes,Bank transfer (automatic),21.42,715.92,No
C05170,Female,0,No,No,72,No,No phone service,DSL,Yes,No,Yes,No,Yes,No,Two year,No,Credit card (automatic),42.45,2776.82,No
C05171,Female,1,No,No,1,Yes,No,Fiber optic,Yes,No,Yes,No,No,No,Month-to-month,No,Bank transfer (automatic),80.96,79.86,Yes
C05172,Female,0,Yes,No,7,Yes,No,No,No internet service,No internet service,No internet service,No internet service,No internet service,No internet service,Month-to-month,No,Credit card (automatic),18.0,113.9,No
C05173,Male,0,Yes,No,3,Yes,No,DSL,No,No,Yes,No,Yes,No,Month-to-month,Yes,Credit card (automatic),61.2,160.84,No
C05174,Male,1,No,No,59,No,No phone service,Fiber optic,No,Yes,Yes,No,Yes,No,Two year,No,Electronic check,61.73,3375.55,No
C05175,Male,0,Yes,Yes,39,Yes,No,Fiber optic,Yes,No,No,No,No,Yes,Month-to-month,No,Credit card (automatic),77.27,2723.76,No
C05176,Male,0,No,No,51,Yes,No,Fiber optic,Yes,No,No,No,Yes,No,Month-to-month,Yes,Mailed check,77.06,3438.57,No
C05177,Male,1,Yes,Yes,31,No,No phone service,DSL,No,No,No,No,Yes,No,Month-to-month,No,Electronic check,37.97,1209.86,No
C05178,Male,0,No,No,32,Yes,Yes,Fiber optic,No,Yes,No,No,No,No,Two year,Yes,Bank transfer (automatic),77.87,2591.59,No
C05179,Female,0,Yes,No,49,Yes,No,DSL,No,Yes,No,No,No,No,Two year,No,Bank transfer (automatic),55.34,2790.86,No
C05180,Female,0,No,No,3,Yes,No,Fiber optic,No,No,Yes,No,Yes,Yes,One year,Yes,Credit card (automatic),83.82,235.49,No
C05181,Male,0,No,No,68,Yes,No,DSL,No,No,Yes,No,No,Yes,One year,Yes,Electronic check,58.46,3397.91,No
C05182,Male,1,Yes,No,16,No,No phone service,Fiber optic,Yes,Yes,No,No,No,No,Two year,No,Credit card (automatic),55.15,759.13,No
C05183,Female,0,Yes,Yes,54,Yes,No,No,No internet service,No internet service,No internet service,No internet service,No internet service,No internet service,One year,No,Electronic check,18.0,965.79,No
C05184,Male,0,No,No,72,Yes,Yes,DSL,No,Yes,Yes,No,No,Yes,Two year,Yes,Electronic check,64.61,4175.72,No
C05185,Female,0,No,Yes,41,Yes,No,Fiber optic,Yes,No,No,No,Yes,Yes,Two year,Yes,Mailed check,83.96,3557.1,No
C05186,Male,0,No,No,1,Yes,Yes,No,No internet service,No internet service,No internet service,No internet service,No internet service,No internet service,Month-to-month,No,Mailed check,25.52,24.41,No
C05187,Female,0,No,Yes,4,Yes,Yes,Fiber optic,No,Yes,No,No,Yes,Yes,One year,Yes,Electronic check,84.91,352.23,Yes
C05188,Female,0,No,No,6,Yes,No,No,No internet service,No internet service,No internet service,No internet service,No internet service,No internet service,One year,No,Credit card (automatic),21.22,131.02,No
C05189,Female,0,No,No,54,Yes,Yes,DSL,No,Yes,No,No,No,Yes,Month-to-month,Yes,Electronic check,64.75,3365.31,Yes
C05190,Female,0,No,No,72,Yes,Yes,DSL,Yes,No,Yes,No,Yes,Yes,One year,No,Credit card (automatic),75.4,4777.87,No
C05191,Female,0,No,No,2,Yes,,DSL,No,No,Yes,No,Yes,Yes,Month-to-month,Yes,Electronic check,63.53,130.89,Yes
C05192,Male,0,Yes,No,21,Yes,Yes,No,No internet service,No internet service,No internet service,No internet service,No internet service,No internet service,Month-to-month,Yes,Credit card (automatic),29.8,563.21,No
C05193,Female,0,No,No,7,Yes,Yes,Fiber optic,Yes,Yes,No,Yes,Yes,No,Month-to-month,Yes,Electronic check,101.85,627.28,Yes
C05194,Female,0,No,No,32,Yes,Yes,DSL,No,No,Yes,No,Yes,Yes,Month-to-month,No,Electronic check,67.38,1937.97,Yes
C05195,Female,0,Yes,Yes,1,Yes,No,Fiber optic,No,No,Yes,Yes,No,No,Month-to-month,Yes,Mailed check,74.73,75.07,Yes
C05196,Male,0,Yes,No,42,Yes,Yes,DSL,Yes,No,Yes,No,No,No,Two year,No,Mailed check,69.75,2735.0,No
C05197,Male,0,No,No,7,Yes,No,No,No internet service,No internet service,No internet service,No internet service,No internet service,No internet service,Month-to-month,Yes,Electronic check,20.44,126.72,Yes
C05198,Female,0,No,No,30,Yes,Yes,Fiber optic,Yes,Yes,Yes,No,No,No,One year,Yes,Credit card (automatic),90.09,2781.76,No
C05199,Female,0,Yes,No,0,Yes,No,DSL,No,No,Yes,Yes,No,No,Month-to-month,Yes,Electronic check,55.86, ,Yes
C05200,Male,1,No,No,59,Yes,Yes,DSL,No,No,No,No,No,No,Two year,No,Electronic check,54.96,3149.19,No
C05201,Male,0,No,No,5,Yes,Yes,Fiber optic,Yes,No,No,No,Yes,No,Month-to-month,No,Credit card (automatic),86.33,396.66,No
C05202,Male,0,Yes,No,56,Yes,Yes,DSL,Yes,Yes,No,Yes,Yes,No,Two year,Yes,Electronic check,80.22,4551.63,No
C05203,Male,1,No,Yes,71,Yes,Yes,No,No internet service,No internet service,No internet service,No internet service,No internet service,No internet service,Two year,Yes,Credit card (automatic),26.55,1917.46,No
C05204,Male,0,Yes,No,38,Yes,No,No,No internet service,No internet service,No internet service,No internet service,No internet service,No internet service,Two year,Yes,Credit card (automatic),18.0,626.05,No
C05205,Male,0,No,No,33,Yes,No,Fiber optic,Yes,No,No,No,No,No,One year,No,Electronic check,70.1,2355.13,No
C05206,Male,0,Yes,Yes,0,Yes,No,Fiber optic,No,No,No,Yes,No,No,Month-to-month,No,Credit card (automatic),69.2, ,Yes
C05207,Female,0,No,No,4,No,No phone service,DSL,No,No,Yes,Yes,Yes,Yes,Month-to-month,Yes,Mailed check,44.04,176.18,Yes
C05208,Male,0,Yes,No,5,Yes,Yes,DSL,No,Yes,Yes,Yes,Yes,Yes,Month-to-month,No,Electronic check,80.15,362.19,No
C05209,Male,0,No,No,4,Yes,Yes,DSL,Yes,Yes,Yes,No,Yes,No,Month-to-month,No,Electronic check,82.14,288.92,Yes
C05210,Male,0,No,No,14,Yes,Yes,Fiber optic,No,Yes,No,No,No,Yes,Two year,No,Electronic check,86.45,1189.52,No
C05211,Male,0,Yes,Yes,9,Yes,No,DSL,No,Yes,No,No,No,Yes,Month-to-month,Yes,Credit card (automatic),60.06,527.84,Yes
C05212,Female,0,No,No,5,Yes,No,Fiber optic,No,No,No,No,Yes,Yes,Month-to-month,No,Bank transfer (automatic),75.19,331.25,Yes
C05213,Female,1,No,No,5,Yes,No,Fiber optic,No,No,No,Yes,Yes,Yes,Month-to-month,Yes,Bank transfer (automatic),76.87,391.2,Yes
C05214,Male,0,No,No,56,Yes,No,No,No internet service,No internet service,No internet service,No internet service,No internet service,No internet service,One year,Yes,Mailed check,19.26,1074.12,No
C05215,Male,0,No,No,63,Yes,Yes,Fiber optic,No,Yes,No,Yes,Yes,Yes,Two year,Yes,Credit card (automatic),93.97,5735.25,No
C05216,Male,0,No,No,17,Yes,Yes,Fiber optic,Yes,No,No,No,No,Yes,One year,No,Mailed check,81.79,1319.83,No
C05217,Male,0,No,No,39,Yes,No,Fiber optic,No,No,Yes,Yes,Yes,Yes,Two year,Yes,Electronic check,95.32,3340.95,No
C05218,Male,1,No,No,53,Yes,Yes,No,No internet service,No internet service,No internet service,No internet service,No internet service,No internet service,Month-to-month,Yes,Electronic check,26.9,1329.7,Yes
C05219,Male,0,Yes,No,1,Yes,No,DSL,No,Yes,No,No,Yes,Yes,Month-to-month,No,Credit card (automatic),60.21,59.46,Yes
C05220,Male,0,Yes,No,3,Yes,Yes,DSL,No,No,No,No,Yes,Yes,Month-to-month,No,Electronic check,69.61,185.73,Yes
C05221,Female,0,Yes,Yes,1,No,No phone service,Fiber optic,Yes,Yes,Yes,No,No,Yes,Month-to-month,Yes,Credit card (automatic),67.64,67.37,Yes
C05222,Male,0,Yes,Yes,7,Yes,No,No,No internet service,No internet service,No internet service,No internet service,No internet service,No internet service,Month-to-month,No,Credit card (automatic),24.28,149.87,No
C05223,Male,0,No,No,32,Yes,Yes,DSL,No,Yes,Yes,No,No,Yes,One year,Yes,Electronic check,69.24,2298.33,No
C05224,Male,0,Yes,No,26,Yes,No,No,No internet service,No internet service,No internet service,No internet service,No internet service,No internet service,One year,Yes,Credit card (automatic),20.39,486.77,No
C05225,Male,0,No,No,0,Yes,No,Fiber optic,No,No,No,No,No,No,Month-to-month,No,Mailed check,67.71, ,Yes
C05226,Male,0,Yes,No,32,Yes,No,Fiber optic,No,Yes,No,Yes,No,No,Month-to-month,No,Credit card (automatic),77.78,2254.74,Yes
C05227,Male,0,Yes,Yes,1,Yes,Yes,Fiber optic,No,No,No,Yes,No,Yes,One year,Yes,Mailed check,87.12,85.19,Yes
C05228,Male,1,No,Yes,57,Yes,Yes,Fiber optic,No,No,No,Yes,Yes,Yes,One year,No,Mailed check,87.3,4987.65,No
C05229,Male,0,Yes,No,58,Yes,No,No,No internet service,No internet service,No internet service,No internet service,No internet service,No internet service,One year,No,Bank transfer (automatic),26.59,1454.4,No
C05230,Female,0,No,No,70,Yes,Yes,DSL,No,No,Yes,Yes,No,Yes,One year,Yes,Bank transfer (automatic),66.68,4434.64,No
C05231,Female,1,No,Yes,0,Yes,No,Fiber optic,No,Yes,Yes,Yes,No,No,Month-to-month,No,Electronic check,76.3, ,Yes
C05232,Male,0,No,No,8,No,No phone service,Fiber optic,Yes,No,No,No,No,No,One year,No,Mailed check,48.18,377.88,No
C05233,Male,0,No,No,40,Yes,No,Fiber optic,No,No,Yes,No,No,No,Two year,No,Mailed check,70.9,2458.28,Yes
C05234,Female,1,No,No,29,Yes,No,No,No internet service,No internet service,No internet service,No internet service,No internet service,No internet service,Month-to-month,Yes,Bank transfer (automatic),18.0,542.85,No
C05235,Female,1,Yes,Yes,0,Yes,No,Fiber optic,Yes,No,No,No,Yes,Yes,Month-to-month,Yes,Electronic check,91.82, ,Yes
C05236,Male,0,No,No,0,Yes,Yes,DSL,Yes,Yes,No,No,Yes,Yes,Month-to-month,No,Credit card (automatic),73.16, ,Yes
C05237,Male,0,Yes,No,2,Yes,No,No,No internet service,No internet service,No internet service,No internet service,No internet service,No internet service,Month-to-month,Yes,Mailed check,19.81,40.07,Yes
C05238,Male,1,No,No,64,Yes,No,DSL,Yes,No,Yes,Yes,No,Yes,Two year,Yes,Mailed check,70.14,3902.5,No
C05239,Female,0,No,No,24,Yes,Yes,DSL,No,Yes,Yes,No,No,No,One year,Yes,Credit card (automatic),67.73,1435.96,No
C05240,Male,0,No,No,26,Yes,,Fiber optic,No,No,Yes,No,Yes,No,Month-to-month,Yes,Mailed check,88.61,1985.03,Yes
C05241,Male,0,No,No,4,Yes,No,DSL,Yes,No,No,Yes,Yes,No,Month-to-month,Yes,Bank transfer (automatic),61.09,240.09,Yes
C05242,Male,0,No,No,7,Yes,Yes,No,No internet service,No internet service,No internet service,No internet service,No internet service,No internet service,Month-to-month,No,Bank transfer (automatic),27.76,194.56,No
C05243,Male,0,No,No,14,Yes,Yes,DSL,No,No,No,Yes,No,Yes,One year,Yes,Electronic check,66.04,841.61,No
C05244,Male,1,No,No,39,Yes,No,DSL,No,No,No,No,Yes,Yes,Two year,Yes,Credit card (automatic),55.78,1954.7,No
C05245,Female,0,Yes,Yes,1,Yes,Yes,Fiber optic,Yes,Yes,No,No,No,Yes,Month-to-month,Yes,Credit card (automatic),88.4,77.28,Yes
C05246,Female,0,Yes,Yes,34,Yes,Yes,DSL,Yes,No,Yes,No,Yes,No,Two year,No,Credit card (automatic),69.33,2191.06,No
C05247,Male,0,No,No,16,Yes,Yes,Fiber optic,Yes,No,No,No,No,Yes,Month-to-month,Yes,Electronic check,90.31,1435.02,Yes
C05248,Male,0,No,No,6,Yes,No,DSL,Yes,No,No,No,No,Yes,Month-to-month,No,Mailed check,59.15,316.53,Yes
C05249,Female,0,Yes,Yes,27,Yes,No,Fiber optic,No,Yes,No,No,No,Yes,One year,Yes,Mailed check,77.25,1857.57,No
C05250,Male,0,Yes,Yes,41,No,No phone service,Fiber optic,Yes,Yes,Yes,No,No,Yes,One year,No,Electronic check,65.76,2444.22,No
C05251,Male,0,Yes,Yes,42,Yes,Yes,Fiber optic,No,Yes,No,No,Yes,Yes,One year,Yes,Bank transfer (automatic),91.34,3970.18,No
C05252,Male,0,No,No,4,Yes,Yes,DSL,No,No,No,No,No,Yes,Month-to-month,Yes,Mailed check,61.91,217.73,Yes
C05253,Female,0,Yes,No,2,Yes,No,No,No internet service,No internet service,No internet service,No internet service,No internet service,No internet service,Month-to-month,Yes,Mailed check,18.0,34.92,No
C05254,Female,0,Yes,No,7,Yes,No,Fiber optic,No,No,No,No,No,No,Month-to-month,No,Bank transfer (automatic),67.79,427.86,Yes
C05255,Female,1,Yes,Yes,6,Yes,Yes,Fiber optic,Yes,No,Yes,Yes,No,Yes,Two year,Yes,Bank transfer (automatic),100.53,513.54,No
C05256,Female,0,Yes,No,1,Yes,No,DSL,No,Yes,No,No,No,Yes,One year,Yes,Credit card (automatic),59.12,50.27,No
C05257,Male,0,Yes,Yes,72,Yes,No,DSL,No,No,No,No,No,Yes,Two year,No,Credit card (automatic),51.05,3371.26,No
C05258,Male,0,No,No,0,Yes,Yes,DSL,No,No,No,No,Yes,No,Month-to-month,Yes,Mailed check,62.99, ,Yes
C05259,Male,0,Yes,No,72,Yes,No,DSL,No,No,No,No,Yes,Yes,Month-to-month,Yes,Credit card (automatic),57.78,3590.3,No
C05260,Female,0,Yes,No,6,No,No phone service,Fiber optic,No,Yes,Yes,Yes,Yes,No,Month-to-month,Yes,Bank transfer (automatic),64.77,407.63,Yes
C05261,Female,0,No,No,24,Yes,No,Fiber optic,Yes,No,Yes,No,No,No,Month-to-month,Yes,Electronic check,81.05,1952.46,Yes
C05262,Male,0,No,No,1,Yes,Yes,DSL,No,Yes,Yes,Yes,No,Yes,Month-to-month,Yes,Electronic check,81.74,84.2,Yes
C05263,Female,0,Yes,Yes,2,Yes,,DSL,No,No,Yes,Yes,No,No,Month-to-month,No,Electronic check,70.85,147.8,Yes
C05264,Male,0,Yes,Yes,10,Yes,No,DSL,No,Yes,No,No,No,Yes,Month-to-month,Yes,Electronic check,57.89,495.39,Yes
C05265,Male,0,No,No,71,Yes,Yes,Fiber optic,No,Yes,No,Yes,Yes,No,Two year,Yes,Mailed check,91.82,6197.64,No
C05266,Male,0,No,No,0,Yes,No,DSL,Yes,No,Yes,Yes,No,No,Month-to-month,No,Bank transfer (automatic),62.5, ,Yes
C05267,Female,0,Yes,No,4,Yes,No,DSL,No,No,Yes,No,Yes,Yes,Month-to-month,No,Mailed check,69.38,262.43,Yes
C05268,Female,0,No,No,4,Yes,Yes,Fiber optic,Yes,No,No,No,No,No,Month-to-month,Yes,Credit card (automatic),75.41,307.32,Yes
C05269,Male,0,Yes,Yes,70,Yes,No,Fiber optic,No,No,No,No,Yes,No,One year,Yes,Electronic check,69.74,4841.24,Yes
C05270,Female,1,Yes,No,5,Yes,Yes,DSL,Yes,Yes,No,No,Yes,Yes,Month-to-month,No,Electronic check,84.84,420.0,Yes
C05271,Female,0,Yes,No,4,Yes,No,Fiber optic,No,Yes,Yes,No,No,Yes,Month-to-month,Yes,Credit card (automatic),80.25,282.84,No
C05272,Female,0,No,No,43,Yes,No,Fiber optic,Yes,Yes,No,No,No,Yes,Month-to-month,Yes,Electronic check,84.06,3529.64,No
C05273,Female,0,Yes,No,58,No,No phone service,Fiber optic,No,Yes,No,Yes,Yes,Yes,Two year,Yes,Bank transfer (automatic),70.21,3637.46,No
C05274,Male,0,Yes,No,1,Yes,No,DSL,No,Yes,No,No,No,Yes,Month-to-month,Yes,Mailed check,50.69,44.44,No
C05275,Female,0,Yes,No,0,Yes,No,Fiber optic,No,No,No,Yes,No,Yes,Month-to-month,Yes,Electronic check,76.28, ,No
C05276,Female,1,Yes,No,72,Yes,Yes,No,No internet service,No internet service,No internet service,No internet service,No internet service,No internet service,Two year,Yes,Electronic check,30.55,2199.45,No
C05277,Female,0,Yes,Yes,41,Yes,Yes,Fiber optic,No,No,No,No,No,No,One year,Yes,Credit card (automatic),65.98,2629.9,No
C05278,Male,0,No,No,72,Yes,No,DSL,No,No,No,Yes,No,Yes,One year,Yes,Mailed check,58.18,3722.64,No
C05279,Female,0,No,Yes,12,Yes,No,Fiber optic,No,Yes,No,No,Yes,No,Month-to-month,No,Bank transfer (automatic),81.03,989.57,Yes
C05280,Female,0,Yes,No,3,Yes,No,Fiber optic,Yes,Yes,No,Yes,Yes,No,Month-to-month,Yes,Mailed check,87.26,242.71,Yes
C05281,Male,1,No,Yes,24,Yes,Yes,No,No internet service,No internet service,No internet service,No internet service,No internet service,No internet service,Month-to-month,Yes,Electronic check,27.98,689.23,Yes
C05282,Female,1,No,No,16,Yes,No,Fiber optic,No,Yes,Yes,Yes,Yes,No,Month-to-month,No,Mailed check,93.63,1388.4,Yes
C05283,Male,0,Yes,No,43,Yes,No,Fiber optic,Yes,No,No,No,No,Yes,One year,Yes,Mailed check,84.91,3655.13,No
C05284,Male,0,Yes,Yes,1,Yes,No,DSL,No,No,No,Yes,Yes,No,One year,Yes,Mailed check,54.36,47.07,No
C05285,Male,0,No,Yes,6,Yes,No,Fiber optic,No,No,Yes,Yes,Yes,Yes,One year,No,Bank transfer (automatic),90.13,489.07,No
C05286,Female,0,No,No,4,Yes,Yes,DSL,Yes,Yes,Yes,Yes,No,Yes,Month-to-month,Yes,Bank transfer (automatic),82.29,303.32,Yes
C05287,Female,0,Yes,Yes,13,Yes,No,No,,No internet service,No internet service,No internet service,No internet service,No internet service,Two year,Yes,Bank transfer (automatic),19.31,215.07,No
C05288,Male,1,Yes,No,37,No,No phone service,Fiber optic,No,No,No,No,No,No,Month-to-month,Yes,Credit card (automatic),40.42,1487.7,No
C05289,Female,0,Yes,Yes,43,Yes,Yes,Fiber optic,No,Yes,Yes,Yes,No,Yes,Two year,Yes,Credit card (automatic),98.36,4150.96,No
C05290,Male,0,Yes,Yes,5,No,No phone service,Fiber optic,No,Yes,No,No,No,Yes,Two year,Yes,Electronic check,56.93,267.15,Yes
C05291,Male,0,No,No,65,Yes,No,DSL,No,No,No,Yes,Yes,No,Two year,No,Credit card (automatic),54.39,3377.55,No
C05292,Female,0,No,Yes,54,Yes,No,DSL,Yes,Yes,Yes,No,No,No,Month-to-month,No,Mailed check,63.49,3415.44,No
C05293,Female,0,Yes,Yes,59,Yes,Yes,Fiber optic,,Yes,Yes,No,Yes,Yes,Two year,Yes,Bank transfer (automatic),103.04,5371.19,No
C05294,Female,0,Yes,No,5,Yes,Yes,Fiber optic,No,No,No,No,No,No,Month-to-month,Yes,Bank transfer (automatic),74.23,346.99,Yes
C05295,Female,0,Yes,No,47,Yes,Yes,No,No internet service,No internet service,No internet service,No internet service,No internet service,No internet service,Month-to-month,Yes,Mailed check,30.78,1469.62,No
C05296,Female,1,Yes,No,67,Yes,Yes,Fiber optic,No,No,No,No,Yes,No,Two year,No,Credit card (automatic),76.43,5221.69,No
C05297,Male,0,No,No,54,Yes,No,DSL,No,Yes,No,No,Yes,No,One year,No,Electronic check,54.83,3015.7,No
C05298,Male,0,Yes,Yes,1,Yes,No,Fiber optic,No,Yes,No,Yes,Yes,Yes,Month-to-month,No,Electronic check,90.94,92.52,Yes
C05299,Male,0,No,Yes,31,Yes,Yes,Fiber optic,No,Yes,No,No,No,No,One year,Yes,Bank transfer (automatic),78.38,2339.76,No
C05300,Female,0,No,No,33,Yes,No,Fiber optic,Yes,Yes,Yes,Yes,Yes,Yes,Two year,Yes,Mailed check,99.8,2816.37,No
C05301,Female,0,No,Yes,55,Yes,No,Fiber optic,Yes,No,No,No,Yes,Yes,Two year,Yes,Electronic check,75.47,3558.26,No
C05302,Female,1,No,Yes,56,Yes,Yes,Fiber optic,No,Yes,No,Yes,Yes,No,Two year,No,Bank transfer (automatic),89.68,4853.64,No
C05303,Male,0,No,No,67,Yes,No,No,No internet service,No internet service,No internet service,No internet service,No internet service,No internet service,Month-to-month,Yes,Mailed check,22.54,1428.29,No
C05304,Male,0,No,No,59,Yes,No,DSL,No,No,No,No,No,Yes,Two year,No,Electronic check,53.01,2986.47,Yes
C05305,Female,0,Yes,No,38,No,No phone service,No,No internet service,No internet service,No internet service,No internet service,No internet service,No internet service,Two year,No,Electronic check,18.0,593.08,No
C05306,Female,0,Yes,No,39,Yes,No,DSL,No,No,No,Yes,Yes,Yes,One year,No,Electronic check,67.03,2514.27,No
C05307,Male,0,Yes,No,46,Yes,No,No,No internet service,No internet service,No internet service,No internet service,No internet service,No internet service,One year,Yes,Mailed check,18.0,728.38,No
C05308,Male,0,No,No,51,Yes,No,DSL,No,Yes,No,Yes,Yes,Yes,Month-to-month,No,Bank transfer (automatic),66.0,3051.43,No
C05309,Male,0,No,No,3,Yes,No,Fiber optic,Yes,Yes,Yes,No,Yes,Yes,Month-to-month,No,Bank transfer (automatic),93.43,240.82,Yes
C05310,Male,1,Yes,Yes,45,Yes,No,Fiber optic,No,No,Yes,Yes,Yes,Yes,Two year,Yes,Bank transfer (automatic),80.33,3441.26,No
C05311,Male,0,No,Yes,0,Yes,Yes,Fiber optic,No,No,No,No,Yes,No,Month-to-month,No,Electronic check,76.95, ,Yes
C05312,Male,0,No,No,1,Yes,Yes,DSL,No,Yes,Yes,Yes,No,No,Month-to-month,Yes,Credit card (automatic),69.41,71.15,Yes
C05313,Female,0,No,Yes,50,Yes,No,Fiber optic,No,No,No,No,No,Yes,Two year,Yes,Credit card (automatic),73.89,3798.23,No
C05314,Male,0,Yes,No,12,Yes,No,DSL,Yes,No,No,No,No,Yes,One year,Yes,Electronic check,57.71,674.15,No
C05315,Male,0,Yes,No,28,No,No phone service,DSL,No,Yes,No,Yes,Yes,Yes,Two year,No,Bank transfer (automatic),48.8,1166.96,No
C05316,Male,1,No,No,36,Yes,Yes,Fiber optic,No,No,No,No,Yes,Yes,Two year,Yes,Electronic check,87.92,3173.51,Yes
C05317,Female,0,Yes,Yes,0,Yes,Yes,Fiber optic,No,Yes,No,No,No,No,One year,Yes,Electronic check,81.36, ,Yes
C05318,Male,0,No,Yes,5,Yes,No,DSL,No,No,Yes,Yes,Yes,No,One year,Yes,Mailed check,67.2,293.16,No
C05319,Male,1,Yes,Yes,72,No,No phone service,Fiber optic,Yes,Yes,No,No,Yes,Yes,One year,No,Electronic check,69.53,4874.36,No
C05320,Male,0,Yes,No,7,Yes,No,No,No internet service,No internet service,No internet service,No internet service,No internet service,No internet service,Month-to-month,No,Bank transfer (automatic),19.37,120.5,No
C05321,Female,0,Yes,Yes,61,Yes,Yes,Fiber optic,Yes,No,Yes,Yes,No,Yes,Two year,Yes,Mailed check,92.06,5514.5,No
C05322,Female,0,No,No,8,Yes,Yes,Fiber optic,No,No,No,Yes,Yes,No,One year,Yes,Electronic check,89.05,715.37,Yes
C05323,Male,0,Yes,Yes,12,Yes,No,Fiber optic,Yes,No,No,No,Yes,No,Month-to-month,No,Bank transfer (automatic),82.09,961.67,Yes
C05324,Male,0,No,No,0,Yes,No,DSL,No,No,Yes,Yes,Yes,Yes,Month-to-month,No,Mailed check,64.49, ,Yes
C05325,Male,0,Yes,Yes,20,Yes,No,No,No internet service,No internet service,No internet service,No internet service,No internet service,No internet service,Two year,No,Electronic check,19.5,395.05,No
C05326,Female,0,No,Yes,57,Yes,Yes,DSL,No,No,Yes,Yes,No,Yes,Two year,No,Bank transfer (automatic),67.21,3894.74,No
C05327,Female,0,Yes,No,8,Yes,Yes,Fiber optic,Yes,No,No,No,No,Yes,Month-to-month,Yes,Mailed check,82.93,612.84,No
C05328,Male,0,Yes,No,1,No,No phone service,Fiber optic,No,No,No,Yes,No,Yes,Month-to-month,Yes,Bank transfer (automatic),65.1,63.33,No
C05329,Male,0,No,No,3,Yes,No,Fiber optic,Yes,No,No,No,Yes,No,Month-to-month,No,Bank transfer (automatic),77.84,223.07,Yes
C05330,Female,0,No,No,19,Yes,No,No,No internet service,No internet service,No internet service,No internet service,No internet service,No internet service,One year,No,Mailed check,21.49,360.72,No
C05331,Female,0,No,No,58,Yes,No,Fiber optic,Yes,No,No,Yes,No,No,Month-to-month,No,Electronic check,78.65,4788.37,No
C05332,Male,0,No,No,10,Yes,No,No,No internet service,No internet service,No internet service,No internet service,No internet service,No internet service,Two year,No,Bank transfer (automatic),18.0,187.94,No
C05333,Male,0,Yes,No,55,Yes,No,Fiber optic,No,No,Yes,No,Yes,Yes,Two year,Yes,Credit card (automatic),85.99,4630.12,No
C05334,Male,0,No,No,1,Yes,No,No,No internet service,No internet service,No internet service,No internet service,No internet service,No internet service,Month-to-month,No,Mailed check,19.19,18.2,No
C05335,Female,0,Yes,Yes,3,Yes,No,DSL,Yes,Yes,Yes,Yes,No,Yes,Month-to-month,Yes,Credit card (automatic),77.08,197.15,Yes
C05336,Female,0,No,No,7,Yes,No,No,No internet service,No internet service,No internet service,No internet service,No internet service,No internet service,Month-to-month,Yes,Credit card (automatic),18.8,118.6,Yes
C05337,Female,0,No,No,2,No,No phone service,Fiber optic,No,Yes,No,No,Yes,No,Month-to-month,No,Bank transfer (automatic),57.73,114.76,Yes
C05338,Female,0,No,No,33,Yes,No,No,No internet service,No internet service,No internet service,No internet service,No internet service,No internet service,One year,Yes,Electronic check,19.54,643.15,No
C05339,Male,0,No,No,64,No,No phone service,Fiber optic,No,No,No,No,Yes,Yes,Two year,Yes,Bank transfer (automatic),56.35,3603.99,No
C05340,Male,0,No,No,21,Yes,No,Fiber optic,No,Yes,Yes,Yes,No,Yes,One year,Yes,Electronic check,85.71,1600.98,No
C05341,Male,1,No,No,29,Yes,Yes,Fiber optic,No,No,Yes,Yes,No,Yes,Month-to-month,No,Electronic check,95.93,2582.78,Yes
C05342,Female,0,Yes,Yes,3,Yes,Yes,Fiber optic,No,Yes,Yes,No,No,No,Month-to-month,No,Bank transfer (automatic),90.54,253.62,Yes
C05343,Female,1,No,No,69,Yes,Yes,Fiber optic,No,Yes,No,No,Yes,Yes,One year,No,Bank transfer (automatic),90.29,5617.7,No
C05344,Male,0,No,No,7,Yes,Yes,No,No internet service,No internet service,No internet service,No internet service,No internet service,No internet service,Month-to-month,Yes,Credit card (automatic),34.27,230.37,No
C05345,Male,0,Yes,No,32,Yes,Yes,Fiber optic,Yes,No,Yes,No,Yes,Yes,One year,No,Bank transfer (automatic),94.01,3155.54,Yes
C05346,Female,0,No,No,51,Yes,No,Fiber optic,Yes,No,No,No,No,No,Month-to-month,Yes,Mailed check,68.18,3302.54,No
C05347,Female,0,Yes,Yes,5,Yes,Yes,No,No internet service,No internet service,No internet service,No internet service,No internet service,No internet service,Month-to-month,Yes,Bank transfer (automatic),23.38,122.33,No
C05348,Female,1,No,No,33,Yes,No,Fiber optic,Yes,No,Yes,No,Yes,No,Month-to-month,No,Credit card (automatic),80.39,2355.29,Yes
C05349,Male,0,No,Yes,53,Yes,Yes,Fiber optic,No,Yes,No,Yes,No,Yes,Month-to-month,Yes,Bank transfer (automatic),92.6,4829.98,No
C05350,Female,1,Yes,Yes,0,Yes,Yes,Fiber optic,No,No,No,Yes,No,No,Month-to-month,No,Mailed check,82.61, ,Yes
C05351,Female,0,Yes,Yes,6,Yes,Yes,Fiber optic,No,No,No,Yes,No,Yes,Month-to-month,No,Bank transfer (automatic),82.36,504.5,No
C05352,Female,0,No,Yes,2,Yes,No,No,No internet service,No internet service,No internet service,No internet service,No internet service,No internet service,Month-to-month,Yes,Bank transfer (automatic),22.36,43.0,Yes
C05353,Female,0,Yes,No,13,Yes,No,DSL,No,Yes,No,No,No,Yes,Two year,No,Credit card (automatic),58.47,676.52,No
C05354,Female,0,No,No,8,Yes,Yes,DSL,No,Yes,Yes,Yes,Yes,No,Month-to-month,No,Electronic check,72.51,530.81,No
C05355,Female,0,Yes,Yes,72,Yes,Yes,DSL,No,Yes,No,Yes,No,No,One year,Yes,Electronic check,61.05,4178.52,No
C05356,Female,1,Yes,No,1,Yes,No,DSL,No,No,No,No,No,Yes,Two year,No,Mailed check,50.44,48.64,No
C05357,Male,0,Yes,Yes,46,Yes,No,DSL,No,Yes,Yes,Yes,Yes,No,One year,Yes,Bank transfer (automatic),61.7,2571.95,No
C05358,Male,1,No,No,6,Yes,Yes,No,No internet service,No internet service,No internet service,No internet service,No internet service,No internet service,Month-to-month,No,Electronic check,25.38,143.47,Yes
C05359,Female,1,No,No,50,Yes,No,DSL,Yes,Yes,No,No,No,Yes,Two year,No,Credit card (automatic),61.17,3095.48,No
C05360,Female,0,No,No,5,No,No phone service,Fiber optic,No,No,No,Yes,No,Yes,Month-to-month,No,Credit card (automatic),49.87,246.65,Yes
C05361,Male,0,No,No,0,Yes,Yes,No,No internet service,No internet service,No internet service,No internet service,No internet service,No internet service,Month-to-month,Yes,Credit card (automatic),24.95, ,No
C05362,Male,0,No,No,8,Yes,No,No,No internet service,No internet service,No internet service,No internet service,No internet service,No internet service,One year,No,Bank transfer (automatic),18.0,123.71,No
C05363,Female,0,Yes,Yes,10,Yes,No,Fiber optic,No,No,Yes,No,Yes,Yes,Month-to-month,No,Bank transfer (automatic),81.09,830.58,Yes
C05364,Female,1,Yes,No,7,Yes,Yes,DSL,No,Yes,Yes,No,Yes,Yes,Month-to-month,Yes,Mailed check,80.78,586.23,Yes
C05365,Female,1,No,No,0,Yes,No,Fiber optic,Yes,Yes,Yes,Yes,Yes,Yes,Month-to-month,Yes,Credit card (automatic),103.15, ,Yes
C05366,Male,1,Yes,No,37,Yes,No,No,No internet service,No internet service,No internet service,No internet service,No internet service,No internet service,Month-to-month,Yes,Electronic check,20.15,660.9,No
C05367,Female,0,No,No,9,Yes,Yes,No,No internet service,No internet service,No internet service,No internet service,No internet service,No internet service,One year,No,Electronic check,27.77,260.96,No
C05368,Female,0,No,Yes,2,Yes,Yes,DSL,Yes,No,Yes,No,Yes,Yes,One year,No,Credit card (automatic),75.06,131.93,Yes
C05369,Male,0,No,No,27,No,No phone service,No,No internet service,No internet service,No internet service,No internet service,No internet service,No internet service,Two year,No,Mailed check,18.0,432.13,No
C05370,Male,1,No,No,58,Yes,No,DSL,No,Yes,No,No,Yes,Yes,Month-to-month,No,Bank transfer (automatic),58.02,3517.84,No
C05371,Female,0,No,Yes,5,Yes,No,No,No internet service,No internet service,No internet service,No internet service,No internet service,No internet service,Two year,No,Mailed check,18.0,83.22,No
C05372,Male,0,No,No,1,Yes,No,No,No internet service,No internet service,No internet service,No internet service,No internet service,No internet service,Month-to-month,No,Electronic check,21.87,21.24,Yes
C05373,Female,0,No,No,72,Yes,Yes,DSL,No,Yes,Yes,No,No,Yes,Two year,Yes,Electronic check,70.35,5284.58,No
C05374,Female,0,Yes,No,19,Yes,Yes,DSL,No,Yes,Yes,Yes,No,Yes,One year,Yes,Electronic check,80.7,1588.74,No
C05375,Female,0,Yes,Yes,4,No,No phone service,Fiber optic,Yes,Yes,Yes,No,No,No,One year,Yes,Electronic check,59.87,227.64,Yes
C05376,Male,0,Yes,Yes,3,Yes,No,Fiber optic,No,Yes,Yes,No,No,Yes,Month-to-month,No,Mailed check,75.53,220.96,Yes
C05377,Female,1,No,No,4,Yes,Yes,No,No internet service,No internet service,No internet service,No internet service,No internet service,No internet service,Month-to-month,No,Bank transfer (automatic),30.2,124.39,Yes
C05378,Male,0,No,No,34,Yes,No,Fiber optic,Yes,Yes,No,Yes,No,No,One year,No,Mailed check,79.48,2431.79,No
C05379,Female,0,No,No,2,Yes,No,No,No internet service,No internet service,No internet service,No internet service,No internet service,No internet service,Month-to-month,No,Credit card (automatic),21.63,40.91,Yes
C05380,Male,0,Yes,No,6,Yes,Yes,DSL,No,Yes,Yes,No,No,No,Month-to-month,No,Electronic check,61.67,319.68,Yes
C05381,Female,0,No,No,43,Yes,Yes,No,No internet service,No internet service,No internet service,No internet service,No internet service,No internet service,One year,No,Mailed check,27.46,1032.92,No
C05382,Female,0,Yes,Yes,58,Yes,No,Fiber optic,Yes,No,No,Yes,Yes,No,Two year,Yes,Credit card (automatic),79.71,3997.19,No
C05383,Male,0,No,No,23,Yes,Yes,DSL,Yes,No,Yes,No,Yes,No,One year,Yes,Bank transfer (automatic),71.9,1685.93,No
C05384,Male,0,Yes,No,67,Yes,No,DSL,No,No,Yes,Yes,Yes,No,Two year,No,Electronic check,56.43,3453.44,No
C05385,Female,0,No,No,8,Yes,No,DSL,,Yes,No,No,No,No,Month-to-month,No,Mailed check,53.26,400.98,No
C05386,Male,0,No,No,53,Yes,No,Fiber optic,No,Yes,Yes,Yes,Yes,Yes,One year,Yes,Electronic check,88.0,4560.78,Yes
C05387,Male,0,Yes,No,20,Yes,Yes,No,No internet service,No internet service,No internet service,No internet service,No internet service,No internet service,One year,Yes,Bank transfer (automatic),24.77,513.55,No
C05388,Male,0,Yes,No,72,Yes,No,No,No internet service,No internet service,No internet service,No internet service,No internet service,No internet service,One year,Yes,Mailed check,24.41,1557.13,No
C05389,Female,0,Yes,No,2,Yes,No,Fiber optic,No,No,Yes,No,Yes,No,One year,Yes,Bank transfer (automatic),73.66,142.6,No
C05390,Female,0,Yes,No,1,No,No phone service,Fiber optic,Yes,No,No,No,Yes,Yes,Month-to-month,No,Mailed check,62.26,64.57,Yes
C05391,Male,0,Yes,No,71,No,No phone service,No,No internet service,No internet service,No internet service,No internet service,No internet service,No internet service,Two year,Yes,Electronic check,18.0,1162.75,No
C05392,Female,0,Yes,No,25,Yes,No,Fiber optic,Yes,Yes,Yes,No,Yes,No,Month-to-month,No,Electronic check,91.68,2339.34,Yes
C05393,Male,0,Yes,No,60,No,No phone service,Fiber optic,No,Yes,No,No,Yes,Yes,Two year,Yes,Electronic check,57.44,3315.72,No
C05394,Male,0,Yes,No,7,Yes,No,DSL,No,No,Yes,No,Yes,Yes,Month-to-month,No,Electronic check,62.87,424.32,No
C05395,Male,0,No,No,67,Yes,Yes,DSL,No,No,No,Yes,Yes,Yes,Month-to-month,No,Electronic check,69.21,4439.7,Yes
C05396,Male,0,Yes,No,42,Yes,No,DSL,Yes,No,No,No,No,No,Two year,Yes,Electronic check,51.78,2146.74,No
C05397,Male,0,Yes,No,69,Yes,Yes,No,No internet service,No internet service,No internet service,No internet service,No internet service,No internet service,One year,No,Bank transfer (automatic),26.64,1801.4,No
C05398,Female,0,No,No,25,Yes,Yes,Fiber optic,Yes,Yes,Yes,No,Yes,No,Month-to-month,No,Electronic check,104.22,2267.14,Yes
C05399,Male,0,Yes,Yes,23,No,No phone service,No,No internet service,No internet service,No internet service,No internet service,No internet service,No internet service,One year,Yes,Credit card (automatic),18.0,404.69,No
C05400,Female,0,No,No,16,Yes,No,DSL,No,Yes,Yes,No,Yes,Yes,Month-to-month,Yes,Electronic check,66.21,1111.45,Yes
C05401,Male,0,No,No,59,Yes,Yes,DSL,No,Yes,Yes,No,Yes,Yes,One year,No,Mailed check,77.92,4162.72,No
C05402,Male,0,No,No,30,Yes,No,DSL,Yes,Yes,No,Yes,Yes,No,Month-to-month,Yes,Electronic check,61.49,1636.68,No
C05403,Male,0,No,No,6,Yes,Yes,Fiber optic,,Yes,No,No,No,No,Month-to-month,Yes,Bank transfer (automatic),87.02,503.99,Yes
C05404,Female,1,No,No,41,Yes,Yes,No,No internet service,No internet service,No internet service,No internet service,No internet service,No internet service,One year,Yes,Electronic check,30.35,1182.58,No
C05405,Female,0,No,No,61,Yes,Yes,DSL,No,Yes,No,Yes,Yes,No,One year,No,Electronic check,72.47,4440.44,No
C05406,Male,0,No,No,24,Yes,No,No,No internet service,No internet service,No internet service,No internet service,No internet service,No internet service,One year,Yes,Bank transfer (automatic),20.85,438.9,No
C05407,Male,0,Yes,No,1,Yes,Yes,DSL,Yes,Yes,No,Yes,No,Yes,Month-to-month,No,Mailed check,74.04,71.7,Yes
C05408,Male,0,No,No,0,Yes,No,DSL,No,No,Yes,No,No,No,Month-to-month,Yes,Mailed check,51.77, ,Yes
C05409,Female,0,No,No,2,Yes,Yes,DSL,No,No,Yes,Yes,No,Yes,Month-to-month,No,Credit card (automatic),65.47,115.35,Yes
C05410,Male,0,No,No,32,Yes,No,DSL,No,No,No,Yes,Yes,Yes,Month-to-month,Yes,Mailed check,68.66,1928.88,No
C05411,Female,0,Yes,Yes,25,Yes,No,Fiber optic,No,No,No,No,Yes,Yes,Month-to-month,Yes,Bank transfer (automatic),81.92,1925.15,Yes
C05412,Male,1,No,No,4,Yes,No,No,No internet service,No internet service,No internet service,No internet service,No internet service,No internet service,Month-to-month,Yes,Bank transfer (automatic),27.06,94.07,Yes
C05413,Male,1,No,No,0,Yes,No,No,No internet service,No internet service,No internet service,No internet service,No internet service,No internet service,Month-to-month,No,Credit card (automatic),22.19, ,Yes
C05414,Female,0,Yes,Yes,47,Yes,No,DSL,No,Yes,Yes,No,Yes,Yes,Month-to-month,Yes,Mailed check,66.89,2849.8,No
C05415,Male,1,No,No,35,Yes,No,Fiber optic,Yes,No,Yes,No,Yes,Yes,Month-to-month,Yes,Electronic check,89.43,2919.51,Yes
C05416,Male,1,No,No,9,Yes,Yes,Fiber optic,No,No,Yes,No,Yes,No,Month-to-month,No,Electronic check,85.49,726.4,Yes
C05417,Female,0,Yes,Yes,52,Yes,No,DSL,Yes,Yes,No,No,No,Yes,One year,Yes,Electronic check,69.78,3139.95,No
C05418,Male,0,Yes,No,15,Yes,No,Fiber optic,No,Yes,Yes,Yes,No,Yes,One year,Yes,Electronic check,93.5,1223.93,Yes
C05419,Male,0,No,Yes,1,Yes,Yes,DSL,No,No,No,No,No,Yes,Month-to-month,Yes,Electronic check,53.96,48.21,Yes
C05420,Male,0,No,Yes,17,No,No phone service,DSL,Yes,No,No,Yes,Yes,No,Month-to-month,Yes,Electronic check,49.05,745.78,No
C05421,Male,0,No,No,41,No,No phone service,No,No internet service,No internet service,No internet service,No internet service,No internet service,No internet service,Two year,No,Electronic check,18.0,747.92,No
C05422,Female,0,No,No,48,No,No phone service,Fiber optic,No,Yes,No,No,Yes,Yes,Two year,No,Electronic check,61.61,2794.87,No
C05423,Male,0,No,No,62,Yes,Yes,Fiber optic,Yes,No,No,No,Yes,No,Two year,Yes,Electronic check,83.72,5228.87,No
C05424,Female,0,Yes,No,7,Yes,Yes,Fiber optic,No,No,Yes,Yes,Yes,No,Month-to-month,Yes,Electronic check,93.71,648.92,Yes
C05425,Female,0,Yes,No,55,Yes,Yes,Fiber optic,No,Yes,No,No,Yes,No,Two year,Yes,Bank transfer (automatic),84.62,4482.69,No
C05426,Female,0,No,No,72,Yes,No,Fiber optic,No,No,Yes,Yes,Yes,Yes,Month-to-month,Yes,Electronic check,95.9,6912.1,No
C05427,Female,1,No,No,0,Yes,Yes,DSL,Yes,Yes,Yes,No,No,No,Month-to-month,Yes,Mailed check,70.78, ,No
C05428,Female,1,Yes,Yes,21,Yes,No,No,No internet service,No internet service,No internet service,No internet service,No internet service,No internet service,Month-to-month,Yes,Bank transfer (automatic),19.99,412.4,Yes
C05429,Female,0,No,No,12,Yes,No,Fiber optic,No,No,Yes,Yes,No,No,Month-to-month,No,Electronic check,74.47,890.44,No
C05430,Male,0,Yes,No,54,Yes,Yes,Fiber optic,No,Yes,Yes,Yes,No,No,One year,Yes,Bank transfer (automatic),79.03,3759.42,No
C05431,Male,1,No,No,8,Yes,No,Fiber optic,No,Yes,No,Yes,No,No,Month-to-month,Yes,Credit card (automatic),74.41,518.08,Yes
C05432,Female,0,No,No,2,Yes,Yes,No,No internet service,No internet service,No internet service,No internet service,No internet service,No internet service,Month-to-month,Yes,Credit card (automatic),30.57,63.2,Yes
C05433,Male,1,Yes,No,24,Yes,No,DSL,No,No,No,No,No,No,One year,No,Mailed check,47.22,1148.32,No
C05434,Female,0,No,No,56,Yes,No,No,No internet service,No internet service,No internet service,No internet service,No internet service,No internet service,Two year,Yes,Mailed check,20.29,1192.67,No
C05435,Male,0,No,No,22,Yes,No,DSL,No,No,No,Yes,Yes,Yes,One year,Yes,Mailed check,64.72,1236.93,No
C05436,Female,0,No,Yes,0,Yes,Yes,DSL,No,No,Yes,Yes,No,No,Month-to-month,No,Mailed check,65.65, ,No
C05437,Male,0,No,No,10,No,No phone service,No,No internet service,No internet service,No internet service,No internet service,No internet service,No internet service,Month-to-month,Yes,Electronic check,18.0,173.19,Yes
C05438,Female,0,Yes,No,2,Yes,No,DSL,No,No,Yes,No,No,Yes,Month-to-month,Yes,Mailed check,59.86,111.46,Yes
C05439,Male,0,Yes,Yes,2,Yes,Yes,Fiber optic,No,Yes,No,No,Yes,Yes,Month-to-month,Yes,Electronic check,88.57,153.89,Yes
C05440,Male,1,Yes,Yes,0,Yes,No,Fiber optic,Yes,Yes,No,Yes,Yes,Yes,Two year,Yes,Electronic check,96.14, ,No
C05441,Female,0,Yes,No,5,Yes,Yes,Fiber optic,No,No,No,Yes,No,Yes,Month-to-month,Yes,Electronic check,89.31,395.38,Yes
C05442,Female,0,Yes,No,14,Yes,No,No,No internet service,No internet service,No internet service,No internet service,No internet service,No internet service,One year,No,Bank transfer (automatic),18.0,229.8,No
C05443,Female,0,No,Yes,19,Yes,No,DSL,Yes,Yes,Yes,Yes,No,No,One year,Yes,Mailed check,68.32,1297.78,No
C05444,Female,0,Yes,Yes,39,Yes,No,DSL,No,Yes,Yes,No,No,No,Two year,Yes,Bank transfer (automatic),53.43,2178.37,No
C05445,Male,0,No,No,48,Yes,Yes,DSL,No,Yes,Yes,Yes,No,Yes,Two year,Yes,Credit card (automatic),73.78,3342.57,No
C05446,Female,0,Yes,No,0,Yes,Yes,No,No internet service,No internet service,No internet service,No internet service,No internet service,No internet service,One year,Yes,Bank transfer (automatic),21.59, ,No
C05447,Male,0,Yes,No,28,Yes,,No,No internet service,No internet service,No internet service,No internet service,No internet service,No internet service,Month-to-month,No,Mailed check,18.0,476.56,No
C05448,Female,0,No,No,3,Yes,No,DSL,No,No,Yes,No,No,No,Month-to-month,Yes,Electronic check,51.58,145.71,Yes
C05449,Male,0,No,No,49,Yes,No,Fiber optic,Yes,No,Yes,No,No,Yes,One year,Yes,Electronic check,84.85,3800.13,No
C05450,Male,0,No,No,27,Yes,Yes,Fiber optic,No,No,No,No,No,Yes,Two year,No,Mailed check,74.61,2067.11,No
C05451,Female,0,Yes,No,2,Yes,No,No,No internet service,No internet service,No internet service,No internet service,No internet service,No internet service,Month-to-month,Yes,Electronic check,22.47,39.73,Yes
C05452,Female,0,No,No,8,Yes,Yes,Fiber optic,No,No,No,No,Yes,Yes,Month-to-month,No,Bank transfer (automatic),83.98,674.95,Yes
C05453,Male,0,Yes,Yes,51,Yes,,No,No internet service,No internet service,No internet service,No internet service,No internet service,No internet service,One year,Yes,Mailed check,23.85,1075.11,No
C05454,Female,0,No,No,11,Yes,Yes,DSL,Yes,Yes,Yes,No,Yes,Yes,Month-to-month,Yes,Electronic check,86.06,838.21,No
C05455,Female,1,No,No,59,Yes,No,Fiber optic,No,No,Yes,No,No,No,Two year,No,Bank transfer (automatic),68.59,3733.82,No
C05456,Male,0,Yes,No,10,Yes,No,Fiber optic,No,No,No,No,No,Yes,Month-to-month,Yes,Bank transfer (automatic),72.24,668.76,No
C05457,Female,0,No,No,11,Yes,Yes,DSL,Yes,No,No,Yes,No,Yes,Month-to-month,No,Mailed check,71.05,800.55,No
C05458,Male,0,No,No,5,Yes,No,Fiber optic,Yes,No,No,No,No,No,One year,Yes,Mailed check,69.1,310.97,No
C05459,Male,0,Yes,No,4,Yes,No,No,No internet service,No internet service,No internet service,No internet service,No internet service,No internet service,One year,Yes,Electronic check,19.37,66.2,Yes
C05460,Female,0,Yes,No,6,Yes,Yes,No,No internet service,No internet service,No internet service,No internet service,No internet service,No internet service,Month-to-month,Yes,Electronic check,27.97,168.46,No
C05461,Male,0,No,No,72,Yes,Yes,DSL,No,No,Yes,No,Yes,Yes,Two year,Yes,Credit card (automatic),70.64,4670.51,No
C05462,Male,0,Yes,Yes,37,Yes,Yes,Fiber optic,Yes,No,No,No,No,No,Two year,Yes,Electronic check,80.48,2834.97,No
C05463,Female,0,Yes,No,45,Yes,Yes,Fiber optic,No,No,Yes,Yes,Yes,Yes,Two year,Yes,Electronic check,96.71,3918.52,No
C05464,Male,1,Yes,No,53,Yes,No,DSL,No,Yes,Yes,No,No,Yes,Two year,No,Electronic check,58.22,2725.8,No
C05465,Female,0,No,No,24,No,No phone service,DSL,No,No,No,No,Yes,No,One year,Yes,Bank transfer (automatic),35.18,734.81,No
C05466,Female,0,Yes,No,2,Yes,No,DSL,Yes,Yes,No,Yes,No,No,Month-to-month,Yes,Mailed check,61.26,127.4,Yes
C05467,Male,0,No,No,5,Yes,Yes,No,No internet service,No internet service,No internet service,No internet service,No internet service,No internet service,Month-to-month,Yes,Electronic check,27.96,144.85,Yes
C05468,Female,0,No,Yes,3,Yes,No,Fiber optic,No,Yes,No,No,No,No,Month-to-month,Yes,Electronic check,76.3,216.78,Yes
C05469,Male,0,Yes,No,17,Yes,Yes,DSL,No,Yes,No,No,Yes,Yes,Month-to-month,Yes,Electronic check,66.25,971.95,Yes
C05470,Female,0,Yes,Yes,36,Yes,No,Fiber optic,Yes,No,No,No,No,No,Two year,No,Electronic check,64.96,2139.43,No
C05471,Male,0,No,No,41,Yes,No,DSL,Yes,No,No,No,Yes,Yes,Two year,Yes,Mailed check,52.39,2193.08,No
C05472,Female,0,Yes,Yes,5,No,No phone service,No,No internet service,No internet service,No internet service,No internet service,No internet service,No internet service,Month-to-month,Yes,Credit card (automatic),18.0,79.85,Yes
C05473,Male,0,Yes,Yes,63,Yes,No,Fiber optic,No,No,Yes,Yes,Yes,Yes,One year,No,Electronic check,89.04,5711.95,No
C05474,Female,0,Yes,No,12,Yes,Yes,Fiber optic,Yes,Yes,No,Yes,Yes,No,One year,No,Electronic check,97.09,1143.26,No
C05475,Male,0,No,No,19,Yes,No,Fiber optic,Yes,No,Yes,Yes,No,Yes,Month-to-month,Yes,Electronic check,90.47,1733.8,Yes
C05476,Male,0,No,No,22,No,No phone service,DSL,No,No,No,Yes,Yes,Yes,Month-to-month,No,Mailed check,49.65,969.59,No
C05477,Male,0,Yes,No,55,Yes,Yes,Fiber optic,Yes,Yes,Yes,No,Yes,No,Two year,Yes,Electronic check,97.18,5373.99,No
C05478,Female,1,Yes,No,6,Yes,No,DSL,No,Yes,No,Yes,Yes,No,Month-to-month,Yes,Mailed check,66.46,378.0,No
C05479,Female,0,Yes,No,0,Yes,Yes,DSL,Yes,Yes,No,Yes,Yes,No,Month-to-month,No,Mailed check,76.45, ,No
C05480,Male,1,No,No,47,Yes,Yes,DSL,No,No,Yes,No,Yes,Yes,Two year,Yes,Credit card (automatic),74.26,3135.99,No
C05481,Male,0,Yes,No,8,Yes,Yes,DSL,Yes,No,No,No,Yes,Yes,Month-to-month,No,Electronic check,70.97,520.28,Yes
C05482,Male,0,No,No,6,Yes,No,Fiber optic,Yes,No,Yes,No,No,Yes,Month-to-month,Yes,Credit card (automatic),81.95,491.96,Yes
C05483,Male,0,No,No,1,Yes,No,DSL,No,Yes,No,Yes,No,Yes,Month-to-month,Yes,Bank transfer (automatic),62.91,54.6,Yes
C05484,Female,0,Yes,Yes,12,Yes,Yes,DSL,No,No,Yes,No,Yes,Yes,Month-to-month,Yes,Electronic check,69.79,715.0,Yes
C05485,Female,0,No,Yes,7,Yes,,DSL,,No,Yes,Yes,Yes,No,Month-to-month,No,Mailed check,58.73,355.04,No
C05486,Female,0,No,No,4,Yes,No,DSL,Yes,Yes,No,Yes,Yes,No,Month-to-month,No,Credit card (automatic),64.53,253.97,No
C05487,Male,0,No,No,62,Yes,No,DSL,No,Yes,Yes,No,No,No,Two year,No,Electronic check,61.78,4012.56,No
C05488,Male,1,Yes,Yes,5,Yes,No,DSL,No,Yes,No,No,Yes,No,Month-to-month,Yes,Mailed check,61.27,316.78,Yes
C05489,Female,0,No,Yes,23,No,No phone service,No,No internet service,No internet service,No internet service,No internet service,No internet service,No internet service,Two year,Yes,Credit card (automatic),18.0,392.55,No
C05490,Male,0,Yes,Yes,24,Yes,Yes,DSL,No,No,Yes,Yes,Yes,No,Two year,No,Electronic check,70.85,1678.83,No
C05491,Female,0,No,No,9,Yes,No,Fiber optic,Yes,No,Yes,No,No,No,Month-to-month,Yes,Bank transfer (automatic),80.4,735.31,Yes
C05492,Male,0,Yes,Yes,16,Yes,No,No,No internet service,No internet service,No internet service,No internet service,No internet service,No internet service,Month-to-month,No,Electronic check,18.0,302.28,Yes
C05493,Male,0,Yes,No,49,Yes,No,No,No internet service,No internet service,No internet service,No internet service,No internet service,No internet service,Month-to-month,Yes,Electronic check,18.0,908.38,No
C05494,Female,0,No,No,0,No,No phone service,Fiber optic,Yes,No,Yes,Yes,No,Yes,One year,Yes,Credit card (automatic),67.42, ,No
C05495,Male,1,No,No,57,Yes,No,DSL,Yes,Yes,No,No,Yes,No,One year,No,Bank transfer (automatic),56.98,3314.94,No
C05496,Female,0,Yes,No,43,Yes,No,Fiber optic,Yes,No,No,Yes,No,Yes,One year,Yes,Credit card (automatic),88.03,3518.97,Yes
C05497,Male,0,No,No,72,Yes,No,Fiber optic,No,No,No,Yes,No,Yes,Two year,Yes,Credit card (automatic),78.71,5347.59,No
C05498,Male,0,Yes,No,12,Yes,Yes,Fiber optic,No,Yes,No,No,Yes,Yes,Month-to-month,Yes,Electronic check,85.15,1051.35,Yes
C05499,Male,0,No,No,7,Yes,No,DSL,No,No,No,Yes,Yes,Yes,Month-to-month,Yes,Electronic check,66.01,473.14,No
C05500,Male,0,No,No,45,Yes,Yes,No,No internet service,No internet service,No internet service,No internet service,No internet service,No internet service,One year,No,Electronic check,28.71,1220.63,No
C05501,Female,0,Yes,No,65,Yes,No,Fiber optic,Yes,No,Yes,Yes,No,No,One year,No,Bank transfer (automatic),91.46,5853.33,No
C05502,Male,0,No,No,49,Yes,No,DSL,No,No,Yes,No,Yes,Yes,Two year,No,Mailed check,65.38,3180.21,No
C05503,Female,1,No,Yes,0,Yes,No,No,No internet service,No internet service,No internet service,No internet service,No internet service,No internet service,Month-to-month,No,Electronic check,19.63, ,Yes
C05504,Female,0,No,No,50,No,No phone service,Fiber optic,No,Yes,No,No,Yes,No,Two year,Yes,Electronic check,58.14,2990.48,No
C05505,Male,0,No,No,3,Yes,,No,No internet service,No internet service,No internet service,No internet service,No internet service,No internet service,Month-to-month,Yes,Bank transfer (automatic),32.94,86.78,Yes
C05506,Male,0,No,No,5,Yes,Yes,DSL,No,No,No,No,Yes,No,Month-to-month,Yes,Electronic check,62.87,268.6,Yes
C05507,Male,0,No,No,42,Yes,No,DSL,No,No,Yes,No,No,No,One year,Yes,Mailed check,52.77,2112.21,No
C05508,Female,1,Yes,No,11,Yes,Yes,DSL,Yes,No,No,No,No,Yes,Month-to-month,No,Electronic check,69.99,805.85,No
C05509,Female,0,No,No,62,Yes,Yes,Fiber optic,No,No,Yes,Yes,Yes,No,One year,Yes,Electronic check,93.1,5450.49,No
C05510,Male,0,Yes,No,0,Yes,Yes,No,No internet service,No internet service,No internet service,No internet service,No internet service,No internet service,Month-to-month,No,Mailed check,22.46, ,Yes
C05511,Female,0,Yes,No,50,Yes,No,No,No internet service,No internet service,No internet service,No internet service,No internet service,No internet service,Two year,Yes,Mailed check,19.91,981.54,No
C05512,Male,0,Yes,Yes,38,Yes,Yes,Fiber optic,No,No,No,No,No,Yes,One year,No,Electronic check,73.73,2894.44,No
C05513,Male,0,No,No,68,Yes,Yes,Fiber optic,No,No,Yes,Yes,No,No,One year,Yes,Credit card (automatic),83.2,5448.56,No
C05514,Male,0,Yes,No,72,Yes,No,DSL,Yes,No,Yes,Yes,Yes,No,Two year,No,Credit card (automatic),77.35,5189.45,No
C05515,Female,0,Yes,Yes,24,No,No phone service,Fiber optic,Yes,Yes,Yes,No,No,No,Month-to-month,Yes,Bank transfer (automatic),66.27,1653.84,Yes
C05516,Male,0,Yes,No,4,Yes,No,DSL,Yes,No,No,Yes,No,Yes,One year,Yes,Electronic check,56.62,228.89,No
C05517,Male,0,Yes,Yes,7,Yes,Yes,Fiber optic,No,Yes,Yes,Yes,Yes,No,Month-to-month,Yes,Mailed check,97.69,583.61,Yes
C05518,Male,0,No,No,10,Yes,Yes,No,No internet service,No internet service,No internet service,No internet service,No internet service,No internet service,Month-to-month,Yes,Electronic check,24.62,254.02,Yes
C05519,Female,0,Yes,Yes,53,Yes,Yes,Fiber optic,Yes,Yes,Yes,No,No,Yes,Two year,Yes,Bank transfer (automatic),91.84,5066.47,No
C05520,Male,0,Yes,No,7,Yes,No,Fiber optic,Yes,Yes,Yes,Yes,Yes,Yes,Month-to-month,No,Electronic check,110.02,801.75,Yes
C05521,Male,0,No,No,4,Yes,Yes,DSL,No,Yes,Yes,No,No,No,Month-to-month,No,Electronic check,64.81,253.0,Yes
C05522,Male,1,Yes,No,1,Yes,Yes,Fiber optic,No,Yes,Yes,Yes,Yes,No,Month-to-month,Yes,Electronic check,90.96,84.81,Yes
C05523,Female,0,Yes,No,1,Yes,Yes,Fiber optic,No,No,No,Yes,Yes,Yes,Month-to-month,Yes,Mailed check,95.0,87.66,Yes
C05524,Male,0,No,Yes,0,Yes,No,No,No internet service,No internet service,No internet service,No internet service,No internet service,No internet service,Month-to-month,Yes,Electronic check,18.0, ,No
C05525,Female,0,No,No,72,Yes,Yes,Fiber optic,,No,No,No,No,No,Two year,Yes,Bank transfer (automatic),73.08,5130.66,No
C05526,Male,0,Yes,Yes,42,Yes,No,DSL,Yes,Yes,No,Yes,No,No,Month-to-month,Yes,Electronic check,59.41,2175.27,Yes
C05527,Male,0,No,No,3,Yes,No,Fiber optic,No,No,Yes,Yes,Yes,No,One year,Yes,Mailed check,81.73,236.14,No
C05528,Female,0,No,No,53,Yes,No,DSL,No,No,Yes,No,Yes,Yes,Month-to-month,Yes,Credit card (automatic),61.55,3053.9,No
C05529,Female,0,No,No,24,Yes,No,DSL,No,No,No,No,Yes,Yes,One year,No,Electronic check,53.18,1146.74,No
C05530,Male,0,Yes,No,23,Yes,Yes,Fiber optic,No,Yes,Yes,No,No,No,One year,Yes,Mailed check,84.7,2023.36,No
C05531,Female,0,No,No,11,Yes,No,Fiber optic,,Yes,No,No,Yes,Yes,One year,Yes,Mailed check,84.18,970.7,Yes
C05532,Female,0,No,No,55,Yes,Yes,DSL,No,No,No,No,No,Yes,Two year,Yes,Bank transfer (automatic),60.55,2986.32,No
C05533,Male,0,No,No,35,Yes,Yes,Fiber optic,,Yes,No,No,Yes,Yes,Two year,No,Electronic check,102.88,3635.59,No
C05534,Female,0,No,No,17,Yes,No,DSL,Yes,No,Yes,No,Yes,Yes,Two year,No,Electronic check,69.0,1107.41,No
C05535,Female,1,No,Yes,34,Yes,No,DSL,No,No,Yes,Yes,No,No,Two year,Yes,Credit card (automatic),62.53,1895.92,No
C05536,Male,0,No,No,51,Yes,No,DSL,No,Yes,No,Yes,No,Yes,Two year,No,Credit card (automatic),63.64,2830.48,No
C05537,Female,0,Yes,No,42,No,No phone service,Fiber optic,No,Yes,Yes,No,Yes,No,Month-to-month,Yes,Credit card (automatic),60.08,2193.87,No
C05538,Male,1,Yes,No,48,Yes,Yes,Fiber optic,No,No,No,Yes,Yes,No,Two year,No,Electronic check,79.39,3773.37,No
C05539,Male,0,No,No,61,Yes,No,Fiber optic,Yes,Yes,Yes,Yes,Yes,Yes,Two year,Yes,Electronic check,98.47,6000.44,No
C05540,Female,0,Yes,No,41,Yes,No,No,No internet service,No internet service,No internet service,No internet service,No internet service,No internet service,Two year,Yes,Bank transfer (automatic),21.5,898.27,No
C05541,Female,0,No,No,32,Yes,Yes,Fiber optic,No,Yes,Yes,Yes,No,Yes,One year,Yes,Electronic check,98.66,2730.52,No
C05542,Female,0,No,No,2,No,No phone service,Fiber optic,Yes,No,No,No,No,No,Month-to-month,Yes,Credit card (automatic),54.57,110.8,Yes
C05543,Female,0,No,No,14,Yes,No,Fiber optic,Yes,No,Yes,No,No,No,Month-to-month,Yes,Credit card (automatic),80.44,1164.81,Yes
C05544,Female,0,Yes,Yes,35,Yes,Yes,No,No internet service,No internet service,No internet service,No internet service,No internet service,No internet service,Month-to-month,No,Electronic check,22.55,815.85,No
C05545,Male,0,No,No,55,Yes,No,Fiber optic,No,Yes,No,No,No,Yes,One year,Yes,Bank transfer (automatic),81.91,4421.52,No
C05546,Female,1,No,No,1,Yes,No,Fiber optic,Yes,Yes,Yes,No,No,No,Month-to-month,Yes,Mailed check,71.2,62.58,Yes
C05547,Female,0,Yes,No,12,Yes,Yes,Fiber optic,No,No,No,Yes,Yes,Yes,Month-to-month,Yes,Bank transfer (automatic),86.02,976.98,Yes
C05548,Female,0,No,No,34,Yes,No,No,No internet service,No internet service,No internet service,No internet service,No internet service,No internet service,Month-to-month,Yes,Bank transfer (automatic),24.82,753.64,No
C05549,Male,0,Yes,No,8,Yes,Yes,Fiber optic,,No,No,Yes,Yes,No,Month-to-month,Yes,Electronic check,92.35,733.2,Yes
C05550,Male,0,No,No,13,Yes,No,No,No internet service,No internet service,No internet service,No internet service,No internet service,No internet service,Two year,Yes,Bank transfer (automatic),20.89,238.92,No
C05551,Male,0,Yes,No,56,Yes,No,DSL,No,No,No,No,No,Yes,One year,Yes,Electronic check,52.92,2888.36,No
C05552,Male,0,No,No,14,Yes,Yes,Fiber optic,No,Yes,No,No,No,No,Month-to-month,Yes,Mailed check,75.34,939.21,Yes
C05553,Male,0,Yes,Yes,4,Yes,Yes,Fiber optic,No,Yes,No,Yes,Yes,Yes,Month-to-month,No,Electronic check,98.75,355.68,Yes
C05554,Female,1,Yes,Yes,68,Yes,No,Fiber optic,Yes,No,Yes,No,No,Yes,Month-to-month,No,Electronic check,82.58,5559.75,No
C05555,Female,0,Yes,No,10,Yes,Yes,DSL,No,No,No,Yes,Yes,Yes,Month-to-month,No,Mailed check,79.11,703.45,No
C05556,Male,0,Yes,No,50,Yes,Yes,No,No internet service,No internet service,No internet service,No internet service,No internet service,No internet service,Two year,Yes,Electronic check,28.96,1427.76,No
C05557,Male,0,No,No,11,Yes,No,DSL,No,Yes,No,Yes,Yes,No,Month-to-month,Yes,Electronic check,65.04,645.65,No
C05558,Female,0,No,No,41,No,No phone service,Fiber optic,No,No,Yes,Yes,No,Yes,Two year,Yes,Credit card (automatic),64.49,2695.52,No
C05559,Male,0,Yes,No,4,Yes,Yes,Fiber optic,No,Yes,No,No,No,Yes,Month-to-month,No,Credit card (automatic),86.93,351.68,Yes
C05560,Female,0,Yes,No,24,Yes,No,Fiber optic,No,Yes,No,No,No,No,Month-to-month,Yes,Mailed check,71.34,1793.29,Yes
C05561,Male,0,No,No,66,Yes,No,No,No internet service,No internet service,No internet service,No internet service,No internet service,No internet service,One year,No,Mailed check,24.52,1494.26,No
C05562,Male,0,Yes,Yes,6,No,No phone service,No,No internet service,No internet service,No internet service,No internet service,No internet service,No internet service,Month-to-month,Yes,Mailed check,18.0,110.47,Yes
C05563,Male,1,No,No,67,Yes,Yes,Fiber optic,No,Yes,Yes,No,No,Yes,One year,Yes,Credit card (automatic),86.4,5208.25,No
C05564,Female,0,Yes,No,9,Yes,No,DSL,No,No,Yes,No,No,No,Month-to-month,No,Mailed check,46.81,401.21,No
C05565,Male,0,No,No,16,No,No phone service,DSL,No,Yes,Yes,Yes,No,Yes,Two year,No,Mailed check,43.49,678.33,No
C05566,Female,0,No,Yes,22,Yes,Yes,DSL,Yes,No,No,Yes,No,Yes,Month-to-month,No,Mailed check,71.16,1483.92,No
C05567,Male,0,Yes,No,2,Yes,Yes,Fiber optic,No,No,Yes,No,Yes,No,One year,No,Mailed check,81.57,160.24,No
C05568,Male,1,No,No,5,Yes,No,DSL,Yes,Yes,No,Yes,Yes,No,Month-to-month,Yes,Mailed check,66.71,328.37,Yes
C05569,Female,0,No,No,45,Yes,Yes,Fiber optic,Yes,No,No,No,No,No,Two year,No,Credit card (automatic),81.9,3827.16,Yes
C05570,Male,0,No,No,4,Yes,No,Fiber optic,No,No,No,Yes,No,No,Month-to-month,No,Electronic check,72.66,265.95,Yes
C05571,Male,1,No,No,43,Yes,No,DSL,No,No,No,No,No,No,Two year,No,Credit card (automatic),44.48,1643.91,No
C05572,Male,0,No,Yes,53,Yes,Yes,No,No internet service,No internet service,No internet service,No internet service,No internet service,No internet service,Two year,Yes,Mailed check,24.68,1233.34,No
C05573,Female,0,No,No,0,Yes,No,No,No internet service,No internet service,No internet service,No internet service,No internet service,No internet service,Month-to-month,Yes,Mailed check,18.0, ,Yes
C05574,Male,0,No,No,35,Yes,No,Fiber optic,No,Yes,Yes,No,No,No,Month-to-month,Yes,Electronic check,73.76,2216.84,Yes
C05575,Male,0,Yes,No,7,Yes,No,DSL,No,Yes,No,No,Yes,No,Month-to-month,No,Credit card (automatic),51.51,376.07,No
C05576,Female,0,No,No,21,Yes,No,DSL,Yes,No,No,No,No,Yes,Month-to-month,No,Mailed check,55.47,1135.76,Yes
C05577,Female,1,No,No,3,Yes,No,DSL,No,No,Yes,Yes,No,No,Month-to-month,Yes,Bank transfer (automatic),60.53,157.1,Yes
C05578,Female,0,Yes,No,2,Yes,Yes,Fiber optic,Yes,No,Yes,Yes,No,No,Month-to-month,Yes,Bank transfer (automatic),100.76,171.68,Yes
C05579,Female,0,Yes,No,20,No,No phone service,Fiber optic,No,No,Yes,Yes,No,No,Month-to-month,No,Electronic check,54.3,1093.47,Yes
C05580,Female,0,Yes,No,72,Yes,Yes,No,No internet service,No internet service,No internet service,No internet service,No internet service,No internet service,Two year,No,Electronic check,26.66,1787.37,No
C05581,Male,0,Yes,No,3,Yes,No,Fiber optic,No,Yes,Yes,No,Yes,No,One year,Yes,Bank transfer (automatic),85.03,230.67,Yes
C05582,Male,0,Yes,Yes,53,Yes,Yes,DSL,Yes,Yes,No,No,No,No,One year,Yes,Mailed check,58.37,2664.39,No
C05583,Female,0,Yes,Yes,23,Yes,No,No,No internet service,No internet service,No internet service,No internet service,No internet service,No internet service,Month-to-month,No,Electronic check,19.31,382.22,No
C05584,Female,0,Yes,Yes,39,No,No phone service,No,No internet service,No internet service,No internet service,No internet service,No internet service,No internet service,Two year,Yes,Electronic check,18.0,642.39,No
C05585,Female,0,No,No,37,Yes,No,No,No internet service,No internet service,No internet service,No internet service,No internet service,No internet service,Month-to-month,Yes,Credit card (automatic),19.13,665.0,No
C05586,Female,0,Yes,No,57,Yes,Yes,No,No internet service,No internet service,No internet service,No internet service,No internet service,No internet service,One year,No,Electronic check,23.57,1387.07,No
C05587,Male,0,Yes,Yes,72,Yes,Yes,No,No internet service,No internet service,No internet service,No internet service,No internet service,No internet service,Month-to-month,No,Credit card (automatic),23.23,1511.08,No
C05588,Male,0,Yes,Yes,54,Yes,No,Fiber optic,No,No,No,No,Yes,No,Month-to-month,Yes,Bank transfer (automatic),73.59,3395.53,No
C05589,Female,0,Yes,No,1,Yes,No,No,No internet service,No internet service,No internet service,No internet service,No internet service,No internet service,Month-to-month,No,Electronic check,18.76,17.85,Yes
C05590,Male,0,Yes,No,3,Yes,Yes,Fiber optic,Yes,No,No,Yes,No,No,Month-to-month,Yes,Bank transfer (automatic),87.81,249.2,Yes
C05591,Female,1,No,No,48,Yes,Yes,Fiber optic,Yes,Yes,Yes,No,Yes,Yes,One year,Yes,Bank transfer (automatic),99.8,4776.21,No
C05592,Female,0,Yes,No,4,Yes,No,Fiber optic,No,Yes,Yes,No,No,No,Month-to-month,Yes,Mailed check,82.53,304.95,Yes
C05593,Male,0,Yes,No,18,No,No phone service,Fiber optic,No,No,Yes,No,No,Yes,One year,No,Bank transfer (automatic),55.41,891.12,Yes
C05594,Female,0,No,No,4,Yes,No,DSL,No,Yes,Yes,No,Yes,No,Month-to-month,Yes,Mailed check,57.99,214.94,Yes
C05595,Female,0,No,No,18,Yes,No,Fiber optic,No,No,No,Yes,Yes,No,Month-to-month,Yes,Electronic check,76.15,1238.23,No
C05596,Female,1,No,No,1,Yes,No,Fiber optic,No,No,No,No,Yes,Yes,Month-to-month,Yes,Credit card (automatic),69.88,59.85,Yes
C05597,Male,0,Yes,Yes,0,Yes,No,Fiber optic,No,No,Yes,No,Yes,Yes,Month-to-month,Yes,Electronic check,80.6, ,Yes
C05598,Female,0,No,No,72,Yes,Yes,Fiber optic,Yes,Yes,No,Yes,Yes,No,One year,No,Bank transfer (automatic),97.88,6572.13,No
C05599,Male,0,Yes,No,48,Yes,No,No,No internet service,No internet service,No internet service,No internet service,No internet service,No internet service,Two year,No,Mailed check,23.7,1131.46,No
C05600,Female,0,Yes,No,28,Yes,No,No,No internet service,No internet service,No internet service,No internet service,No internet service,No internet service,Month-to-month,No,Mailed check,18.0,443.82,No
C05601,Male,1,No,No,0,Yes,No,No,No internet service,No internet service,No internet service,No internet service,No internet service,No internet service,One year,No,Electronic check,21.04, ,Yes
C05602,Female,1,No,No,4,Yes,No,Fiber optic,No,Yes,Yes,No,Yes,No,Month-to-month,Yes,Bank transfer (automatic),81.01,323.02,Yes
C05603,Female,0,No,Yes,20,Yes,No,No,,No internet service,No internet service,No internet service,No internet service,No internet service,Month-to-month,No,Bank transfer (automatic),19.13,346.58,No
C05604,Female,0,Yes,Yes,7,No,No phone service,DSL,No,No,Yes,No,No,Yes,One year,Yes,Credit card (automatic),37.5,272.1,No
C05605,Female,0,No,No,27,Yes,No,Fiber optic,Yes,No,No,No,No,No,Two year,Yes,Credit card (automatic),73.62,1748.85,No
C05606,Male,0,No,No,67,Yes,No,DSL,Yes,Yes,No,No,No,No,Two year,Yes,Electronic check,54.27,3597.55,No
C05607,Female,1,No,No,1,Yes,No,DSL,No,No,Yes,Yes,No,No,Month-to-month,Yes,Bank transfer (automatic),50.79,47.9,Yes
C05608,Male,0,Yes,No,1,Yes,Yes,Fiber optic,Yes,No,No,No,Yes,No,Month-to-month,Yes,Electronic check,83.61,82.55,Yes
C05609,Female,1,Yes,Yes,0,Yes,Yes,DSL,Yes,Yes,No,Yes,No,Yes,One year,Yes,Bank transfer (automatic),75.46, ,No
C05610,Male,0,Yes,Yes,62,Yes,No,No,No internet service,No internet service,No internet service,No internet service,No internet service,No internet service,One year,Yes,Bank transfer (automatic),20.52,1293.1,No
C05611,Female,0,No,No,67,Yes,No,No,No internet service,No internet service,No internet service,No internet service,No internet service,No internet service,Month-to-month,Yes,Electronic check,22.4,1342.29,No
C05612,Male,0,Yes,Yes,3,Yes,No,DSL,Yes,Yes,No,No,Yes,No,Month-to-month,No,Electronic check,57.32,159.3,Yes
C05613,Female,0,Yes,Yes,49,Yes,No,DSL,Yes,No,No,No,No,Yes,Two year,No,Credit card (automatic),51.66,2644.55,No
C05614,Female,0,Yes,Yes,63,Yes,Yes,No,No internet service,No internet service,No internet service,No internet service,No internet service,No internet service,Two year,Yes,Electronic check,25.15,1488.53,No
C05615,Male,0,Yes,Yes,57,Yes,Yes,No,No internet service,No internet service,No internet service,No internet service,No internet service,No internet service,One year,No,Electronic check,32.28,1711.96,No
C05616,Male,0,No,No,19,Yes,Yes,No,No internet service,No internet service,No internet service,No internet service,No internet service,No internet service,Two year,Yes,Bank transfer (automatic),31.63,530.75,No
C05617,Female,0,Yes,No,5,Yes,No,Fiber optic,Yes,Yes,Yes,No,No,Yes,One year,Yes,Mailed check,92.14,400.4,No
C05618,Female,0,Yes,No,5,Yes,Yes,No,No internet service,No internet service,No internet service,No internet service,No internet service,No internet service,Month-to-month,Yes,Electronic check,31.42,138.41,Yes
C05619,Male,1,No,No,70,Yes,No,No,No internet service,No internet service,No internet service,No internet service,No internet service,No internet service,Month-to-month,No,Credit card (automatic),20.47,1382.72,No
C05620,Male,0,No,No,26,No,No phone service,DSL,No,Yes,No,Yes,No,Yes,Month-to-month,Yes,Bank transfer (automatic),50.72,1287.66,No
C05621,Male,0,No,No,18,No,,No,No internet service,No internet service,No internet service,No internet service,No internet service,No internet service,One year,No,Mailed check,18.0,311.48,No
C05622,Female,0,No,No,32,Yes,No,Fiber optic,No,Yes,Yes,Yes,Yes,No,One year,No,Credit card (automatic),87.99,2705.35,Yes
C05623,Female,0,Yes,No,16,No,No phone service,Fiber optic,Yes,No,Yes,Yes,Yes,No,One year,Yes,Credit card (automatic),70.22,1163.26,No
C05624,Male,1,Yes,Yes,22,Yes,Yes,Fiber optic,No,No,No,Yes,No,Yes,Month-to-month,Yes,Mailed check,80.02,1546.26,Yes
C05625,Female,0,Yes,Yes,59,Yes,No,No,No internet service,No internet service,No internet service,No internet service,No internet service,No internet service,Two year,Yes,Bank transfer (automatic),21.45,1152.51,No
C05626,Female,0,No,No,14,Yes,No,DSL,Yes,No,No,No,Yes,No,Month-to-month,No,Electronic check,47.59,655.02,No
C05627,Female,0,No,No,28,No,No phone service,Fiber optic,No,Yes,Yes,No,No,No,Two year,No,Electronic check,65.02,1763.66,No
C05628,Male,0,Yes,Yes,2,Yes,No,DSL,Yes,Yes,No,No,Yes,Yes,Month-to-month,Yes,Electronic check,67.27,116.28,Yes
C05629,Male,0,No,No,6,No,No phone service,Fiber optic,No,No,Yes,No,Yes,Yes,Month-to-month,No,Credit card (automatic),65.97,409.49,Yes
C05630,Male,0,No,No,6,Yes,No,Fiber optic,No,No,No,No,No,Yes,Month-to-month,Yes,Electronic check,69.38,364.15,Yes
C05631,Male,0,No,No,46,Yes,Yes,DSL,No,Yes,Yes,No,No,No,One year,No,Electronic check,67.43,2814.85,No
C05632,Male,1,No,No,0,Yes,Yes,DSL,No,Yes,No,Yes,No,Yes,Two year,Yes,Mailed check,67.18, ,No
C05633,Male,0,Yes,No,60,Yes,Yes,Fiber optic,Yes,Yes,No,No,No,Yes,Two year,Yes,Electronic check,85.48,4657.92,No
C05634,Male,0,No,No,42,Yes,No,DSL,Yes,Yes,No,No,No,Yes,One year,Yes,Mailed check,64.04,2308.87,No
C05635,Female,0,No,No,1,Yes,Yes,DSL,No,No,Yes,No,No,Yes,Month-to-month,No,Credit card (automatic),67.34,60.46,No
C05636,Male,0,No,No,68,Yes,No,Fiber optic,No,No,Yes,No,Yes,Yes,Month-to-month,Yes,Bank transfer (automatic),88.18,5758.72,No
C05637,Female,0,No,No,1,No,No phone service,Fiber optic,No,Yes,No,No,Yes,Yes,One year,No,Electronic check,60.01,62.7,Yes
C05638,Male,0,Yes,No,59,Yes,,Fiber optic,No,No,No,Yes,No,No,Month-to-month,No,Credit card (automatic),74.04,4363.9,No
C05639,Female,0,No,No,3,Yes,Yes,DSL,Yes,No,No,No,No,No,Month-to-month,No,Electronic check,57.5,178.66,Yes
C05640,Male,0,Yes,No,66,No,No phone service,Fiber optic,No,No,Yes,Yes,Yes,Yes,One year,Yes,Mailed check,70.82,4678.61,No
C05641,Female,0,Yes,No,7,No,No phone service,Fiber optic,No,No,No,No,No,Yes,Month-to-month,Yes,Mailed check,49.93,309.26,No
C05642,Female,0,Yes,Yes,3,Yes,No,Fiber optic,No,Yes,No,Yes,No,Yes,Month-to-month,Yes,Bank transfer (automatic),77.42,215.72,Yes
C05643,Male,0,Yes,Yes,55,Yes,Yes,No,No internet service,No internet service,No internet service,No internet service,No internet service,No internet service,Two year,Yes,Credit card (automatic),24.2,1344.94,No
C05644,Female,0,Yes,No,72,Yes,Yes,No,No internet service,No internet service,No internet service,No internet service,No internet service,No internet service,Two year,Yes,Mailed check,26.57,1770.4,No
C05645,Male,1,No,No,9,Yes,Yes,No,No internet service,No internet service,No internet service,No internet service,No internet service,No internet service,Two year,Yes,Mailed check,33.99,264.39,No
C05646,Female,0,No,No,0,Yes,Yes,Fiber optic,No,No,Yes,Yes,No,No,Month-to-month,Yes,Bank transfer (automatic),81.71, ,Yes
C05647,Male,0,Yes,No,0,Yes,No,DSL,Yes,Yes,No,No,Yes,No,Month-to-month,Yes,Electronic check,60.75, ,Yes
C05648,Male,0,Yes,No,2,Yes,Yes,DSL,No,No,No,No,Yes,No,Two year,No,Bank transfer (automatic),62.1,129.99,No
C05649,Male,0,Yes,Yes,72,Yes,Yes,Fiber optic,No,No,No,Yes,No,Yes,Month-to-month,Yes,Mailed check,90.01,6478.96,No
C05650,Female,0,Yes,Yes,1,Yes,Yes,Fiber optic,Yes,Yes,Yes,No,Yes,No,One year,Yes,Electronic check,95.1,86.38,Yes
C05651,Male,0,Yes,Yes,72,Yes,Yes,Fiber optic,No,Yes,No,Yes,No,No,Month-to-month,Yes,Electronic check,86.26,5955.52,No
C05652,Female,0,No,No,22,Yes,No,Fiber optic,No,No,No,No,Yes,Yes,Two year,No,Electronic check,81.2,1777.97,Yes
C05653,Male,0,No,No,26,Yes,No,Fiber optic,No,No,Yes,No,No,No,One year,Yes,Mailed check,71.27,1817.15,No
C05654,Male,0,Yes,No,53,Yes,Yes,DSL,No,Yes,Yes,Yes,Yes,No,Two year,Yes,Bank transfer (automatic),77.08,4129.86,No
C05655,Male,0,No,No,11,Yes,No,No,No internet service,No internet service,No internet service,No internet service,No internet service,No internet service,One year,No,Credit card (automatic),19.58,193.21,No
C05656,Female,0,No,No,3,Yes,No,No,No internet service,No internet service,No internet service,No internet service,No internet service,No internet service,Month-to-month,Yes,Electronic check,21.23,61.66,No
C05657,Female,0,Yes,No,14,Yes,No,DSL,No,Yes,Yes,Yes,No,No,Month-to-month,No,Mailed check,61.68,891.94,No
C05658,Male,1,Yes,No,22,Yes,No,Fiber optic,No,Yes,No,No,No,No,Month-to-month,No,Bank transfer (automatic),74.94,1418.69,Yes
C05659,Female,0,Yes,No,68,Yes,Yes,No,No internet service,No internet service,No internet service,No internet service,No internet service,No internet service,Two year,Yes,Mailed check,28.67,1819.16,No
C05660,Male,1,No,No,42,Yes,Yes,Fiber optic,No,Yes,Yes,No,No,Yes,One year,Yes,Credit card (automatic),92.64,3336.89,No
C05661,Male,0,No,No,7,Yes,No,Fiber optic,Yes,No,Yes,Yes,Yes,No,Month-to-month,Yes,Bank transfer (automatic),93.48,576.13,No
C05662,Female,0,Yes,Yes,54,Yes,No,No,No internet service,No internet service,No internet service,No internet service,No internet service,No internet service,One year,Yes,Credit card (automatic),24.44,1242.8,No
C05663,Male,0,Yes,No,6,Yes,Yes,Fiber optic,No,No,No,No,Yes,Yes,One year,Yes,Bank transfer (automatic),79.15,403.9,Yes
C05664,Male,0,Yes,Yes,40,Yes,No,Fiber optic,No,Yes,Yes,Yes,No,No,Two year,No,Electronic check,80.54,3272.54,No
C05665,Female,0,Yes,Yes,67,Yes,Yes,Fiber optic,Yes,Yes,Yes,No,Yes,No,Two year,No,Electronic check,87.18,5605.89,No
C05666,Male,0,No,Yes,3,Yes,No,Fiber optic,Yes,Yes,Yes,No,Yes,Yes,Month-to-month,Yes,Credit card (automatic),87.99,263.84,Yes
C05667,Female,0,Yes,No,2,Yes,No,No,No internet service,No internet service,No internet service,No internet service,No internet service,No internet service,Month-to-month,Yes,Credit card (automatic),21.14,40.13,No
C05668,Female,0,No,Yes,11,Yes,No,DSL,No,No,No,Yes,No,No,Month-to-month,No,Bank transfer (automatic),52.83,504.6,No
C05669,Female,1,Yes,Yes,1,Yes,Yes,Fiber optic,No,No,Yes,No,No,No,Month-to-month,No,Electronic check,77.98,74.65,Yes
C05670,Female,0,Yes,No,50,Yes,No,Fiber optic,No,Yes,Yes,No,No,No,Two year,Yes,Mailed check,81.62,3952.29,No
C05671,Female,1,Yes,No,3,Yes,No,DSL,Yes,Yes,Yes,No,No,No,Month-to-month,Yes,Electronic check,61.33,185.73,Yes
C05672,Male,0,No,No,43,Yes,No,No,No internet service,No internet service,No internet service,No internet service,No internet service,No internet service,Two year,No,Electronic check,21.24,883.58,No
C05673,Female,0,Yes,No,1,Yes,No,No,No internet service,No internet service,No internet service,No internet service,No internet service,No internet service,Month-to-month,No,Credit card (automatic),24.48,21.08,Yes
C05674,Female,0,No,No,57,Yes,No,DSL,No,Yes,No,No,Yes,No,One year,Yes,Credit card (automatic),56.19,3054.67,No
C05675,Female,0,Yes,Yes,1,Yes,Yes,Fiber optic,No,Yes,No,Yes,No,No,Month-to-month,Yes,Electronic check,80.86,84.71,Yes
C05676,Male,0,No,Yes,10,Yes,No,DSL,No,Yes,No,No,No,Yes,Month-to-month,No,Electronic check,52.93,489.13,No
C05677,Female,0,No,No,8,Yes,No,DSL,No,Yes,No,Yes,Yes,No,Month-to-month,Yes,Electronic check,63.39,512.71,No
C05678,Female,0,No,No,63,Yes,No,DSL,No,Yes,Yes,No,Yes,No,One year,Yes,Electronic check,55.21,3356.29,No
C05679,Male,0,Yes,No,2,Yes,Yes,Fiber optic,Yes,Yes,No,Yes,Yes,No,Month-to-month,Yes,Bank transfer (automatic),98.18,172.53,No
C05680,Female,1,Yes,No,45,Yes,No,No,No internet service,No internet service,No internet service,No internet service,No internet service,No internet service,Two year,No,Mailed check,18.0,763.86,No
C05681,Male,0,No,No,42,Yes,No,Fiber optic,No,Yes,No,No,No,Yes,Two year,Yes,Credit card (automatic),77.08,3326.05,No
C05682,Male,0,No,No,4,Yes,No,DSL,No,Yes,No,Yes,No,No,Month-to-month,Yes,Electronic check,60.11,226.85,Yes
C05683,Female,0,Yes,Yes,5,Yes,Yes,DSL,No,No,No,No,Yes,Yes,Month-to-month,No,Mailed check,66.55,302.8,Yes
C05684,Male,0,Yes,Yes,1,Yes,Yes,DSL,Yes,Yes,No,Yes,Yes,Yes,Two year,Yes,Bank transfer (automatic),83.66,74.52,No
C05685,Male,0,Yes,Yes,34,Yes,,DSL,No,Yes,Yes,No,No,Yes,One year,Yes,Mailed check,62.28,2030.24,No
C05686,Male,0,Yes,No,54,Yes,No,Fiber optic,Yes,Yes,No,No,No,No,Two year,Yes,Bank transfer (automatic),78.99,4111.6,No
C05687,Male,0,Yes,No,27,Yes,No,No,No internet service,No internet service,No internet service,No internet service,No internet service,No internet service,Two year,Yes,Mailed check,20.74,513.05,No
C05688,Female,0,Yes,Yes,0,Yes,No,No,No internet service,No internet service,No internet service,No internet service,No internet service,No internet service,One year,No,Bank transfer (automatic),21.67, ,No
C05689,Female,0,Yes,No,19,Yes,No,DSL,No,No,Yes,No,Yes,No,Month-to-month,Yes,Electronic check,62.73,1176.46,Yes
C05690,Female,0,No,No,3,Yes,No,DSL,No,Yes,No,No,No,No,Month-to-month,No,Credit card (automatic),49.05,150.98,Yes
C05691,Male,0,No,No,70,Yes,Yes,Fiber optic,Yes,Yes,Yes,Yes,No,Yes,One year,Yes,Electronic check,111.77,7770.93,No
C05692,Female,1,No,No,0,Yes,Yes,Fiber optic,No,No,No,Yes,Yes,Yes,Month-to-month,No,Electronic check,90.33, ,Yes
C05693,Female,0,Yes,No,44,Yes,Yes,DSL,No,Yes,Yes,No,Yes,Yes,Two year,No,Electronic check,84.99,3649.66,No
C05694,Female,0,No,No,19,Yes,No,No,No internet service,No internet service,No internet service,No internet service,No internet service,No internet service,Month-to-month,No,Electronic check,18.79,311.07,No
C05695,Male,0,Yes,No,2,Yes,No,Fiber optic,No,No,No,No,Yes,Yes,Month-to-month,No,Mailed check,77.28,158.95,Yes
C05696,Male,0,No,Yes,18,Yes,,Fiber optic,No,No,No,Yes,Yes,No,Month-to-month,No,Credit card (automatic),79.99,1432.1,No
C05697,Female,0,Yes,No,1,Yes,No,No,No internet service,No internet service,No internet service,No internet service,No internet service,No internet service,Month-to-month,No,Bank transfer (automatic),21.18,21.06,No
C05698,Female,0,Yes,Yes,56,Yes,No,Fiber optic,Yes,Yes,No,No,Yes,No,One year,No,Credit card (automatic),83.26,4453.37,No
C05699,Male,0,No,No,10,Yes,Yes,Fiber optic,Yes,Yes,No,No,Yes,No,Month-to-month,Yes,Mailed check,87.94,832.28,Yes
C05700,Female,0,Yes,Yes,8,Yes,No,No,No internet service,No internet service,No internet service,No internet service,No internet service,No internet service,Month-to-month,Yes,Mailed check,18.0,131.71,No
C05701,Male,0,No,No,8,Yes,No,No,No internet service,No internet service,No internet service,No internet service,No internet service,No internet service,Month-to-month,No,Electronic check,18.0,124.24,Yes
C05702,Male,0,No,No,38,Yes,Yes,DSL,No,Yes,Yes,No,Yes,No,Two year,No,Electronic check,75.27,2644.78,No
C05703,Female,0,Yes,Yes,1,Yes,No,DSL,No,Yes,Yes,Yes,No,No,Month-to-month,No,Credit card (automatic),64.04,64.54,Yes
C05704,Female,0,Yes,No,27,No,No phone service,Fiber optic,Yes,No,No,Yes,No,Yes,One year,No,Credit card (automatic),62.91,1472.3,Yes
C05705,Male,0,No,No,1,Yes,Yes,DSL,No,Yes,No,Yes,No,Yes,One year,No,Bank transfer (automatic),68.89,66.76,Yes
C05706,Female,0,No,No,27,Yes,No,Fiber optic,Yes,Yes,Yes,Yes,Yes,No,Month-to-month,Yes,Electronic check,91.81,2226.68,No
C05707,Female,0,No,No,1,Yes,No,No,No internet service,No internet service,No internet service,No internet service,No internet service,No internet service,Month-to-month,No,Credit card (automatic),22.69,19.4,No
C05708,Male,0,Yes,No,17,Yes,No,DSL,No,No,No,Yes,No,No,Two year,Yes,Bank transfer (automatic),55.77,903.28,No
C05709,Female,0,No,No,0,Yes,Yes,DSL,Yes,Yes,No,No,No,Yes,Month-to-month,No,Electronic check,68.33, ,Yes
C05710,Female,0,Yes,Yes,10,Yes,No,Fiber optic,No,No,No,Yes,No,No,Month-to-month,Yes,Mailed check,71.31,671.49,Yes
C05711,Female,0,Yes,No,41,Yes,Yes,No,No internet service,No internet service,No internet service,No internet service,No internet service,No internet service,Two year,Yes,Mailed check,20.87,817.09,No
C05712,Female,0,No,No,6,Yes,Yes,Fiber optic,No,No,No,Yes,No,No,Month-to-month,No,Credit card (automatic),79.19,468.88,No
C05713,Female,0,Yes,No,35,Yes,Yes,No,No internet service,No internet service,No internet service,No internet service,No internet service,No internet service,One year,Yes,Electronic check,27.01,804.73,No
C05714,Male,0,Yes,No,64,Yes,No,Fiber optic,No,No,Yes,Yes,No,Yes,Two year,No,Electronic check,76.54,4948.85,No
C05715,Male,0,Yes,Yes,6,Yes,No,DSL,Yes,Yes,Yes,No,No,Yes,Month-to-month,Yes,Electronic check,65.63,345.44,Yes
C05716,Female,0,No,No,51,Yes,Yes,DSL,No,Yes,No,Yes,Yes,No,Two year,No,Credit card (automatic),71.12,3390.64,No
C05717,Female,0,No,Yes,62,Yes,Yes,Fiber optic,No,Yes,No,Yes,Yes,No,One year,Yes,Electronic check,92.83,5815.55,No
C05718,Male,0,No,No,17,Yes,No,DSL,No,No,No,No,No,Yes,One year,No,Electronic check,48.17,719.59,No
C05719,Male,0,Yes,No,24,Yes,No,DSL,No,No,Yes,No,No,Yes,Month-to-month,No,Electronic check,59.3,1474.91,Yes
C05720,Female,0,Yes,No,6,Yes,Yes,Fiber optic,Yes,Yes,No,No,No,No,One year,No,Electronic check,92.4,511.96,No
C05721,Male,0,No,Yes,18,Yes,No,Fiber optic,Yes,No,No,Yes,No,No,One year,Yes,Credit card (automatic),73.15,1372.31,No
C05722,Male,0,Yes,Yes,2,Yes,Yes,No,No internet service,No internet service,No internet service,No internet service,No internet service,No internet service,One year,No,Credit card (automatic),19.46,35.31,No
C05723,Female,1,Yes,Yes,6,Yes,Yes,No,No internet service,No internet service,No internet service,No internet service,No internet service,No internet service,Month-to-month,Yes,Mailed check,31.92,185.62,No
C05724,Female,0,Yes,Yes,7,Yes,No,Fiber optic,No,Yes,No,No,No,Yes,Month-to-month,No,Mailed check,77.31,534.73,No
C05725,Female,0,No,No,4,Yes,No,DSL,,No,No,No,No,Yes,One year,Yes,Electronic check,57.86,228.72,Yes
C05726,Female,1,No,No,26,Yes,Yes,Fiber optic,No,Yes,Yes,Yes,Yes,No,Month-to-month,Yes,Credit card (automatic),94.47,2147.26,Yes
C05727,Male,0,Yes,Yes,1,Yes,No,DSL,Yes,No,Yes,Yes,No,No,Two year,Yes,Mailed check,59.57,51.46,No
C05728,Female,0,Yes,No,70,Yes,No,Fiber optic,Yes,No,No,Yes,Yes,Yes,Two year,Yes,Credit card (automatic),83.79,5898.03,No
C05729,Male,0,No,No,38,Yes,No,Fiber optic,No,No,No,No,Yes,Yes,Two year,Yes,Electronic check,79.25,2882.44,No
C05730,Male,1,No,No,54,Yes,Yes,Fiber optic,Yes,No,No,No,No,No,Month-to-month,Yes,Electronic check,72.13,3571.53,No
C05731,Female,0,Yes,No,59,Yes,No,DSL,No,Yes,No,No,Yes,No,One year,Yes,Electronic check,54.08,2804.02,No
C05732,Female,0,Yes,Yes,54,Yes,No,No,No internet service,No internet service,No internet service,No internet service,No internet service,No internet service,One year,No,Mailed check,18.0,869.72,No
C05733,Female,1,No,No,16,Yes,No,DSL,No,Yes,No,Yes,Yes,Yes,Two year,Yes,Electronic check,73.39,1232.16,No
C05734,Male,0,No,No,17,No,No phone service,Fiber optic,No,No,Yes,No,No,No,Month-to-month,Yes,Electronic check,50.46,844.51,Yes
C05735,Female,1,No,No,27,Yes,No,Fiber optic,No,No,Yes,No,No,No,One year,Yes,Mailed check,70.0,1808.7,Yes
C05736,Female,0,No,No,6,Yes,No,Fiber optic,No,Yes,No,Yes,Yes,Yes,Month-to-month,Yes,Credit card (automatic),89.79,527.98,No
C05737,Female,1,No,No,10,Yes,Yes,DSL,No,Yes,No,No,No,No,One year,No,Electronic check,62.02,528.93,No
C05738,Female,0,Yes,No,6,Yes,No,No,No internet service,No internet service,No internet service,No internet service,No internet service,No internet service,Two year,Yes,Electronic check,18.0,107.48,No
C05739,Male,0,Yes,Yes,0,Yes,Yes,Fiber optic,No,No,Yes,Yes,Yes,No,One year,Yes,Bank transfer (automatic),94.12, ,Yes
C05740,Female,1,Yes,No,21,Yes,Yes,Fiber optic,Yes,No,Yes,Yes,No,No,Month-to-month,Yes,Bank transfer (automatic),89.39,1813.53,Yes
C05741,Female,0,No,No,61,Yes,Yes,Fiber optic,No,No,Yes,No,No,Yes,Two year,Yes,Credit card (automatic),84.5,5095.15,No
C05742,Female,0,Yes,Yes,17,Yes,Yes,DSL,No,Yes,Yes,Yes,Yes,Yes,One year,Yes,Credit card (automatic),86.83,1394.79,No
C05743,Female,0,Yes,No,45,Yes,Yes,Fiber optic,Yes,No,No,No,No,Yes,Two year,Yes,Credit card (automatic),85.59,3613.54,Yes
C05744,Female,1,Yes,No,1,Yes,Yes,No,No internet service,No internet service,No internet service,No internet service,No internet service,No internet service,Month-to-month,Yes,Bank transfer (automatic),32.01,31.85,No
C05745,Male,0,No,No,15,Yes,Yes,Fiber optic,No,No,No,No,No,Yes,Two year,Yes,Credit card (automatic),80.0,1062.04,No
C05746,Male,1,No,No,45,Yes,No,Fiber optic,No,No,Yes,No,No,Yes,One year,Yes,Bank transfer (automatic),74.01,3292.63,No
C05747,Female,0,Yes,No,8,Yes,No,Fiber optic,No,Yes,No,No,Yes,Yes,One year,Yes,Mailed check,81.89,669.14,Yes
C05748,Female,0,Yes,Yes,1,Yes,No,No,No internet service,No internet service,No internet service,No internet service,No internet service,No internet service,Month-to-month,No,Electronic check,18.76,18.18,Yes
C05749,Female,0,No,Yes,57,No,No phone service,No,No internet service,No internet service,No internet service,No internet service,No internet service,No internet service,Two year,Yes,Mailed check,18.0,1029.04,No
C05750,Male,1,Yes,No,36,Yes,Yes,No,No internet service,No internet service,No internet service,No internet service,No internet service,No internet service,Month-to-month,Yes,Bank transfer (automatic),29.24,927.81,No
C05751,Male,0,No,No,5,Yes,Yes,Fiber optic,Yes,Yes,Yes,No,Yes,No,Month-to-month,No,Mailed check,95.54,449.03,Yes
C05752,Female,0,Yes,No,72,No,No phone service,Fiber optic,Yes,Yes,Yes,Yes,No,Yes,Two year,Yes,Credit card (automatic),71.62,5089.84,No
C05753,Female,0,No,No,13,Yes,No,No,No internet service,No internet service,No internet service,No internet service,No internet service,No internet service,One year,No,Credit card (automatic),23.06,276.21,No
C05754,Male,1,No,Yes,11,Yes,No,Fiber optic,No,Yes,Yes,Yes,Yes,No,Month-to-month,No,Mailed check,88.23,963.31,Yes
C05755,Female,0,No,No,5,Yes,Yes,No,No internet service,No internet service,No internet service,No internet service,No internet service,No internet service,Month-to-month,No,Bank transfer (automatic),31.97,140.19,No
C05756,Male,0,Yes,Yes,68,Yes,,No,No internet service,No internet service,No internet service,No internet service,No internet service,No internet service,Two year,No,Electronic check,19.62,1187.49,No
C05757,Male,0,Yes,No,59,Yes,No,DSL,Yes,Yes,No,No,Yes,No,Two year,No,Mailed check,69.31,4051.76,No
C05758,Male,0,No,No,15,Yes,Yes,Fiber optic,,Yes,Yes,No,No,No,Month-to-month,No,Electronic check,84.92,1253.52,Yes
C05759,Male,0,No,Yes,3,Yes,No,No,No internet service,No internet service,No internet service,No internet service,No internet service,No internet service,One year,Yes,Bank transfer (automatic),18.0,50.34,No
C05760,Male,0,No,No,42,No,No phone service,DSL,No,Yes,Yes,Yes,No,Yes,Month-to-month,Yes,Credit card (automatic),46.52,1943.21,No
C05761,Female,0,No,No,9,No,No phone service,DSL,Yes,No,No,Yes,No,No,Month-to-month,No,Electronic check,41.65,337.44,Yes
C05762,Female,0,No,No,4,Yes,No,DSL,No,No,No,No,No,Yes,Month-to-month,Yes,Electronic check,52.89,202.96,Yes
C05763,Female,0,No,No,3,Yes,Yes,No,No internet service,No internet service,No internet service,No internet service,No internet service,No internet service,Month-to-month,No,Electronic check,25.47,73.8,Yes
C05764,Male,0,Yes,Yes,21,Yes,No,Fiber optic,No,No,Yes,Yes,No,No,Month-to-month,Yes,Bank transfer (automatic),77.08,1493.86,Yes
C05765,Male,0,No,No,6,Yes,No,DSL,No,Yes,No,No,No,Yes,Month-to-month,Yes,Credit card (automatic),64.24,383.02,No
C05766,Male,0,Yes,No,16,Yes,Yes,DSL,Yes,Yes,Yes,No,Yes,Yes,Two year,Yes,Electronic check,77.13,1059.78,No
C05767,Female,0,Yes,No,0,Yes,No,Fiber optic,Yes,No,Yes,Yes,No,Yes,One year,Yes,Mailed check,92.38, ,No
C05768,Male,0,No,No,38,Yes,No,Fiber optic,No,No,No,Yes,Yes,No,Two year,Yes,Bank transfer (automatic),78.2,2950.94,No
C05769,Female,0,Yes,No,31,Yes,No,DSL,Yes,Yes,No,No,Yes,No,One year,Yes,Bank transfer (automatic),59.98,1750.9,No
C05770,Female,0,Yes,No,8,Yes,No,Fiber optic,No,No,No,No,Yes,Yes,Month-to-month,No,Bank transfer (automatic),74.53,517.08,Yes
C05771,Female,0,Yes,Yes,61,No,No phone service,Fiber optic,Yes,No,No,Yes,No,No,Two year,Yes,Credit card (automatic),57.32,3387.94,No
C05772,Male,0,Yes,Yes,19,Yes,No,Fiber optic,No,No,Yes,Yes,No,Yes,Month-to-month,Yes,Credit card (automatic),82.32,1490.21,Yes
C05773,Female,0,No,No,6,Yes,Yes,Fiber optic,No,No,No,No,Yes,No,Month-to-month,No,Electronic check,75.93,408.15,Yes
C05774,Male,0,Yes,No,10,Yes,No,Fiber optic,Yes,Yes,Yes,Yes,Yes,Yes,Month-to-month,Yes,Electronic check,95.37,831.31,Yes
C05775,Male,0,Yes,Yes,0,Yes,Yes,Fiber optic,No,No,No,No,Yes,Yes,Month-to-month,Yes,Electronic check,85.96, ,Yes
C05776,Female,0,Yes,No,26,Yes,No,DSL,No,Yes,Yes,Yes,No,Yes,Month-to-month,No,Credit card (automatic),75.83,1852.21,No
C05777,Female,0,Yes,Yes,13,Yes,Yes,Fiber optic,Yes,No,Yes,No,Yes,Yes,Month-to-month,No,Bank transfer (automatic),99.71,1355.18,Yes
C05778,Female,0,Yes,Yes,4,Yes,Yes,No,No internet service,No internet service,No internet service,No internet service,No internet service,No internet service,Month-to-month,No,Credit card (automatic),30.08,110.62,Yes
C05779,Male,0,Yes,Yes,56,Yes,Yes,DSL,No,No,No,No,No,No,Two year,Yes,Electronic check,49.23,2647.05,No
C05780,Female,0,No,No,41,Yes,No,No,No internet service,No internet service,No internet service,No internet service,No internet service,No internet service,One year,No,Mailed check,21.83,910.01,No
C05781,Female,0,No,No,62,No,No phone service,Fiber optic,No,Yes,Yes,No,Yes,Yes,Month-to-month,Yes,Credit card (automatic),68.42,4058.83,Yes
C05782,Male,0,Yes,Yes,2,Yes,Yes,Fiber optic,Yes,Yes,Yes,Yes,No,No,Month-to-month,No,Bank transfer (automatic),89.91,155.05,Yes
C05783,Female,0,Yes,No,68,Yes,No,DSL,No,Yes,Yes,No,Yes,Yes,Two year,Yes,Bank transfer (automatic),65.54,4498.51,No
C05784,Male,0,Yes,No,1,Yes,Yes,Fiber optic,No,No,No,No,Yes,No,Month-to-month,No,Credit card (automatic),75.7,66.13,Yes
C05785,Female,0,Yes,No,54,Yes,No,DSL,Yes,Yes,No,No,Yes,No,Two year,No,Electronic check,59.05,3078.34,No
C05786,Female,0,Yes,Yes,3,Yes,Yes,Fiber optic,Yes,No,No,Yes,Yes,No,Month-to-month,No,Electronic check,91.9,277.54,Yes
C05787,Female,0,No,No,16,Yes,No,DSL,No,No,No,Yes,No,Yes,One year,Yes,Credit card (automatic),60.5,1014.74,No
C05788,Female,0,No,Yes,13,Yes,Yes,DSL,No,Yes,Yes,Yes,No,Yes,One year,No,Bank transfer (automatic),72.33,935.13,Yes
C05789,Male,0,Yes,No,72,Yes,Yes,DSL,No,No,Yes,No,Yes,No,One year,No,Mailed check,63.96,4277.92,No
C05790,Female,0,Yes,No,2,Yes,No,No,No internet service,No internet service,No internet service,No internet service,No internet service,No internet service,One year,Yes,Electronic check,18.0,32.65,No
C05791,Female,0,No,No,4,Yes,Yes,No,,No internet service,No internet service,No internet service,No internet service,No internet service,Month-to-month,No,Bank transfer (automatic),21.88,86.43,Yes
C05792,Male,0,No,No,50,Yes,No,Fiber optic,Yes,Yes,Yes,No,No,No,One year,Yes,Bank transfer (automatic),86.33,3861.85,No
C05793,Male,0,Yes,Yes,12,Yes,No,DSL,No,No,No,Yes,No,No,One year,No,Electronic check,48.01,541.36,No
C05794,Female,0,No,No,34,Yes,No,No,No internet service,No internet service,No internet service,No internet service,No internet service,No internet service,Month-to-month,Yes,Mailed check,18.43,654.05,No
C05795,Female,0,Yes,No,17,Yes,Yes,DSL,Yes,No,Yes,Yes,Yes,Yes,Two year,Yes,Electronic check,85.2,1341.79,No
C05796,Female,1,No,No,56,Yes,Yes,DSL,No,Yes,No,Yes,Yes,Yes,One year,Yes,Bank transfer (automatic),73.17,3999.44,No
C05797,Female,0,Yes,Yes,38,Yes,No,DSL,No,No,No,No,Yes,Yes,Two year,Yes,Credit card (automatic),59.51,2222.3,No
C05798,Female,0,No,Yes,34,Yes,Yes,DSL,No,No,No,No,No,Yes,One year,Yes,Electronic check,55.95,1738.69,No
C05799,Male,0,Yes,No,2,Yes,Yes,No,No internet service,No internet service,No internet service,No internet service,No internet service,No internet service,Month-to-month,Yes,Electronic check,21.33,41.95,Yes
C05800,Male,1,No,No,1,Yes,Yes,Fiber optic,No,Yes,No,No,No,Yes,Month-to-month,Yes,Electronic check,89.7,79.78,Yes
C05801,Female,0,No,No,5,Yes,Yes,Fiber optic,No,No,No,No,Yes,Yes,Month-to-month,No,Credit card (automatic),80.6,387.0,Yes
C05802,Female,0,No,Yes,11,Yes,Yes,Fiber optic,No,No,Yes,No,Yes,No,One year,Yes,Bank transfer (automatic),81.46,918.84,No
C05803,Female,0,No,No,10,Yes,Yes,Fiber optic,Yes,No,Yes,Yes,Yes,No,Month-to-month,No,Mailed check,92.91,850.73,Yes
C05804,Female,0,Yes,Yes,4,Yes,Yes,DSL,No,No,Yes,Yes,No,Yes,Two year,Yes,Mailed check,74.84,268.42,No
C05805,Female,0,No,Yes,1,Yes,No,DSL,No,No,Yes,Yes,No,Yes,Month-to-month,No,Mailed check,64.16,58.01,No
C05806,Female,1,Yes,No,1,Yes,No,DSL,No,No,Yes,Yes,No,No,Month-to-month,No,Credit card (automatic),57.31,49.63,Yes
C05807,Female,1,No,No,7,Yes,No,Fiber optic,No,Yes,No,Yes,Yes,Yes,Two year,No,Bank transfer (automatic),90.88,591.02,Yes
C05808,Male,1,Yes,Yes,3,Yes,No,DSL,Yes,No,Yes,No,Yes,No,Month-to-month,Yes,Bank transfer (automatic),69.46,180.13,Yes
C05809,Female,0,Yes,No,15,Yes,No,Fiber optic,No,No,No,No,No,Yes,Month-to-month,Yes,Electronic check,68.75,938.58,Yes
C05810,Female,0,Yes,No,12,Yes,Yes,DSL,No,Yes,No,Yes,No,No,Two year,Yes,Credit card (automatic),55.61,614.47,No
C05811,Male,0,No,No,13,Yes,No,Fiber optic,No,No,No,No,Yes,No,Month-to-month,Yes,Mailed check,72.2,888.98,Yes
C05812,Female,0,No,Yes,9,No,No phone service,DSL,No,Yes,No,Yes,Yes,No,Month-to-month,Yes,Electronic check,44.01,350.66,No
C05813,Female,0,Yes,Yes,29,Yes,No,Fiber optic,Yes,Yes,No,No,No,No,Month-to-month,Yes,Credit card (automatic),72.77,2118.92,Yes
C05814,Female,0,No,No,72,Yes,Yes,Fiber optic,No,Yes,No,No,No,No,Two year,No,Bank transfer (automatic),83.96,6086.74,No
C05815,Female,0,Yes,Yes,9,Yes,No,No,No internet service,No internet service,No internet service,No internet service,No internet service,No internet service,One year,Yes,Bank transfer (automatic),19.1,170.98,No
C05816,Male,1,Yes,Yes,12,Yes,No,Fiber optic,Yes,Yes,No,No,Yes,Yes,Two year,Yes,Mailed check,86.95,976.67,No
C05817,Male,1,Yes,Yes,50,Yes,Yes,Fiber optic,No,Yes,Yes,Yes,No,Yes,One year,No,Mailed check,92.06,4692.47,No
C05818,Male,0,No,No,4,Yes,No,DSL,No,No,Yes,Yes,Yes,No,Month-to-month,No,Bank transfer (automatic),57.56,241.25,No
C05819,Male,0,No,No,12,Yes,Yes,DSL,No,Yes,No,No,No,Yes,Month-to-month,Yes,Electronic check,63.19,752.48,Yes
C05820,Female,0,No,No,59,No,No phone service,DSL,No,No,Yes,No,No,No,One year,Yes,Electronic check,26.93,1631.62,No
C05821,Female,0,Yes,No,13,Yes,Yes,DSL,Yes,Yes,Yes,Yes,Yes,No,Two year,No,Credit card (automatic),83.09,1036.63,No
C05822,Female,0,Yes,Yes,20,Yes,Yes,Fiber optic,No,No,No,Yes,No,No,Month-to-month,Yes,Electronic check,80.34,1369.74,Yes
C05823,Male,0,No,No,14,Yes,Yes,No,No internet service,No internet service,No internet service,No internet service,No internet service,No internet service,Month-to-month,No,Mailed check,24.23,340.35,No
C05824,Male,0,Yes,No,7,Yes,No,Fiber optic,No,Yes,No,Yes,Yes,No,Month-to-month,Yes,Electronic check,91.83,550.67,Yes
C05825,Male,0,No,No,15,Yes,No,No,No internet service,No internet service,No internet service,No internet service,No internet service,No internet service,One year,No,Electronic check,21.3,319.56,No
C05826,Female,1,No,No,62,Yes,No,Fiber optic,Yes,Yes,No,No,No,Yes,One year,No,Mailed check,82.02,4611.9,No
C05827,Male,0,Yes,No,2,Yes,No,Fiber optic,No,Yes,Yes,No,Yes,No,Month-to-month,No,Credit card (automatic),78.4,147.78,Yes
C05828,Female,0,Yes,Yes,72,No,No phone service,Fiber optic,No,No,Yes,No,No,Yes,Two year,Yes,Bank transfer (automatic),56.91,4111.98,No
C05829,Female,0,No,No,1,Yes,No,DSL,No,No,No,No,Yes,No,Month-to-month,No,Bank transfer (automatic),52.72,49.68,Yes
C05830,Female,0,No,No,72,Yes,No,Fiber optic,No,No,Yes,Yes,Yes,Yes,Two year,Yes,Bank transfer (automatic),90.07,6234.93,No
C05831,Male,0,No,No,9,Yes,No,No,No internet service,No internet service,No internet service,No internet service,No internet service,No internet service,Month-to-month,Yes,Bank transfer (automatic),18.0,141.79,No
C05832,Male,0,No,Yes,11,Yes,No,DSL,No,No,Yes,Yes,No,Yes,Month-to-month,Yes,Electronic check,63.33,668.83,Yes
C05833,Female,0,Yes,Yes,11,Yes,No,Fiber optic,No,Yes,No,Yes,Yes,No,Month-to-month,Yes,Bank transfer (automatic),73.63,804.24,No
C05834,Female,0,No,No,20,Yes,Yes,DSL,No,No,No,Yes,No,No,Month-to-month,No,Bank transfer (automatic),59.1,1141.1,No
C05835,Male,0,No,Yes,68,Yes,No,Fiber optic,No,Yes,No,No,No,Yes,Two year,Yes,Credit card (automatic),80.68,5179.71,No
C05836,Female,1,No,No,72,Yes,No,DSL,No,Yes,Yes,Yes,No,Yes,Two year,Yes,Electronic check,73.12,5115.48,No
C05837,Female,0,Yes,No,13,Yes,Yes,Fiber optic,No,No,Yes,No,Yes,Yes,Month-to-month,No,Bank transfer (automatic),86.38,1057.6,Yes
C05838,Male,0,Yes,Yes,11,Yes,No,DSL,Yes,No,No,No,No,No,Month-to-month,No,Electronic check,52.63,606.24,Yes
C05839,Male,1,Yes,Yes,72,Yes,Yes,DSL,Yes,No,Yes,Yes,Yes,No,Two year,Yes,Electronic check,83.73,5680.13,No
C05840,Male,0,Yes,Yes,1,Yes,No,Fiber optic,No,Yes,No,No,Yes,Yes,Month-to-month,Yes,Electronic check,80.77,79.22,Yes
C05841,Male,0,No,No,37,Yes,No,DSL,Yes,No,No,No,No,No,Month-to-month,Yes,Mailed check,51.6,1955.86,No
C05842,Male,1,No,No,5,Yes,No,Fiber optic,No,No,Yes,Yes,Yes,Yes,Two year,Yes,Electronic check,93.55,413.19,No
C05843,Female,0,No,No,63,Yes,No,DSL,No,Yes,Yes,No,Yes,No,One year,No,Electronic check,58.62,3604.84,No
C05844,Male,0,No,No,44,Yes,Yes,No,No internet service,No internet service,No internet service,No internet service,No internet service,No internet service,Two year,Yes,Mailed check,24.47,1087.58,No
C05845,Female,0,Yes,Yes,8,Yes,No,Fiber optic,No,No,Yes,No,Yes,No,Month-to-month,No,Credit card (automatic),82.17,612.23,Yes
C05846,Female,0,No,No,5,Yes,No,DSL,No,No,Yes,Yes,Yes,Yes,Month-to-month,No,Credit card (automatic),70.03,340.48,No
C05847,Male,0,No,No,37,Yes,Yes,DSL,No,No,No,No,No,Yes,One year,Yes,Mailed check,57.66,2177.58,No
C05848,Male,0,No,No,65,Yes,No,No,No internet service,No internet service,No internet service,No internet service,No internet service,No internet service,Two year,Yes,Electronic check,29.35,1850.48,No
C05849,Female,0,No,No,71,Yes,Yes,DSL,Yes,No,No,Yes,No,No,Two year,Yes,Mailed check,62.75,4441.24,No
C05850,Female,0,No,No,59,Yes,No,Fiber optic,No,Yes,Yes,Yes,No,Yes,One year,No,Electronic check,89.8,5061.74,No
C05851,Female,1,No,Yes,46,Yes,Yes,No,No internet service,No internet service,No internet service,No internet service,No internet service,No internet service,Two year,Yes,Electronic check,21.46,863.74,No
C05852,Male,0,Yes,Yes,8,Yes,No,DSL,No,No,No,No,No,Yes,One year,Yes,Electronic check,49.61,356.95,No
C05853,Male,0,No,No,45,No,No phone service,No,No internet service,No internet service,No internet service,No internet service,No internet service,No internet service,Two year,No,Mailed check,18.0,714.47,No
C05854,Male,1,Yes,Yes,52,Yes,No,Fiber optic,No,No,Yes,No,Yes,No,Two year,Yes,Electronic check,69.44,3270.42,No
C05855,Female,0,Yes,Yes,29,Yes,Yes,DSL,Yes,Yes,No,No,No,Yes,One year,Yes,Mailed check,71.16,1999.48,No
C05856,Female,0,No,No,9,Yes,Yes,No,No internet service,No internet service,No internet service,No internet service,No internet service,No internet service,Month-to-month,Yes,Mailed check,28.57,228.11,No
C05857,Female,0,No,No,0,Yes,No,Fiber optic,Yes,No,No,Yes,No,Yes,One year,No,Credit card (automatic),84.35, ,Yes
C05858,Female,0,No,No,4,Yes,Yes,DSL,No,Yes,Yes,No,Yes,Yes,Month-to-month,Yes,Electronic check,71.84,299.45,Yes
C05859,Male,0,Yes,No,53,Yes,Yes,Fiber optic,No,Yes,Yes,Yes,Yes,Yes,Two year,No,Mailed check,105.5,5832.34,No
C05860,Female,0,Yes,No,4,Yes,No,Fiber optic,Yes,Yes,No,Yes,No,Yes,One year,Yes,Credit card (automatic),88.0,307.71,Yes
C05861,Male,1,No,No,0,Yes,Yes,Fiber optic,No,Yes,No,Yes,No,Yes,One year,Yes,Mailed check,89.78, ,Yes
C05862,Female,0,No,No,72,Yes,No,Fiber optic,Yes,Yes,No,No,No,Yes,Two year,No,Bank transfer (automatic),84.43,6234.05,No
C05863,Female,0,No,No,6,Yes,Yes,DSL,No,No,Yes,No,No,Yes,One year,No,Credit card (automatic),63.76,384.5,No
C05864,Female,0,No,No,2,Yes,No,DSL,No,No,No,No,Yes,No,Month-to-month,Yes,Bank transfer (automatic),50.85,90.95,No
C05865,Male,1,No,No,8,Yes,No,DSL,No,Yes,No,No,Yes,Yes,One year,Yes,Bank transfer (automatic),69.29,483.1,Yes
C05866,Female,0,No,No,52,Yes,No,No,No internet service,No internet service,No internet service,No internet service,No internet service,No internet service,Two year,No,Electronic check,20.76,1037.34,No
C05867,Female,0,Yes,No,53,Yes,Yes,DSL,No,No,No,No,Yes,No,One year,Yes,Bank transfer (automatic),59.36,2834.06,No
C05868,Male,0,No,No,5,Yes,Yes,No,No internet service,No internet service,No internet service,No internet service,No internet service,No internet service,Month-to-month,No,Bank transfer (automatic),32.05,136.94,No
C05869,Male,0,No,No,72,Yes,No,DSL,No,Yes,Yes,No,No,Yes,Two year,Yes,Mailed check,62.23,3953.58,No
C05870,Female,1,Yes,Yes,7,Yes,Yes,Fiber optic,No,Yes,No,Yes,Yes,Yes,Month-to-month,No,Credit card (automatic),89.76,588.14,Yes
C05871,Male,0,No,No,0,Yes,No,Fiber optic,Yes,No,Yes,No,Yes,Yes,Month-to-month,No,Mailed check,89.89, ,Yes
C05872,Male,0,No,No,5,Yes,No,DSL,No,Yes,No,No,Yes,Yes,Month-to-month,Yes,Bank transfer (automatic),65.9,327.09,No
C05873,Male,0,Yes,No,6,Yes,No,DSL,No,No,Yes,Yes,Yes,No,Month-to-month,No,Electronic check,65.48,400.91,Yes
C05874,Male,0,Yes,No,5,Yes,Yes,DSL,No,No,Yes,No,Yes,No,Month-to-month,Yes,Electronic check,69.56,360.23,Yes
C05875,Male,0,No,No,5,Yes,No,Fiber optic,Yes,No,Yes,No,Yes,No,Month-to-month,No,Credit card (automatic),87.48,430.71,Yes
C05876,Female,0,No,No,8,Yes,No,Fiber optic,No,No,Yes,Yes,No,Yes,One year,Yes,Electronic check,80.2,655.66,No
C05877,Male,0,No,No,1,Yes,No,DSL,No,Yes,No,No,No,No,Month-to-month,Yes,Electronic check,55.07,47.78,Yes
C05878,Female,0,Yes,Yes,2,Yes,No,DSL,No,No,No,Yes,No,Yes,Month-to-month,No,Credit card (automatic),52.07,107.55,Yes
C05879,Male,0,No,Yes,55,Yes,Yes,No,No internet service,No internet service,No internet service,No internet service,No internet service,No internet service,Month-to-month,No,Electronic check,30.67,1502.16,Yes
C05880,Male,0,Yes,Yes,37,Yes,No,Fiber optic,No,No,No,No,Yes,No,One year,No,Bank transfer (automatic),64.49,2181.66,No
C05881,Male,0,Yes,Yes,38,Yes,Yes,No,No internet service,No internet service,No internet service,No internet service,No internet service,No internet service,Two year,Yes,Mailed check,24.39,852.06,No
C05882,Female,0,Yes,No,14,Yes,Yes,DSL,No,Yes,No,No,No,No,One year,No,Mailed check,63.78,773.65,No
C05883,Female,1,No,No,47,No,No phone service,DSL,No,No,Yes,No,No,Yes,Two year,Yes,Bank transfer (automatic),37.7,1526.8,No
C05884,Male,1,Yes,Yes,49,Yes,No,Fiber optic,No,No,No,No,No,No,Month-to-month,Yes,Electronic check,63.53,2735.19,No
C05885,Male,1,Yes,No,6,No,No phone service,DSL,Yes,Yes,No,Yes,Yes,Yes,Month-to-month,Yes,Credit card (automatic),59.25,319.78,No
C05886,Male,0,Yes,Yes,37,Yes,Yes,DSL,No,Yes,Yes,No,No,Yes,Two year,Yes,Bank transfer (automatic),72.73,2780.44,No
C05887,Male,0,No,No,42,Yes,No,Fiber optic,No,No,No,Yes,No,No,Two year,No,Bank transfer (automatic),70.57,2658.24,No
C05888,Female,1,Yes,No,36,Yes,No,Fiber optic,Yes,No,Yes,No,No,Yes,Two year,No,Bank transfer (automatic),87.5,3126.1,Yes
C05889,Male,0,Yes,No,10,Yes,No,DSL,No,No,Yes,No,Yes,No,Month-to-month,No,Mailed check,50.55,505.7,Yes
C05890,Female,0,No,No,2,Yes,No,No,No internet service,No internet service,No internet service,No internet service,No internet service,No internet service,Month-to-month,No,Electronic check,18.84,34.84,No
C05891,Female,0,No,Yes,54,Yes,No,No,No internet service,No internet service,No internet service,No internet service,No internet service,No internet service,One year,Yes,Mailed check,18.0,985.47,No
C05892,Female,0,No,No,3,Yes,Yes,Fiber optic,No,No,No,Yes,Yes,No,Month-to-month,Yes,Bank transfer (automatic),85.46,219.05,No
C05893,Female,0,Yes,No,15,Yes,Yes,Fiber optic,No,Yes,No,No,Yes,Yes,One year,Yes,Mailed check,94.53,1465.33,Yes
C05894,Male,0,No,No,72,Yes,No,Fiber optic,Yes,Yes,No,No,No,No,Month-to-month,Yes,Electronic check,76.41,5544.72,Yes
C05895,Female,0,No,No,44,No,No phone service,DSL,Yes,No,Yes,No,No,Yes,Two year,No,Credit card (automatic),41.58,1836.32,No
C05896,Male,0,No,No,13,Yes,Yes,Fiber optic,Yes,Yes,Yes,No,No,Yes,One year,No,Electronic check,96.91,1081.68,Yes
C05897,Female,0,No,Yes,48,Yes,Yes,DSL,No,Yes,No,No,No,No,Two year,No,Electronic check,56.97,2776.38,No
C05898,Female,0,Yes,No,51,Yes,No,No,No internet service,No internet service,No internet service,No internet service,No internet service,No internet service,Two year,Yes,Credit card (automatic),19.83,989.7,No
C05899,Male,0,Yes,No,4,Yes,No,Fiber optic,Yes,No,No,No,No,Yes,Month-to-month,No,Electronic check,78.64,320.28,Yes
C05900,Female,0,Yes,Yes,11,Yes,No,Fiber optic,Yes,No,Yes,No,No,Yes,Month-to-month,No,Bank transfer (automatic),91.41,988.68,No
C05901,Male,0,Yes,No,15,Yes,No,Fiber optic,No,No,Yes,No,No,No,Two year,Yes,Bank transfer (automatic),65.82,1019.64,Yes
C05902,Male,0,No,Yes,12,Yes,No,No,No internet service,No internet service,No internet service,No internet service,No internet service,No internet service,Month-to-month,No,Electronic check,18.57,201.15,Yes
C05903,Female,1,Yes,Yes,39,Yes,No,DSL,No,No,Yes,No,Yes,Yes,Month-to-month,Yes,Mailed check,68.42,2384.38,No
C05904,Male,0,No,Yes,53,Yes,Yes,Fiber optic,No,Yes,No,Yes,Yes,Yes,One year,Yes,Mailed check,96.14,4624.79,No
C05905,Female,1,No,No,59,Yes,No,No,No internet service,No internet service,No internet service,No internet service,No internet service,No internet service,One year,Yes,Credit card (automatic),20.2,1127.22,No
C05906,Female,0,No,No,20,Yes,No,Fiber optic,No,No,Yes,No,Yes,No,One year,No,Electronic check,76.42,1550.34,Yes
C05907,Female,0,Yes,Yes,43,No,No phone service,DSL,No,No,No,Yes,No,No,One year,Yes,Mailed check,33.53,1434.32,No
C05908,Male,0,No,No,8,Yes,No,No,No internet service,No internet service,No internet service,No internet service,No internet service,No internet service,Month-to-month,Yes,Bank transfer (automatic),20.04,165.81,No
C05909,Male,0,Yes,No,8,Yes,Yes,No,No internet service,No internet service,No internet service,No internet service,No internet service,No internet service,Month-to-month,No,Bank transfer (automatic),24.85,173.32,Yes
C05910,Female,0,Yes,No,17,Yes,No,DSL,No,No,No,No,No,No,Two year,No,Mailed check,44.63,704.18,No
C05911,Male,0,Yes,No,58,Yes,No,DSL,Yes,Yes,No,Yes,Yes,Yes,One year,No,Credit card (automatic),80.97,4801.94,No
C05912,Female,0,Yes,No,1,Yes,No,DSL,No,No,No,No,Yes,No,One year,Yes,Credit card (automatic),52.04,54.13,No
C05913,Male,1,No,No,67,Yes,No,No,No internet service,No internet service,No internet service,No internet service,No internet service,No internet service,Two year,No,Electronic check,19.57,1170.57,No
C05914,Male,0,Yes,No,68,Yes,No,No,No internet service,No internet service,No internet service,No internet service,No internet service,No internet service,One year,No,Electronic check,18.76,1149.07,No
C05915,Female,1,No,No,10,No,No phone service,Fiber optic,Yes,No,No,No,Yes,No,Month-to-month,Yes,Electronic check,60.07,558.03,Yes
C05916,Female,0,Yes,Yes,4,No,No phone service,No,No internet service,No internet service,No internet service,No internet service,No internet service,No internet service,Month-to-month,No,Credit card (automatic),18.0,66.29,Yes
C05917,Female,0,No,No,45,Yes,No,DSL,Yes,Yes,Yes,Yes,No,No,Two year,Yes,Electronic check,66.94,2763.65,No
C05918,Female,0,Yes,No,4,Yes,No,Fiber optic,No,Yes,Yes,No,No,Yes,One year,Yes,Mailed check,77.33,277.1,Yes
C05919,Male,0,No,No,3,Yes,No,DSL,No,No,Yes,Yes,No,No,Month-to-month,Yes,Electronic check,58.79,180.58,Yes
C05920,Male,0,Yes,Yes,0,Yes,No,No,No internet service,No internet service,No internet service,No internet service,No internet service,No internet service,One year,No,Electronic check,18.0, ,No
C05921,Male,1,No,No,9,Yes,Yes,DSL,,No,Yes,Yes,Yes,No,Month-to-month,Yes,Bank transfer (automatic),66.39,579.42,Yes
C05922,Female,0,No,No,72,Yes,No,No,No internet service,No internet service,No internet service,No internet service,No internet service,No internet service,Two year,No,Bank transfer (automatic),23.06,1649.56,No
C05923,Male,0,No,No,67,No,No phone service,Fiber optic,Yes,Yes,Yes,Yes,Yes,No,Two year,No,Credit card (automatic),73.11,4435.55,No
C05924,Female,1,Yes,Yes,4,Yes,No,No,No internet service,No internet service,No internet service,No internet service,No internet service,No internet service,Month-to-month,Yes,Mailed check,19.97,75.16,Yes
C05925,Male,0,No,No,53,Yes,No,Fiber optic,Yes,No,No,Yes,Yes,Yes,Two year,Yes,Bank transfer (automatic),92.02,4173.34,No
C05926,Female,0,No,No,72,Yes,Yes,Fiber optic,No,Yes,Yes,No,No,No,Two year,No,Credit card (automatic),87.76,6382.23,No
C05927,Female,0,No,Yes,7,No,No phone service,DSL,Yes,No,No,No,No,Yes,Month-to-month,No,Electronic check,33.97,203.38,Yes
C05928,Female,0,No,No,72,No,No phone service,DSL,Yes,No,No,Yes,Yes,No,Two year,No,Bank transfer (automatic),40.59,2853.35,No
C05929,Male,0,No,No,40,Yes,Yes,Fiber optic,No,No,No,Yes,Yes,Yes,Month-to-month,Yes,Electronic check,89.07,3221.47,Yes
C05930,Female,0,No,No,25,Yes,No,DSL,Yes,No,Yes,No,No,No,Two year,Yes,Electronic check,62.65,1439.21,Yes
C05931,Male,0,No,No,64,No,No phone service,Fiber optic,Yes,No,Yes,No,No,No,Month-to-month,Yes,Electronic check,51.67,3139.61,No
C05932,Male,0,Yes,No,50,Yes,Yes,DSL,No,Yes,No,Yes,Yes,No,One year,Yes,Mailed check,72.5,3520.03,No
C05933,Male,0,Yes,Yes,6,Yes,No,Fiber optic,No,No,No,Yes,No,Yes,Month-to-month,Yes,Credit card (automatic),82.85,439.22,No
C05934,Male,1,No,Yes,11,Yes,Yes,DSL,Yes,No,No,No,No,No,Month-to-month,Yes,Electronic check,57.77,609.58,No
C05935,Female,0,No,No,72,Yes,No,DSL,Yes,Yes,No,No,Yes,Yes,Two year,No,Bank transfer (automatic),59.27,4006.86,No
C05936,Male,0,Yes,No,0,Yes,No,DSL,No,Yes,No,No,Yes,No,Month-to-month,Yes,Credit card (automatic),56.37, ,Yes
C05937,Male,0,Yes,No,44,Yes,Yes,DSL,Yes,No,No,No,No,Yes,Two year,Yes,Mailed check,65.36,2978.43,No
C05938,Female,0,Yes,No,19,Yes,Yes,Fiber optic,No,No,Yes,No,No,No,Month-to-month,No,Electronic check,72.75,1418.02,Yes
C05939,Female,0,Yes,No,1,Yes,Yes,DSL,Yes,Yes,Yes,No,No,Yes,One year,No,Mailed check,70.29,73.19,No
C05940,Female,0,No,No,6,Yes,Yes,Fiber optic,No,No,Yes,No,Yes,Yes,Month-to-month,Yes,Electronic check,93.68,523.11,Yes
C05941,Female,0,No,No,56,Yes,No,Fiber optic,Yes,No,No,No,No,No,Two year,No,Mailed check,68.57,3889.39,No
C05942,Male,0,Yes,Yes,42,Yes,Yes,DSL,No,Yes,Yes,No,No,Yes,Two year,Yes,Credit card (automatic),70.99,2820.91,No
C05943,Female,0,Yes,Yes,0,Yes,Yes,Fiber optic,No,No,No,No,Yes,No,One year,Yes,Credit card (automatic),81.56, ,Yes
C05944,Male,0,Yes,No,5,Yes,No,DSL,No,No,Yes,Yes,Yes,No,Month-to-month,No,Bank transfer (automatic),61.84,319.66,No
C05945,Male,0,No,No,33,Yes,Yes,DSL,No,No,Yes,No,No,No,Two year,No,Mailed check,64.93,2087.14,No
C05946,Male,0,No,No,4,Yes,Yes,Fiber optic,No,Yes,No,Yes,Yes,Yes,Month-to-month,Yes,Mailed check,94.83,389.8,Yes
C05947,Female,0,Yes,No,11,Yes,Yes,Fiber optic,No,Yes,Yes,Yes,Yes,No,Two year,No,Electronic check,95.83,1039.35,No
C05948,Male,0,Yes,Yes,8,Yes,No,No,No internet service,No internet service,No internet service,No internet service,No internet service,No internet service,Month-to-month,No,Electronic check,22.3,168.86,No
C05949,Female,1,No,No,5,Yes,No,No,No internet service,No internet service,No internet service,No internet service,No internet service,No internet service,One year,Yes,Bank transfer (automatic),19.48,102.17,Yes
C05950,Male,0,No,No,4,Yes,No,DSL,Yes,Yes,Yes,No,No,Yes,Month-to-month,Yes,Electronic check,67.74,265.41,Yes
C05951,Male,0,No,No,66,Yes,Yes,No,No internet service,No internet service,No internet service,No internet service,No internet service,No internet service,Two year,Yes,Mailed check,22.83,1581.59,No
C05952,Male,0,Yes,No,17,Yes,Yes,Fiber optic,No,No,Yes,No,No,Yes,Month-to-month,Yes,Bank transfer (automatic),82.55,1256.04,No
C05953,Male,0,No,Yes,12,Yes,No,Fiber optic,Yes,Yes,No,Yes,No,No,Month-to-month,Yes,Bank transfer (automatic),79.1,832.84,No
C05954,Male,1,No,No,23,Yes,No,Fiber optic,No,No,No,No,Yes,No,Two year,Yes,Electronic check,77.08,1574.02,No
C05955,Female,0,No,No,67,Yes,Yes,Fiber optic,Yes,No,No,No,No,Yes,One year,Yes,Electronic check,84.66,5228.22,No
C05956,Female,0,Yes,No,5,No,No phone service,No,No internet service,No internet service,No internet service,No internet service,No internet service,No internet service,Month-to-month,Yes,Electronic check,18.0,86.62,Yes
C05957,Male,0,Yes,No,62,No,No phone service,No,No internet service,No internet service,No internet service,No internet service,No internet service,No internet service,One year,Yes,Credit card (automatic),18.0,1166.63,No
C05958,Female,1,Yes,No,3,Yes,Yes,Fiber optic,Yes,Yes,Yes,Yes,Yes,Yes,One year,No,Electronic check,104.93,307.65,Yes
C05959,Male,1,No,No,6,No,No phone service,No,No internet service,No internet service,No internet service,No internet service,No internet service,No internet service,Month-to-month,No,Credit card (automatic),18.0,109.99,Yes
C05960,Male,0,No,No,65,Yes,No,No,No internet service,No internet service,No internet service,No internet service,No internet service,No internet service,One year,No,Electronic check,22.52,1245.28,No
C05961,Male,0,Yes,Yes,33,Yes,No,Fiber optic,No,Yes,No,No,Yes,Yes,Two year,No,Electronic check,86.31,2614.82,No
C05962,Male,0,No,No,2,Yes,Yes,Fiber optic,No,No,No,No,Yes,No,Month-to-month,Yes,Mailed check,77.8,133.58,Yes
C05963,Male,0,No,No,6,Yes,Yes,Fiber optic,No,Yes,No,No,Yes,No,Month-to-month,Yes,Bank transfer (automatic),84.26,500.1,Yes
C05964,Female,0,Yes,No,68,Yes,Yes,Fiber optic,No,Yes,No,No,No,Yes,Two year,Yes,Electronic check,82.13,5762.33,No
C05965,Male,0,No,No,0,Yes,Yes,DSL,No,No,No,Yes,Yes,Yes,Month-to-month,No,Credit card (automatic),71.49, ,No
C05966,Female,0,No,No,12,Yes,Yes,DSL,Yes,Yes,Yes,No,No,Yes,Month-to-month,No,Bank transfer (automatic),74.43,936.27,No
C05967,Male,0,Yes,Yes,48,Yes,Yes,Fiber optic,No,Yes,Yes,No,Yes,Yes,Two year,No,Mailed check,96.59,4671.95,No
C05968,Female,0,No,Yes,38,Yes,,No,No internet service,No internet service,No internet service,No internet service,No internet service,No internet service,One year,Yes,Mailed check,18.0,589.51,No
C05969,Female,0,Yes,No,38,Yes,No,DSL,No,No,Yes,No,Yes,Yes,Two year,Yes,Electronic check,62.24,2297.41,No
C05970,Male,0,No,No,9,Yes,No,DSL,Yes,Yes,No,Yes,Yes,Yes,One year,No,Mailed check,74.36,571.31,No
C05971,Male,0,No,No,21,Yes,No,Fiber optic,No,Yes,No,No,No,No,Two year,Yes,Electronic check,68.77,1462.07,No
C05972,Female,0,No,No,3,Yes,No,DSL,No,No,Yes,No,No,Yes,One year,No,Mailed check,57.77,174.8,Yes
C05973,Female,1,No,No,72,Yes,No,No,No internet service,No internet service,No internet service,No internet service,No internet service,No internet service,Two year,Yes,Credit card (automatic),18.0,1117.47,No
C05974,Female,0,Yes,Yes,47,Yes,No,Fiber optic,No,Yes,No,No,No,No,One year,No,Credit card (automatic),72.12,2943.35,No
C05975,Male,0,Yes,No,57,Yes,Yes,Fiber optic,Yes,Yes,Yes,No,Yes,No,Two year,No,Mailed check,100.22,5218.66,No
C05976,Female,0,No,No,20,Yes,Yes,No,No internet service,No internet service,No internet service,No internet service,No internet service,No internet service,Two year,No,Electronic check,31.19,569.86,No
C05977,Male,0,Yes,No,2,Yes,No,No,No internet service,No internet service,No internet service,No internet service,No internet service,No internet service,Month-to-month,No,Electronic check,18.39,37.55,No
C05978,Male,0,No,No,1,Yes,No,No,No internet service,No internet service,No internet service,No internet service,No internet service,No internet service,Two year,Yes,Bank transfer (automatic),23.54,21.85,No
C05979,Female,0,Yes,No,18,Yes,Yes,No,No internet service,No internet service,No internet service,No internet service,No internet service,No internet service,Two year,Yes,Credit card (automatic),28.29,433.46,No
C05980,Male,0,Yes,Yes,18,Yes,No,Fiber optic,No,No,No,No,No,No,Month-to-month,No,Electronic check,64.28,1031.9,Yes
C05981,Female,0,Yes,Yes,62,Yes,No,Fiber optic,No,Yes,No,No,No,No,Two year,Yes,Credit card (automatic),69.37,3838.64,No
C05982,Female,0,No,No,57,Yes,Yes,Fiber optic,No,Yes,Yes,No,Yes,Yes,One year,Yes,Mailed check,99.46,4863.59,No
C05983,Male,0,Yes,Yes,8,Yes,Yes,Fiber optic,Yes,No,No,No,No,Yes,One year,Yes,Electronic check,83.02,671.01,Yes
C05984,Female,0,No,No,10,Yes,No,Fiber optic,No,No,Yes,No,No,No,One year,No,Electronic check,69.06,672.13,Yes
C05985,Male,0,Yes,Yes,5,Yes,Yes,No,No internet service,No internet service,No internet service,No internet service,No internet service,No internet service,Month-to-month,Yes,Bank transfer (automatic),24.5,110.76,No
C05986,Male,1,No,Yes,19,Yes,Yes,DSL,Yes,No,No,Yes,Yes,Yes,Month-to-month,No,Bank transfer (automatic),75.55,1505.3,No
C05987,Male,0,No,No,36,Yes,No,No,No internet service,No internet service,No internet service,No internet service,No internet service,No internet service,One year,No,Electronic check,18.0,669.38,No
C05988,Female,0,No,No,0,Yes,No,Fiber optic,Yes,Yes,Yes,Yes,No,Yes,Month-to-month,Yes,Bank transfer (automatic),98.09, ,Yes
C05989,Male,0,Yes,No,0,Yes,Yes,DSL,No,No,Yes,No,No,No,Month-to-month,Yes,Bank transfer (automatic),61.58, ,Yes
C05990,Male,0,No,No,29,Yes,Yes,Fiber optic,No,No,Yes,Yes,No,No,Two year,Yes,Credit card (automatic),89.56,2359.98,No
C05991,Female,0,Yes,Yes,2,Yes,No,Fiber optic,No,No,Yes,Yes,No,Yes,Month-to-month,No,Mailed check,80.25,147.86,Yes
C05992,Female,0,No,No,1,Yes,No,Fiber optic,No,Yes,No,Yes,No,Yes,Month-to-month,Yes,Bank transfer (automatic),83.84,78.37,Yes
C05993,Female,0,Yes,No,6,Yes,No,DSL,No,Yes,No,No,No,No,One year,Yes,Mailed check,53.77,280.82,No
C05994,Female,0,No,No,72,Yes,No,DSL,No,Yes,No,Yes,No,No,Two year,Yes,Bank transfer (automatic),60.86,4143.35,No
C05995,Male,0,No,No,11,Yes,No,Fiber optic,No,No,No,Yes,No,No,Month-to-month,Yes,Credit card (automatic),72.97,715.87,Yes
C05996,Female,1,No,No,7,Yes,Yes,DSL,Yes,No,Yes,No,Yes,Yes,Month-to-month,Yes,Electronic check,76.69,489.28,Yes
C05997,Female,0,No,No,52,Yes,No,DSL,Yes,No,Yes,Yes,No,Yes,One year,Yes,Mailed check,73.28,3880.26,No
C05998,Female,0,No,Yes,1,Yes,No,No,No internet service,No internet service,No internet service,No internet service,No internet service,No internet service,Month-to-month,Yes,Electronic check,18.0,18.11,Yes
C05999,Female,0,Yes,No,14,Yes,No,Fiber optic,No,Yes,No,No,No,Yes,Month-to-month,Yes,Bank transfer (automatic),70.86,924.18,Yes
C06000,Male,0,No,No,64,Yes,No,No,No internet service,No internet service,No internet service,No internet service,No internet service,No internet service,Two year,Yes,Credit card (automatic),21.36,1420.69,No
C06001,Male,0,No,No,71,Yes,No,Fiber optic,No,No,Yes,No,Yes,Yes,Two year,No,Credit card (automatic),83.26,5443.28,No
C06002,Female,0,Yes,Yes,21,Yes,No,Fiber optic,No,Yes,No,No,Yes,No,Month-to-month,Yes,Credit card (automatic),68.2,1483.52,No
C06003,Male,0,Yes,Yes,61,Yes,No,No,,No internet service,No internet service,No internet service,No internet service,No internet service,Two year,Yes,Bank transfer (automatic),19.28,1234.3,No
C06004,Male,0,No,No,6,Yes,Yes,Fiber optic,No,Yes,No,No,Yes,No,Month-to-month,Yes,Electronic check,79.56,499.44,Yes
C06005,Male,0,Yes,Yes,69,Yes,No,Fiber optic,No,Yes,No,No,Yes,Yes,Month-to-month,Yes,Bank transfer (automatic),76.66,4643.68,No
C06006,Female,0,No,No,62,Yes,Yes,DSL,No,Yes,No,No,No,Yes,One year,Yes,Mailed check,72.01,3827.35,No
C06007,Female,0,No,No,3,Yes,Yes,DSL,Yes,No,No,No,No,Yes,Month-to-month,No,Mailed check,59.38,166.69,Yes
C06008,Female,0,No,No,72,Yes,No,DSL,No,No,No,No,No,Yes,One year,Yes,Credit card (automatic),47.97,3244.06,No
C06009,Female,0,Yes,No,46,Yes,No,DSL,Yes,Yes,Yes,Yes,No,No,Two year,No,Bank transfer (automatic),68.89,3262.23,No
C06010,Female,0,Yes,No,0,Yes,Yes,No,No internet service,No internet service,No internet service,No internet service,No internet service,No internet service,Month-to-month,No,Bank transfer (automatic),35.35, ,Yes
C06011,Female,0,No,Yes,3,No,No phone service,No,No internet service,No internet service,No internet service,No internet service,No internet service,No internet service,Month-to-month,No,Credit card (automatic),18.0,52.83,No
C06012,Male,1,Yes,Yes,4,Yes,Yes,DSL,No,Yes,No,No,Yes,No,Month-to-month,Yes,Electronic check,58.92,201.7,Yes
C06013,Female,0,Yes,No,18,Yes,Yes,DSL,No,Yes,Yes,No,Yes,Yes,Month-to-month,Yes,Electronic check,80.93,1295.12,No
C06014,Male,0,Yes,No,50,Yes,No,Fiber optic,No,Yes,No,No,No,No,Two year,Yes,Bank transfer (automatic),74.49,3873.28,No
C06015,Male,0,Yes,Yes,3,Yes,Yes,DSL,No,Yes,No,Yes,Yes,No,Month-to-month,Yes,Mailed check,72.72,215.9,Yes
C06016,Male,0,Yes,No,65,Yes,No,Fiber optic,No,No,Yes,No,Yes,No,Two year,No,Bank transfer (automatic),77.24,4966.41,No
C06017,Female,0,Yes,No,29,Yes,No,DSL,No,No,Yes,No,No,Yes,One year,Yes,Credit card (automatic),56.76,1406.93,No
C06018,Female,0,No,No,9,Yes,No,Fiber optic,No,No,Yes,Yes,Yes,No,Month-to-month,Yes,Credit card (automatic),87.57,686.02,Yes
C06019,Female,0,No,No,5,Yes,No,No,No internet service,No internet service,No internet service,No internet service,No internet service,No internet service,Month-to-month,No,Electronic check,21.82,108.56,Yes
C06020,Female,1,No,No,1,Yes,Yes,Fiber optic,No,No,Yes,Yes,No,No,Month-to-month,Yes,Mailed check,89.99,79.37,Yes
C06021,Female,0,No,No,19,Yes,No,No,No internet service,No internet service,No internet service,No internet service,No internet service,No internet service,One year,No,Mailed check,18.69,372.56,No
C06022,Male,0,Yes,No,72,Yes,Yes,Fiber optic,No,Yes,Yes,No,Yes,Yes,Two year,No,Credit card (automatic),97.08,6313.62,No
C06023,Female,0,Yes,No,17,Yes,No,Fiber optic,No,Yes,No,No,No,Yes,One year,Yes,Electronic check,79.1,1373.36,Yes
C06024,Female,0,No,No,41,No,No phone service,Fiber optic,Yes,Yes,No,Yes,No,Yes,Two year,No,Electronic check,64.55,2399.0,No
C06025,Female,0,Yes,No,38,Yes,No,Fiber optic,Yes,Yes,No,No,No,Yes,Two year,Yes,Bank transfer (automatic),86.11,3130.78,No
C06026,Male,0,Yes,No,8,Yes,Yes,No,No internet service,No internet service,No internet service,No internet service,No internet service,No internet service,One year,No,Credit card (automatic),26.31,209.65,No
C06027,Male,0,Yes,Yes,1,Yes,No,DSL,No,Yes,No,No,No,Yes,One year,No,Electronic check,53.54,49.29,No
C06028,Female,0,No,No,1,No,No phone service,Fiber optic,Yes,Yes,Yes,No,Yes,No,Month-to-month,No,Electronic check,64.91,64.05,Yes
C06029,Male,0,Yes,No,60,Yes,Yes,Fiber optic,No,No,No,Yes,No,No,Month-to-month,Yes,Credit card (automatic),78.57,4753.05,Yes
C06030,Male,0,Yes,No,8,Yes,Yes,Fiber optic,No,No,No,No,No,Yes,Month-to-month,Yes,Credit card (automatic),73.92,587.23,Yes
C06031,Male,0,Yes,No,22,Yes,,Fiber optic,Yes,Yes,Yes,No,No,Yes,Month-to-month,Yes,Mailed check,88.22,1951.09,No
C06032,Male,0,No,No,48,Yes,No,DSL,Yes,Yes,No,No,Yes,No,One year,No,Mailed check,59.59,2463.09,No
C06033,Male,0,Yes,No,55,Yes,No,DSL,No,No,No,No,Yes,No,Two year,Yes,Mailed check,50.15,2712.77,No
C06034,Female,0,No,No,39,Yes,No,Fiber optic,No,Yes,No,No,No,No,Two year,No,Bank transfer (automatic),78.45,2679.4,No
C06035,Female,0,Yes,Yes,72,No,No phone service,Fiber optic,No,Yes,No,No,No,Yes,Two year,Yes,Bank transfer (automatic),51.78,3180.4,No
C06036,Female,1,No,No,38,Yes,No,Fiber optic,No,No,Yes,Yes,No,Yes,Month-to-month,No,Electronic check,80.63,3209.86,Yes
C06037,Male,0,Yes,Yes,58,Yes,Yes,No,No internet service,No internet service,No internet service,No internet service,No internet service,No internet service,One year,No,Mailed check,28.89,1532.75,No
C06038,Male,0,Yes,Yes,46,No,No phone service,DSL,Yes,No,Yes,No,No,Yes,Two year,Yes,Electronic check,42.12,1717.75,No
C06039,Male,1,Yes,No,9,Yes,No,Fiber optic,No,Yes,No,No,No,No,Month-to-month,No,Electronic check,72.43,626.72,No
C06040,Male,1,No,No,53,Yes,No,Fiber optic,No,No,Yes,Yes,No,Yes,One year,Yes,Mailed check,82.49,4249.23,No
C06041,Male,0,Yes,Yes,15,Yes,Yes,No,No internet service,No internet service,No internet service,No internet service,No internet service,No internet service,One year,Yes,Electronic check,29.44,433.84,No
C06042,Female,0,No,No,8,Yes,No,Fiber optic,No,No,No,Yes,Yes,No,One year,Yes,Electronic check,83.84,611.19,Yes
C06043,Female,0,Yes,No,70,Yes,Yes,No,No internet service,No internet service,No internet service,No internet service,No internet service,No internet service,Month-to-month,Yes,Electronic check,32.4,2198.93,No
C06044,Female,1,Yes,No,8,Yes,No,Fiber optic,No,No,Yes,Yes,Yes,Yes,Month-to-month,No,Bank transfer (automatic),86.91,698.89,Yes
C06045,Male,0,No,No,25,Yes,No,Fiber optic,No,Yes,No,No,Yes,Yes,Month-to-month,Yes,Bank transfer (automatic),75.46,1647.29,Yes
C06046,Male,0,No,No,4,Yes,Yes,No,No internet service,No internet service,No internet service,No internet service,No internet service,No internet service,Month-to-month,Yes,Electronic check,27.12,103.08,Yes
C06047,Male,0,Yes,No,0,Yes,No,DSL,No,No,No,Yes,No,No,Month-to-month,Yes,Credit card (automatic),50.04, ,Yes
C06048,Male,1,Yes,No,30,Yes,No,No,No internet service,No internet service,No internet service,No internet service,No internet service,No internet service,Month-to-month,No,Credit card (automatic),22.26,627.13,No
C06049,Male,0,No,No,11,Yes,Yes,Fiber optic,Yes,Yes,Yes,No,Yes,No,Month-to-month,No,Electronic check,97.39,1092.78,Yes
C06050,Male,0,Yes,No,45,Yes,Yes,No,No internet service,No internet service,No internet service,No internet service,No internet service,No internet service,Two year,No,Bank transfer (automatic),27.59,1229.73,No
C06051,Female,0,No,No,29,Yes,No,DSL,Yes,Yes,No,No,No,Yes,Month-to-month,No,Electronic check,63.92,1626.66,No
C06052,Female,0,No,No,68,Yes,No,DSL,No,Yes,No,Yes,Yes,Yes,Two year,No,Credit card (automatic),73.29,4354.3,No
C06053,Male,0,Yes,No,58,Yes,No,DSL,No,No,No,No,No,No,Two year,No,Electronic check,44.74,2484.71,No
C06054,Male,0,No,No,14,No,No phone service,DSL,Yes,No,No,No,Yes,Yes,One year,Yes,Credit card (automatic),41.29,511.36,No
C06055,Male,0,Yes,Yes,47,Yes,Yes,DSL,No,No,No,No,No,No,Month-to-month,Yes,Mailed check,50.89,2206.15,No
C06056,Male,0,No,Yes,28,No,No phone service,DSL,No,No,Yes,Yes,No,No,Month-to-month,Yes,Electronic check,33.81,890.25,No
C06057,Female,0,No,Yes,34,Yes,No,DSL,Yes,No,No,No,Yes,Yes,Two year,No,Credit card (automatic),59.71,1923.11,No
C06058,Female,0,No,No,15,No,No phone service,DSL,Yes,Yes,Yes,Yes,Yes,Yes,Two year,Yes,Bank transfer (automatic),58.97,789.68,No
C06059,Female,0,No,No,63,Yes,No,Fiber optic,No,No,Yes,No,No,Yes,One year,No,Bank transfer (automatic),77.27,4193.65,No
C06060,Female,0,No,No,10,Yes,No,Fiber optic,Yes,Yes,Yes,No,Yes,Yes,Month-to-month,No,Bank transfer (automatic),98.69,941.17,Yes
C06061,Male,1,Yes,No,1,Yes,Yes,DSL,No,Yes,No,No,Yes,Yes,Month-to-month,No,Bank transfer (automatic),66.84,61.93,Yes
C06062,Male,0,Yes,Yes,39,Yes,Yes,Fiber optic,Yes,Yes,Yes,No,Yes,No,One year,Yes,Bank transfer (automatic),91.06,3412.47,No
C06063,Male,1,Yes,No,4,Yes,Yes,Fiber optic,No,No,Yes,No,Yes,No,One year,No,Credit card (automatic),81.13,296.2,Yes
C06064,Male,0,Yes,No,10,Yes,No,DSL,Yes,No,No,No,Yes,No,Month-to-month,No,Electronic check,60.03,585.62,Yes
C06065,Female,0,No,No,39,No,No phone service,DSL,No,No,Yes,No,Yes,Yes,One year,No,Electronic check,39.66,1556.21,No
C06066,Male,0,Yes,No,9,Yes,No,Fiber optic,No,Yes,Yes,No,No,No,Month-to-month,Yes,Mailed check,79.09,639.82,Yes
C06067,Male,0,No,No,48,Yes,Yes,No,No internet service,No internet service,No internet service,No internet service,No internet service,No internet service,Two year,Yes,Credit card (automatic),27.68,1351.64,No
C06068,Male,0,Yes,No,2,Yes,No,DSL,No,Yes,Yes,No,No,Yes,One year,Yes,Bank transfer (automatic),63.33,126.39,No
C06069,Male,0,Yes,Yes,58,Yes,No,Fiber optic,No,No,Yes,No,Yes,Yes,Two year,Yes,Bank transfer (automatic),84.96,4376.49,No
C06070,Female,0,Yes,Yes,43,Yes,Yes,DSL,No,No,No,No,Yes,No,Two year,No,Bank transfer (automatic),56.2,2383.77,No
C06071,Male,0,No,No,66,Yes,,No,No internet service,No internet service,No internet service,No internet service,No internet service,No internet service,Two year,Yes,Bank transfer (automatic),18.0,1020.73,No
C06072,Male,0,Yes,No,6,Yes,Yes,Fiber optic,No,No,Yes,No,No,Yes,Two year,No,Electronic check,89.47,495.73,No
C06073,Male,0,Yes,No,35,Yes,No,Fiber optic,Yes,No,No,No,Yes,Yes,One year,No,Electronic check,85.53,2866.18,No
C06074,Female,0,Yes,No,61,Yes,No,Fiber optic,No,No,Yes,No,No,No,Two year,No,Mailed check,67.29,4248.3,No
C06075,Female,1,No,No,18,Yes,No,No,No internet service,No internet service,No internet service,No internet service,No internet service,No internet service,Two year,No,Credit card (automatic),19.18,304.4,No
C06076,Female,0,Yes,No,7,Yes,No,Fiber optic,No,No,Yes,No,Yes,Yes,Month-to-month,No,Bank transfer (automatic),84.21,514.57,Yes
C06077,Male,0,No,No,12,Yes,No,Fiber optic,No,No,Yes,Yes,No,No,One year,No,Bank transfer (automatic),78.23,924.14,No
C06078,Male,0,Yes,No,2,Yes,No,Fiber optic,Yes,Yes,No,No,No,Yes,One year,Yes,Electronic check,87.55,171.55,Yes
C06079,Female,1,Yes,Yes,4,Yes,Yes,DSL,Yes,Yes,No,Yes,No,Yes,Two year,Yes,Bank transfer (automatic),76.99,279.67,No
C06080,Male,0,No,No,4,Yes,No,No,No internet service,No internet service,No internet service,No internet service,No internet service,No internet service,Month-to-month,Yes,Bank transfer (automatic),20.45,85.31,Yes
C06081,Male,0,No,No,51,Yes,Yes,Fiber optic,No,Yes,No,No,No,No,Two year,No,Bank transfer (automatic),76.91,3573.92,No
C06082,Female,0,No,No,18,Yes,No,Fiber optic,No,Yes,No,Yes,Yes,No,Two year,Yes,Credit card (automatic),82.94,1547.96,No
C06083,Male,0,Yes,Yes,11,Yes,No,No,No internet service,No internet service,No internet service,No internet service,No internet service,No internet service,Month-to-month,Yes,Credit card (automatic),18.0,194.66,No
C06084,Male,0,No,No,9,No,No phone service,Fiber optic,No,Yes,Yes,Yes,Yes,Yes,Month-to-month,No,Bank transfer (automatic),72.34,564.92,No
C06085,Female,0,No,No,4,No,No phone service,DSL,No,Yes,No,Yes,Yes,Yes,Month-to-month,Yes,Bank transfer (automatic),51.16,209.94,Yes
C06086,Male,0,No,No,11,Yes,No,Fiber optic,No,No,Yes,Yes,No,No,Month-to-month,Yes,Credit card (automatic),77.52,805.26,Yes
C06087,Male,0,Yes,Yes,0,Yes,,No,No internet service,No internet service,No internet service,No internet service,No internet service,No internet service,Month-to-month,Yes,Mailed check,27.29, ,No
C06088,Male,1,No,Yes,13,No,No phone service,No,No internet service,No internet service,No internet service,No internet service,No internet service,No internet service,Month-to-month,Yes,Mailed check,18.0,231.6,Yes
C06089,Female,0,Yes,No,72,Yes,Yes,Fiber optic,No,Yes,No,No,Yes,Yes,Two year,Yes,Electronic check,89.3,5746.28,No
C06090,Male,0,No,No,11,Yes,Yes,No,No internet service,No internet service,No internet service,No internet service,No internet service,No internet service,Month-to-month,Yes,Bank transfer (automatic),29.75,320.7,Yes
C06091,Male,0,No,No,7,Yes,No,Fiber optic,Yes,No,Yes,Yes,No,No,Month-to-month,Yes,Mailed check,80.98,552.4,Yes
C06092,Female,0,Yes,No,10,Yes,No,Fiber optic,Yes,No,Yes,No,Yes,Yes,Month-to-month,No,Mailed check,85.77,850.08,Yes
C06093,Female,0,Yes,Yes,31,Yes,No,Fiber optic,No,No,No,No,No,No,Month-to-month,Yes,Electronic check,68.49,1920.78,Yes
C06094,Female,0,Yes,No,1,Yes,Yes,DSL,No,Yes,Yes,No,Yes,Yes,One year,Yes,Mailed check,83.62,84.29,No
C06095,Male,0,Yes,No,3,Yes,Yes,DSL,No,No,No,No,Yes,Yes,Month-to-month,No,Bank transfer (automatic),71.39,224.62,No
C06096,Male,0,No,No,3,Yes,Yes,Fiber optic,Yes,No,Yes,No,Yes,Yes,One year,No,Bank transfer (automatic),95.72,301.21,Yes
C06097,Female,0,Yes,No,52,Yes,No,DSL,No,Yes,Yes,No,Yes,Yes,One year,Yes,Credit card (automatic),70.6,3274.9,Yes
C06098,Female,0,Yes,No,72,Yes,No,Fiber optic,No,No,Yes,Yes,No,Yes,Two year,No,Mailed check,88.23,6458.2,No
C06099,Male,0,Yes,Yes,40,Yes,Yes,No,No internet service,No internet service,No internet service,No internet service,No internet service,No internet service,Two year,No,Electronic check,37.44,1433.07,No
C06100,Female,0,Yes,Yes,38,Yes,Yes,No,No internet service,No internet service,No internet service,No internet service,No internet service,No internet service,Two year,Yes,Bank transfer (automatic),24.25,938.15,No
C06101,Male,0,No,Yes,71,Yes,,DSL,No,No,No,Yes,No,No,One year,No,Mailed check,49.96,3435.96,No
C06102,Female,0,Yes,No,2,Yes,No,No,No internet service,No internet service,No internet service,No internet service,No internet service,No internet service,Month-to-month,No,Bank transfer (automatic),23.08,43.23,Yes
C06103,Female,0,No,No,2,Yes,No,Fiber optic,Yes,Yes,No,No,Yes,No,Month-to-month,No,Bank transfer (automatic),77.82,149.21,Yes
C06104,Male,0,No,No,6,Yes,No,DSL,Yes,Yes,Yes,Yes,No,Yes,Month-to-month,Yes,Electronic check,73.79,431.56,No
C06105,Female,0,No,No,1,Yes,No,Fiber optic,No,No,Yes,No,Yes,Yes,Month-to-month,No,Bank transfer (automatic),79.47,78.41,Yes
C06106,Female,1,No,No,6,No,No phone service,DSL,No,No,Yes,No,Yes,Yes,One year,Yes,Credit card (automatic),47.52,275.58,No
C06107,Male,0,No,Yes,51,No,No phone service,Fiber optic,Yes,No,No,No,No,No,Two year,No,Electronic check,50.52,2341.99,No
C06108,Male,0,No,No,4,Yes,Yes,Fiber optic,No,No,Yes,No,No,No,Month-to-month,Yes,Bank transfer (automatic),78.12,290.96,Yes
C06109,Female,0,Yes,Yes,52,Yes,Yes,Fiber optic,Yes,No,No,No,Yes,No,One year,No,Bank transfer (automatic),82.63,4295.94,No
C06110,Male,0,No,No,71,Yes,Yes,No,No internet service,No internet service,No internet service,No internet service,No internet service,No internet service,Month-to-month,Yes,Electronic check,24.75,1793.5,No
C06111,Male,0,Yes,No,54,Yes,No,No,No internet service,No internet service,No internet service,No internet service,No internet service,No internet service,Two year,No,Electronic check,19.78,959.91,No
C06112,Male,0,Yes,Yes,65,Yes,No,Fiber optic,No,No,No,No,Yes,Yes,One year,Yes,Electronic check,76.85,5005.51,No
C06113,Female,0,Yes,No,11,Yes,Yes,Fiber optic,Yes,Yes,No,Yes,Yes,No,Month-to-month,No,Electronic check,92.75,952.26,Yes
C06114,Male,0,No,No,20,Yes,No,Fiber optic,No,No,No,No,No,No,Two year,No,Mailed check,62.86,1253.87,Yes
C06115,Female,0,Yes,Yes,69,Yes,No,Fiber optic,No,No,No,Yes,Yes,Yes,Month-to-month,Yes,Mailed check,85.61,5148.27,No
C06116,Male,0,Yes,Yes,52,Yes,No,Fiber optic,Yes,No,Yes,Yes,No,Yes,Two year,Yes,Mailed check,86.63,4390.1,No
C06117,Male,1,Yes,No,2,Yes,No,DSL,No,No,No,Yes,Yes,No,Month-to-month,No,Credit card (automatic),56.75,117.42,Yes
C06118,Female,0,Yes,No,2,Yes,No,Fiber optic,Yes,Yes,No,No,No,Yes,Month-to-month,No,Electronic check,80.67,142.76,Yes
C06119,Male,0,Yes,No,46,Yes,Yes,Fiber optic,No,No,No,No,Yes,Yes,Two year,No,Bank transfer (automatic),79.44,3725.68,No
C06120,Male,0,No,No,7,Yes,No,No,No internet service,No internet service,No internet service,No internet service,No internet service,No internet service,Month-to-month,No,Credit card (automatic),18.12,118.44,No
C06121,Male,0,Yes,No,1,Yes,No,DSL,No,Yes,No,No,No,No,One year,No,Credit card (automatic),51.35,47.43,No
C06122,Female,0,No,No,1,Yes,No,Fiber optic,No,Yes,Yes,No,Yes,No,Month-to-month,No,Electronic check,83.63,77.74,Yes
C06123,Male,1,No,No,56,Yes,Yes,No,No internet service,No internet service,No internet service,No internet service,No internet service,No internet service,One year,Yes,Mailed check,24.81,1276.32,No
C06124,Male,1,No,No,44,Yes,Yes,Fiber optic,No,Yes,No,Yes,No,No,One year,Yes,Mailed check,85.01,3201.59,No
C06125,Male,0,No,No,52,Yes,Yes,DSL,Yes,No,Yes,Yes,No,No,Two year,No,Credit card (automatic),70.79,3697.89,No
C06126,Male,0,Yes,No,56,Yes,Yes,No,No internet service,No internet service,No internet service,No internet service,No internet service,No internet service,One year,Yes,Electronic check,25.08,1405.65,No
C06127,Male,0,No,No,10,Yes,No,DSL,Yes,No,No,No,Yes,No,Month-to-month,Yes,Mailed check,55.3,576.28,Yes
C06128,Female,0,Yes,No,35,No,No phone service,Fiber optic,Yes,Yes,Yes,No,No,Yes,Month-to-month,No,Mailed check,69.74,2084.63,Yes
C06129,Male,0,Yes,Yes,12,Yes,Yes,Fiber optic,No,Yes,No,No,Yes,Yes,One year,Yes,Bank transfer (automatic),91.89,1134.4,Yes
C06130,Male,0,Yes,No,7,Yes,No,No,No internet service,No internet service,No internet service,No internet service,No internet service,No internet service,Month-to-month,No,Bank transfer (automatic),23.95,145.99,No
C06131,Female,0,No,No,12,Yes,Yes,Fiber optic,Yes,No,Yes,No,No,Yes,Two year,No,Mailed check,93.23,1170.76,No
C06132,Female,0,No,No,56,No,No phone service,No,No internet service,No internet service,No internet service,No internet service,No internet service,No internet service,Two year,No,Bank transfer (automatic),18.0,1050.58,No
C06133,Male,0,Yes,No,8,Yes,Yes,Fiber optic,No,No,Yes,No,Yes,No,Month-to-month,Yes,Electronic check,90.31,754.49,Yes
C06134,Male,0,No,No,16,Yes,No,DSL,No,No,No,No,No,No,Two year,Yes,Mailed check,45.48,674.12,Yes
C06135,Male,1,Yes,No,12,Yes,No,DSL,No,Yes,No,No,No,Yes,One year,No,Bank transfer (automatic),55.93,668.12,No
C06136,Female,0,Yes,Yes,0,Yes,Yes,DSL,Yes,Yes,Yes,No,No,Yes,Month-to-month,Yes,Electronic check,79.91, ,Yes
C06137,Male,0,Yes,Yes,3,Yes,Yes,Fiber optic,Yes,No,No,Yes,No,No,Month-to-month,Yes,Bank transfer (automatic),84.41,232.67,Yes
C06138,Male,0,No,Yes,2,Yes,No,Fiber optic,No,No,No,Yes,No,No,Month-to-month,Yes,Bank transfer (automatic),73.17,137.62,Yes
C06139,Male,0,Yes,No,2,Yes,No,DSL,No,No,No,No,No,No,One year,Yes,Bank transfer (automatic),39.76,71.74,No
C06140,Male,0,Yes,No,33,Yes,Yes,No,No internet service,No internet service,No internet service,No internet service,No internet service,No internet service,Two year,No,Credit card (automatic),29.47,914.54,No
C06141,Male,0,Yes,Yes,17,Yes,No,Fiber optic,No,Yes,No,Yes,Yes,Yes,One year,Yes,Credit card (automatic),84.56,1370.63,No
C06142,Male,0,No,No,9,Yes,Yes,DSL,Yes,Yes,No,Yes,No,No,Month-to-month,Yes,Credit card (automatic),68.17,642.0,No
C06143,Female,0,No,No,22,Yes,Yes,Fiber optic,No,Yes,No,No,Yes,Yes,One year,No,Electronic check,92.57,1960.3,Yes
C06144,Female,0,Yes,No,0,Yes,No,Fiber optic,Yes,Yes,Yes,Yes,Yes,Yes,Month-to-month,Yes,Credit card (automatic),101.79, ,Yes
C06145,Female,0,No,No,33,Yes,Yes,DSL,No,Yes,Yes,Yes,Yes,Yes,One year,Yes,Credit card (automatic),78.28,2230.7,No
C06146,Female,1,No,No,60,Yes,No,No,No internet service,No internet service,No internet service,No internet service,No internet service,No internet service,Two year,Yes,Bank transfer (automatic),18.0,1036.34,No
C06147,Male,0,Yes,No,53,Yes,Yes,DSL,Yes,No,No,Yes,Yes,Yes,Two year,No,Bank transfer (automatic),68.27,3135.3,No
C06148,Female,0,Yes,No,47,Yes,Yes,DSL,No,No,No,Yes,Yes,Yes,Two year,Yes,Bank transfer (automatic),64.46,2990.53,No
C06149,Female,0,No,No,4,Yes,Yes,Fiber optic,No,Yes,Yes,Yes,Yes,Yes,Month-to-month,Yes,Credit card (automatic),105.64,363.22,No
C06150,Female,0,Yes,Yes,6,No,No phone service,Fiber optic,No,No,No,Yes,No,No,Month-to-month,No,Bank transfer (automatic),53.52,330.19,No
C06151,Female,0,Yes,No,52,Yes,No,Fiber optic,No,Yes,Yes,No,Yes,No,One year,No,Bank transfer (automatic),83.61,4269.92,No
C06152,Male,0,No,No,18,Yes,Yes,DSL,Yes,No,No,Yes,No,Yes,One year,Yes,Mailed check,65.04,1131.13,No
C06153,Male,0,No,No,6,Yes,No,DSL,No,Yes,Yes,Yes,Yes,Yes,Month-to-month,No,Bank transfer (automatic),74.28,464.33,Yes
C06154,Male,1,No,No,1,Yes,No,Fiber optic,Yes,Yes,Yes,No,Yes,Yes,Month-to-month,Yes,Credit card (automatic),95.63,84.89,Yes
C06155,Male,0,No,No,61,Yes,No,No,No internet service,No internet service,No internet service,No internet service,No internet service,No internet service,Two year,Yes,Mailed check,18.0,1136.95,No
C06156,Male,0,Yes,No,2,Yes,No,Fiber optic,Yes,No,No,Yes,Yes,No,One year,Yes,Mailed check,84.69,145.71,No
C06157,Male,0,No,No,2,Yes,Yes,DSL,No,Yes,Yes,Yes,Yes,Yes,Month-to-month,Yes,Credit card (automatic),84.99,146.32,Yes
C06158,Male,1,Yes,No,4,Yes,No,No,No internet service,No internet service,No internet service,No internet service,No internet service,No internet service,Month-to-month,No,Electronic check,25.69,92.95,Yes
C06159,Female,0,No,No,7,Yes,No,No,No internet service,No internet service,No internet service,No internet service,No internet service,No internet service,Month-to-month,No,Electronic check,24.13,173.46,Yes
C06160,Female,0,Yes,Yes,1,Yes,Yes,DSL,Yes,Yes,Yes,No,No,Yes,Month-to-month,No,Electronic check,76.87,68.37,No
C06161,Female,0,Yes,Yes,39,Yes,Yes,DSL,Yes,Yes,Yes,No,Yes,No,One year,Yes,Mailed check,77.48,2860.47,No
C06162,Male,0,Yes,Yes,28,Yes,Yes,DSL,No,Yes,No,Yes,Yes,No,One year,No,Electronic check,67.79,1906.56,Yes
C06163,Female,0,No,No,71,Yes,No,Fiber optic,Yes,No,Yes,No,No,No,Two year,Yes,Credit card (automatic),77.71,5306.58,No
C06164,Female,0,Yes,Yes,50,No,No phone service,DSL,No,Yes,Yes,No,No,No,One year,No,Bank transfer (automatic),42.8,2112.25,No
C06165,Female,0,No,Yes,8,Yes,Yes,Fiber optic,No,No,No,No,Yes,No,One year,Yes,Electronic check,72.21,529.5,Yes
C06166,Female,0,Yes,Yes,48,Yes,No,Fiber optic,No,No,Yes,No,Yes,Yes,One year,No,Electronic check,82.52,3944.25,No
C06167,Male,0,Yes,No,16,Yes,No,Fiber optic,No,No,Yes,Yes,No,No,Month-to-month,Yes,Mailed check,72.39,1198.73,No
C06168,Male,0,No,No,72,Yes,No,DSL,No,No,No,No,No,Yes,Two year,Yes,Electronic check,53.8,3612.51,No
C06169,Female,0,Yes,No,5,Yes,Yes,Fiber optic,Yes,No,Yes,No,No,Yes,Month-to-month,Yes,Electronic check,88.51,407.72,Yes
C06170,Female,1,No,No,1,No,No phone service,Fiber optic,No,Yes,No,No,Yes,No,Month-to-month,Yes,Electronic check,59.84,57.77,Yes
C06171,Male,0,No,Yes,49,Yes,No,No,No internet service,No internet service,No internet service,No internet service,No internet service,No internet service,One year,Yes,Bank transfer (automatic),26.09,1147.14,No
C06172,Male,1,No,No,58,Yes,No,DSL,No,Yes,No,No,Yes,Yes,One year,Yes,Electronic check,56.85,3086.46,No
C06173,Male,0,Yes,Yes,48,Yes,No,Fiber optic,No,Yes,No,Yes,No,Yes,Two year,Yes,Electronic check,85.27,3908.53,No
C06174,Male,0,No,Yes,46,Yes,No,Fiber optic,Yes,No,No,Yes,Yes,No,One year,No,Bank transfer (automatic),83.92,3955.77,No
C06175,Female,0,No,No,1,Yes,Yes,Fiber optic,No,No,Yes,Yes,No,No,Two year,Yes,Mailed check,79.83,75.93,No
C06176,Female,0,No,Yes,42,Yes,No,Fiber optic,Yes,No,No,No,No,No,One year,Yes,Mailed check,71.63,2806.22,No
C06177,Male,0,No,No,19,Yes,Yes,DSL,No,No,Yes,No,Yes,Yes,Month-to-month,Yes,Bank transfer (automatic),74.58,1259.21,Yes
C06178,Male,0,Yes,No,50,Yes,No,DSL,No,Yes,Yes,No,Yes,Yes,Two year,No,Credit card (automatic),66.9,2871.0,No
C06179,Male,1,No,No,57,Yes,No,Fiber optic,No,No,Yes,No,Yes,No,Month-to-month,Yes,Electronic check,76.65,4273.38,Yes
C06180,Male,0,Yes,Yes,57,Yes,Yes,Fiber optic,No,No,Yes,No,No,No,Month-to-month,No,Mailed check,76.95,3756.23,No
C06181,Female,1,No,No,56,Yes,Yes,Fiber optic,No,No,Yes,Yes,No,Yes,One year,No,Bank transfer (automatic),90.83,5015.24,No
C06182,Female,0,No,No,70,Yes,No,DSL,Yes,No,No,No,Yes,Yes,Month-to-month,Yes,Bank transfer (automatic),66.79,4605.48,No
C06183,Female,0,No,No,57,Yes,No,DSL,Yes,No,Yes,No,No,Yes,Two year,Yes,Electronic check,59.69,3021.12,No
C06184,Male,0,Yes,Yes,6,Yes,No,Fiber optic,Yes,No,No,Yes,No,Yes,One year,Yes,Electronic check,86.43,503.79,No
C06185,Female,0,No,No,60,Yes,No,Fiber optic,No,Yes,Yes,No,Yes,Yes,One year,Yes,Bank transfer (automatic),88.52,5469.1,No
C06186,Female,0,Yes,No,66,Yes,No,Fiber optic,Yes,Yes,Yes,No,Yes,No,Two year,Yes,Electronic check,86.54,5323.13,No
C06187,Male,0,Yes,No,53,Yes,No,DSL,Yes,No,No,Yes,No,No,Two year,Yes,Bank transfer (automatic),56.97,3088.78,No
C06188,Female,0,No,No,29,Yes,Yes,Fiber optic,Yes,Yes,No,No,No,No,Month-to-month,Yes,Bank transfer (automatic),88.61,2316.99,No
C06189,Female,0,Yes,No,7,No,No phone service,Fiber optic,No,No,Yes,Yes,No,No,Month-to-month,Yes,Credit card (automatic),62.63,448.28,No
C06190,Female,0,Yes,Yes,8,Yes,Yes,Fiber optic,No,Yes,No,Yes,No,Yes,Two year,No,Mailed check,89.93,753.48,No
C06191,Male,1,No,No,11,Yes,Yes,DSL,Yes,No,No,Yes,Yes,Yes,Month-to-month,Yes,Credit card (automatic),77.26,777.82,No
C06192,Male,0,No,No,8,Yes,No,DSL,No,No,No,No,No,Yes,Month-to-month,Yes,Mailed check,57.96,394.36,Yes
C06193,Male,0,No,No,3,Yes,Yes,DSL,No,Yes,No,No,No,Yes,Month-to-month,Yes,Credit card (automatic),61.42,190.54,Yes
C06194,Male,0,No,No,57,Yes,No,Fiber optic,No,Yes,Yes,No,No,No,Two year,Yes,Electronic check,79.76,4732.49,No
C06195,Male,0,No,No,50,Yes,No,DSL,Yes,Yes,Yes,No,No,Yes,Two year,Yes,Mailed check,71.67,3623.77,No
C06196,Female,1,No,No,39,Yes,No,DSL,No,Yes,Yes,No,No,No,One year,Yes,Credit card (automatic),58.29,2067.15,No
C06197,Male,0,Yes,No,44,Yes,Yes,No,No internet service,No internet service,No internet service,No internet service,No internet service,No internet service,One year,Yes,Mailed check,31.07,1426.72,No
C06198,Male,0,No,No,13,Yes,Yes,No,No internet service,No internet service,No internet service,No internet service,No internet service,No internet service,Month-to-month,No,Credit card (automatic),37.26,501.24,No
C06199,Female,0,No,No,67,Yes,Yes,No,No internet service,No internet service,No internet service,No internet service,No internet service,No internet service,Two year,No,Mailed check,21.23,1493.01,No
C06200,Female,0,Yes,No,51,Yes,No,Fiber optic,No,No,Yes,Yes,Yes,No,One year,No,Mailed check,85.75,3897.56,No
C06201,Male,0,Yes,No,59,Yes,Yes,Fiber optic,No,No,Yes,No,Yes,Yes,One year,No,Bank transfer (automatic),87.0,4709.7,No
C06202,Female,0,No,No,31,Yes,No,DSL,No,No,Yes,No,No,No,Month-to-month,Yes,Credit card (automatic),50.84,1552.74,No
C06203,Male,0,No,No,19,Yes,No,Fiber optic,No,Yes,Yes,No,No,Yes,Month-to-month,Yes,Credit card (automatic),83.9,1462.52,Yes
C06204,Male,0,No,No,31,Yes,No,DSL,No,No,No,No,No,Yes,Two year,No,Bank transfer (automatic),50.19,1509.25,No
C06205,Female,0,No,Yes,59,Yes,Yes,No,No internet service,No internet service,No internet service,No internet service,No internet service,No internet service,One year,Yes,Mailed check,32.82,1680.27,Yes
C06206,Male,0,No,No,9,Yes,Yes,No,No internet service,No internet service,No internet service,No internet service,No internet service,No internet service,Month-to-month,No,Mailed check,32.03,252.7,Yes
C06207,Male,1,No,No,4,Yes,No,Fiber optic,No,Yes,Yes,Yes,No,Yes,One year,No,Mailed check,88.61,367.59,No
C06208,Male,0,Yes,No,60,Yes,No,DSL,No,No,No,Yes,No,Yes,Two year,Yes,Credit card (automatic),52.11,2942.93,No
C06209,Female,1,No,No,39,Yes,Yes,Fiber optic,No,Yes,Yes,No,Yes,Yes,One year,No,Bank transfer (automatic),98.39,3265.2,Yes
C06210,Male,0,No,No,44,Yes,No,Fiber optic,No,Yes,No,Yes,Yes,Yes,One year,Yes,Electronic check,90.32,3515.67,No
C06211,Female,0,No,No,44,Yes,Yes,Fiber optic,Yes,Yes,No,No,No,Yes,Two year,Yes,Credit card (automatic),86.81,3778.87,No
C06212,Male,0,Yes,Yes,2,Yes,No,No,No internet service,No internet service,No internet service,No internet service,No internet service,No internet service,Month-to-month,No,Electronic check,25.31,48.03,No
C06213,Female,0,No,No,8,Yes,No,DSL,No,Yes,Yes,Yes,Yes,Yes,Month-to-month,No,Electronic check,70.13,493.51,No
C06214,Male,0,No,No,0,Yes,No,DSL,No,No,No,No,No,No,Month-to-month,Yes,Bank transfer (automatic),44.2, ,Yes
C06215,Male,0,Yes,Yes,1,Yes,No,DSL,No,Yes,Yes,No,Yes,No,One year,Yes,Mailed check,62.76,56.81,No
C06216,Female,1,No,No,10,Yes,Yes,DSL,No,No,Yes,Yes,No,No,Month-to-month,No,Electronic check,74.07,699.01,Yes
C06217,Female,0,No,No,67,Yes,No,Fiber optic,Yes,No,No,No,No,No,One year,Yes,Mailed check,66.43,4002.33,No
C06218,Male,0,No,No,11,Yes,No,No,No internet service,No internet service,No internet service,No internet service,No internet service,No internet service,Month-to-month,No,Mailed check,19.13,200.22,No
C06219,Male,0,No,No,2,Yes,Yes,DSL,Yes,Yes,No,Yes,No,No,One year,Yes,Bank transfer (automatic),71.01,134.64,No
C06220,Male,0,Yes,Yes,10,Yes,No,Fiber optic,Yes,No,No,No,No,No,Month-to-month,No,Electronic check,71.46,617.64,Yes
C06221,Male,0,No,No,62,Yes,Yes,DSL,No,Yes,Yes,No,Yes,Yes,Month-to-month,Yes,Bank transfer (automatic),72.21,4014.89,No
C06222,Female,0,Yes,No,2,Yes,No,No,No internet service,No internet service,No internet service,No internet service,No internet service,No internet service,Month-to-month,Yes,Bank transfer (automatic),18.0,32.82,Yes
C06223,Male,0,No,No,67,Yes,Yes,Fiber optic,No,Yes,No,No,Yes,Yes,One year,No,Electronic check,90.48,6045.4,No
C06224,Female,0,No,No,19,Yes,Yes,DSL,Yes,No,No,No,No,No,One year,Yes,Mailed check,59.07,1010.87,No
C06225,Male,0,No,Yes,48,Yes,Yes,DSL,No,No,No,Yes,Yes,No,Month-to-month,No,Electronic check,71.49,2942.07,No
C06226,Male,0,No,No,57,Yes,Yes,Fiber optic,Yes,Yes,No,Yes,Yes,Yes,Two year,Yes,Mailed check,105.88,5812.2,No
C06227,Male,0,No,No,31,Yes,No,Fiber optic,Yes,Yes,Yes,Yes,Yes,Yes,Month-to-month,Yes,Electronic check,103.54,3039.88,Yes
C06228,Male,0,Yes,Yes,60,Yes,No,DSL,Yes,No,No,Yes,Yes,Yes,One year,Yes,Mailed check,64.57,3536.7,No
C06229,Male,0,Yes,Yes,3,Yes,Yes,DSL,No,No,Yes,No,No,No,Month-to-month,No,Mailed check,56.84,155.15,Yes
C06230,Female,0,Yes,Yes,19,Yes,Yes,DSL,No,Yes,No,No,No,Yes,Month-to-month,Yes,Mailed check,63.88,1193.41,Yes
C06231,Male,0,No,No,53,Yes,No,Fiber optic,No,Yes,Yes,Yes,No,Yes,Two year,Yes,Mailed check,86.48,4360.44,No
C06232,Female,0,No,No,4,Yes,No,DSL,No,No,No,Yes,Yes,No,Month-to-month,Yes,Bank transfer (automatic),57.93,214.64,Yes
C06233,Male,0,No,No,15,Yes,No,Fiber optic,No,Yes,No,No,Yes,No,Two year,Yes,Mailed check,80.17,1224.29,No
C06234,Male,0,Yes,Yes,4,Yes,No,DSL,Yes,Yes,Yes,No,No,No,Month-to-month,No,Mailed check,57.34,205.15,No
C06235,Male,0,No,No,27,Yes,Yes,Fiber optic,No,No,No,No,No,Yes,Month-to-month,Yes,Bank transfer (automatic),73.22,1896.9,Yes
C06236,Male,0,Yes,No,7,Yes,Yes,Fiber optic,No,No,No,Yes,No,No,One year,Yes,Bank transfer (automatic),78.14,558.41,Yes
C06237,Female,0,No,Yes,50,Yes,Yes,No,No internet service,No internet service,No internet service,No internet service,No internet service,No internet service,Month-to-month,No,Electronic check,25.02,1075.76,No
C06238,Female,0,No,No,53,Yes,No,Fiber optic,No,No,Yes,Yes,No,No,Two year,No,Credit card (automatic),76.49,3526.63,No
C06239,Female,0,No,No,63,Yes,Yes,No,No internet service,No internet service,No internet service,No internet service,No internet service,No internet service,Two year,No,Bank transfer (automatic),30.39,1743.89,No
C06240,Female,0,No,No,6,Yes,No,No,No internet service,No internet service,No internet service,No internet service,No internet service,No internet service,Month-to-month,Yes,Mailed check,24.93,149.25,No
C06241,Male,0,Yes,Yes,48,Yes,No,Fiber optic,No,No,No,No,No,No,Two year,Yes,Bank transfer (automatic),65.75,2814.61,No
C06242,Male,1,Yes,No,50,Yes,Yes,Fiber optic,Yes,Yes,No,No,No,Yes,Two year,Yes,Bank transfer (automatic),95.76,4552.0,No
C06243,Female,0,No,No,16,No,No phone service,Fiber optic,No,No,Yes,Yes,No,Yes,Month-to-month,Yes,Mailed check,61.6,885.67,Yes
C06244,Male,0,No,No,9,Yes,No,No,No internet service,No internet service,No internet service,No internet service,No internet service,No internet service,Month-to-month,Yes,Electronic check,18.0,166.32,Yes
C06245,Male,1,Yes,No,52,Yes,Yes,No,No internet service,No internet service,No internet service,No internet service,No internet service,No internet service,One year,No,Mailed check,26.58,1369.44,No
C06246,Female,1,Yes,Yes,11,Yes,No,DSL,No,Yes,Yes,No,No,Yes,Month-to-month,Yes,Electronic check,55.39,571.28,No
C06247,Female,0,No,No,5,Yes,No,DSL,Yes,No,No,Yes,Yes,No,Month-to-month,Yes,Credit card (automatic),59.73,313.21,Yes
C06248,Female,1,Yes,Yes,32,Yes,Yes,Fiber optic,Yes,No,No,Yes,No,No,Month-to-month,Yes,Credit card (automatic),87.46,2934.46,No
C06249,Male,0,Yes,No,3,Yes,No,Fiber optic,,No,No,Yes,No,No,Month-to-month,Yes,Credit card (automatic),72.78,214.66,Yes
C06250,Female,0,Yes,No,30,Yes,No,No,No internet service,No internet service,No internet service,No internet service,No internet service,No internet service,One year,Yes,Credit card (automatic),23.55,651.19,No
C06251,Male,0,No,No,3,Yes,No,No,No internet service,No internet service,No internet service,No internet service,No internet service,No internet service,Month-to-month,No,Electronic check,20.21,58.25,No
C06252,Male,0,Yes,No,6,No,No phone service,DSL,No,Yes,No,No,No,No,Month-to-month,Yes,Electronic check,31.97,200.91,No
C06253,Male,0,Yes,No,4,Yes,No,Fiber optic,No,No,Yes,No,No,No,Month-to-month,Yes,Mailed check,73.46,307.08,Yes
C06254,Female,0,Yes,Yes,9,Yes,No,No,No internet service,No internet service,No internet service,No internet service,No internet service,No internet service,Month-to-month,Yes,Mailed check,18.0,161.37,No
C06255,Female,0,Yes,No,59,No,No phone service,Fiber optic,No,Yes,Yes,No,No,No,Two year,Yes,Bank transfer (automatic),61.05,3511.36,No
C06256,Female,0,No,No,72,Yes,No,DSL,No,Yes,No,No,Yes,Yes,Two year,No,Electronic check,57.55,3526.68,No
C06257,Male,0,Yes,Yes,1,Yes,No,No,No internet service,No internet service,No internet service,No internet service,No internet service,No internet service,Month-to-month,No,Mailed check,18.0,15.67,No
C06258,Male,0,Yes,No,13,Yes,Yes,DSL,Yes,Yes,No,No,Yes,Yes,One year,Yes,Bank transfer (automatic),76.99,962.7,Yes
C06259,Male,1,No,No,2,Yes,No,Fiber optic,Yes,No,No,No,No,Yes,Month-to-month,No,Electronic check,75.14,157.18,Yes
C06260,Female,0,No,No,7,No,No phone service,No,No internet service,No internet service,No internet service,No internet service,No internet service,No internet service,Month-to-month,No,Credit card (automatic),18.0,125.0,No
C06261,Male,0,Yes,Yes,7,Yes,No,No,,No internet service,No internet service,No internet service,No internet service,No internet service,Month-to-month,No,Mailed check,23.14,168.76,No
C06262,Male,0,Yes,No,9,Yes,No,Fiber optic,No,Yes,No,Yes,Yes,No,Month-to-month,Yes,Credit card (automatic),84.57,672.87,No
C06263,Female,0,No,No,0,Yes,Yes,DSL,No,No,Yes,No,Yes,Yes,Month-to-month,Yes,Mailed check,68.1, ,Yes
C06264,Male,0,No,No,6,Yes,Yes,Fiber optic,No,Yes,No,No,Yes,Yes,Month-to-month,Yes,Mailed check,92.28,577.46,Yes
C06265,Female,0,No,No,18,Yes,No,DSL,No,No,Yes,Yes,Yes,No,One year,Yes,Credit card (automatic),61.05,945.73,No
C06266,Male,0,Yes,Yes,1,Yes,No,Fiber optic,No,No,Yes,No,Yes,Yes,Month-to-month,No,Electronic check,85.03,81.87,Yes
C06267,Female,0,No,Yes,71,Yes,Yes,Fiber optic,No,No,No,No,Yes,Yes,One year,No,Electronic check,89.76,5550.78,No
C06268,Male,0,Yes,No,10,Yes,No,Fiber optic,Yes,Yes,No,No,Yes,No,Month-to-month,Yes,Credit card (automatic),81.83,731.38,No
C06269,Male,0,Yes,Yes,26,Yes,No,Fiber optic,No,No,Yes,No,Yes,No,Two year,No,Mailed check,77.18,1871.45,No
C06270,Male,0,No,No,69,Yes,Yes,DSL,No,Yes,No,No,No,Yes,Two year,No,Electronic check,65.06,4700.8,No
C06271,Male,0,No,No,72,Yes,Yes,Fiber optic,No,No,No,No,No,Yes,Two year,Yes,Mailed check,84.25,5580.41,No
C06272,Female,1,Yes,No,13,Yes,No,No,No internet service,No internet service,No internet service,No internet service,No internet service,No internet service,One year,Yes,Mailed check,18.95,258.02,No
C06273,Male,0,Yes,Yes,62,Yes,Yes,No,,No internet service,No internet service,No internet service,No internet service,No internet service,Two year,No,Bank transfer (automatic),27.82,1783.23,No
C06274,Male,0,No,No,2,Yes,Yes,Fiber optic,Yes,Yes,No,Yes,Yes,No,Month-to-month,Yes,Credit card (automatic),99.89,187.93,Yes
C06275,Female,1,Yes,Yes,72,Yes,No,No,No internet service,No internet service,No internet service,No internet service,No internet service,No internet service,Two year,Yes,Electronic check,18.39,1149.21,No
C06276,Male,0,Yes,Yes,72,Yes,No,Fiber optic,No,No,No,No,Yes,Yes,Two year,Yes,Mailed check,73.08,4613.12,No
C06277,Female,1,Yes,Yes,5,Yes,No,Fiber optic,No,No,No,No,No,Yes,Month-to-month,No,Electronic check,72.84,324.19,Yes
C06278,Female,0,Yes,Yes,36,Yes,No,Fiber optic,Yes,No,No,Yes,No,No,One year,No,Credit card (automatic),75.3,2659.84,No
C06279,Male,0,No,No,72,Yes,Yes,DSL,Yes,No,Yes,No,Yes,No,Two year,Yes,Mailed check,72.62,4975.74,No
C06280,Female,0,Yes,Yes,57,Yes,Yes,No,No internet service,No internet service,No internet service,No internet service,No internet service,No internet service,Two year,Yes,Electronic check,24.53,1401.27,No
C06281,Male,0,No,No,5,Yes,No,Fiber optic,No,Yes,No,No,Yes,No,Month-to-month,No,Bank transfer (automatic),82.78,398.23,No
C06282,Male,1,No,No,5,Yes,Yes,DSL,No,Yes,No,No,No,No,Month-to-month,Yes,Bank transfer (automatic),63.27,309.06,Yes
C06283,Male,0,Yes,Yes,59,Yes,No,DSL,Yes,No,Yes,Yes,Yes,Yes,Month-to-month,Yes,Electronic check,76.28,4321.1,No
C06284,Female,1,No,No,53,Yes,No,Fiber optic,No,No,No,No,Yes,Yes,Month-to-month,Yes,Credit card (automatic),70.77,3414.74,No
C06285,Female,0,Yes,No,47,Yes,No,Fiber optic,Yes,Yes,Yes,No,No,Yes,Two year,Yes,Electronic check,91.97,4032.18,No
C06286,Male,1,No,No,8,Yes,Yes,Fiber optic,Yes,No,Yes,No,No,Yes,Month-to-month,Yes,Bank transfer (automatic),89.39,647.92,Yes
C06287,Female,1,No,No,5,Yes,Yes,Fiber optic,No,Yes,No,No,Yes,No,Month-to-month,No,Mailed check,83.39,383.22,Yes
C06288,Male,0,No,No,72,Yes,Yes,Fiber optic,Yes,No,Yes,Yes,Yes,Yes,Two year,Yes,Electronic check,105.54,7375.09,No
C06289,Female,1,Yes,Yes,8,Yes,Yes,Fiber optic,No,No,No,No,Yes,No,Month-to-month,Yes,Credit card (automatic),77.71,540.26,Yes
C06290,Female,0,No,No,9,Yes,No,DSL,No,No,Yes,No,Yes,Yes,One year,No,Mailed check,64.57,521.92,No
C06291,Female,0,No,No,0,Yes,Yes,DSL,No,Yes,Yes,No,Yes,No,One year,Yes,Credit card (automatic),70.85, ,No
C06292,Female,0,Yes,Yes,16,Yes,Yes,DSL,No,Yes,Yes,No,Yes,Yes,One year,No,Credit card (automatic),81.84,1214.64,No
C06293,Female,0,Yes,Yes,51,Yes,Yes,Fiber optic,Yes,No,No,Yes,No,No,Two year,Yes,Mailed check,79.86,3899.74,No
C06294,Male,0,Yes,No,17,Yes,No,Fiber optic,,No,Yes,Yes,No,Yes,Two year,Yes,Bank transfer (automatic),88.39,1523.8,No
C06295,Female,0,Yes,No,60,Yes,Yes,No,No internet service,No internet service,No internet service,No internet service,No internet service,No internet service,Month-to-month,Yes,Bank transfer (automatic),28.07,1454.45,No
C06296,Female,0,Yes,No,9,Yes,No,DSL,No,No,No,Yes,No,Yes,Month-to-month,Yes,Electronic check,52.22,478.17,Yes
C06297,Female,0,No,Yes,53,No,No phone service,Fiber optic,Yes,Yes,No,No,No,Yes,Two year,Yes,Mailed check,62.0,2816.3,No
C06298,Male,0,No,No,12,Yes,No,Fiber optic,No,No,No,Yes,Yes,No,One year,Yes,Mailed check,75.97,817.51,No
C06299,Female,0,Yes,No,58,Yes,,Fiber optic,No,Yes,No,Yes,No,Yes,One year,Yes,Electronic check,82.0,4115.33,No
C06300,Male,0,No,No,15,Yes,No,Fiber optic,No,No,Yes,No,Yes,Yes,Two year,No,Credit card (automatic),87.59,1149.88,No
C06301,Male,1,No,No,72,Yes,No,Fiber optic,No,Yes,No,No,Yes,Yes,Two year,No,Electronic check,79.7,5556.8,No
C06302,Female,1,No,No,1,Yes,No,Fiber optic,No,Yes,Yes,Yes,Yes,No,Month-to-month,Yes,Credit card (automatic),85.89,89.58,Yes
C06303,Male,1,No,No,1,Yes,Yes,DSL,No,No,Yes,No,Yes,No,Month-to-month,Yes,Mailed check,66.66,64.85,Yes
C06304,Female,0,No,Yes,72,Yes,Yes,DSL,No,No,No,No,No,Yes,Two year,No,Electronic check,57.38,3866.56,No
C06305,Male,0,No,No,71,Yes,No,Fiber optic,No,No,No,Yes,No,Yes,Two year,No,Bank transfer (automatic),71.97,4637.52,No
C06306,Female,1,Yes,No,5,Yes,No,Fiber optic,No,No,No,No,Yes,No,One year,No,Bank transfer (automatic),74.28,388.45,No
C06307,Female,0,Yes,Yes,0,Yes,No,No,No internet service,No internet service,No internet service,No internet service,No internet service,No internet service,One year,Yes,Bank transfer (automatic),23.37, ,No
C06308,Male,0,No,No,37,Yes,Yes,DSL,No,No,No,Yes,Yes,Yes,Month-to-month,Yes,Electronic check,79.65,2705.34,No
C06309,Female,0,Yes,Yes,72,Yes,No,DSL,No,Yes,Yes,No,No,Yes,One year,Yes,Credit card (automatic),63.06,3970.16,No
C06310,Male,0,Yes,No,9,Yes,No,Fiber optic,No,No,Yes,No,Yes,Yes,Month-to-month,No,Bank transfer (automatic),80.53,705.47,Yes
C06311,Female,0,Yes,Yes,60,No,No phone service,Fiber optic,No,No,No,No,Yes,No,One year,Yes,Electronic check,49.49,3117.18,No
C06312,Female,0,Yes,No,6,Yes,Yes,DSL,Yes,No,No,Yes,No,No,One year,Yes,Bank transfer (automatic),63.69,365.58,No
C06313,Male,0,Yes,No,1,No,No phone service,DSL,No,Yes,Yes,No,No,No,Month-to-month,Yes,Electronic check,40.21,38.08,Yes
C06314,Female,0,No,No,19,Yes,No,DSL,Yes,Yes,No,No,No,No,One year,Yes,Bank transfer (automatic),55.66,1036.47,No
C06315,Female,0,Yes,Yes,34,Yes,Yes,No,No internet service,No internet service,No internet service,No internet service,No internet service,No internet service,Two year,Yes,Mailed check,32.0,1002.32,No
C06316,Female,0,No,No,9,Yes,Yes,No,No internet service,No internet service,No internet service,No internet service,No internet service,No internet service,One year,Yes,Mailed check,31.66,250.85,Yes
C06317,Female,0,No,No,72,No,No phone service,No,No internet service,No internet service,No internet service,No internet service,No internet service,No internet service,One year,Yes,Electronic check,18.0,1205.71,No
C06318,Male,0,No,No,46,No,No phone service,DSL,Yes,No,No,No,No,Yes,Month-to-month,No,Mailed check,36.49,1736.23,No
C06319,Female,0,Yes,Yes,8,Yes,No,Fiber optic,No,No,No,No,Yes,No,Month-to-month,No,Bank transfer (automatic),66.38,482.21,Yes
C06320,Male,0,Yes,No,1,Yes,Yes,Fiber optic,No,Yes,No,No,Yes,No,Month-to-month,Yes,Electronic check,92.04,79.35,Yes
C06321,Male,0,No,No,33,Yes,No,Fiber optic,No,Yes,No,No,No,No,Two year,No,Credit card (automatic),72.74,2328.4,No
C06322,Female,0,No,No,6,Yes,Yes,DSL,No,Yes,No,No,No,No,Month-to-month,No,Mailed check,63.01,374.19,Yes
C06323,Male,1,No,No,18,Yes,Yes,DSL,No,Yes,Yes,No,No,Yes,Month-to-month,Yes,Mailed check,66.52,1202.48,No
C06324,Female,0,No,No,3,Yes,No,DSL,Yes,Yes,Yes,No,No,No,Month-to-month,Yes,Mailed check,65.67,173.79,Yes
C06325,Male,0,No,No,49,Yes,Yes,Fiber optic,No,No,Yes,No,No,No,One year,No,Credit card (automatic),80.99,3716.34,No
C06326,Female,1,Yes,Yes,47,Yes,Yes,No,No internet service,No internet service,No internet service,No internet service,No internet service,No internet service,Two year,Yes,Bank transfer (automatic),31.46,1258.57,No
C06327,Female,0,No,No,2,Yes,Yes,DSL,No,No,No,Yes,Yes,No,Month-to-month,Yes,Credit card (automatic),69.66,130.14,Yes
C06328,Male,0,No,No,0,Yes,No,Fiber optic,No,No,No,Yes,No,Yes,Month-to-month,Yes,Electronic check,80.87, ,Yes
C06329,Male,0,No,No,54,Yes,No,DSL,Yes,Yes,No,No,No,Yes,One year,Yes,Credit card (automatic),64.52,3170.15,No
C06330,Male,0,Yes,Yes,4,Yes,Yes,DSL,No,No,Yes,No,Yes,No,Month-to-month,Yes,Mailed check,63.91,241.78,Yes
C06331,Female,0,Yes,No,52,Yes,No,Fiber optic,Yes,No,No,No,No,Yes,One year,Yes,Credit card (automatic),73.37,3306.18,No
C06332,Female,0,Yes,No,59,Yes,Yes,Fiber optic,No,No,Yes,Yes,No,Yes,One year,No,Electronic check,90.64,5460.5,No
C06333,Male,0,Yes,No,70,Yes,No,Fiber optic,Yes,Yes,No,Yes,Yes,No,Two year,Yes,Credit card (automatic),88.29,5864.87,No
C06334,Female,0,Yes,No,29,Yes,No,Fiber optic,Yes,Yes,No,No,Yes,Yes,Month-to-month,No,Electronic check,85.76,2154.06,Yes
C06335,Male,0,No,No,50,Yes,Yes,DSL,No,Yes,Yes,No,No,No,One year,Yes,Mailed check,70.91,3142.57,No
C06336,Male,0,Yes,No,1,No,No phone service,Fiber optic,No,Yes,No,No,No,No,Month-to-month,Yes,Electronic check,46.87,43.67,No
C06337,Male,1,Yes,No,12,Yes,No,Fiber optic,No,Yes,No,No,No,No,Month-to-month,No,Bank transfer (automatic),69.68,828.48,Yes
C06338,Male,0,No,No,32,Yes,No,No,No internet service,No internet service,No internet service,No internet service,No internet service,No internet service,One year,Yes,Electronic check,19.23,626.98,No
C06339,Female,0,Yes,Yes,64,Yes,No,Fiber optic,No,Yes,Yes,Yes,Yes,Yes,Month-to-month,No,Mailed check,98.28,5603.04,No
C06340,Female,0,Yes,No,0,Yes,No,DSL,Yes,Yes,No,No,No,Yes,Month-to-month,Yes,Electronic check,62.97, ,No
C06341,Female,0,No,No,48,Yes,No,No,No internet service,No internet service,No internet service,No internet service,No internet service,No internet service,Two year,Yes,Credit card (automatic),21.69,918.11,No
C06342,Female,0,No,No,33,Yes,Yes,Fiber optic,No,Yes,Yes,Yes,No,Yes,One year,Yes,Credit card (automatic),98.66,3042.65,No
C06343,Male,0,Yes,No,17,Yes,No,DSL,No,No,Yes,Yes,Yes,No,Two year,No,Mailed check,62.28,1087.51,No
C06344,Male,0,No,No,60,No,No phone service,No,No internet service,No internet service,No internet service,No internet service,No internet service,No internet service,Two year,No,Bank transfer (automatic),18.0,961.18,No
C06345,Female,1,No,No,26,Yes,No,Fiber optic,No,No,No,No,No,No,Month-to-month,No,Electronic check,62.59,1595.74,Yes
C06346,Female,0,No,No,62,Yes,No,No,No internet service,No internet service,No internet service,No internet service,No internet service,No internet service,Two year,No,Bank transfer (automatic),18.0,1089.65,No
C06347,Female,0,No,No,20,Yes,Yes,Fiber optic,No,Yes,No,No,No,Yes,One year,No,Mailed check,89.27,1588.75,No
C06348,Male,0,Yes,No,26,Yes,No,Fiber optic,No,No,Yes,Yes,No,Yes,Month-to-month,Yes,Mailed check,82.18,1820.24,No
C06349,Female,0,Yes,No,9,Yes,No,Fiber optic,No,No,Yes,Yes,No,No,Month-to-month,Yes,Mailed check,74.71,586.1,Yes
C06350,Female,0,No,No,42,No,,Fiber optic,No,No,No,No,No,No,One year,Yes,Electronic check,44.79,1922.13,No
C06351,Female,1,No,No,72,Yes,Yes,DSL,No,No,Yes,No,No,Yes,One year,No,Electronic check,62.35,4008.93,No
C06352,Female,0,Yes,Yes,3,Yes,No,Fiber optic,No,Yes,No,No,No,Yes,Month-to-month,No,Bank transfer (automatic),78.03,201.33,Yes
C06353,Male,0,Yes,No,4,Yes,Yes,DSL,No,No,Yes,No,No,Yes,Month-to-month,No,Electronic check,61.58,228.6,Yes
C06354,Male,0,Yes,No,11,Yes,No,DSL,Yes,Yes,No,No,No,No,Month-to-month,Yes,Electronic check,58.65,615.23,No
C06355,Male,0,Yes,No,69,Yes,No,No,No internet service,No internet service,No internet service,No internet service,No internet service,No internet service,One year,Yes,Bank transfer (automatic),18.0,1242.64,No
C06356,Male,0,Yes,No,2,Yes,Yes,DSL,Yes,Yes,No,No,Yes,No,One year,Yes,Mailed check,65.8,132.39,No
C06357,Female,0,No,No,47,Yes,No,No,No internet service,No internet service,No internet service,No internet service,No internet service,No internet service,Month-to-month,Yes,Electronic check,19.95,980.95,No
C06358,Female,0,Yes,Yes,72,Yes,Yes,DSL,No,No,Yes,Yes,Yes,No,Two year,Yes,Credit card (automatic),68.78,5068.33,No
C06359,Male,0,No,Yes,59,Yes,Yes,Fiber optic,Yes,Yes,No,Yes,Yes,No,Two year,Yes,Bank transfer (automatic),100.31,5381.56,No
C06360,Male,0,Yes,No,2,Yes,No,Fiber optic,No,Yes,Yes,No,No,No,Month-to-month,Yes,Credit card (automatic),81.31,168.16,Yes
C06361,Female,0,Yes,Yes,2,No,No phone service,No,No internet service,No internet service,No internet service,No internet service,No internet service,No internet service,Month-to-month,Yes,Credit card (automatic),18.0,31.31,Yes
C06362,Female,0,No,No,15,Yes,Yes,DSL,No,Yes,No,Yes,Yes,No,Month-to-month,Yes,Electronic check,68.34,906.63,Yes
C06363,Male,1,Yes,No,1,Yes,No,No,No internet service,No internet service,No internet service,No internet service,No internet service,No internet service,Month-to-month,Yes,Credit card (automatic),21.48,20.19,Yes
C06364,Female,0,Yes,No,49,Yes,Yes,No,No internet service,No internet service,No internet service,No internet service,No internet service,No internet service,Month-to-month,No,Mailed check,28.28,1322.57,No
C06365,Male,0,No,No,63,Yes,Yes,DSL,Yes,Yes,Yes,No,Yes,No,Two year,Yes,Electronic check,74.63,4728.71,No
C06366,Male,0,Yes,No,33,Yes,Yes,DSL,No,No,No,Yes,Yes,Yes,One year,No,Credit card (automatic),70.16,2255.86,No
C06367,Male,0,Yes,No,18,Yes,No,DSL,No,No,No,Yes,Yes,Yes,Month-to-month,Yes,Credit card (automatic),60.03,1015.95,Yes
C06368,Female,0,No,No,60,Yes,No,DSL,No,No,Yes,No,Yes,No,Two year,Yes,Mailed check,58.17,3574.19,No
C06369,Female,0,Yes,No,33,Yes,No,DSL,No,No,Yes,Yes,Yes,No,Two year,No,Electronic check,58.97,2015.85,No
C06370,Female,0,No,No,8,Yes,No,Fiber optic,No,No,Yes,No,No,No,Month-to-month,Yes,Electronic check,70.42,524.68,Yes
C06371,Male,0,Yes,Yes,18,Yes,Yes,DSL,No,No,No,Yes,No,No,One year,Yes,Mailed check,50.8,888.0,No
C06372,Female,0,Yes,No,63,Yes,No,Fiber optic,Yes,Yes,No,No,Yes,No,Month-to-month,Yes,Bank transfer (automatic),89.57,4937.21,No
C06373,Female,0,Yes,No,11,Yes,No,Fiber optic,No,No,Yes,No,No,No,One year,No,Mailed check,72.66,823.18,No
C06374,Male,1,No,No,4,No,No phone service,Fiber optic,No,No,Yes,No,Yes,No,Month-to-month,Yes,Mailed check,57.92,228.5,Yes
C06375,Male,1,Yes,Yes,9,Yes,No,No,No internet service,No internet service,No internet service,No internet service,No internet service,No internet service,Month-to-month,Yes,Mailed check,18.81,148.15,Yes
C06376,Male,0,No,No,8,Yes,Yes,Fiber optic,Yes,No,No,Yes,No,Yes,Month-to-month,No,Credit card (automatic),87.41,660.2,Yes
C06377,Female,0,No,No,4,No,No phone service,DSL,No,Yes,Yes,Yes,No,No,Month-to-month,Yes,Mailed check,45.64,156.24,Yes
C06378,Male,0,No,No,21,Yes,No,DSL,Yes,No,No,Yes,No,Yes,Month-to-month,Yes,Mailed check,63.02,1337.43,No
C06379,Male,1,No,No,25,No,No phone service,Fiber optic,Yes,Yes,Yes,Yes,No,No,One year,Yes,Credit card (automatic),68.19,1470.59,No
C06380,Female,0,No,No,0,Yes,Yes,Fiber optic,No,No,No,No,Yes,Yes,One year,No,Bank transfer (automatic),86.7, ,Yes
C06381,Female,0,No,No,6,No,No phone service,Fiber optic,Yes,Yes,Yes,Yes,No,Yes,Month-to-month,No,Bank transfer (automatic),75.71,462.83,Yes
C06382,Female,0,Yes,No,0,Yes,No,No,No internet service,No internet service,No internet service,No internet service,No internet service,No internet service,Month-to-month,No,Electronic check,19.41, ,Yes
C06383,Female,0,No,No,57,Yes,No,Fiber optic,No,No,No,No,Yes,Yes,Two year,Yes,Electronic check,78.38,4141.48,No
C06384,Male,0,Yes,No,37,Yes,No,Fiber optic,No,No,Yes,Yes,No,No,Two year,No,Mailed check,81.86,2747.41,No
C06385,Female,0,No,Yes,14,Yes,No,DSL,No,No,No,Yes,Yes,No,One year,Yes,Electronic check,56.67,706.44,No
C06386,Male,0,No,No,31,Yes,No,No,No internet service,No internet service,No internet service,No internet service,No internet service,No internet service,Month-to-month,No,Electronic check,21.24,613.11,No
C06387,Male,1,Yes,No,41,Yes,No,Fiber optic,No,No,No,No,No,No,Two year,Yes,Electronic check,67.35,2740.3,No
C06388,Female,0,Yes,No,1,Yes,Yes,DSL,No,Yes,Yes,No,Yes,Yes,Month-to-month,No,Mailed check,82.64,75.52,Yes
C06389,Male,1,No,No,2,No,No phone service,No,No internet service,No internet service,No internet service,No internet service,No internet service,No internet service,Month-to-month,Yes,Mailed check,18.0,37.69,Yes
C06390,Male,0,No,No,9,No,No phone service,DSL,No,No,Yes,Yes,Yes,No,Month-to-month,Yes,Credit card (automatic),44.52,373.77,Yes
C06391,Female,1,No,No,1,Yes,No,DSL,No,No,No,No,Yes,No,One year,No,Bank transfer (automatic),50.16,43.42,Yes
C06392,Male,0,Yes,Yes,5,Yes,Yes,DSL,No,Yes,Yes,Yes,Yes,Yes,One year,Yes,Credit card (automatic),81.88,361.71,Yes
C06393,Male,0,No,No,42,Yes,No,DSL,No,No,Yes,No,No,No,Two year,Yes,Electronic check,54.32,1966.29,Yes
C06394,Female,0,No,No,1,Yes,Yes,DSL,Yes,No,No,No,No,No,One year,Yes,Credit card (automatic),59.33,55.5,No
C06395,Female,1,No,Yes,0,Yes,No,Fiber optic,Yes,No,No,Yes,No,No,Month-to-month,No,Credit card (automatic),75.44, ,No
C06396,Female,0,Yes,No,8,Yes,Yes,DSL,Yes,No,Yes,Yes,Yes,Yes,Month-to-month,Yes,Mailed check,86.05,690.46,No
C06397,Male,0,No,No,12,Yes,No,No,No internet service,No internet service,No internet service,No internet service,No internet service,No internet service,One year,Yes,Mailed check,19.58,227.03,Yes
C06398,Female,0,Yes,No,13,Yes,No,Fiber optic,No,Yes,No,No,No,Yes,One year,Yes,Mailed check,74.45,867.31,No
C06399,Female,0,No,No,44,Yes,No,Fiber optic,No,Yes,No,Yes,No,No,Two year,No,Electronic check,78.36,3408.92,No
C06400,Male,0,Yes,No,8,Yes,No,Fiber optic,Yes,No,No,No,No,No,Month-to-month,No,Electronic check,70.21,549.83,No
C06401,Male,0,No,Yes,9,Yes,Yes,DSL,Yes,Yes,No,Yes,Yes,No,Month-to-month,Yes,Electronic check,70.36,600.02,No
C06402,Male,0,Yes,No,33,Yes,Yes,DSL,Yes,Yes,No,No,Yes,No,One year,No,Mailed check,74.65,2345.28,No
C06403,Female,0,Yes,No,72,Yes,No,Fiber optic,No,Yes,Yes,Yes,Yes,Yes,Month-to-month,Yes,Electronic check,88.64,6013.12,No
C06404,Male,0,Yes,Yes,9,Yes,No,Fiber optic,No,No,Yes,Yes,Yes,No,Month-to-month,Yes,Electronic check,86.65,684.64,Yes
C06405,Female,0,No,No,6,Yes,No,DSL,No,No,No,Yes,Yes,No,Two year,No,Bank transfer (automatic),54.66,322.21,No
C06406,Female,0,No,No,68,Yes,No,Fiber optic,No,Yes,Yes,Yes,No,No,Two year,No,Bank transfer (automatic),77.46,4552.52,No
C06407,Male,0,No,Yes,2,Yes,Yes,DSL,No,No,No,No,Yes,Yes,Month-to-month,No,Electronic check,60.19,115.73,Yes
C06408,Female,0,No,No,6,Yes,No,No,No internet service,No internet service,No internet service,No internet service,No internet service,No internet service,Month-to-month,Yes,Electronic check,18.0,108.84,No
C06409,Male,0,Yes,No,3,Yes,Yes,DSL,No,Yes,Yes,No,Yes,Yes,Month-to-month,No,Mailed check,78.91,218.75,Yes
C06410,Male,0,Yes,Yes,48,No,No phone service,DSL,No,Yes,Yes,Yes,No,Yes,Month-to-month,No,Bank transfer (automatic),49.65,2423.77,No
C06411,Female,0,Yes,Yes,72,Yes,No,Fiber optic,No,Yes,Yes,Yes,Yes,No,Month-to-month,Yes,Credit card (automatic),84.87,5556.79,No
C06412,Male,0,Yes,No,4,Yes,No,DSL,No,Yes,No,Yes,No,No,Month-to-month,No,Credit card (automatic),56.6,231.75,Yes
C06413,Female,0,No,No,63,Yes,Yes,No,No internet service,No internet service,No internet service,No internet service,No internet service,No internet service,Two year,No,Electronic check,31.18,2053.62,No
C06414,Female,0,Yes,No,3,Yes,No,DSL,No,Yes,No,Yes,Yes,Yes,Month-to-month,No,Electronic check,68.45,198.18,Yes
C06415,Male,0,No,No,29,Yes,No,Fiber optic,No,No,Yes,No,No,Yes,Month-to-month,Yes,Mailed check,70.42,2110.63,No
C06416,Male,1,No,No,55,Yes,No,Fiber optic,No,No,No,Yes,No,No,Two year,No,Credit card (automatic),78.12,3989.79,No
C06417,Male,0,No,No,57,Yes,No,DSL,No,Yes,Yes,No,No,No,Month-to-month,No,Electronic check,54.82,3162.71,No
C06418,Female,0,Yes,Yes,3,No,No phone service,No,No internet service,No internet service,No internet service,No internet service,No internet service,No internet service,One year,Yes,Bank transfer (automatic),18.0,49.55,No
C06419,Female,0,No,No,12,Yes,No,Fiber optic,No,No,Yes,Yes,Yes,No,Month-to-month,Yes,Electronic check,88.64,1102.71,Yes
C06420,Male,0,No,No,47,Yes,No,DSL,Yes,No,No,No,Yes,Yes,One year,No,Mailed check,67.82,2979.07,No
C06421,Female,0,Yes,No,21,Yes,Yes,Fiber optic,No,No,No,Yes,Yes,No,Month-to-month,No,Mailed check,81.82,1775.23,No
C06422,Female,1,No,No,0,Yes,No,DSL,No,No,Yes,Yes,Yes,Yes,Month-to-month,Yes,Bank transfer (automatic),69.78, ,No
C06423,Female,0,Yes,No,20,Yes,Yes,Fiber optic,No,Yes,No,No,No,No,Month-to-month,No,Bank transfer (automatic),78.56,1503.23,No
C06424,Male,0,No,No,60,Yes,No,DSL,No,Yes,Yes,No,No,Yes,Two year,No,Mailed check,60.08,3166.75,No
C06425,Male,0,No,No,52,Yes,No,DSL,No,No,Yes,Yes,No,No,Two year,No,Bank transfer (automatic),59.24,2831.04,No
C06426,Male,1,No,Yes,2,Yes,Yes,Fiber optic,No,Yes,No,No,Yes,No,One year,Yes,Bank transfer (automatic),92.12,160.97,Yes
C06427,Male,0,No,No,13,Yes,Yes,No,No internet service,No internet service,No internet service,No internet service,No internet service,No internet service,One year,No,Credit card (automatic),28.04,351.9,No
C06428,Male,0,No,No,49,Yes,Yes,Fiber optic,No,No,Yes,Yes,No,No,Month-to-month,Yes,Electronic check,87.37,4201.42,Yes
C06429,Male,1,Yes,No,11,Yes,Yes,DSL,Yes,Yes,No,Yes,No,No,Two year,Yes,Mailed check,69.32,775.86,No
C06430,Male,1,Yes,Yes,18,Yes,No,DSL,No,No,No,No,No,No,One year,Yes,Bank transfer (automatic),47.07,746.26,No
C06431,Male,0,No,No,70,Yes,No,No,No internet service,No internet service,No internet service,No internet service,No internet service,No internet service,One year,Yes,Credit card (automatic),23.03,1503.8,No
C06432,Male,0,No,No,46,Yes,No,DSL,No,Yes,No,No,Yes,No,Two year,No,Bank transfer (automatic),57.83,2370.93,No
C06433,Female,0,No,No,0,No,No phone service,Fiber optic,No,No,No,No,No,Yes,Month-to-month,Yes,Bank transfer (automatic),47.76, ,Yes
C06434,Female,0,Yes,Yes,4,Yes,No,DSL,No,No,No,No,No,No,Month-to-month,Yes,Electronic check,43.18,164.7,Yes
C06435,Male,0,Yes,No,0,Yes,No,No,No internet service,No internet service,No internet service,No internet service,No internet service,No internet service,One year,Yes,Bank transfer (automatic),18.67, ,No
C06436,Female,0,No,No,72,Yes,Yes,Fiber optic,Yes,Yes,No,Yes,No,Yes,Two year,No,Electronic check,94.66,5856.75,No
C06437,Male,0,No,No,47,Yes,No,DSL,No,Yes,Yes,No,No,No,Two year,Yes,Electronic check,56.84,2489.8,No
C06438,Female,0,Yes,No,62,Yes,No,DSL,No,No,Yes,No,No,No,Two year,No,Mailed check,49.33,2614.57,No
C06439,Female,0,Yes,Yes,25,Yes,No,No,No internet service,No internet service,No internet service,No internet service,No internet service,No internet service,One year,Yes,Bank transfer (automatic),18.0,425.07,No
C06440,Male,0,No,No,3,Yes,No,Fiber optic,No,No,No,No,Yes,Yes,Month-to-month,Yes,Bank transfer (automatic),73.3,221.82,Yes
C06441,Female,0,No,No,56,Yes,Yes,DSL,Yes,No,Yes,No,No,Yes,Two year,Yes,Electronic check,72.97,4098.46,No
C06442,Female,0,Yes,Yes,60,Yes,Yes,DSL,Yes,No,No,No,No,Yes,Two year,Yes,Electronic check,64.43,3441.06,No
C06443,Female,0,No,No,42,Yes,No,Fiber optic,No,Yes,Yes,Yes,No,No,Month-to-month,Yes,Credit card (automatic),80.0,2892.13,No
C06444,Male,0,Yes,Yes,36,Yes,Yes,DSL,No,No,Yes,Yes,Yes,No,Two year,Yes,Bank transfer (automatic),69.12,2589.92,No
C06445,Male,0,Yes,No,72,Yes,Yes,Fiber optic,No,Yes,No,Yes,No,No,One year,No,Bank transfer (automatic),80.85,5368.63,No
C06446,Female,1,Yes,No,2,Yes,No,DSL,No,Yes,No,Yes,No,No,Month-to-month,Yes,Electronic check,57.15,103.53,Yes
C06447,Male,0,Yes,Yes,19,Yes,No,Fiber optic,No,Yes,No,No,No,No,One year,No,Credit card (automatic),67.82,1180.43,Yes
C06448,Female,1,No,Yes,50,Yes,No,Fiber optic,No,No,Yes,Yes,No,Yes,Two year,Yes,Credit card (automatic),87.91,4082.46,No
C06449,Female,0,Yes,No,72,Yes,No,DSL,No,Yes,No,Yes,Yes,Yes,Month-to-month,Yes,Mailed check,71.09,4774.51,No
C06450,Male,0,No,No,3,Yes,Yes,DSL,Yes,Yes,Yes,Yes,No,No,One year,Yes,Bank transfer (automatic),77.89,232.93,No
C06451,Male,0,Yes,No,6,Yes,No,No,No internet service,No internet service,No internet service,No internet service,No internet service,No internet service,Month-to-month,No,Credit card (automatic),18.16,102.91,No
C06452,Male,0,Yes,Yes,25,Yes,No,Fiber optic,No,Yes,Yes,No,Yes,No,One year,No,Bank transfer (automatic),83.52,2139.33,No
C06453,Male,0,Yes,Yes,2,Yes,No,No,,No internet service,No internet service,No internet service,No internet service,No internet service,One year,Yes,Mailed check,22.27,39.2,No
C06454,Female,0,Yes,No,2,Yes,No,DSL,Yes,No,No,Yes,No,No,One year,Yes,Electronic check,53.91,102.02,No
C06455,Female,0,No,No,0,Yes,Yes,No,No internet service,No internet service,No internet service,No internet service,No internet service,No internet service,Month-to-month,No,Electronic check,26.43, ,Yes
C06456,Male,0,No,No,24,No,No phone service,No,No internet service,No internet service,No internet service,No internet service,No internet service,No internet service,Two year,Yes,Electronic check,18.0,398.5,No
C06457,Female,0,No,No,49,Yes,No,DSL,No,Yes,Yes,Yes,No,No,Two year,Yes,Electronic check,65.61,3219.35,No
C06458,Female,0,No,No,8,Yes,No,Fiber optic,Yes,Yes,No,Yes,Yes,Yes,Month-to-month,Yes,Bank transfer (automatic),100.76,743.69,Yes
C06459,Female,0,No,No,47,Yes,No,Fiber optic,No,No,Yes,Yes,Yes,No,One year,Yes,Electronic check,85.88,4154.15,No
C06460,Male,0,No,No,11,Yes,No,No,No internet service,No internet service,No internet service,No internet service,No internet service,No internet service,One year,Yes,Electronic check,19.15,213.51,No
C06461,Female,0,No,Yes,54,Yes,No,Fiber optic,No,No,No,No,Yes,No,Month-to-month,Yes,Mailed check,71.74,3712.4,No
C06462,Female,0,No,Yes,72,Yes,No,Fiber optic,No,No,No,Yes,No,No,Two year,Yes,Electronic check,68.47,5103.35,No
C06463,Male,0,Yes,No,35,Yes,Yes,No,No internet service,No internet service,No internet service,No internet service,No internet service,No internet service,Month-to-month,Yes,Bank transfer (automatic),27.25,851.99,No
C06464,Female,0,Yes,No,46,Yes,No,DSL,No,Yes,Yes,No,No,No,Two year,No,Credit card (automatic),53.03,2258.48,No
C06465,Female,0,No,No,72,Yes,No,DSL,Yes,No,No,Yes,No,No,One year,Yes,Bank transfer (automatic),58.5,4072.16,No
C06466,Male,0,No,Yes,26,Yes,No,Fiber optic,Yes,Yes,No,No,No,Yes,Month-to-month,No,Electronic check,81.31,2208.1,Yes
C06467,Female,0,Yes,Yes,47,Yes,Yes,No,No internet service,No internet service,No internet service,No internet service,No internet service,No internet service,One year,Yes,Electronic check,32.03,1486.14,No
C06468,Female,0,No,No,72,Yes,No,Fiber optic,No,Yes,No,Yes,No,Yes,Two year,No,Credit card (automatic),83.41,5339.28,No
C06469,Female,0,Yes,No,54,Yes,No,DSL,Yes,Yes,No,No,No,No,Two year,No,Bank transfer (automatic),51.23,2688.9,No
C06470,Male,0,No,No,42,Yes,No,No,No internet service,No internet service,No internet service,No internet service,No internet service,No internet service,One year,Yes,Mailed check,18.0,651.12,No
C06471,Female,0,No,Yes,55,No,No phone service,Fiber optic,No,Yes,No,Yes,No,No,Two year,No,Bank transfer (automatic),58.66,2789.03,No
C06472,Female,0,Yes,No,27,Yes,No,Fiber optic,No,No,No,Yes,No,Yes,Month-to-month,No,Electronic check,75.02,2037.84,No
C06473,Female,0,No,Yes,7,Yes,No,Fiber optic,Yes,Yes,No,No,Yes,No,Month-to-month,Yes,Bank transfer (automatic),80.9,523.7,Yes
C06474,Male,0,No,No,3,Yes,Yes,Fiber optic,Yes,No,Yes,No,No,No,Month-to-month,Yes,Credit card (automatic),75.99,195.06,Yes
C06475,Male,0,No,No,3,Yes,No,No,No internet service,No internet service,No internet service,No internet service,No internet service,No internet service,Month-to-month,Yes,Electronic check,18.56,55.12,Yes
C06476,Female,0,No,Yes,3,No,No phone service,Fiber optic,No,No,Yes,No,Yes,Yes,Month-to-month,Yes,Mailed check,66.29,178.65,Yes
C06477,Male,0,No,No,61,Yes,No,Fiber optic,No,No,Yes,No,Yes,No,Two year,Yes,Electronic check,72.37,4267.27,Yes
C06478,Male,0,Yes,Yes,5,Yes,No,DSL,No,Yes,Yes,Yes,No,Yes,One year,No,Electronic check,73.55,340.45,No
C06479,Male,1,No,No,0,Yes,Yes,Fiber optic,Yes,No,Yes,No,No,No,Month-to-month,Yes,Mailed check,85.49, ,Yes
C06480,Female,0,Yes,No,9,Yes,Yes,No,No internet service,No internet service,No internet service,No internet service,No internet service,No internet service,Month-to-month,Yes,Credit card (automatic),27.06,210.46,No
C06481,Male,0,Yes,No,66,Yes,No,Fiber optic,No,No,No,No,Yes,No,Two year,No,Mailed check,77.61,4604.4,No
C06482,Female,0,Yes,Yes,6,Yes,Yes,No,No internet service,No internet service,No internet service,No internet service,No internet service,No internet service,One year,No,Electronic check,28.29,158.05,No
C06483,Female,0,Yes,Yes,16,Yes,No,DSL,No,No,No,No,Yes,Yes,Month-to-month,Yes,Bank transfer (automatic),58.04,872.09,Yes
C06484,Female,0,No,No,4,Yes,No,Fiber optic,No,No,No,Yes,Yes,No,One year,Yes,Bank transfer (automatic),76.59,293.17,No
C06485,Female,1,No,No,10,Yes,Yes,Fiber optic,Yes,Yes,No,Yes,Yes,No,Two year,Yes,Bank transfer (automatic),95.19,820.44,No
C06486,Male,0,No,No,50,Yes,,DSL,Yes,No,Yes,No,No,No,Month-to-month,Yes,Credit card (automatic),62.65,3049.08,Yes
C06487,Female,0,Yes,No,8,Yes,Yes,Fiber optic,No,Yes,No,Yes,Yes,Yes,Month-to-month,Yes,Credit card (automatic),98.15,792.28,No
C06488,Male,0,No,No,1,Yes,No,Fiber optic,No,Yes,No,No,Yes,No,Month-to-month,Yes,Mailed check,79.55,75.95,Yes
C06489,Female,1,No,No,7,Yes,Yes,DSL,No,Yes,No,No,Yes,No,Month-to-month,No,Mailed check,70.47,451.57,No
C06490,Male,0,Yes,No,29,No,No phone service,DSL,Yes,No,No,Yes,Yes,No,Month-to-month,Yes,Electronic check,38.57,1004.29,No
C06491,Female,0,No,No,65,Yes,No,Fiber optic,No,No,No,No,Yes,Yes,Two year,Yes,Bank transfer (automatic),69.92,4018.07,No
C06492,Female,0,Yes,Yes,5,Yes,No,DSL,No,No,No,No,Yes,Yes,Month-to-month,Yes,Mailed check,57.97,280.17,Yes
C06493,Male,0,No,No,72,Yes,No,Fiber optic,No,No,No,No,Yes,No,Two year,Yes,Bank transfer (automatic),66.91,4309.67,No
C06494,Female,0,Yes,No,8,Yes,No,No,No internet service,No internet service,No internet service,No internet service,No internet service,No internet service,Month-to-month,Yes,Bank transfer (automatic),18.0,149.0,No
C06495,Male,0,No,No,5,Yes,Yes,Fiber optic,No,No,No,No,No,Yes,Month-to-month,Yes,Mailed check,78.92,383.19,Yes
C06496,Male,0,No,No,62,Yes,Yes,Fiber optic,Yes,No,Yes,No,No,Yes,Two year,Yes,Bank transfer (automatic),84.97,5011.05,No
C06497,Male,0,No,No,56,Yes,Yes,Fiber optic,No,No,Yes,Yes,No,No,Two year,No,Electronic check,88.88,4955.53,No
C06498,Male,0,Yes,No,1,Yes,No,DSL,Yes,Yes,Yes,Yes,No,No,One year,Yes,Mailed check,61.84,53.67,No
C06499,Female,0,Yes,Yes,0,Yes,No,No,No internet service,No internet service,No internet service,No internet service,No internet service,No internet service,Month-to-month,Yes,Electronic check,24.5, ,Yes
C06500,Female,0,No,No,49,Yes,Yes,Fiber optic,Yes,No,No,No,Yes,Yes,Two year,Yes,Credit card (automatic),91.68,4346.13,No
C06501,Male,0,Yes,Yes,37,Yes,Yes,Fiber optic,No,No,Yes,Yes,Yes,Yes,Two year,Yes,Electronic check,101.8,3563.43,No
C06502,Female,0,Yes,No,3,Yes,Yes,DSL,No,Yes,Yes,No,Yes,Yes,Month-to-month,No,Bank transfer (automatic),75.58,219.21,Yes
C06503,Female,0,No,No,6,Yes,Yes,Fiber optic,No,No,No,Yes,Yes,Yes,Month-to-month,Yes,Electronic check,88.41,463.11,Yes
C06504,Female,0,No,No,24,Yes,Yes,DSL,No,No,Yes,No,Yes,Yes,Month-to-month,Yes,Mailed check,72.26,1752.16,No
C06505,Male,0,No,No,38,Yes,No,Fiber optic,Yes,No,No,No,No,No,One year,Yes,Electronic check,70.69,2745.52,No
C06506,Female,0,Yes,No,0,Yes,No,DSL,No,No,Yes,Yes,No,No,Month-to-month,Yes,Credit card (automatic),59.97, ,Yes
C06507,Male,0,Yes,No,4,Yes,No,Fiber optic,Yes,Yes,Yes,No,No,Yes,Month-to-month,Yes,Bank transfer (automatic),88.91,306.49,No
C06508,Female,0,No,No,28,Yes,Yes,No,No internet service,No internet service,No internet service,No internet service,No internet service,No internet service,Month-to-month,Yes,Bank transfer (automatic),31.46,750.39,Yes
C06509,Female,0,Yes,Yes,51,Yes,No,DSL,Yes,Yes,No,No,Yes,Yes,Month-to-month,No,Bank transfer (automatic),66.98,3406.04,No
C06510,Female,0,Yes,No,57,Yes,No,Fiber optic,Yes,No,Yes,No,Yes,Yes,Two year,No,Bank transfer (automatic),91.54,4564.31,No
C06511,Male,0,Yes,No,61,Yes,Yes,Fiber optic,Yes,No,Yes,No,Yes,No,Two year,No,Electronic check,85.87,5118.28,No
C06512,Male,0,No,No,6,Yes,Yes,DSL,No,Yes,Yes,No,No,No,Month-to-month,Yes,Bank transfer (automatic),67.11,408.94,Yes
C06513,Female,0,Yes,No,46,Yes,No,No,No internet service,No internet service,No internet service,No internet service,No internet service,No internet service,Two year,Yes,Credit card (automatic),18.0,723.85,No
C06514,Male,0,No,No,60,Yes,No,DSL,Yes,No,No,No,Yes,No,One year,No,Credit card (automatic),63.15,3644.28,No
C06515,Male,1,Yes,Yes,68,Yes,No,DSL,No,No,Yes,Yes,No,Yes,Two year,No,Electronic check,61.92,3595.87,No
C06516,Female,0,Yes,Yes,27,No,No phone service,Fiber optic,Yes,Yes,No,No,Yes,No,One year,No,Electronic check,67.15,1820.66,No
C06517,Female,0,No,No,68,Yes,No,Fiber optic,Yes,Yes,No,Yes,No,No,Two year,Yes,Credit card (automatic),82.46,4841.56,No
C06518,Male,0,No,No,59,No,No phone service,DSL,No,No,No,Yes,Yes,No,Two year,Yes,Electronic check,39.89,2241.23,No
C06519,Male,0,No,No,53,Yes,Yes,DSL,No,No,No,Yes,Yes,Yes,One year,Yes,Electronic check,70.45,3769.81,No
C06520,Female,0,No,No,8,Yes,Yes,DSL,No,Yes,No,No,Yes,Yes,Month-to-month,Yes,Bank transfer (automatic),69.97,580.61,No
C06521,Male,0,Yes,Yes,17,Yes,No,DSL,No,Yes,Yes,Yes,No,No,One year,Yes,Electronic check,61.96,923.16,No
C06522,Male,0,Yes,Yes,53,Yes,No,Fiber optic,No,No,No,No,No,Yes,Month-to-month,No,Credit card (automatic),69.21,3463.42,No
C06523,Male,0,Yes,Yes,25,Yes,No,Fiber optic,Yes,No,Yes,No,Yes,No,Month-to-month,Yes,Electronic check,84.41,1980.1,Yes
C06524,Male,0,Yes,No,72,Yes,No,Fiber optic,No,No,No,No,No,No,One year,No,Mailed check,67.77,4447.34,No
C06525,Female,0,No,No,3,Yes,No,Fiber optic,No,Yes,Yes,No,Yes,No,Month-to-month,No,Electronic check,87.54,231.3,Yes
C06526,Male,0,No,No,72,Yes,Yes,DSL,Yes,No,No,No,No,No,Two year,Yes,Bank transfer (automatic),61.69,4177.62,No
C06527,Male,0,Yes,No,46,Yes,Yes,Fiber optic,No,No,No,Yes,Yes,No,Two year,No,Credit card (automatic),77.25,3632.67,No
C06528,Female,0,Yes,Yes,72,Yes,Yes,DSL,No,Yes,Yes,Yes,No,No,Month-to-month,Yes,Bank transfer (automatic),72.81,4713.52,No
C06529,Male,0,No,No,58,Yes,Yes,Fiber optic,No,Yes,No,No,Yes,No,One year,Yes,Electronic check,78.66,3917.79,No
C06530,Male,0,No,No,5,Yes,No,DSL,No,No,No,Yes,No,No,One year,Yes,Electronic check,50.82,220.65,No
C06531,Female,0,Yes,Yes,9,Yes,Yes,Fiber optic,No,Yes,No,Yes,Yes,No,Month-to-month,No,Electronic check,91.02,820.47,Yes
C06532,Female,0,Yes,No,19,Yes,No,Fiber optic,No,No,No,Yes,Yes,Yes,One year,Yes,Bank transfer (automatic),86.15,1653.99,No
C06533,Male,1,Yes,Yes,50,Yes,No,No,No internet service,No internet service,No internet service,No internet service,No internet service,No internet service,Month-to-month,Yes,Bank transfer (automatic),23.16,1085.09,No
C06534,Male,0,Yes,No,4,Yes,No,DSL,Yes,No,Yes,No,Yes,Yes,One year,No,Bank transfer (automatic),74.45,280.22,No
C06535,Male,0,Yes,Yes,1,Yes,No,Fiber optic,No,No,No,No,Yes,Yes,Month-to-month,No,Credit card (automatic),77.86,67.99,Yes
C06536,Male,0,Yes,Yes,27,Yes,No,DSL,Yes,Yes,No,No,Yes,No,Month-to-month,Yes,Electronic check,60.02,1589.54,No
C06537,Female,1,No,No,9,Yes,No,DSL,Yes,Yes,Yes,No,No,Yes,Month-to-month,No,Credit card (automatic),68.7,595.97,Yes
C06538,Female,0,Yes,Yes,2,No,No phone service,Fiber optic,No,Yes,No,Yes,Yes,Yes,One year,No,Bank transfer (automatic),72.45,130.35,Yes
C06539,Female,1,Yes,Yes,19,Yes,Yes,No,No internet service,No internet service,No internet service,No internet service,No internet service,No internet service,One year,No,Mailed check,27.48,548.14,No
C06540,Female,0,Yes,No,4,Yes,No,Fiber optic,Yes,Yes,Yes,No,No,Yes,Month-to-month,Yes,Electronic check,88.43,336.73,Yes
C06541,Male,1,Yes,Yes,49,Yes,No,DSL,No,No,Yes,No,Yes,Yes,Two year,Yes,Mailed check,61.94,2857.29,No
C06542,Female,0,No,No,3,Yes,No,Fiber optic,No,No,Yes,No,No,Yes,One year,Yes,Electronic check,85.92,262.7,Yes
C06543,Female,0,No,No,54,Yes,Yes,Fiber optic,Yes,Yes,No,No,No,No,One year,No,Credit card (automatic),87.63,4466.23,No
C06544,Male,0,Yes,Yes,56,Yes,Yes,DSL,Yes,No,Yes,No,No,Yes,One year,Yes,Bank transfer (automatic),74.61,3888.98,No
C06545,Female,0,Yes,No,9,Yes,Yes,Fiber optic,Yes,Yes,Yes,No,Yes,Yes,Month-to-month,Yes,Mailed check,103.81,794.77,Yes
C06546,Male,1,No,No,8,Yes,No,DSL,Yes,Yes,No,Yes,No,No,Month-to-month,Yes,Bank transfer (automatic),60.68,447.31,No
C06547,Female,0,Yes,Yes,0,Yes,No,Fiber optic,,Yes,Yes,No,No,No,One year,No,Mailed check,87.13, ,No
C06548,Female,0,No,No,1,Yes,Yes,Fiber optic,,No,No,Yes,Yes,No,Month-to-month,Yes,Mailed check,77.63,74.0,Yes
C06549,Male,0,No,No,2,Yes,No,DSL,No,Yes,No,No,Yes,No,Month-to-month,No,Electronic check,56.83,112.25,Yes
C06550,Female,0,Yes,Yes,72,Yes,No,Fiber optic,Yes,Yes,No,No,No,No,Month-to-month,Yes,Mailed check,74.72,5228.69,Yes
C06551,Male,0,Yes,Yes,16,Yes,No,Fiber optic,No,No,No,No,No,No,Month-to-month,No,Credit card (automatic),71.05,1166.64,No
C06552,Female,0,Yes,No,67,Yes,Yes,Fiber optic,No,Yes,No,No,No,Yes,One year,Yes,Credit card (automatic),79.7,5509.5,No
C06553,Male,1,No,No,17,Yes,No,No,No internet service,No internet service,No internet service,No internet service,No internet service,No internet service,Two year,Yes,Mailed check,18.43,307.3,No
C06554,Male,1,Yes,Yes,7,Yes,Yes,Fiber optic,No,Yes,No,No,Yes,Yes,Month-to-month,No,Mailed check,94.62,569.85,Yes
C06555,Male,0,No,No,29,Yes,Yes,DSL,No,Yes,No,No,No,Yes,Month-to-month,Yes,Electronic check,67.48,2004.82,Yes
C06556,Female,0,Yes,Yes,0,Yes,Yes,No,No internet service,No internet service,No internet service,No internet service,No internet service,No internet service,Month-to-month,No,Credit card (automatic),29.18, ,Yes
C06557,Male,1,No,No,50,Yes,Yes,Fiber optic,No,Yes,No,Yes,Yes,Yes,Two year,Yes,Electronic check,91.92,4327.92,No
C06558,Female,1,No,No,3,Yes,Yes,DSL,Yes,Yes,Yes,No,No,Yes,One year,No,Credit card (automatic),76.64,201.95,No
C06559,Male,0,Yes,Yes,59,Yes,Yes,DSL,No,No,Yes,No,Yes,No,Two year,Yes,Bank transfer (automatic),70.21,3903.4,No
C06560,Male,0,No,No,58,Yes,Yes,Fiber optic,No,No,Yes,No,No,No,Month-to-month,No,Mailed check,79.43,4463.37,No
C06561,Male,0,No,No,2,Yes,No,DSL,Yes,No,Yes,No,No,No,Month-to-month,Yes,Bank transfer (automatic),54.56,98.49,Yes
C06562,Male,0,No,No,6,No,No phone service,No,No internet service,No internet service,No internet service,No internet service,No internet service,No internet service,Month-to-month,Yes,Credit card (automatic),18.0,108.82,No
C06563,Female,0,No,No,4,Yes,No,DSL,No,No,Yes,No,Yes,Yes,Month-to-month,No,Bank transfer (automatic),68.78,243.37,No
C06564,Male,0,No,No,11,Yes,Yes,DSL,No,Yes,No,Yes,No,Yes,Month-to-month,Yes,Electronic check,69.06,783.47,Yes
C06565,Female,0,Yes,No,4,Yes,Yes,Fiber optic,Yes,Yes,No,No,No,Yes,Month-to-month,No,Mailed check,87.81,342.12,Yes
C06566,Female,0,No,No,5,Yes,No,No,No internet service,No internet service,No internet service,No internet service,No internet service,No internet service,Month-to-month,Yes,Mailed check,18.9,89.12,Yes
C06567,Male,0,No,Yes,41,Yes,Yes,No,No internet service,No internet service,No internet service,No internet service,No internet service,No internet service,One year,Yes,Mailed check,30.16,1060.43,No
C06568,Female,0,No,No,54,Yes,No,DSL,No,No,No,No,Yes,Yes,One year,Yes,Electronic check,56.92,3135.86,No
C06569,Female,1,No,No,55,Yes,No,DSL,,Yes,Yes,Yes,Yes,No,Two year,No,Electronic check,74.41,4000.54,No
C06570,Female,0,Yes,No,29,Yes,Yes,Fiber optic,Yes,No,Yes,No,No,Yes,Month-to-month,Yes,Credit card (automatic),92.02,2430.02,Yes
C06571,Female,0,Yes,Yes,5,Yes,,DSL,Yes,Yes,Yes,No,Yes,Yes,Month-to-month,Yes,Electronic check,82.64,398.2,Yes
C06572,Female,1,No,No,29,Yes,No,DSL,No,No,Yes,Yes,Yes,Yes,One year,Yes,Electronic check,64.63,1863.6,No
C06573,Female,0,No,No,8,Yes,No,DSL,No,No,Yes,Yes,Yes,Yes,Month-to-month,No,Mailed check,71.69,528.28,Yes
C06574,Male,0,Yes,No,71,No,No phone service,No,No internet service,No internet service,No internet service,No internet service,No internet service,No internet service,Month-to-month,No,Credit card (automatic),18.0,1207.94,No
C06575,Female,0,Yes,No,5,Yes,Yes,Fiber optic,No,Yes,Yes,Yes,Yes,Yes,Month-to-month,Yes,Electronic check,102.4,513.35,Yes
C06576,Male,0,Yes,Yes,3,Yes,No,Fiber optic,No,No,Yes,No,Yes,Yes,Month-to-month,No,Electronic check,93.9,246.74,Yes
C06577,Female,1,No,No,16,Yes,No,Fiber optic,No,No,Yes,No,Yes,Yes,Month-to-month,No,Credit card (automatic),88.11,1440.38,Yes
C06578,Female,1,Yes,No,3,Yes,No,No,No internet service,No internet service,No internet service,No internet service,No internet service,No internet service,One year,Yes,Credit card (automatic),20.14,54.28,Yes
C06579,Female,0,Yes,No,50,Yes,No,No,No internet service,No internet service,No internet service,No internet service,No internet service,No internet service,Two year,No,Electronic check,18.0,836.79,No
C06580,Female,0,Yes,No,12,Yes,,Fiber optic,No,No,Yes,No,No,No,Month-to-month,Yes,Mailed check,75.4,905.88,No
C06581,Female,0,Yes,No,13,Yes,Yes,No,No internet service,No internet service,No internet service,No internet service,No internet service,No internet service,One year,No,Mailed check,29.28,338.31,No
C06582,Female,0,Yes,No,29,Yes,Yes,Fiber optic,Yes,No,No,Yes,Yes,No,Month-to-month,Yes,Mailed check,84.58,2231.2,No
C06583,Male,0,Yes,Yes,41,Yes,No,Fiber optic,No,No,Yes,No,No,Yes,Month-to-month,No,Electronic check,76.98,3031.8,No
C06584,Male,0,No,No,34,Yes,No,Fiber optic,No,No,No,No,Yes,Yes,One year,Yes,Bank transfer (automatic),75.11,2572.23,No
C06585,Male,1,Yes,No,5,Yes,No,No,No internet service,No internet service,No internet service,No internet service,No internet service,No internet service,Two year,No,Mailed check,20.96,97.99,No
C06586,Male,0,Yes,Yes,1,Yes,No,DSL,No,Yes,No,No,No,No,Month-to-month,No,Bank transfer (automatic),53.5,54.81,Yes
C06587,Female,0,No,No,38,Yes,No,Fiber optic,No,Yes,Yes,No,Yes,Yes,Two year,No,Electronic check,88.52,3021.9,No
C06588,Female,0,Yes,No,4,Yes,Yes,DSL,No,No,No,No,Yes,Yes,Month-to-month,Yes,Electronic check,63.66,261.34,Yes
C06589,Female,0,Yes,Yes,7,Yes,No,DSL,No,Yes,Yes,No,Yes,No,One year,No,Electronic check,66.4,466.61,No
C06590,Male,0,Yes,No,9,No,No phone service,DSL,,No,No,Yes,Yes,No,Month-to-month,No,Electronic check,33.08,265.49,No
C06591,Female,0,Yes,No,7,Yes,No,DSL,No,No,No,Yes,No,Yes,Month-to-month,No,Electronic check,61.34,436.18,Yes
C06592,Male,0,No,No,25,Yes,No,No,No internet service,No internet service,No internet service,No internet service,No internet service,No internet service,Two year,No,Bank transfer (automatic),18.0,385.24,No
C06593,Female,0,No,No,1,Yes,No,DSL,Yes,No,No,No,Yes,Yes,Month-to-month,Yes,Electronic check,61.68,57.59,Yes
C06594,Female,0,Yes,No,13,No,No phone service,No,No internet service,No internet service,No internet service,No internet service,No internet service,No internet service,Two year,No,Bank transfer (automatic),18.0,224.04,No
C06595,Male,0,No,No,3,Yes,Yes,No,No internet service,No internet service,No internet service,No internet service,No internet service,No internet service,Month-to-month,Yes,Credit card (automatic),28.32,84.49,Yes
C06596,Male,0,No,No,53,Yes,No,Fiber optic,No,Yes,No,No,Yes,No,Two year,Yes,Mailed check,84.64,4356.44,No
C06597,Male,0,Yes,No,15,Yes,Yes,No,No internet service,No internet service,No internet service,No internet service,No internet service,No internet service,Two year,Yes,Electronic check,29.67,451.27,No
C06598,Male,0,No,No,21,Yes,Yes,Fiber optic,Yes,Yes,Yes,No,No,Yes,One year,Yes,Bank transfer (automatic),97.43,1823.5,No
C06599,Male,0,No,No,4,Yes,Yes,Fiber optic,Yes,Yes,No,No,Yes,Yes,Month-to-month,No,Mailed check,97.68,363.45,Yes
C06600,Male,0,No,No,54,Yes,Yes,DSL,No,No,Yes,No,No,No,Two year,Yes,Electronic check,58.25,2921.37,No
C06601,Male,0,No,No,4,Yes,No,Fiber optic,No,Yes,Yes,No,Yes,No,Month-to-month,No,Mailed check,78.45,321.58,Yes
C06602,Male,0,Yes,No,6,Yes,No,DSL,Yes,Yes,No,No,Yes,No,Month-to-month,No,Bank transfer (automatic),60.16,327.68,No
C06603,Male,0,No,No,57,Yes,No,Fiber optic,Yes,Yes,No,No,Yes,No,Month-to-month,Yes,Electronic check,83.25,4250.39,Yes
C06604,Female,0,Yes,No,4,Yes,Yes,DSL,No,Yes,Yes,Yes,No,Yes,Month-to-month,Yes,Mailed check,75.68,283.84,Yes
C06605,Male,0,No,Yes,5,Yes,Yes,Fiber optic,No,Yes,Yes,No,Yes,Yes,Month-to-month,Yes,Mailed check,99.07,424.86,Yes
C06606,Female,0,Yes,Yes,1,Yes,No,DSL,No,No,Yes,No,Yes,No,Month-to-month,Yes,Electronic check,55.62,49.76,Yes
C06607,Male,1,Yes,Yes,10,Yes,Yes,No,No internet service,No internet service,No internet service,No internet service,No internet service,No internet service,Month-to-month,Yes,Bank transfer (automatic),28.44,255.23,No
C06608,Male,0,Yes,Yes,12,Yes,Yes,Fiber optic,No,No,Yes,No,No,No,Month-to-month,Yes,Electronic check,73.6,827.91,Yes
C06609,Male,0,No,Yes,5,Yes,Yes,Fiber optic,No,Yes,No,No,No,Yes,Month-to-month,No,Mailed check,86.23,421.21,Yes
C06610,Female,1,No,No,67,Yes,Yes,Fiber optic,Yes,No,No,No,Yes,No,One year,Yes,Credit card (automatic),77.08,5147.14,No
C06611,Male,0,No,No,55,Yes,No,Fiber optic,Yes,No,Yes,Yes,No,No,Month-to-month,No,Credit card (automatic),81.4,4655.35,No
C06612,Female,0,Yes,Yes,65,Yes,Yes,No,No internet service,No internet service,No internet service,No internet service,No internet service,No internet service,Two year,Yes,Credit card (automatic),25.55,1548.16,No
C06613,Male,0,Yes,Yes,2,Yes,No,Fiber optic,No,No,No,Yes,No,Yes,Month-to-month,Yes,Electronic check,80.25,165.25,Yes
C06614,Female,1,Yes,No,3,Yes,No,Fiber optic,Yes,No,Yes,No,No,No,One year,Yes,Electronic check,74.91,227.24,Yes
C06615,Male,0,Yes,Yes,5,Yes,No,Fiber optic,No,No,No,No,Yes,Yes,Month-to-month,Yes,Bank transfer (automatic),78.98,369.52,Yes
C06616,Male,0,Yes,No,1,No,No phone service,No,No internet service,No internet service,No internet service,No internet service,No internet service,No internet service,One year,Yes,Bank transfer (automatic),18.0,17.79,Yes
C06617,Female,1,No,Yes,6,Yes,No,DSL,No,No,No,No,No,No,Month-to-month,Yes,Electronic check,48.6,253.04,No
C06618,Male,0,No,Yes,47,Yes,No,Fiber optic,No,No,Yes,No,Yes,No,Two year,Yes,Electronic check,78.3,3807.69,No
C06619,Male,0,Yes,Yes,63,Yes,Yes,DSL,No,No,Yes,Yes,No,Yes,Two year,No,Bank transfer (automatic),74.85,4679.04,No
C06620,Female,0,Yes,Yes,1,Yes,No,No,No internet service,No internet service,No internet service,No internet service,No internet service,No internet service,Two year,No,Mailed check,19.99,20.8,No
C06621,Male,0,No,No,72,Yes,Yes,No,No internet service,No internet service,No internet service,No internet service,No internet service,No internet service,Two year,No,Bank transfer (automatic),25.18,1556.7,No
C06622,Male,0,No,No,0,Yes,No,No,No internet service,No internet service,No internet service,No internet service,No internet service,No internet service,One year,No,Mailed check,21.24, ,No
C06623,Male,1,No,No,72,Yes,No,DSL,No,No,Yes,Yes,Yes,No,Two year,Yes,Credit card (automatic),61.25,4283.07,No
C06624,Male,0,No,No,1,Yes,Yes,DSL,Yes,Yes,No,Yes,No,No,One year,Yes,Bank transfer (automatic),65.2,58.5,No
C06625,Female,0,Yes,No,13,Yes,No,Fiber optic,No,No,Yes,No,Yes,Yes,One year,No,Bank transfer (automatic),83.87,1108.05,Yes
C06626,Female,0,Yes,Yes,50,Yes,Yes,DSL,Yes,Yes,No,No,Yes,Yes,One year,Yes,Electronic check,78.98,3554.83,No
C06627,Female,0,No,No,22,Yes,No,DSL,Yes,No,Yes,Yes,No,No,One year,Yes,Credit card (automatic),64.2,1247.97,No
C06628,Male,1,No,No,48,Yes,No,DSL,No,No,No,Yes,Yes,Yes,Two year,No,Mailed check,67.33,2858.08,No
C06629,Female,0,No,No,0,Yes,Yes,DSL,No,No,Yes,No,No,Yes,Two year,No,Electronic check,67.67, ,Yes
C06630,Female,0,Yes,Yes,48,Yes,No,DSL,No,Yes,No,Yes,Yes,No,Two year,Yes,Bank transfer (automatic),66.6,2911.49,No
C06631,Male,1,No,No,64,Yes,No,Fiber optic,No,No,No,Yes,No,Yes,One year,Yes,Bank transfer (automatic),70.33,4599.14,No
C06632,Female,1,Yes,No,5,Yes,Yes,Fiber optic,No,No,No,No,Yes,No,One year,Yes,Credit card (automatic),75.81,365.21,Yes
C06633,Female,0,No,No,5,Yes,No,DSL,No,Yes,Yes,Yes,Yes,No,Month-to-month,Yes,Electronic check,69.29,304.56,Yes
C06634,Female,0,Yes,Yes,0,Yes,Yes,Fiber optic,Yes,No,Yes,Yes,No,No,Month-to-month,Yes,Mailed check,86.68, ,Yes
C06635,Male,0,No,No,48,Yes,Yes,Fiber optic,Yes,Yes,No,No,Yes,Yes,One year,No,Bank transfer (automatic),99.52,4983.7,No
C06636,Male,0,Yes,Yes,36,Yes,Yes,DSL,No,Yes,No,Yes,No,No,One year,Yes,Credit card (automatic),64.22,2070.1,No
C06637,Female,0,Yes,Yes,7,No,No phone service,DSL,No,Yes,No,No,No,Yes,Month-to-month,No,Credit card (automatic),40.54,246.31,No
C06638,Female,1,Yes,No,57,No,No phone service,No,No internet service,No internet service,No internet service,No internet service,No internet service,No internet service,One year,Yes,Mailed check,18.0,877.81,No
C06639,Male,0,No,No,3,Yes,No,DSL,No,No,No,No,No,Yes,Month-to-month,No,Electronic check,56.19,146.81,Yes
C06640,Male,0,No,No,19,Yes,No,No,No internet service,No internet service,No internet service,No internet service,No internet service,No internet service,One year,Yes,Electronic check,20.28,351.68,No
C06641,Female,0,No,No,6,Yes,No,DSL,No,No,Yes,No,No,Yes,Month-to-month,Yes,Electronic check,57.54,315.39,No
C06642,Male,0,No,No,24,Yes,No,DSL,No,No,No,No,No,Yes,One year,No,Credit card (automatic),55.72,1148.68,No
C06643,Male,0,No,No,24,Yes,Yes,No,No internet service,No internet service,No internet service,No internet service,No internet service,No internet service,Month-to-month,No,Credit card (automatic),29.67,669.71,Yes
C06644,Female,0,No,No,6,Yes,Yes,Fiber optic,No,No,Yes,Yes,Yes,Yes,Month-to-month,Yes,Bank transfer (automatic),105.79,641.98,No
C06645,Male,0,Yes,No,71,Yes,,Fiber optic,No,Yes,No,No,No,Yes,One year,Yes,Bank transfer (automatic),76.25,4748.51,No
C06646,Male,0,No,No,0,Yes,No,Fiber optic,No,No,Yes,Yes,Yes,Yes,Month-to-month,Yes,Bank transfer (automatic),92.0, ,No
C06647,Male,0,No,No,33,Yes,Yes,No,No internet service,No internet service,No internet service,No internet service,No internet service,No internet service,Two year,No,Credit card (automatic),29.43,1018.65,Yes
C06648,Female,0,No,No,0,Yes,Yes,DSL,Yes,No,Yes,Yes,No,No,One year,Yes,Mailed check,75.65, ,No
C06649,Male,0,Yes,No,44,Yes,Yes,DSL,Yes,Yes,Yes,Yes,No,Yes,Two year,Yes,Mailed check,78.13,3289.31,No
C06650,Female,0,Yes,Yes,4,Yes,Yes,DSL,Yes,No,Yes,No,Yes,No,Month-to-month,Yes,Electronic check,66.36,259.5,Yes
C06651,Female,0,Yes,No,19,Yes,No,Fiber optic,No,Yes,No,Yes,Yes,No,One year,Yes,Bank transfer (automatic),80.14,1415.11,No
C06652,Female,0,No,No,53,Yes,No,DSL,Yes,Yes,No,Yes,Yes,Yes,Two year,No,Credit card (automatic),68.89,3298.87,No
C06653,Female,0,No,No,68,Yes,No,No,No internet service,No internet service,No internet service,No internet service,No internet service,No internet service,Two year,Yes,Electronic check,18.0,1226.56,No
C06654,Female,0,Yes,No,6,No,No phone service,DSL,,No,Yes,No,Yes,No,Month-to-month,Yes,Electronic check,37.72,218.24,No
C06655,Male,0,Yes,Yes,72,Yes,No,DSL,No,No,No,No,No,Yes,Two year,No,Bank transfer (automatic),52.56,3657.12,No
C06656,Female,1,No,No,43,Yes,Yes,DSL,No,Yes,Yes,No,Yes,No,One year,Yes,Electronic check,64.9,2717.22,No
C06657,Female,0,Yes,Yes,4,No,No phone service,No,No internet service,No internet service,No internet service,No internet service,No internet service,No internet service,One year,Yes,Electronic check,18.0,71.33,No
C06658,Female,0,Yes,No,29,Yes,Yes,Fiber optic,Yes,No,No,Yes,No,Yes,Two year,Yes,Electronic check,84.52,2374.5,No
C06659,Male,0,No,No,16,Yes,No,DSL,No,No,Yes,Yes,Yes,Yes,Month-to-month,No,Mailed check,66.2,942.25,No
C06660,Male,0,Yes,No,11,Yes,No,Fiber optic,No,Yes,Yes,Yes,Yes,Yes,One year,Yes,Credit card (automatic),96.94,1064.22,Yes
C06661,Female,0,Yes,Yes,61,Yes,No,Fiber optic,Yes,No,Yes,No,No,Yes,Month-to-month,No,Mailed check,80.91,5107.0,No
C06662,Male,1,No,No,7,Yes,Yes,No,No internet service,No internet service,No internet service,No internet service,No internet service,No internet service,Month-to-month,Yes,Mailed check,32.33,198.82,No
C06663,Female,0,Yes,Yes,20,Yes,,DSL,No,Yes,No,No,No,No,One year,No,Credit card (automatic),53.32,1020.99,No
C06664,Male,0,No,No,46,Yes,Yes,DSL,No,No,No,Yes,Yes,No,Two year,No,Bank transfer (automatic),68.28,3071.33,No
C06665,Female,0,No,No,5,Yes,No,DSL,No,Yes,Yes,No,No,No,Month-to-month,Yes,Electronic check,58.73,301.98,No
C06666,Female,0,No,No,3,Yes,No,No,No internet service,No internet service,No internet service,No internet service,No internet service,No internet service,Month-to-month,Yes,Credit card (automatic),22.94,66.39,No
C06667,Male,1,No,No,6,No,No phone service,No,No internet service,No internet service,No internet service,No internet service,No internet service,No internet service,Month-to-month,Yes,Bank transfer (automatic),18.0,98.3,Yes
C06668,Male,0,Yes,No,3,Yes,Yes,DSL,Yes,No,Yes,Yes,No,Yes,Month-to-month,Yes,Bank transfer (automatic),74.89,213.64,Yes
C06669,Female,0,Yes,Yes,11,No,No phone service,Fiber optic,Yes,Yes,No,No,No,No,Month-to-month,Yes,Bank transfer (automatic),53.85,589.96,No
C06670,Male,1,No,No,65,Yes,Yes,Fiber optic,No,No,Yes,No,Yes,Yes,One year,No,Electronic check,91.11,5373.75,No
C06671,Male,1,Yes,No,16,No,No phone service,DSL,Yes,Yes,Yes,No,No,No,One year,No,Credit card (automatic),41.59,684.2,No
C06672,Female,0,No,No,37,Yes,No,DSL,Yes,No,No,No,Yes,No,Two year,Yes,Bank transfer (automatic),50.16,1830.72,No
C06673,Male,0,Yes,No,35,Yes,No,DSL,No,No,Yes,Yes,No,No,Month-to-month,No,Electronic check,58.74,1819.54,No
C06674,Female,0,No,No,64,No,No phone service,Fiber optic,No,No,No,No,Yes,Yes,Month-to-month,Yes,Mailed check,56.08,3678.0,No
C06675,Male,1,No,No,5,Yes,Yes,No,No internet service,No internet service,No internet service,No internet service,No internet service,No internet service,One year,No,Electronic check,29.84,148.39,Yes
C06676,Male,0,No,No,27,No,No phone service,DSL,Yes,Yes,Yes,No,No,No,One year,Yes,Electronic check,39.26,982.62,No
C06677,Female,0,No,No,44,Yes,No,DSL,No,Yes,Yes,No,Yes,No,One year,Yes,Bank transfer (automatic),68.26,2823.65,No
C06678,Male,0,No,No,72,No,No phone service,Fiber optic,Yes,Yes,Yes,Yes,Yes,Yes,One year,No,Electronic check,86.58,5679.55,No
C06679,Male,0,Yes,Yes,65,Yes,Yes,Fiber optic,No,Yes,No,No,No,No,Month-to-month,Yes,Mailed check,72.87,4369.73,Yes
C06680,Female,0,No,Yes,0,Yes,No,DSL,No,No,Yes,No,Yes,Yes,Month-to-month,Yes,Bank transfer (automatic),62.83, ,No
C06681,Female,0,No,Yes,64,Yes,No,DSL,No,No,No,Yes,Yes,Yes,Two year,Yes,Mailed check,54.83,3132.35,No
C06682,Female,0,Yes,No,50,Yes,No,DSL,No,No,No,Yes,Yes,No,Month-to-month,No,Bank transfer (automatic),55.53,2547.85,No
C06683,Female,0,No,No,72,Yes,Yes,DSL,Yes,Yes,Yes,No,Yes,Yes,Month-to-month,Yes,Bank transfer (automatic),88.62,6431.99,No
C06684,Male,0,Yes,Yes,54,Yes,No,No,No internet service,No internet service,No internet service,No internet service,No internet service,No internet service,Two year,Yes,Bank transfer (automatic),19.85,1085.4,No
C06685,Male,0,Yes,No,2,Yes,No,Fiber optic,No,No,Yes,No,Yes,Yes,One year,No,Mailed check,79.91,145.08,No
C06686,Female,0,No,No,72,No,No phone service,No,No internet service,No internet service,No internet service,No internet service,No internet service,No internet service,One year,Yes,Mailed check,18.0,1128.0,No
C06687,Female,0,Yes,Yes,8,Yes,Yes,No,No internet service,No internet service,No internet service,No internet service,No internet service,No internet service,Month-to-month,No,Mailed check,18.0,150.75,Yes
C06688,Female,0,No,No,5,Yes,No,Fiber optic,No,Yes,Yes,No,No,No,One year,Yes,Electronic check,72.12,350.26,Yes
C06689,Male,0,Yes,No,27,Yes,No,No,No internet service,No internet service,No internet service,No internet service,No internet service,No internet service,Two year,Yes,Electronic check,20.1,531.71,No
C06690,Male,0,No,No,41,No,No phone service,DSL,No,No,No,Yes,No,No,One year,Yes,Electronic check,27.64,1069.8,No
C06691,Male,0,Yes,No,6,Yes,Yes,Fiber optic,Yes,No,Yes,No,Yes,No,Month-to-month,No,Electronic check,91.26,537.08,No
C06692,Female,0,Yes,Yes,56,Yes,Yes,No,No internet service,No internet service,No internet service,No internet service,No internet service,No internet service,Two year,No,Electronic check,28.97,1621.9,No
C06693,Female,0,No,No,66,No,No phone service,Fiber optic,No,No,Yes,No,No,Yes,Two year,Yes,Mailed check,57.71,3554.79,No
C06694,Male,0,No,No,41,No,No phone service,Fiber optic,No,No,Yes,No,No,No,Two year,Yes,Bank transfer (automatic),55.51,2201.4,No
C06695,Male,0,No,No,27,Yes,Yes,Fiber optic,,No,No,Yes,Yes,Yes,Two year,Yes,Electronic check,95.97,2322.71,No
C06696,Male,0,Yes,Yes,49,Yes,No,DSL,No,No,No,No,Yes,No,Two year,Yes,Electronic check,51.58,2301.12,No
C06697,Male,0,Yes,Yes,22,No,No phone service,DSL,No,Yes,No,No,No,Yes,Month-to-month,Yes,Credit card (automatic),32.84,624.98,Yes
C06698,Female,0,No,No,53,Yes,No,DSL,Yes,No,No,No,No,Yes,One year,No,Mailed check,61.43,2828.24,No
C06699,Female,0,No,No,2,Yes,Yes,DSL,Yes,Yes,No,Yes,No,Yes,One year,No,Mailed check,80.49,162.42,No
C06700,Male,1,No,No,58,Yes,Yes,Fiber optic,No,No,Yes,No,Yes,No,Month-to-month,No,Bank transfer (automatic),79.22,4650.59,No
C06701,Female,0,No,No,58,Yes,No,Fiber optic,No,No,No,No,No,No,Two year,Yes,Bank transfer (automatic),70.55,4251.93,No
C06702,Female,0,No,No,5,Yes,No,No,No internet service,No internet service,No internet service,No internet service,No internet service,No internet service,Month-to-month,No,Electronic check,18.75,95.29,No
C06703,Male,0,No,No,65,Yes,No,Fiber optic,No,Yes,Yes,No,Yes,Yes,One year,No,Mailed check,90.53,5545.13,Yes
C06704,Male,0,No,No,6,Yes,Yes,No,No internet service,No internet service,No internet service,No internet service,No internet service,No internet service,Month-to-month,Yes,Electronic check,27.4,142.88,Yes
C06705,Male,0,No,No,62,Yes,No,DSL,Yes,Yes,Yes,No,Yes,No,One year,No,Bank transfer (automatic),63.53,4038.1,No
C06706,Male,0,No,No,71,Yes,No,DSL,Yes,No,No,No,No,Yes,Two year,No,Credit card (automatic),48.44,3053.08,No
C06707,Female,0,Yes,No,47,Yes,No,Fiber optic,No,Yes,No,No,No,Yes,One year,Yes,Electronic check,72.09,3281.82,No
C06708,Female,1,No,No,68,No,No phone service,DSL,No,No,No,No,No,Yes,Two year,No,Credit card (automatic),37.48,2631.88,No
C06709,Male,0,No,No,29,No,No phone service,Fiber optic,No,No,Yes,Yes,No,No,Month-to-month,Yes,Bank transfer (automatic),57.3,1468.15,No
C06710,Male,0,No,No,2,Yes,Yes,Fiber optic,No,No,No,No,Yes,No,Month-to-month,No,Credit card (automatic),81.88,157.31,Yes
C06711,Female,0,Yes,Yes,41,Yes,No,No,No internet service,No internet service,No internet service,No internet service,No internet service,No internet service,Month-to-month,Yes,Bank transfer (automatic),18.46,702.33,No
C06712,Male,1,No,No,0,Yes,Yes,DSL,Yes,No,No,Yes,Yes,No,Month-to-month,Yes,Bank transfer (automatic),73.44, ,Yes
C06713,Female,0,No,No,0,Yes,No,No,No internet service,No internet service,No internet service,No internet service,No internet service,No internet service,Month-to-month,Yes,Bank transfer (automatic),21.71, ,Yes
C06714,Female,0,No,No,52,Yes,No,Fiber optic,No,No,Yes,Yes,No,No,One year,Yes,Mailed check,78.1,3650.37,No
C06715,Female,0,Yes,No,1,No,No phone service,No,No internet service,No internet service,No internet service,No internet service,No internet service,No internet service,Month-to-month,No,Credit card (automatic),18.0,18.39,No
C06716,Female,0,Yes,No,5,Yes,Yes,Fiber optic,No,No,Yes,Yes,Yes,No,One year,Yes,Bank transfer (automatic),88.95,392.79,Yes
C06717,Female,0,No,No,35,Yes,No,Fiber optic,No,No,Yes,No,No,No,One year,No,Bank transfer (automatic),65.55,2390.75,No
C06718,Female,0,No,Yes,53,No,No phone service,Fiber optic,No,No,Yes,No,No,Yes,Two year,No,Bank transfer (automatic),63.2,3311.67,No
C06719,Male,0,Yes,No,0,Yes,Yes,No,No internet service,No internet service,No internet service,No internet service,No internet service,No internet service,One year,No,Electronic check,34.16, ,No
C06720,Male,0,Yes,No,2,Yes,Yes,DSL,Yes,Yes,No,No,Yes,No,Month-to-month,Yes,Credit card (automatic),73.55,126.33,No
C06721,Male,0,Yes,No,1,No,No phone service,Fiber optic,No,Yes,Yes,Yes,Yes,Yes,Month-to-month,Yes,Credit card (automatic),73.19,74.42,Yes
C06722,Male,0,Yes,Yes,0,Yes,No,DSL,Yes,Yes,No,No,No,Yes,One year,Yes,Electronic check,64.67, ,No
C06723,Male,0,Yes,Yes,44,Yes,No,Fiber optic,No,No,Yes,No,No,No,One year,No,Electronic check,62.29,2857.01,No
C06724,Male,1,No,No,55,No,No phone service,Fiber optic,No,Yes,Yes,Yes,No,Yes,Two year,Yes,Electronic check,67.9,3328.56,No
C06725,Male,1,No,No,57,Yes,No,DSL,No,No,No,Yes,Yes,Yes,One year,No,Electronic check,60.45,3025.66,No
C06726,Male,0,Yes,No,62,Yes,No,DSL,No,No,No,No,No,Yes,One year,No,Electronic check,55.17,3287.91,No
C06727,Male,0,Yes,Yes,11,No,No phone service,DSL,No,No,Yes,No,No,Yes,One year,No,Electronic check,34.06,327.15,No
C06728,Female,0,No,No,72,Yes,Yes,DSL,No,No,No,Yes,No,Yes,One year,No,Bank transfer (automatic),59.51,3680.96,No
C06729,Female,1,No,Yes,26,No,No phone service,DSL,No,Yes,No,Yes,Yes,Yes,Month-to-month,No,Electronic check,42.31,1146.33,No
C06730,Female,0,No,No,56,Yes,No,DSL,No,Yes,Yes,No,No,Yes,Two year,No,Credit card (automatic),66.45,3656.48,No
C06731,Female,0,Yes,No,41,Yes,No,Fiber optic,No,Yes,Yes,Yes,Yes,Yes,Two year,Yes,Mailed check,93.25,3691.53,Yes
C06732,Female,0,No,No,49,Yes,Yes,Fiber optic,Yes,No,No,Yes,No,Yes,Two year,No,Mailed check,94.0,3978.93,No
C06733,Female,0,No,No,54,Yes,No,DSL,Yes,No,Yes,No,Yes,Yes,Two year,Yes,Electronic check,64.59,3319.53,No
C06734,Male,0,Yes,No,69,No,No phone service,DSL,No,No,No,No,No,Yes,One year,Yes,Mailed check,31.32,2202.87,No
C06735,Female,0,No,No,63,Yes,Yes,DSL,No,No,Yes,No,No,Yes,Two year,Yes,Bank transfer (automatic),68.25,4073.07,No
C06736,Male,0,No,No,17,Yes,No,DSL,No,No,No,No,No,No,Month-to-month,Yes,Mailed check,45.34,795.4,No
C06737,Female,0,Yes,Yes,6,No,No phone service,DSL,No,No,No,Yes,No,Yes,Month-to-month,Yes,Bank transfer (automatic),34.09,207.1,No
C06738,Female,1,No,No,54,Yes,,DSL,No,No,Yes,No,No,Yes,Two year,No,Electronic check,54.95,2997.12,No
C06739,Male,0,Yes,No,2,Yes,Yes,DSL,No,No,No,No,Yes,Yes,One year,Yes,Electronic check,67.37,127.78,Yes
C06740,Female,0,Yes,Yes,39,Yes,Yes,Fiber optic,Yes,No,Yes,Yes,No,No,One year,Yes,Electronic check,92.0,3454.61,No
C06741,Male,0,No,No,36,Yes,No,DSL,No,No,Yes,No,No,Yes,One year,Yes,Electronic check,56.31,1774.59,No
C06742,Male,0,Yes,Yes,10,Yes,No,Fiber optic,No,Yes,Yes,No,No,No,Two year,Yes,Mailed check,82.87,750.58,No
C06743,Male,0,Yes,No,15,Yes,No,No,No internet service,No internet service,No internet service,No internet service,No internet service,No internet service,Month-to-month,Yes,Credit card (automatic),22.07,305.73,Yes
C06744,Male,0,Yes,No,5,Yes,No,DSL,No,Yes,No,Yes,Yes,No,Month-to-month,No,Credit card (automatic),61.9,322.99,Yes
C06745,Male,1,No,No,17,Yes,Yes,DSL,No,Yes,No,Yes,Yes,Yes,Month-to-month,No,Mailed check,66.72,1081.77,Yes
C06746,Female,1,Yes,Yes,4,Yes,Yes,Fiber optic,No,Yes,No,Yes,No,Yes,Month-to-month,Yes,Mailed check,88.01,356.79,No
C06747,Female,0,Yes,Yes,30,Yes,No,DSL,No,No,Yes,No,No,No,Month-to-month,Yes,Electronic check,47.1,1254.34,No
C06748,Male,0,No,No,0,Yes,No,Fiber optic,No,No,No,No,Yes,No,Month-to-month,Yes,Bank transfer (automatic),70.85, ,Yes
C06749,Female,0,No,No,6,Yes,No,Fiber optic,No,Yes,Yes,No,No,Yes,Month-to-month,No,Mailed check,79.67,438.86,No
C06750,Male,0,No,No,12,Yes,Yes,No,No internet service,No internet service,No internet service,No internet service,No internet service,No internet service,One year,No,Mailed check,18.85,216.74,No
C06751,Male,0,No,No,58,Yes,Yes,No,No internet service,No internet service,No internet service,No internet service,No internet service,No internet service,One year,Yes,Bank transfer (automatic),30.76,1531.51,No
C06752,Female,1,Yes,Yes,15,Yes,Yes,DSL,Yes,Yes,No,No,Yes,Yes,Month-to-month,Yes,Credit card (automatic),77.46,1000.75,No
C06753,Female,0,No,Yes,50,No,No phone service,No,No internet service,No internet service,No internet service,No internet service,No internet service,No internet service,One year,Yes,Mailed check,18.0,942.53,No
C06754,Male,0,No,No,72,Yes,Yes,DSL,No,No,No,No,No,No,One year,Yes,Mailed check,56.72,4020.85,No
C06755,Male,1,Yes,Yes,58,Yes,No,Fiber optic,Yes,Yes,Yes,Yes,No,No,One year,No,Mailed check,94.88,4750.2,No
C06756,Female,1,No,No,3,Yes,Yes,Fiber optic,Yes,No,Yes,No,Yes,No,Month-to-month,Yes,Mailed check,89.14,259.85,Yes
C06757,Female,0,No,No,65,Yes,Yes,DSL,No,Yes,Yes,No,No,Yes,Two year,No,Credit card (automatic),73.06,4245.96,No
C06758,Male,0,Yes,No,34,Yes,Yes,DSL,Yes,No,Yes,Yes,Yes,No,Month-to-month,No,Electronic check,78.48,2357.61,No
C06759,Male,0,Yes,No,72,Yes,No,Fiber optic,Yes,No,No,No,Yes,Yes,Two year,No,Credit card (automatic),86.27,5416.92,No
C06760,Male,0,Yes,Yes,15,No,No phone service,DSL,No,Yes,Yes,No,Yes,No,Two year,Yes,Electronic check,41.71,603.76,No
C06761,Female,0,No,No,7,Yes,Yes,Fiber optic,Yes,Yes,Yes,No,Yes,No,Month-to-month,Yes,Credit card (automatic),97.7,679.01,Yes
C06762,Female,0,Yes,No,70,Yes,No,No,No internet service,No internet service,No internet service,No internet service,No internet service,No internet service,Month-to-month,No,Mailed check,19.11,1330.84,No
C06763,Female,0,No,No,2,Yes,No,DSL,No,No,No,No,Yes,Yes,Month-to-month,Yes,Electronic check,62.39,106.34,Yes
C06764,Male,0,Yes,No,6,Yes,No,DSL,No,No,No,No,Yes,Yes,One year,Yes,Bank transfer (automatic),55.89,343.95,Yes
C06765,Female,0,No,No,66,No,No phone service,DSL,Yes,Yes,Yes,Yes,No,No,Two year,Yes,Credit card (automatic),51.81,3290.76,No
C06766,Female,0,No,No,38,No,No phone service,DSL,No,Yes,Yes,No,No,No,One year,Yes,Bank transfer (automatic),38.15,1362.9,No
C06767,Male,0,Yes,No,2,Yes,No,DSL,Yes,No,No,Yes,Yes,No,Month-to-month,Yes,Electronic check,67.71,134.91,No
C06768,Female,0,Yes,Yes,26,Yes,No,Fiber optic,Yes,Yes,No,Yes,No,No,Month-to-month,Yes,Mailed check,84.83,2090.39,Yes
C06769,Male,0,No,No,37,Yes,No,Fiber optic,No,Yes,Yes,Yes,Yes,Yes,Two year,Yes,Electronic check,92.56,3571.14,No
C06770,Male,1,Yes,No,4,Yes,No,Fiber optic,No,Yes,No,Yes,No,No,Month-to-month,Yes,Credit card (automatic),79.57,304.64,Yes
C06771,Female,0,Yes,Yes,48,Yes,Yes,DSL,Yes,No,No,No,Yes,Yes,One year,No,Electronic check,69.67,3033.71,No
C06772,Male,0,No,No,67,Yes,Yes,Fiber optic,Yes,Yes,No,No,No,No,One year,No,Credit card (automatic),77.12,5056.8,No
C06773,Female,0,No,No,3,Yes,Yes,Fiber optic,No,No,Yes,Yes,No,Yes,One year,Yes,Electronic check,85.5,222.03,Yes
C06774,Female,1,No,No,8,Yes,No,Fiber optic,No,Yes,Yes,Yes,Yes,No,One year,No,Electronic check,87.17,635.01,Yes
C06775,Male,0,No,No,20,Yes,No,Fiber optic,Yes,No,No,No,No,No,Month-to-month,Yes,Credit card (automatic),75.61,1390.65,Yes
C06776,Male,0,No,No,4,Yes,No,Fiber optic,No,No,Yes,Yes,Yes,Yes,Month-to-month,No,Mailed check,91.75,321.11,Yes
C06777,Female,1,No,No,72,Yes,Yes,Fiber optic,Yes,No,Yes,No,Yes,No,Two year,Yes,Mailed check,94.93,6858.51,Yes
C06778,Male,0,Yes,Yes,17,Yes,No,DSL,No,Yes,Yes,No,Yes,Yes,Month-to-month,Yes,Bank transfer (automatic),72.03,1133.46,No
C06779,Female,0,No,No,29,Yes,,DSL,No,No,No,No,No,Yes,Month-to-month,Yes,Electronic check,53.53,1481.43,Yes
C06780,Male,0,No,No,35,Yes,Yes,DSL,No,No,No,No,Yes,Yes,Month-to-month,Yes,Mailed check,67.77,2105.0,No
C06781,Male,1,No,No,13,Yes,No,Fiber optic,Yes,No,Yes,No,No,No,Month-to-month,No,Electronic check,78.49,1010.6,Yes
C06782,Female,0,No,Yes,6,Yes,Yes,Fiber optic,Yes,No,Yes,No,Yes,Yes,Month-to-month,Yes,Electronic check,89.02,557.31,Yes
C06783,Male,0,Yes,No,39,Yes,No,Fiber optic,Yes,No,No,No,No,No,Two year,No,Bank transfer (automatic),73.47,2595.32,No
C06784,Female,0,No,No,0,Yes,No,DSL,Yes,Yes,No,Yes,No,Yes,One year,No,Bank transfer (automatic),66.23, ,No
C06785,Male,0,Yes,No,7,Yes,No,No,No internet service,No internet service,No internet service,No internet service,No internet service,No internet service,Month-to-month,Yes,Electronic check,24.58,166.33,Yes
C06786,Male,0,Yes,No,72,No,No phone service,Fiber optic,No,No,Yes,No,No,Yes,Two year,Yes,Mailed check,54.51,3671.55,No
C06787,Female,0,Yes,Yes,72,No,No phone service,DSL,No,No,No,No,No,No,Two year,No,Electronic check,29.36,1997.28,No
C06788,Female,0,No,No,48,Yes,No,Fiber optic,No,Yes,Yes,No,Yes,Yes,Two year,No,Mailed check,89.2,4252.04,No
C06789,Female,0,Yes,No,72,Yes,Yes,DSL,Yes,No,No,No,Yes,Yes,Two year,Yes,Mailed check,73.66,5372.25,No
C06790,Male,0,No,No,23,Yes,Yes,No,No internet service,No internet service,No internet service,No internet service,No internet service,No internet service,Two year,Yes,Electronic check,25.73,580.49,No
C06791,Male,1,No,No,49,Yes,Yes,Fiber optic,No,No,Yes,No,Yes,Yes,One year,No,Bank transfer (automatic),98.31,4518.7,No
C06792,Female,0,No,No,56,Yes,,DSL,No,Yes,No,No,Yes,No,Two year,Yes,Electronic check,55.59,3196.9,No
C06793,Female,0,No,No,4,Yes,No,DSL,Yes,No,No,No,No,No,Two year,No,Electronic check,47.44,191.83,No
C06794,Female,0,Yes,Yes,8,Yes,No,DSL,No,No,No,No,No,No,Month-to-month,Yes,Mailed check,44.17,304.24,No
C06795,Female,0,Yes,No,72,Yes,No,Fiber optic,No,No,No,No,No,No,Two year,Yes,Electronic check,60.59,3830.45,No
C06796,Female,0,No,No,0,Yes,No,Fiber optic,No,Yes,No,Yes,Yes,No,Month-to-month,Yes,Credit card (automatic),86.05, ,Yes
C06797,Male,0,Yes,Yes,22,Yes,No,DSL,No,Yes,Yes,Yes,Yes,Yes,Month-to-month,Yes,Electronic check,69.06,1422.67,No
C06798,Female,0,Yes,No,54,Yes,Yes,Fiber optic,No,No,Yes,No,No,Yes,Two year,No,Electronic check,83.47,4383.33,No
C06799,Male,0,Yes,No,1,Yes,Yes,DSL,Yes,No,No,No,No,No,Month-to-month,No,Credit card (automatic),59.23,59.56,Yes
C06800,Male,0,Yes,Yes,48,No,No phone service,DSL,No,No,No,No,No,Yes,Two year,Yes,Electronic check,34.24,1690.22,No
C06801,Female,0,No,No,64,Yes,No,DSL,Yes,No,No,No,No,No,One year,No,Electronic check,55.3,3233.19,No
C06802,Male,0,No,No,59,Yes,No,DSL,No,Yes,No,No,Yes,No,Month-to-month,Yes,Credit card (automatic),57.56,3123.32,No
C06803,Male,0,No,No,2,Yes,Yes,No,No internet service,No internet service,No internet service,No internet service,No internet service,No internet service,Month-to-month,Yes,Electronic check,29.81,50.7,Yes
C06804,Female,0,Yes,No,29,Yes,Yes,Fiber optic,No,No,No,No,No,No,Two year,Yes,Electronic check,72.84,2060.2,No
C06805,Female,0,No,No,29,Yes,No,No,No internet service,No internet service,No internet service,No internet service,No internet service,No internet service,Month-to-month,Yes,Bank transfer (automatic),19.15,509.38,Yes
C06806,Female,0,No,No,1,Yes,Yes,Fiber optic,Yes,Yes,Yes,Yes,Yes,No,Month-to-month,No,Credit card (automatic),107.16,106.05,No
C06807,Female,0,No,No,6,Yes,No,DSL,Yes,No,Yes,No,No,Yes,Month-to-month,No,Electronic check,69.0,356.95,No
C06808,Male,0,Yes,No,0,Yes,Yes,DSL,No,No,No,No,Yes,No,Month-to-month,Yes,Bank transfer (automatic),58.9, ,Yes
C06809,Female,1,Yes,No,9,Yes,No,Fiber optic,No,No,Yes,No,Yes,Yes,Month-to-month,Yes,Credit card (automatic),84.93,668.45,Yes
C06810,Male,0,No,No,1,No,No phone service,DSL,No,No,No,No,No,No,Month-to-month,Yes,Mailed check,28.44,26.94,Yes
C06811,Male,0,No,No,0,Yes,No,Fiber optic,No,Yes,Yes,Yes,No,Yes,Month-to-month,Yes,Credit card (automatic),86.1, ,Yes
C06812,Male,0,Yes,No,51,Yes,No,No,No internet service,No internet service,No internet service,No internet service,No internet service,No internet service,One year,No,Electronic check,18.0,793.59,No
C06813,Male,0,Yes,No,59,Yes,No,DSL,No,No,No,Yes,Yes,No,Two year,Yes,Electronic check,55.2,3072.79,No
C06814,Male,0,No,No,31,Yes,Yes,No,No internet service,No internet service,No internet service,No internet service,No internet service,No internet service,Month-to-month,No,Bank transfer (automatic),29.98,804.25,No
C06815,Male,1,No,Yes,3,Yes,Yes,No,No internet service,No internet service,No internet service,No internet service,No internet service,No internet service,One year,No,Electronic check,23.99,64.06,Yes
C06816,Female,0,No,No,8,Yes,Yes,DSL,No,No,No,No,No,No,Month-to-month,Yes,Electronic check,60.4,466.5,No
C06817,Male,0,No,Yes,67,No,No phone service,Fiber optic,Yes,No,No,Yes,No,No,Month-to-month,Yes,Electronic check,54.98,3455.15,No
C06818,Male,0,No,No,68,Yes,Yes,DSL,No,Yes,No,No,No,No,Month-to-month,Yes,Credit card (automatic),56.12,3877.21,No
C06819,Female,0,No,No,0,Yes,No,DSL,Yes,No,No,No,No,Yes,Month-to-month,Yes,Mailed check,61.99, ,Yes
C06820,Female,1,No,No,42,Yes,Yes,DSL,No,Yes,No,Yes,Yes,Yes,Two year,No,Credit card (automatic),72.67,2665.75,No
C06821,Female,1,Yes,No,3,Yes,No,DSL,Yes,Yes,Yes,Yes,No,Yes,Month-to-month,No,Electronic check,76.33,220.54,No
C06822,Male,0,No,No,4,Yes,Yes,No,No internet service,No internet service,No internet service,No internet service,No internet service,No internet service,Month-to-month,Yes,Mailed check,31.78,121.75,Yes
C06823,Male,1,No,No,47,Yes,No,No,No internet service,No internet service,No internet service,No internet service,No internet service,No internet service,Two year,Yes,Electronic check,21.59,902.71,No
C06824,Female,0,Yes,No,72,Yes,Yes,DSL,No,Yes,Yes,Yes,No,No,One year,Yes,Electronic check,73.67,4554.73,No
C06825,Female,0,Yes,Yes,48,Yes,No,DSL,Yes,Yes,Yes,Yes,No,No,Two year,No,Credit card (automatic),66.02,3079.92,No
C06826,Male,0,No,No,64,Yes,No,Fiber optic,No,No,No,No,No,No,One year,No,Bank transfer (automatic),58.56,3758.07,No
C06827,Female,0,No,No,61,Yes,Yes,Fiber optic,,Yes,No,No,No,Yes,Two year,Yes,Credit card (automatic),87.94,5303.8,No
C06828,Female,0,Yes,Yes,62,Yes,No,DSL,No,Yes,Yes,No,Yes,No,Two year,No,Credit card (automatic),66.97,4350.6,No
C06829,Female,0,No,No,44,Yes,Yes,No,,No internet service,No internet service,No internet service,No internet service,No internet service,Month-to-month,Yes,Bank transfer (automatic),35.04,1585.17,No
C06830,Male,0,Yes,No,48,Yes,No,Fiber optic,No,Yes,Yes,Yes,No,Yes,Month-to-month,Yes,Credit card (automatic),88.23,4248.03,No
C06831,Female,0,Yes,No,65,Yes,No,DSL,No,Yes,Yes,Yes,Yes,No,Two year,No,Electronic check,73.06,4413.71,No
C06832,Male,0,Yes,No,61,Yes,No,Fiber optic,No,No,Yes,Yes,Yes,Yes,Two year,Yes,Mailed check,92.1,5733.51,No
C06833,Female,1,No,No,42,Yes,Yes,DSL,Yes,No,No,Yes,No,Yes,Two year,Yes,Bank transfer (automatic),74.72,2908.96,No
C06834,Male,0,Yes,Yes,72,Yes,Yes,DSL,No,Yes,Yes,No,No,No,Two year,Yes,Mailed check,64.94,4586.4,No
C06835,Male,0,No,Yes,12,Yes,No,Fiber optic,Yes,No,No,Yes,No,No,Month-to-month,No,Bank transfer (automatic),80.3,993.58,Yes
C06836,Male,0,No,No,50,Yes,Yes,DSL,No,Yes,No,Yes,No,No,Two year,No,Mailed check,68.66,3407.45,No
C06837,Female,0,No,No,0,No,No phone service,No,No internet service,No internet service,No internet service,No internet service,No internet service,No internet service,Month-to-month,No,Credit card (automatic),18.0, ,No
C06838,Female,0,No,No,1,Yes,No,Fiber optic,No,No,No,No,Yes,No,Month-to-month,No,Bank transfer (automatic),70.37,61.99,No
C06839,Female,0,No,Yes,15,No,,No,No internet service,No internet service,No internet service,No internet service,No internet service,No internet service,Month-to-month,Yes,Bank transfer (automatic),18.0,248.95,No
C06840,Female,0,Yes,No,34,Yes,Yes,Fiber optic,Yes,No,No,No,No,Yes,Month-to-month,Yes,Mailed check,81.3,2525.29,No
C06841,Female,0,Yes,No,40,Yes,Yes,Fiber optic,No,Yes,No,No,Yes,No,Two year,Yes,Electronic check,83.98,3243.81,No
C06842,Female,0,Yes,No,8,Yes,No,Fiber optic,Yes,Yes,No,No,Yes,Yes,Month-to-month,No,Mailed check,95.1,760.94,No
C06843,Male,0,No,No,60,Yes,No,DSL,Yes,No,No,No,Yes,No,One year,Yes,Mailed check,51.99,3102.33,Yes
C06844,Female,0,Yes,Yes,69,Yes,No,DSL,,No,No,No,No,Yes,Two year,Yes,Credit card (automatic),52.48,3340.26,No
C06845,Male,0,No,No,48,Yes,Yes,DSL,No,No,Yes,No,No,Yes,Two year,No,Mailed check,64.14,3047.86,No
C06846,Male,0,No,No,0,Yes,No,Fiber optic,No,Yes,No,Yes,Yes,No,One year,Yes,Credit card (automatic),82.45, ,No
C06847,Male,0,No,No,21,Yes,No,No,No internet service,No internet service,No internet service,No internet service,No internet service,No internet service,Two year,No,Mailed check,22.55,460.98,No
C06848,Male,1,Yes,No,60,Yes,No,DSL,No,Yes,No,No,No,Yes,Two year,No,Mailed check,55.58,3476.46,No
C06849,Female,0,Yes,No,13,Yes,Yes,DSL,No,Yes,Yes,Yes,Yes,No,Month-to-month,No,Electronic check,71.37,828.92,Yes
C06850,Female,0,Yes,Yes,2,Yes,Yes,No,No internet service,No internet service,No internet service,No internet service,No internet service,No internet service,Month-to-month,Yes,Credit card (automatic),22.26,45.66,No
C06851,Male,0,No,No,61,Yes,Yes,Fiber optic,No,Yes,No,Yes,No,No,One year,Yes,Electronic check,80.53,5063.3,No
C06852,Female,0,No,No,46,Yes,No,DSL,No,No,No,Yes,No,Yes,Month-to-month,No,Mailed check,56.45,2718.29,No
C06853,Male,0,No,Yes,5,Yes,Yes,DSL,No,Yes,No,Yes,Yes,No,Month-to-month,Yes,Credit card (automatic),77.4,395.81,Yes
C06854,Male,0,No,No,10,Yes,Yes,DSL,No,No,Yes,No,No,Yes,Month-to-month,Yes,Electronic check,65.08,591.64,Yes
C06855,Male,0,Yes,No,3,Yes,No,DSL,No,No,Yes,Yes,Yes,No,Month-to-month,Yes,Electronic check,60.01,174.82,Yes
C06856,Male,1,Yes,No,20,Yes,Yes,Fiber optic,No,No,No,No,No,Yes,Month-to-month,No,Electronic check,86.29,1729.46,Yes
C06857,Male,0,Yes,Yes,62,Yes,Yes,DSL,Yes,Yes,Yes,No,Yes,No,One year,Yes,Bank transfer (automatic),70.1,4398.33,No
C06858,Male,0,Yes,Yes,43,Yes,No,Fiber optic,Yes,Yes,No,No,No,No,Month-to-month,Yes,Bank transfer (automatic),76.98,2947.98,No
C06859,Male,1,Yes,Yes,2,Yes,No,Fiber optic,Yes,No,Yes,Yes,No,Yes,Month-to-month,No,Mailed check,92.37,192.06,Yes
C06860,Male,0,Yes,No,69,Yes,No,DSL,Yes,No,No,No,Yes,Yes,Two year,No,Credit card (automatic),72.84,4723.65,No
C06861,Female,0,No,No,34,Yes,No,No,No internet service,No internet service,No internet service,No internet service,No internet service,No internet service,One year,No,Credit card (automatic),20.53,729.65,No
C06862,Male,0,Yes,No,24,Yes,No,No,No internet service,No internet service,No internet service,No internet service,No internet service,No internet service,Two year,Yes,Electronic check,19.6,417.88,No
C06863,Male,0,Yes,No,7,No,No phone service,No,No internet service,No internet service,No internet service,No internet service,No internet service,No internet service,Month-to-month,Yes,Mailed check,18.0,125.81,No
C06864,Female,0,Yes,Yes,12,Yes,Yes,DSL,No,No,Yes,Yes,Yes,No,One year,Yes,Bank transfer (automatic),73.93,854.4,No
C06865,Male,0,Yes,Yes,61,Yes,Yes,Fiber optic,Yes,No,No,No,Yes,No,One year,Yes,Electronic check,89.09,4945.05,No
C06866,Female,0,Yes,Yes,72,Yes,No,Fiber optic,No,No,Yes,No,Yes,No,One year,Yes,Electronic check,71.15,4617.83,Yes
C06867,Male,0,Yes,No,39,Yes,No,DSL,No,No,Yes,No,No,No,Two year,Yes,Electronic check,52.01,1724.54,No
C06868,Female,0,Yes,No,72,Yes,No,Fiber optic,Yes,No,Yes,No,No,No,Two year,Yes,Mailed check,77.57,5364.7,No
C06869,Female,1,No,No,11,Yes,No,Fiber optic,No,Yes,No,Yes,No,No,Month-to-month,Yes,Bank transfer (automatic),81.17,792.21,No
C06870,Female,0,Yes,Yes,5,No,No phone service,DSL,No,No,Yes,No,No,No,Month-to-month,Yes,Bank transfer (automatic),37.54,190.39,Yes
C06871,Female,0,Yes,No,6,Yes,Yes,Fiber optic,No,Yes,Yes,No,No,No,One year,Yes,Electronic check,86.85,458.36,No
C06872,Male,1,No,No,35,Yes,No,No,No internet service,No internet service,No internet service,No internet service,No internet service,No internet service,One year,Yes,Electronic check,19.93,641.96,No
C06873,Male,1,Yes,No,1,Yes,Yes,Fiber optic,,No,No,No,Yes,Yes,Month-to-month,Yes,Bank transfer (automatic),89.66,84.01,Yes
C06874,Male,0,No,No,0,Yes,Yes,No,No internet service,No internet service,No internet service,No internet service,No internet service,No internet service,Month-to-month,Yes,Electronic check,19.05, ,No
C06875,Male,0,Yes,No,56,Yes,No,DSL,No,Yes,No,No,Yes,Yes,Month-to-month,Yes,Credit card (automatic),59.29,2897.93,No
C06876,Male,0,No,No,52,No,No phone service,Fiber optic,No,No,No,No,Yes,Yes,One year,Yes,Mailed check,52.91,2471.34,No
C06877,Male,0,No,No,72,Yes,No,Fiber optic,No,No,Yes,No,Yes,Yes,One year,No,Electronic check,87.29,6327.71,No
C06878,Female,0,No,No,0,No,,DSL,,No,No,No,Yes,Yes,Month-to-month,No,Mailed check,35.48, ,Yes
C06879,Male,0,Yes,Yes,46,Yes,,DSL,No,Yes,Yes,Yes,Yes,No,Two year,No,Credit card (automatic),65.83,2598.74,No
C06880,Male,0,Yes,No,39,Yes,No,DSL,No,No,No,Yes,Yes,No,Two year,Yes,Bank transfer (automatic),65.14,2362.65,No
C06881,Female,0,Yes,Yes,7,Yes,Yes,Fiber optic,Yes,No,No,No,No,Yes,Month-to-month,No,Bank transfer (automatic),84.06,613.47,Yes
C06882,Male,0,No,Yes,0,Yes,Yes,DSL,No,Yes,No,No,Yes,Yes,Month-to-month,Yes,Electronic check,71.34, ,Yes
C06883,Female,0,Yes,Yes,65,Yes,No,DSL,Yes,Yes,No,No,Yes,No,Two year,Yes,Credit card (automatic),65.97,4291.75,No
C06884,Female,0,No,No,24,Yes,No,No,No internet service,No internet service,No internet service,No internet service,No internet service,No internet service,Two year,No,Electronic check,18.0,386.09,No
C06885,Female,0,Yes,No,72,Yes,No,No,No internet service,No internet service,No internet service,No internet service,No internet service,No internet service,Two year,Yes,Electronic check,18.0,1346.63,No
C06886,Male,1,No,No,52,Yes,No,Fiber optic,No,No,Yes,No,Yes,No,Two year,No,Mailed check,76.53,4176.32,No
C06887,Male,1,Yes,Yes,41,Yes,No,Fiber optic,No,No,Yes,No,Yes,Yes,Two year,Yes,Mailed check,78.46,2763.18,No
C06888,Female,0,Yes,Yes,8,Yes,No,Fiber optic,No,Yes,No,No,No,Yes,Month-to-month,No,Credit card (automatic),78.3,598.02,No
C06889,Female,0,No,No,58,Yes,Yes,Fiber optic,No,Yes,No,Yes,Yes,Yes,Month-to-month,Yes,Bank transfer (automatic),100.76,6038.83,No
C06890,Female,1,No,No,1,Yes,No,Fiber optic,Yes,Yes,Yes,Yes,Yes,No,Month-to-month,No,Electronic check,97.58,87.85,Yes
C06891,Male,1,Yes,Yes,49,Yes,Yes,Fiber optic,Yes,Yes,No,Yes,No,No,Two year,Yes,Mailed check,90.92,4150.44,No
C06892,Male,1,Yes,No,23,Yes,No,DSL,No,Yes,No,Yes,Yes,Yes,Month-to-month,Yes,Electronic check,69.1,1439.07,No
C06893,Male,0,No,No,12,Yes,Yes,Fiber optic,No,No,Yes,No,No,No,One year,No,Mailed check,79.26,981.8,No
C06894,Male,0,Yes,No,10,Yes,Yes,Fiber optic,Yes,No,No,Yes,Yes,No,Month-to-month,Yes,Bank transfer (automatic),89.8,927.14,Yes
C06895,Male,0,No,No,33,Yes,No,Fiber optic,Yes,Yes,No,Yes,Yes,No,One year,Yes,Mailed check,86.7,2609.56,No
C06896,Female,0,Yes,No,4,Yes,Yes,No,No internet service,No internet service,No internet service,No internet service,No internet service,No internet service,One year,Yes,Bank transfer (automatic),31.5,121.58,No
C06897,Male,0,No,No,12,Yes,Yes,DSL,No,No,No,No,No,No,One year,Yes,Bank transfer (automatic),57.82,594.28,No
C06898,Female,0,No,No,41,No,No phone service,Fiber optic,Yes,Yes,Yes,Yes,Yes,No,One year,No,Credit card (automatic),69.03,2791.9,No
C06899,Female,0,Yes,Yes,5,Yes,Yes,Fiber optic,No,Yes,No,Yes,Yes,No,Month-to-month,Yes,Electronic check,89.51,455.93,Yes
C06900,Male,0,No,No,52,Yes,,Fiber optic,Yes,Yes,No,Yes,No,Yes,One year,Yes,Electronic check,97.04,4415.57,No
C06901,Female,0,Yes,No,47,Yes,No,Fiber optic,No,No,No,No,No,Yes,Two year,Yes,Credit card (automatic),73.42,3454.99,No
C06902,Female,0,Yes,No,18,Yes,No,No,No internet service,No internet service,No internet service,No internet service,No internet service,No internet service,Month-to-month,Yes,Mailed check,24.15,423.71,Yes
C06903,Male,0,No,No,66,Yes,No,No,No internet service,No internet service,No internet service,No internet service,No internet service,No internet service,Two year,No,Electronic check,18.0,1045.41,No
C06904,Male,0,Yes,Yes,50,Yes,No,No,No internet service,No internet service,No internet service,No internet service,No internet service,No internet service,Two year,Yes,Credit card (automatic),18.0,825.74,No
C06905,Female,1,Yes,Yes,69,Yes,No,Fiber optic,Yes,No,No,No,Yes,No,Month-to-month,Yes,Electronic check,77.48,4910.11,No
C06906,Female,0,No,No,27,Yes,Yes,DSL,No,No,Yes,No,No,No,Month-to-month,No,Bank transfer (automatic),60.26,1498.43,Yes
C06907,Female,0,No,No,66,Yes,Yes,Fiber optic,Yes,No,Yes,No,No,No,Month-to-month,No,Mailed check,89.13,5441.0,No
C06908,Female,0,Yes,Yes,53,Yes,No,Fiber optic,No,No,Yes,No,Yes,Yes,Two year,No,Credit card (automatic),87.84,4274.04,No
C06909,Male,0,No,No,21,Yes,No,No,No internet service,No internet service,No internet service,No internet service,No internet service,No internet service,Month-to-month,Yes,Credit card (automatic),19.04,354.5,No
C06910,Female,0,Yes,Yes,1,Yes,Yes,Fiber optic,Yes,No,No,No,No,Yes,Month-to-month,Yes,Electronic check,90.16,89.75,Yes
C06911,Female,0,No,No,43,Yes,No,No,No internet service,No internet service,No internet service,No internet service,No internet service,No internet service,One year,No,Electronic check,19.23,815.42,No
C06912,Female,1,No,No,0,Yes,Yes,Fiber optic,No,Yes,No,No,No,No,Month-to-month,Yes,Bank transfer (automatic),73.0, ,Yes
C06913,Female,0,No,No,68,Yes,No,Fiber optic,No,Yes,Yes,No,No,No,Two year,Yes,Bank transfer (automatic),74.79,4382.03,No
C06914,Female,1,Yes,No,70,Yes,Yes,No,No internet service,No internet service,No internet service,No internet service,No internet service,No internet service,One year,Yes,Electronic check,28.99,1904.5,No
C06915,Female,0,Yes,No,48,Yes,No,DSL,No,No,No,No,Yes,No,Two year,Yes,Electronic check,59.23,2484.52,No
C06916,Male,0,No,No,72,Yes,No,No,No internet service,No internet service,No internet service,No internet service,No internet service,No internet service,Month-to-month,Yes,Mailed check,18.0,1337.91,No
C06917,Female,0,Yes,Yes,19,Yes,No,No,No internet service,No internet service,No internet service,No internet service,No internet service,No internet service,One year,No,Electronic check,23.86,441.55,No
C06918,Male,0,Yes,No,14,Yes,No,No,No internet service,No internet service,No internet service,No internet service,No internet service,No internet service,Two year,Yes,Bank transfer (automatic),22.85,286.74,No
C06919,Female,1,No,Yes,6,Yes,No,DSL,No,No,No,Yes,No,No,Month-to-month,No,Mailed check,48.46,260.59,Yes
C06920,Female,0,No,No,63,Yes,No,No,No internet service,No internet service,No internet service,No internet service,No internet service,No internet service,Two year,No,Electronic check,22.15,1302.32,No
C06921,Female,0,Yes,No,14,No,No phone service,DSL,No,Yes,No,No,No,Yes,One year,No,Credit card (automatic),33.18,427.45,No
C06922,Male,0,No,No,4,No,No phone service,DSL,No,Yes,Yes,Yes,Yes,Yes,Month-to-month,No,Electronic check,48.34,189.92,Yes
C06923,Female,1,Yes,No,10,Yes,Yes,DSL,No,No,No,No,Yes,Yes,Month-to-month,Yes,Electronic check,63.97,552.65,Yes
C06924,Male,0,No,No,7,Yes,No,DSL,Yes,Yes,No,No,No,Yes,Month-to-month,Yes,Credit card (automatic),61.67,438.36,No
C06925,Male,0,No,Yes,15,Yes,Yes,DSL,No,No,Yes,Yes,Yes,No,One year,No,Credit card (automatic),70.04,989.67,No
C06926,Male,0,Yes,Yes,5,Yes,Yes,No,No internet service,No internet service,No internet service,No internet service,No internet service,No internet service,Month-to-month,Yes,Credit card (automatic),22.88,103.87,No
C06927,Female,0,No,No,33,Yes,No,Fiber optic,Yes,No,No,Yes,No,Yes,Month-to-month,Yes,Electronic check,85.35,2614.06,No
C06928,Male,0,Yes,Yes,6,Yes,Yes,Fiber optic,No,No,Yes,No,No,Yes,Month-to-month,Yes,Credit card (automatic),85.37,515.81,Yes
C06929,Female,0,Yes,No,1,Yes,No,No,No internet service,No internet service,No internet service,No internet service,No internet service,No internet service,Month-to-month,Yes,Mailed check,19.59,18.0,Yes
C06930,Male,1,No,No,45,No,No phone service,No,No internet service,No internet service,No internet service,No internet service,No internet service,No internet service,One year,No,Electronic check,18.0,720.11,No
C06931,Female,0,No,No,45,Yes,Yes,No,No internet service,No internet service,No internet service,No internet service,No internet service,No internet service,Month-to-month,Yes,Electronic check,33.3,1412.49,No
C06932,Female,0,No,No,33,Yes,No,No,No internet service,No internet service,No internet service,No internet service,No internet service,No internet service,Month-to-month,No,Electronic check,18.78,639.16,No
C06933,Female,0,No,No,19,Yes,No,No,No internet service,No internet service,No internet service,No internet service,No internet service,No internet service,Two year,Yes,Electronic check,18.0,294.88,No
C06934,Female,0,Yes,No,67,Yes,No,DSL,Yes,Yes,No,No,No,No,One year,Yes,Bank transfer (automatic),56.25,3858.3,No
C06935,Female,0,No,No,40,No,No phone service,Fiber optic,No,No,Yes,No,Yes,No,One year,Yes,Electronic check,59.88,2165.09,No
C06936,Female,1,Yes,Yes,26,No,No phone service,Fiber optic,No,No,No,No,No,Yes,Month-to-month,Yes,Electronic check,47.9,1282.62,Yes
C06937,Female,0,No,No,51,Yes,No,DSL,Yes,No,No,No,No,Yes,One year,Yes,Electronic check,59.9,2605.33,No
C06938,Male,0,No,No,61,Yes,Yes,DSL,No,Yes,Yes,No,Yes,Yes,One year,No,Mailed check,69.13,3845.64,No
C06939,Male,1,Yes,Yes,7,Yes,Yes,Fiber optic,Yes,No,No,Yes,No,No,Month-to-month,Yes,Credit card (automatic),86.5,629.89,No
C06940,Female,0,No,No,7,No,No phone service,No,No internet service,No internet service,No internet service,No internet service,No internet service,No internet service,Month-to-month,No,Bank transfer (automatic),18.0,112.22,No
C06941,Male,0,No,No,72,Yes,Yes,Fiber optic,No,Yes,No,No,Yes,No,One year,Yes,Electronic check,90.43,5958.11,No
C06942,Female,0,No,No,18,Yes,No,Fiber optic,No,Yes,No,No,No,Yes,One year,No,Bank transfer (automatic),80.8,1321.79,No
C06943,Female,0,No,No,35,Yes,No,DSL,Yes,Yes,No,Yes,Yes,No,One year,No,Mailed check,66.41,2055.89,No
C06944,Male,0,No,Yes,11,Yes,Yes,DSL,Yes,No,No,Yes,No,No,Month-to-month,No,Mailed check,71.54,704.4,No
C06945,Female,0,No,No,1,Yes,No,No,No internet service,No internet service,No internet service,No internet service,No internet service,No internet service,Month-to-month,No,Credit card (automatic),18.71,18.33,No
C06946,Female,0,Yes,No,5,Yes,No,DSL,No,Yes,Yes,Yes,No,No,Two year,Yes,Electronic check,67.15,299.44,No
C06947,Female,0,No,No,1,Yes,Yes,Fiber optic,Yes,Yes,Yes,Yes,No,No,Month-to-month,No,Electronic check,95.86,90.99,Yes
C06948,Female,1,Yes,No,3,Yes,No,DSL,Yes,Yes,No,No,No,Yes,Month-to-month,Yes,Bank transfer (automatic),64.87,178.24,Yes
C06949,Female,0,Yes,Yes,28,Yes,No,DSL,No,Yes,No,No,No,Yes,One year,Yes,Credit card (automatic),51.78,1251.49,No
C06950,Female,1,No,No,8,Yes,Yes,Fiber optic,No,Yes,No,No,Yes,Yes,Month-to-month,No,Bank transfer (automatic),86.87,647.26,No
C06951,Female,0,No,No,4,Yes,No,Fiber optic,No,No,Yes,Yes,Yes,Yes,Month-to-month,No,Electronic check,87.42,360.83,Yes
C06952,Male,1,No,No,40,Yes,No,DSL,No,No,Yes,No,Yes,No,Two year,Yes,Mailed check,57.65,2291.91,No
C06953,Female,0,Yes,No,56,Yes,Yes,No,No internet service,No internet service,No internet service,No internet service,No internet service,No internet service,Two year,Yes,Bank transfer (automatic),32.27,1883.76,No
C06954,Female,1,Yes,Yes,1,Yes,,DSL,No,No,No,No,Yes,No,Two year,No,Credit card (automatic),51.91,47.85,No
C06955,Male,0,No,No,32,Yes,Yes,Fiber optic,No,No,No,Yes,Yes,Yes,One year,Yes,Credit card (automatic),91.19,2770.79,No
C06956,Male,0,Yes,Yes,12,Yes,Yes,Fiber optic,Yes,Yes,No,No,No,No,Two year,Yes,Credit card (automatic),83.22,889.83,No
C06957,Female,0,Yes,Yes,66,Yes,No,Fiber optic,No,Yes,Yes,Yes,Yes,Yes,Two year,Yes,Bank transfer (automatic),98.87,6289.29,No
C06958,Male,0,Yes,Yes,12,Yes,Yes,Fiber optic,No,Yes,Yes,No,Yes,Yes,One year,Yes,Credit card (automatic),98.64,1238.56,No
C06959,Female,0,No,No,12,Yes,Yes,DSL,Yes,No,No,No,No,No,Two year,Yes,Bank transfer (automatic),56.96,656.05,No
C06960,Male,1,No,No,4,Yes,Yes,Fiber optic,Yes,Yes,No,Yes,Yes,Yes,One year,No,Credit card (automatic),110.69,450.8,No
C06961,Male,0,Yes,No,66,Yes,No,DSL,No,No,No,No,No,No,Month-to-month,No,Electronic check,40.92,2539.57,No
C06962,Female,1,No,No,2,Yes,Yes,DSL,Yes,Yes,No,Yes,Yes,No,Month-to-month,Yes,Electronic check,74.46,139.92,Yes
C06963,Male,0,Yes,Yes,4,Yes,No,DSL,No,No,No,Yes,Yes,No,Month-to-month,Yes,Bank transfer (automatic),55.58,213.55,Yes
C06964,Male,1,No,Yes,54,Yes,No,Fiber optic,Yes,No,No,No,Yes,Yes,Two year,Yes,Electronic check,82.73,4575.91,No
C06965,Female,1,No,Yes,69,Yes,No,No,No internet service,No internet service,No internet service,No internet service,No internet service,No internet service,Two year,Yes,Electronic check,18.94,1236.44,No
C06966,Female,0,No,No,65,Yes,No,DSL,No,Yes,No,No,No,No,One year,Yes,Bank transfer (automatic),55.5,3294.25,No
C06967,Male,0,Yes,Yes,60,Yes,No,Fiber optic,No,No,No,No,Yes,Yes,Two year,Yes,Electronic check,77.99,4414.37,No
C06968,Female,0,Yes,Yes,0,Yes,Yes,Fiber optic,No,No,Yes,No,Yes,Yes,Month-to-month,Yes,Mailed check,98.34, ,Yes
C06969,Female,0,Yes,Yes,27,Yes,No,DSL,No,No,No,Yes,No,No,Month-to-month,No,Electronic check,53.47,1366.29,No
C06970,Female,0,No,No,55,Yes,Yes,Fiber optic,Yes,No,Yes,Yes,Yes,Yes,One year,No,Bank transfer (automatic),108.26,5939.52,No
C06971,Male,0,Yes,No,46,Yes,No,No,No internet service,No internet service,No internet service,No internet service,No internet service,No internet service,Month-to-month,No,Electronic check,22.21,1062.1,No
C06972,Male,0,Yes,No,6,Yes,No,No,No internet service,No internet service,No internet service,No internet service,No internet service,No internet service,Month-to-month,Yes,Electronic check,19.73,113.13,Yes
C06973,Female,0,Yes,Yes,72,No,No phone service,Fiber optic,No,Yes,Yes,Yes,No,Yes,Two year,Yes,Bank transfer (automatic),72.81,4660.52,No
C06974,Female,0,No,No,2,Yes,No,Fiber optic,Yes,Yes,Yes,No,No,Yes,Month-to-month,No,Electronic check,88.71,163.28,Yes
C06975,Male,0,No,No,23,Yes,No,Fiber optic,No,Yes,No,No,Yes,No,Two year,Yes,Bank transfer (automatic),86.82,2035.51,No
C06976,Female,0,Yes,No,4,No,No phone service,Fiber optic,No,No,Yes,Yes,Yes,Yes,Month-to-month,No,Mailed check,67.0,265.52,Yes
C06977,Male,1,No,No,25,Yes,Yes,Fiber optic,Yes,Yes,Yes,Yes,Yes,No,Month-to-month,Yes,Mailed check,102.71,2223.09,Yes
C06978,Female,1,No,No,15,Yes,,DSL,No,Yes,No,No,No,Yes,Month-to-month,No,Mailed check,59.16,922.44,Yes
C06979,Female,1,No,No,14,Yes,No,Fiber optic,No,No,Yes,Yes,No,No,Month-to-month,Yes,Electronic check,77.53,1053.59,Yes
C06980,Female,0,No,No,61,Yes,No,Fiber optic,No,Yes,Yes,Yes,No,Yes,Two year,Yes,Bank transfer (automatic),83.76,4713.24,No
C06981,Female,0,No,No,0,Yes,Yes,Fiber optic,No,Yes,Yes,Yes,Yes,Yes,Two year,Yes,Electronic check,108.02, ,No
C06982,Male,0,No,No,50,Yes,Yes,Fiber optic,Yes,No,No,No,Yes,No,Month-to-month,Yes,Bank transfer (automatic),80.52,4223.4,No
C06983,Female,0,Yes,No,0,Yes,No,No,No internet service,No internet service,No internet service,No internet service,No internet service,No internet service,Month-to-month,No,Mailed check,22.34, ,Yes
C06984,Male,1,Yes,No,72,Yes,No,DSL,No,No,Yes,No,No,No,Month-to-month,Yes,Mailed check,43.2,3085.5,No
C06985,Female,0,No,No,3,Yes,No,No,No internet service,No internet service,No internet service,No internet service,No internet service,No internet service,Month-to-month,Yes,Credit card (automatic),20.16,55.14,No
C06986,Female,0,No,No,1,Yes,No,Fiber optic,No,Yes,No,No,Yes,No,Month-to-month,Yes,Electronic check,78.57,67.19,Yes
C06987,Male,1,Yes,No,5,Yes,No,Fiber optic,Yes,No,Yes,No,Yes,No,Month-to-month,Yes,Electronic check,83.86,438.22,Yes
C06988,Male,0,Yes,No,3,Yes,No,Fiber optic,Yes,Yes,No,No,No,No,Month-to-month,No,Credit card (automatic),73.07,217.96,No
C06989,Male,0,Yes,No,5,Yes,No,DSL,No,No,Yes,No,Yes,No,One year,Yes,Electronic check,57.83,303.4,Yes
C06990,Male,0,Yes,No,0,Yes,No,DSL,No,Yes,No,No,No,Yes,Month-to-month,No,Bank transfer (automatic),55.26, ,Yes
C06991,Male,0,No,No,25,Yes,No,Fiber optic,Yes,No,No,No,Yes,Yes,One year,Yes,Credit card (automatic),81.9,1955.99,No
C06992,Female,0,Yes,Yes,72,No,No phone service,No,No internet service,No internet service,No internet service,No internet service,No internet service,No internet service,Two year,Yes,Credit card (automatic),18.0,1248.68,No
C06993,Female,0,No,No,0,Yes,No,No,No internet service,No internet service,No internet service,No internet service,No internet service,No internet service,Month-to-month,No,Mailed check,19.97, ,Yes
C06994,Female,0,Yes,No,5,Yes,Yes,DSL,Yes,Yes,No,No,No,Yes,Month-to-month,No,Credit card (automatic),71.94,354.37,Yes
C06995,Female,0,No,No,8,Yes,Yes,DSL,Yes,No,Yes,Yes,Yes,No,Month-to-month,Yes,Mailed check,72.79,607.5,No
C06996,Female,0,No,Yes,72,Yes,Yes,Fiber optic,No,No,No,No,No,Yes,One year,Yes,Bank transfer (automatic),82.77,6027.93,No
C06997,Male,0,No,No,72,Yes,No,Fiber optic,Yes,No,No,No,Yes,No,One year,No,Mailed check,81.87,5192.32,No
C06998,Female,0,No,No,21,Yes,No,DSL,No,No,No,No,No,Yes,One year,No,Credit card (automatic),51.06,1106.03,Yes
C06999,Female,0,Yes,Yes,61,Yes,No,Fiber optic,No,No,Yes,No,No,Yes,One year,No,Credit card (automatic),72.83,3992.76,Yes
